Date,VIX_VIX3M_Ratio,VIX_Close,SPX_Close,Skew,RF_Rate,Bid_Ask_Spread,SPX_Ret,realized_var,implied_var,vrp,Daily_RF
2005-02-02,0.9441295546558705,11.66,1773.63,121.2,2.505,0.00016781339150860898,0.0032981150463634906,0.010222514302504577,0.01359556,0.0033730456974954224,9.94047619047619e-05
2005-02-03,0.9431999999999999,11.79,1769.26,118.52,2.484,0.000839771582129613,-0.00246691385631265,0.00861103937087918,0.013900409999999998,0.005289370629120818,9.857142857142858e-05
2005-02-04,0.9196062346185399,11.21,1788.82,123.18,2.483,0.000748720935069285,0.010994804525663896,0.009800866110946289,0.012566410000000002,0.002765543889053713,9.853174603174603e-05
2005-02-07,0.9354066985645934,11.73,1786.92,119.47,2.494,0.00033311125916049333,-0.0010627171879479193,0.009726175952597607,0.01375929,0.004033114047402394,9.896825396825398e-05
2005-02-08,0.9523809523809523,11.6,1788.16,120.75,2.515,0.00033264033264026645,0.000693690798373542,0.009672131524304123,0.013455999999999997,0.0037838684756958743,9.980158730158732e-05
2005-02-09,0.9592326139088729,12.0,1773.28,118.59,2.515,0.00041884816753936225,-0.008356219161144783,0.010528044064204581,0.0144,0.0038719559357954184,9.980158730158732e-05
2005-02-10,0.9380603096984516,11.51,1780.8,119.71,2.515,0.0013357822674903706,0.004231762493937508,0.010193947988904991,0.01324801,0.0030540620110950083,9.980158730158732e-05
2005-02-11,0.9556856187290969,11.43,1793.54,123.73,2.545,0.0009099557430615828,0.007128618962320587,0.010569592985001503,0.01306449,0.0024948970149984966,0.00010099206349206349
2005-02-14,0.9592006661115736,11.52,1794.98,118.9,2.535,0.0003314550878356501,0.0008025593154237103,0.009391747613825574,0.01327104,0.0038792923861744252,0.0001005952380952381
2005-02-15,0.967381974248927,11.27,1801.06,121.3,2.577,0.001402466691416093,0.0033815006471021457,0.009160778102284281,0.012701289999999999,0.0035405118977157174,0.00010226190476190476
2005-02-16,0.9635416666666666,11.1,1801.59,122.1,2.577,8.249123530629091e-05,0.00029422786217013063,0.008195812901970885,0.012321,0.004125187098029115,0.00010226190476190476
2005-02-17,0.9663382594417077,11.77,1787.41,123.75,2.576,0.0016632016632015688,-0.007901963658069874,0.007823711599855973,0.013853289999999999,0.006029578400144026,0.00010222222222222223
2005-02-18,0.9216817807089859,11.18,1788.65,127.87,2.596,0.0009138110072690645,0.0006935006961278411,0.006864889519478592,0.01249924,0.005634350480521408,0.00010301587301587301
2005-02-22,0.9969650986342945,13.14,1762.76,124.5,2.627,0.0004213187276174186,-0.014580382809105083,0.00921683965826579,0.017265960000000004,0.008049120341734214,0.00010424603174603174
2005-02-23,0.9649532710280374,12.39,1772.76,126.82,2.679,0.0002511195747708629,0.005656891584267322,0.009241185310687692,0.015351210000000002,0.006110024689312311,0.0001063095238095238
2005-02-24,0.9437194127243067,11.57,1787.34,125.33,2.689,0.0008321544478654766,0.008190826950832227,0.009750064117547757,0.01338649,0.003636425882452242,0.00010670634920634921
2005-02-25,0.9671717171717171,11.49,1804.17,126.89,2.73,0.00041184465219728486,0.009372171143637394,0.010389434069564406,0.01320201,0.0028125759304355943,0.00010833333333333334
2005-02-28,0.9572107765451665,12.08,1792.63,119.82,2.75,0.0004973887092763183,-0.006416836964726408,0.011154365077719644,0.01459264,0.003438274922280356,0.00010912698412698413
2005-03-01,0.9540412044374009,12.04,1802.79,118.15,2.751,0.0010738033287902818,0.005651649622846206,0.011162010396355357,0.014496159999999998,0.003334149603644641,0.00010916666666666666
2005-03-02,0.9484066767830046,12.5,1802.92,116.6,2.731,0.0007429113871806795,7.21078511896977e-05,0.010576645539227075,0.015625,0.005048354460772925,0.00010837301587301586
2005-03-03,0.9788039364118092,12.93,1803.51,122.87,2.741,0.0007422986514908112,0.00032719337697587004,0.010165506129270377,0.01671849,0.006552983870729622,0.00010876984126984127
2005-03-04,0.9491255961844197,11.94,1820.88,121.98,2.75,0.000407249032783524,0.009585134595657248,0.011011432336827389,0.014256359999999997,0.0032449276631726087,0.00010912698412698413
2005-03-07,0.9615686274509804,12.26,1825.7,123.86,2.73,0.00040764746647108856,0.0026435744215354364,0.01084590209862345,0.01503076,0.00418485790137655,0.00010833333333333334
2005-03-08,0.9634809634809636,12.4,1817.12,127.25,2.751,0.0004905166775669397,-0.004710644976128512,0.010046162298305924,0.015375999999999999,0.005329837701694075,0.00010916666666666666
2005-03-09,0.9442379182156134,12.7,1798.79,115.85,2.751,0.0004955810688030732,-0.010138613523966646,0.01144863518151469,0.016129,0.00468036481848531,0.00010916666666666666
2005-03-10,0.9307004470938898,12.49,1802.2,118.5,2.73,0.002723558783477063,0.0018939241815674915,0.011477367460024564,0.01560001,0.004122642539975435,0.00010833333333333334
2005-03-11,0.9295570079883806,12.8,1789.01,114.64,2.761,0.0007481607714369127,-0.0073457465929156855,0.011267354649736046,0.016384,0.005116645350263953,0.00010956349206349208
2005-03-14,0.9137168141592921,12.39,1799.14,113.03,2.771,0.0004126263668248166,0.00564637872628715,0.011427231836796727,0.015351210000000002,0.003923978163203275,0.00010996031746031746
2005-03-15,0.9372772630078404,13.15,1785.61,115.41,2.793,0.0006661115736885787,-0.007548679404575688,0.011556123001830407,0.017292250000000002,0.005736126998169595,0.00011083333333333333
2005-03-16,0.9394150417827298,13.49,1771.35,112.82,2.792,0.0008385744234800362,-0.008018125814332498,0.012264479186405275,0.018198009999999997,0.005933530813594722,0.00011079365079365078
2005-03-17,0.9022403258655803,13.29,1774.55,115.02,2.782,0.0025931657534819714,0.0018049019254418259,0.012134887617716876,0.017662409999999996,0.00552752238228312,0.0001103968253968254
2005-03-18,0.9055823569951758,13.14,1773.72,121.75,2.802,0.0001686482840036767,-0.00046783362886047483,0.012122645848816999,0.017265960000000004,0.005143314151183005,0.0001111904761904762
2005-03-21,0.918353576248313,13.61,1764.98,117.72,2.812,0.0007620337834977639,-0.004939677153545096,0.011693489451479754,0.01852321,0.006829720548520244,0.00011158730158730159
2005-03-22,0.9532398129592518,14.27,1747.03,117.15,2.864,0.0003420850081245724,-0.010222155576458839,0.012767128457758653,0.02036329,0.007596161542241346,0.00011365079365079364
2005-03-23,0.9335989375830013,14.06,1748.28,116.35,2.823,0.0006830017928796917,0.0007152441719270079,0.010386740504693017,0.019768360000000002,0.009381619495306985,0.00011202380952380951
2005-03-24,0.8982597054886212,13.42,1746.62,119.08,2.833,0.0004268214605830138,-0.0009499557210989473,0.009903320933760777,0.018009639999999997,0.00810631906623922,0.00011242063492063492
2005-03-28,0.916055962691539,13.75,1750.89,114.21,2.832,0.00025567818638940756,0.0024417383347061163,0.009010798091289905,0.018906250000000003,0.009895451908710098,0.00011238095238095237
2005-03-29,0.9539170506912443,14.49,1737.94,117.21,2.834,0.00025723472668811264,-0.007423726277673476,0.008013910436335755,0.02099601,0.012982099563664244,0.00011246031746031746
2005-03-30,0.9400413507925569,13.64,1762.09,117.36,2.823,0.0007612603087332561,0.013800100721924178,0.010556779448546213,0.018604959999999997,0.008048180551453784,0.00011202380952380951
2005-03-31,0.9589603283173734,14.02,1760.89,118.51,2.772,0.0015247776365947211,-0.0006812414753468905,0.01000552198570539,0.019656039999999996,0.009650518014294606,0.00010999999999999999
2005-04-01,0.9380825565912118,14.09,1749.45,116.28,2.781,0.0010228435049436614,-0.006517910231247122,0.010328721362531663,0.01985281,0.009524088637468335,0.00011035714285714286
2005-04-04,0.9406666666666667,14.11,1754.43,117.6,2.74,0.0003397604688695002,0.002842565015509988,0.010516260118630223,0.01990921,0.009392949881369777,0.00010873015873015873
2005-04-05,0.9454042847270213,13.68,1762.32,118.07,2.782,0.0007617757839942733,0.004487104990786127,0.009427943288613357,0.01871424,0.009286296711386643,0.0001103968253968254
2005-04-06,0.9339488636363636,13.15,1766.69,115.82,2.761,0.0007588212975844476,0.002476616520589779,0.009410606194175521,0.017292250000000002,0.00788164380582448,0.00010956349206349208
2005-04-07,0.9019751280175567,12.33,1777.35,115.81,2.761,0.0003356267830173372,0.006015751598804129,0.009940869775479356,0.015202890000000002,0.005262020224520646,0.00010956349206349208
2005-04-08,0.9098774333093006,12.62,1762.52,114.01,2.771,0.0005095108695652367,-0.008378887791086973,0.009575161558866528,0.015926439999999993,0.006351278441133465,0.00010996031746031746
2005-04-11,0.8587813620071685,11.98,1762.56,112.55,2.75,0.0011005291005290621,2.2694520409021388e-05,0.009482132123254626,0.014352040000000002,0.004869907876745376,0.00010912698412698413
2005-04-12,0.8327192336035373,11.3,1772.44,111.18,2.762,0.0005891512014475713,0.005589830679507966,0.009440778698323223,0.012769,0.0033282213016767783,0.0001096031746031746
2005-04-13,0.9147766323024055,13.31,1751.77,121.01,2.772,0.0004260576882109596,-0.01173042299994638,0.010397659354445072,0.01771561,0.007317950645554927,0.00010999999999999999
2005-04-14,0.9356084996780425,14.53,1734.25,115.82,2.772,0.0013830063099662597,-0.010051662074331688,0.010868830904023073,0.021112089999999997,0.010243259095976924,0.00010999999999999999
2005-04-15,1.028405797101449,17.74,1705.26,120.41,2.781,0.00078847080467829,-0.016857451504996887,0.013282909253149577,0.03147075999999999,0.018187850746850417,0.00011035714285714286
2005-04-18,1.0006042296072506,16.56,1710.27,117.85,2.873,0.0008716116098665939,0.0029336610090719487,0.013401042795660158,0.02742336,0.014022317204339843,0.00011400793650793652
2005-04-19,0.9726918075422627,14.96,1720.43,121.86,2.906,0.0006910850034554104,0.005923006793220433,0.014098765469238604,0.022380160000000003,0.0082813945307614,0.00011531746031746033
2005-04-20,1.0119617224880384,16.92,1697.74,119.97,2.864,0.001141502392764716,-0.01327630473487854,0.01566533169933386,0.028628640000000007,0.012963308300666148,0.00011365079365079364
2005-04-21,0.96906523201076,14.41,1731.27,122.8,2.885,0.0005178216967291126,0.01955728838766354,0.020023990839483582,0.02076481,0.0007408191605164198,0.00011448412698412697
2005-04-22,0.990979381443299,15.38,1719.66,120.59,2.915,0.0006059819071115715,-0.006728646366760062,0.02047381160617467,0.023654440000000006,0.0031806283938253348,0.00011567460317460316
2005-04-25,0.9580602883355177,14.62,1734.56,121.68,2.884,0.001031459515214067,0.008627182064250363,0.0215348989985618,0.021374439999999998,-0.00016045899856180143,0.00011444444444444444
2005-04-26,0.966299416720674,14.91,1719.09,118.98,2.906,0.0010419380046887605,-0.008958697879718655,0.022298260500995492,0.022230810000000004,-6.74505009954883e-05,0.00011531746031746033
2005-04-27,0.9706266318537858,14.87,1726.21,123.91,2.875,0.0003457515774915035,0.0041331728070010945,0.021993156812604206,0.02211169,0.00011853318739579385,0.0001140873015873016
2005-04-28,1.0150511739915713,16.86,1707.13,117.28,2.874,0.0003502013657852569,-0.011114655945034638,0.020575204241441814,0.02842596,0.007850755758558186,0.00011404761904761905
2005-04-29,0.9745385105028644,15.31,1727.49,116.12,2.894,0.0006045688128858936,0.011855890017829409,0.022722848724993347,0.023439610000000003,0.0007167612750066561,0.00011484126984126985
2005-05-02,0.9754838709677419,15.12,1735.43,119.44,2.884,0.0006016588594266464,0.004585733377699032,0.022633711290429563,0.02286144,0.0002277287095704371,0.00011444444444444444
2005-05-03,0.959075907590759,14.53,1733.95,118.29,2.906,0.0002573009134182524,-0.0008531784294461922,0.022497193503131712,0.021112089999999997,-0.0013851035031317155,0.00011531746031746033
2005-05-04,0.9525447042640991,13.85,1755.92,120.47,2.844,0.00034048348655095554,0.012590893209388955,0.02431577170275308,0.019182249999999994,-0.005133521702753087,0.00011285714285714286
2005-05-05,0.9769392033542977,13.98,1751.47,122.82,2.792,0.0006810249425385059,-0.0025375007556971223,0.024282642662285723,0.019544040000000002,-0.004738602662285721,0.00011079365079365078
2005-05-06,0.9729916897506926,14.05,1749.65,119.54,2.863,0.0007687379884689593,-0.0010396674001106616,0.02373715522041469,0.019740250000000004,-0.003996905220414685,0.00011361111111111111
2005-05-09,0.9835479256080114,13.75,1760.87,119.57,2.853,8.489324674214445e-05,0.006392237164137768,0.023514920613637715,0.018906250000000003,-0.004608670613637712,0.00011321428571428573
2005-05-10,0.9920159680638723,14.91,1742.06,117.85,2.895,0.0004285775511078486,-0.010739684090963236,0.024886615081678,0.022230810000000004,-0.002655805081677995,0.00011488095238095238
2005-05-11,0.9724091520861373,14.45,1750.26,120.91,2.864,0.0012792631444287364,0.004696027322422304,0.024757749315865354,0.020880249999999996,-0.0038774993158653577,0.00011365079365079364
2005-05-12,0.9811320754716982,16.12,1732.89,117.85,2.874,0.0006884681583476618,-0.00997381335437768,0.024302056654319462,0.025985440000000002,0.0016833833456805398,0.00011404761904761905
2005-05-13,0.9702734839476813,16.32,1725.15,118.22,2.812,0.0020739716557207836,-0.004476531749411656,0.02333534625016104,0.026634240000000003,0.0032988937498389624,0.00011158730158730159
2005-05-16,0.9843063402385436,15.68,1742.74,125.22,2.801,0.00017129153819797895,0.010144584085677753,0.020784461172981737,0.02458624,0.0038017788270182616,0.00011115079365079365
2005-05-17,0.9554098360655738,14.57,1755.1,122.02,2.875,0.0009354139206598872,0.007067248041266402,0.02118724660359659,0.02122849,4.124339640340993e-05,0.0001140873015873016
2005-05-18,0.9571629213483146,13.63,1773.01,125.16,2.854,0.0002525784045464208,0.010152831882582166,0.02190195242183603,0.01857769,-0.0033242624218360294,0.00011325396825396825
2005-05-19,0.958963282937365,13.32,1781.28,127.39,2.864,0.0005867806697681644,0.004653539764170494,0.01911332308805797,0.017742240000000003,-0.0013710830880579658,0.00011365079365079364
2005-05-20,0.9305949008498584,13.14,1778.59,128.09,2.884,0.0007550018875047474,-0.0015112914303034013,0.015270843781431929,0.017265960000000004,0.001995116218568075,0.00011444444444444444
2005-05-23,0.9571322985957132,12.95,1785.46,131.23,2.904,0.0006682816807284127,0.0038551695451429346,0.014477958225251887,0.01677025,0.002292291774748113,0.00011523809523809524
2005-05-24,0.9317180616740088,12.69,1785.8,130.79,2.947,0.0006697362913352725,0.0001904089878794267,0.0138780671687332,0.016103609999999997,0.002225542831266797,0.00011694444444444445
2005-05-25,0.9202633504023409,12.58,1779.81,128.6,2.936,0.00025118265165153543,-0.003359877067306097,0.01279464721953144,0.01582564,0.0030309927804685593,0.00011650793650793651
2005-05-26,0.9230769230769231,12.24,1791.41,129.17,2.926,0.0003334166875051433,0.006496402235896361,0.013009372288935072,0.014981760000000002,0.00197238771106493,0.00011611111111111112
2005-05-27,0.9053651266766021,12.15,1793.34,125.92,2.945,0.00024924188925353,0.0010767837012232234,0.010835860818821092,0.01476225,0.0039263891811789076,0.00011686507936507935
2005-05-31,0.9513242662848961,13.29,1782.46,120.56,2.945,0.00025099351600084614,-0.00608537030897472,0.010398921904256592,0.017662409999999996,0.007263488095743405,0.00011686507936507935
2005-06-01,0.906158357771261,12.36,1799.15,127.65,2.977,0.0012444518189737893,0.00931989848605221,0.011036995180708473,0.015276959999999997,0.004239964819291524,0.00011813492063492062
2005-06-02,0.8842419716206124,11.84,1802.19,127.81,2.977,0.0004140615295432666,0.0016882608818144882,0.010949890508610009,0.014018560000000001,0.0030686694913899925,0.00011813492063492062
2005-06-03,0.888807607900512,12.15,1789.83,123.59,2.997,0.0002497190660507024,-0.006881948754192264,0.010223636334353392,0.01476225,0.004538613665646608,0.00011892857142857142
2005-06-06,0.8853640951694304,12.28,1792.14,122.68,2.986,0.0003330835206928658,0.0012897932256478555,0.010066829268154474,0.015079839999999999,0.005013010731845525,0.0001184920634920635
2005-06-07,0.8984771573604062,12.39,1791.89,118.38,3.009,0.0006655020380999775,-0.000139507761042973,0.010028173078867256,0.015351210000000002,0.005323036921132746,0.0001194047619047619
2005-06-08,0.9052031361368496,12.7,1788.3,121.36,3.008,0.0007506568247216599,-0.0020054808282433906,0.0097620866172394,0.016129,0.006366913382760601,0.00011936507936507936
2005-06-09,0.8817518248175183,12.08,1797.72,118.89,2.987,8.30323410967817e-05,0.005253747423300347,0.008206440842560725,0.01459264,0.0063861991574392755,0.00011853174603174603
2005-06-10,0.8641618497109828,11.96,1793.51,118.48,2.997,0.00041605991262739464,-0.0023446016705060526,0.0082338197969705,0.014304160000000003,0.006070340203029503,0.00011892857142857142
2005-06-13,0.8485069191551348,11.65,1798.07,117.06,2.997,0.000165892501658892,0.0025392737737743097,0.0066011704319540255,0.013572250000000001,0.0069710795680459755,0.00011892857142857142
2005-06-14,0.8739807264640473,11.79,1802.73,120.13,2.998,0.0006621420294653063,0.002588315153071908,0.006090110454946172,0.013900409999999998,0.0078102995450538264,0.00011896825396825398
2005-06-15,0.8565022421524664,11.46,1806.78,118.55,2.988,0.00016523463317908148,0.002244072851774195,0.005236447820916647,0.013133160000000001,0.007896712179083354,0.00011857142857142858
2005-06-16,0.8596761757902852,11.15,1813.35,119.11,2.957,0.00016470394465944183,0.0036297078907055534,0.004914903865959329,0.01243225,0.007517346134040671,0.00011734126984126984
2005-06-17,0.8851195065535852,11.48,1822.35,119.51,2.976,0.00041164121351827405,0.004950913652750142,0.00411251738873616,0.01317904,0.009066522611263839,0.00011809523809523809
2005-06-20,0.8829869130100078,11.47,1821.06,121.29,2.976,0.00024702540244544383,-0.0007081278548971335,0.004005330474159519,0.013156090000000002,0.009150759525840484,0.00011809523809523809
2005-06-21,0.8828685258964143,11.08,1817.36,123.75,3.019,0.000247045744637058,-0.0020338505589984892,0.004042358545883352,0.012276639999999998,0.008234281454116647,0.00011980158730158731
2005-06-22,0.8854166666666667,11.05,1817.8,123.98,3.029,0.00041140412226928176,0.00024208012970475127,0.003941494024457733,0.01221025,0.008268755975542268,0.00012019841269841269
2005-06-23,0.8919117647058824,12.13,1798.49,118.55,3.06,0.0005837955047745564,-0.010679554753495727,0.005541360622638483,0.014713690000000001,0.009172329377361519,0.00012142857142857144
2005-06-24,0.877521613832853,12.18,1784.77,115.92,3.09,0.0002518574486840544,-0.0076578685601240105,0.006163460145519668,0.014835239999999998,0.00867177985448033,0.0001226190476190476
2005-06-27,0.9026676279740448,12.52,1783.45,118.02,3.1,0.0005035246727089818,-0.0007398647281915664,0.0056313440999829125,0.01567504,0.010043695900017089,0.00012301587301587303
2005-06-28,0.871331828442438,11.58,1800.07,119.31,3.132,0.0004992095848240475,0.00927586237413309,0.006704340206798925,0.01340964,0.006705299793201076,0.00012428571428571428
2005-06-29,0.8923426838514026,11.77,1797.73,118.46,3.122,0.00016686133822801794,-0.0013007951136544897,0.0062238189587483506,0.013853289999999999,0.0076294710412516484,0.00012388888888888888
2005-06-30,0.8892171344165436,12.04,1784.99,118.19,3.121,0.0008394895903291515,-0.0071119449461866015,0.005772881023908895,0.014496159999999998,0.008723278976091101,0.00012384920634920634
2005-07-01,0.8649468892261002,11.4,1789.85,123.58,3.161,0.0011713520749665374,0.0027190044836460873,0.005839255674917461,0.012996,0.0071567443250825395,0.00012543650793650794
2005-07-05,0.9012345679012345,11.68,1805.68,123.74,3.161,0.00033200531208504527,0.008805434682704519,0.006201138858034891,0.01364224,0.007441101141965109,0.00012543650793650794
2005-07-06,0.9109131403118039,12.27,1791.05,121.08,3.183,0.00025116162250397194,-0.008135212087871,0.0070604845007150654,0.015055289999999997,0.007994805499284932,0.0001263095238095238
2005-07-07,0.9024566473988439,12.49,1795.55,121.98,3.142,0.0015826079713465654,0.0025093416390443344,0.0071373029158871325,0.01560001,0.008462707084112866,0.00012468253968253966
2005-07-08,0.8882854926299456,11.45,1816.52,125.02,3.172,0.0002472901125170106,0.01161120111039118,0.00864076873824548,0.013110249999999999,0.004469481261754518,0.00012587301587301585
2005-07-11,0.8737412858249418,11.28,1827.91,121.16,3.161,0.00024603272235208215,0.006250654881322607,0.008765949174269901,0.01272384,0.003957890825730099,0.00012543650793650794
2005-07-12,0.8494957331264545,10.95,1832.15,114.08,3.204,0.0004909983633388075,0.0023169029451468324,0.00865812504129035,0.011990249999999997,0.003332124958709647,0.00012714285714285714
2005-07-13,0.8508634222919937,10.84,1833.98,117.08,3.214,0.0008162598971513226,0.000998328020005024,0.008627429873872836,0.011750559999999998,0.0031231301261271625,0.00012753968253968254
2005-07-14,0.871071716357776,10.81,1838.8,122.32,3.224,0.0016295934164426208,0.0026247163005329714,0.008628956277153058,0.01168561,0.003056653722846943,0.00012793650793650795
2005-07-15,0.8264,10.33,1840.93,122.48,3.244,0.0006512536633018421,0.0011576937644313084,0.008607510193624499,0.01067089,0.0020633798063755017,0.00012873015873015873
2005-07-18,0.8493690851735015,10.77,1830.75,120.34,3.254,0.000244927950361278,-0.005545159755324985,0.00898459102259898,0.011599289999999998,0.002614698977401018,0.0001291269841269841
2005-07-19,0.8544562551103843,10.45,1843.07,122.06,3.297,0.0004078137106969305,0.0067069405591809695,0.00922055826231759,0.01092025,0.0016996917376824097,0.00013083333333333333
2005-07-20,0.8489626556016597,10.23,1852.02,119.56,3.297,0.00040516996880200453,0.004844275783523379,0.009416097720323684,0.01046529,0.001049192279676316,0.00013083333333333333
2005-07-21,0.8651419558359622,10.97,1839.8,118.17,3.348,0.0002446283687365037,-0.006620065240826711,0.009996333832140212,0.01203409,0.0020377561678597885,0.00013285714285714284
2005-07-22,0.8490718321226796,10.52,1849.81,123.71,3.368,0.00032370316419848066,0.005426061052327134,0.010274100988429097,0.01106704,0.0007929390115709034,0.00013365079365079365
2005-07-25,0.8726415094339622,11.1,1842.85,124.87,3.388,8.116553711286803e-05,-0.0037696447774378168,0.008842692386648402,0.012321,0.0034783076133515986,0.00013444444444444444
2005-07-26,0.8756972111553785,10.99,1846.04,128.46,3.421,0.00040579474901592465,0.0017295179824658139,0.00781412879633755,0.01207801,0.00426388120366245,0.00013575396825396825
2005-07-27,0.8381877022653722,10.36,1854.72,123.21,3.389,0.0017776341305752977,0.004690936951796004,0.007846828360854654,0.01073296,0.002886131639145346,0.00013448412698412697
2005-07-28,0.8752079866888519,10.52,1865.64,122.62,3.399,0.00040123580628332987,0.0058704164974416224,0.007350091225255493,0.01106704,0.0037169487747445076,0.00013488095238095238
2005-07-29,0.8955108359133127,11.57,1851.37,121.3,3.398,0.0008080808080807621,-0.007678252201589094,0.00832101983021697,0.01338649,0.005065470169783029,0.00013484126984126984
2005-08-01,0.9103240391861341,12.08,1853.13,122.04,3.429,0.00024255164328739246,0.0009501957794150793,0.007371648734482709,0.01459264,0.007220991265517292,0.00013607142857142857
2005-08-02,0.8962623951182304,11.75,1866.28,124.73,3.472,0.0012867942737654543,0.00707104341346753,0.007701478598083055,0.013806249999999999,0.006104771401916944,0.0001377777777777778
2005-08-03,0.8968915845337377,11.83,1868.06,126.6,3.451,0.000721761097076781,0.0009533144463581596,0.007092993314855414,0.013994890000000001,0.006901896685144587,0.00013694444444444445
2005-08-04,0.9178885630498533,12.52,1854.3,123.18,3.461,0.0005657251384005591,-0.00739319285396405,0.006917239409117426,0.01567504,0.008757800590882575,0.00013734126984126985
2005-08-05,0.896551724137931,12.48,1840.19,124.87,3.512,0.00016285318785111977,-0.0076384391917773695,0.007933887040422522,0.015575040000000002,0.00764115295957748,0.00013936507936507936
2005-08-08,0.9270175438596492,13.21,1835.37,125.0,3.501,0.00032645066514316526,-0.0026227311010848364,0.006619722924330555,0.01745041,0.010830687075669445,0.00013892857142857142
2005-08-09,0.9077598828696926,12.4,1847.76,129.16,3.514,0.0005673758865247674,0.006727998597428768,0.006691733284488018,0.015375999999999999,0.00868426671551198,0.00013944444444444442
2005-08-10,0.889367816091954,12.38,1845.16,124.07,3.503,0.0012963863231242633,-0.0014081000561045173,0.006689033067670119,0.015326440000000002,0.008637406932329884,0.0001390079365079365
2005-08-11,0.9045884923525127,12.42,1858.43,126.87,3.492,0.00016153784023904385,0.00716605066274434,0.0072483191535577165,0.015425640000000001,0.008177320846442284,0.00013857142857142857
2005-08-12,0.9035460992907802,12.74,1847.31,130.28,3.512,0.0004061243552775629,-0.006001518388697886,0.007707789138721899,0.016230760000000004,0.008522970861278106,0.00013936507936507936
2005-08-15,0.9014705882352941,12.26,1852.78,121.1,3.501,0.0004037630718294275,0.0029566869913399954,0.0077891413957452,0.01503076,0.007241618604254801,0.00013892857142857142
2005-08-16,0.9434752267969295,13.52,1830.99,124.23,3.534,0.0014711892112790569,-0.01183040968403896,0.00918987613671307,0.018279039999999996,0.009089163863286927,0.00014023809523809524
2005-08-17,0.9353023909985936,13.3,1832.82,126.12,3.513,0.0010632642211589208,0.000998960181987045,0.008617012750209081,0.017689000000000003,0.009071987249790922,0.00013940476190476192
2005-08-18,0.944405348346235,13.42,1831.09,126.88,3.472,0.0004907975460122885,-0.0009443464105648522,0.008273721071863548,0.018009639999999997,0.00973591892813645,0.0001377777777777778
2005-08-19,0.9470712773465068,13.42,1832.29,131.42,3.512,0.001061267806849222,0.0006551327150991328,0.007794397217018179,0.018009639999999997,0.010215242782981818,0.00013936507936507936
2005-08-22,0.9524485450674237,13.42,1835.32,128.65,3.501,0.0004896360372122414,0.0016523025563520933,0.007430757773478392,0.018009639999999997,0.010578882226521605,0.00013892857142857142
2005-08-23,0.9528571428571428,13.34,1829.11,128.47,3.514,0.0004090481449667556,-0.0033893434694385344,0.0073999554442691065,0.01779556,0.010395604555730891,0.00013944444444444442
2005-08-24,0.9752236751548521,14.17,1817.22,129.26,3.493,0.00016503011799650155,-0.006521648968688739,0.007783219000159027,0.02007889,0.012295670999840972,0.0001386111111111111
2005-08-25,0.9628330995792427,13.73,1821.46,133.49,3.513,0.0003290285432261763,0.002330516516462913,0.007526479614286584,0.018851290000000003,0.011324810385713419,0.00013940476190476192
2005-08-26,0.9390828199863108,13.72,1810.52,135.54,3.543,0.000497017892644154,-0.0060242804674836975,0.007206362762461117,0.018823840000000005,0.011617477237538889,0.0001405952380952381
2005-08-29,0.9441340782122905,13.52,1821.56,136.64,3.563,0.0008219628472792563,0.006079179973950962,0.007310717064274399,0.018279039999999996,0.010968322935725597,0.0001413888888888889
2005-08-30,0.9400826446280992,13.65,1815.97,127.27,3.555,0.0004962779156327731,-0.0030735165898265067,0.007330274158427081,0.018632250000000003,0.011301975841572921,0.00014107142857142855
2005-08-31,0.9025787965616046,12.6,1834.48,122.61,3.503,0.0008978492429498383,0.010141302381736371,0.008065113043894834,0.015876,0.007810886956105167,0.0001390079365079365
2005-09-01,0.9215136650315348,13.15,1836.37,123.96,3.42,0.0006532745386248431,0.0010297343487233246,0.008068595029739481,0.017292250000000002,0.00922365497026052,0.00013571428571428572
2005-09-02,0.9243869209809265,13.57,1831.06,124.85,3.45,0.00032746623004507777,-0.0028957628151362593,0.0075657476998381755,0.018414490000000006,0.010848742300161831,0.0001369047619047619
2005-09-06,0.9118476727785614,12.93,1854.23,124.65,3.49,0.0001616161616162443,0.012574481410089806,0.008883651513403892,0.01671849,0.007834838486596107,0.00013849206349206348
2005-09-07,0.8981348637015782,12.52,1859.0,122.84,3.482,0.00016159004605313096,0.002569193195034735,0.008816620872319537,0.01567504,0.0068584191276804644,0.0001381746031746032
2005-09-08,0.9080056179775281,12.93,1852.0,121.89,3.461,0.0006476159637334922,-0.0037725725153193324,0.008520635225142322,0.01671849,0.008197854774857677,0.00013734126984126985
2005-09-09,0.87509130752374,11.98,1866.74,124.37,3.471,0.00024079945418791298,0.007927457791628428,0.009209525856968468,0.014352040000000002,0.005142514143031534,0.00013773809523809523
2005-09-12,0.8375269590222861,11.65,1865.45,122.2,3.481,0.00016095284081760842,-0.0006912831615599471,0.008641099994182574,0.013572250000000001,0.004931150005817427,0.00013813492063492064
2005-09-13,0.8604166666666667,12.39,1851.87,120.11,3.472,0.00016166841807449696,-0.007306371478258902,0.008864778979704545,0.015351210000000002,0.006486431020295457,0.0001377777777777778
2005-09-14,0.8854595336076818,12.91,1845.84,126.3,3.431,0.000486775920817802,-0.0032614809410263256,0.00888385630654151,0.016666809999999997,0.007782953693458487,0.00013615079365079366
2005-09-15,0.8631651693158259,12.49,1846.76,125.0,3.441,0.000649192566745097,0.0004982938953778641,0.007087828342815155,0.01560001,0.008512181657184845,0.00013654761904761904
2005-09-16,0.8106936416184972,11.22,1862.11,122.94,3.481,0.0005664576168318283,0.008277501041876507,0.007831878267635435,0.012588840000000002,0.004756961732364567,0.00013813492063492064
2005-09-19,0.8567395906845449,12.14,1851.74,123.85,3.522,0.0003248862897986213,-0.005584515772361895,0.008288957912572224,0.014737960000000001,0.006449002087427777,0.00013976190476190477
2005-09-20,0.8651608487337441,12.64,1837.2,121.28,3.596,0.000573982206551541,-0.007883064130162137,0.009137707626905448,0.015976960000000002,0.006839252373094554,0.00014269841269841268
2005-09-21,0.9042622950819672,13.79,1820.49,120.4,3.389,0.001406877146522131,-0.009136977847666433,0.010120014292773628,0.019016409999999997,0.008896395707226369,0.00013448412698412697
2005-09-22,0.8839522546419099,13.33,1827.54,121.85,3.451,0.00016492125010304296,0.003865104605324042,0.010202553303456697,0.01776889,0.007566336696543302,0.00013694444444444445
2005-09-23,0.8810333106730116,12.96,1828.54,122.16,3.471,0.0010698267703575315,0.0005470339953923443,0.009647725966245203,0.016796160000000004,0.007148434033754801,0.00013773809523809523
2005-09-26,0.8999309868875085,13.04,1829.05,123.44,3.501,0.0006581112207963006,0.00027887215532913117,0.009593034634689175,0.017004159999999997,0.007411125365310823,0.00013892857142857142
2005-09-27,0.8941836019621584,12.76,1829.13,121.38,3.483,0.00032919101308539426,4.3737596298099526e-05,0.009083408218233172,0.01628176,0.007198351781766827,0.0001382142857142857
2005-09-28,0.9002138275124734,12.63,1831.32,121.45,3.462,0.0005751139958098276,0.0011965743344679828,0.008681411328167962,0.015951689999999998,0.007270278671832036,0.0001373809523809524
2005-09-29,0.8960468521229868,12.24,1847.62,123.99,3.534,0.0010600562645248883,0.008861306060942813,0.009389776039692281,0.014981760000000002,0.0055919839603077205,0.00014023809523809524
2005-09-30,0.8928838951310861,11.92,1849.33,115.23,3.543,0.0009754511461551337,0.0009250869619277509,0.008244827552728817,0.01420864,0.0059638124472711825,0.0001405952380952381
2005-10-03,0.9155033063923587,12.46,1846.17,124.35,3.563,0.0006524753282767515,-0.0017101884833893128,0.008290322839424411,0.015525160000000001,0.00723483716057559,0.0001413888888888889
2005-10-04,0.9217877094972067,13.2,1827.96,116.57,3.606,0.00024755539051863793,-0.009912631893654884,0.009438019929877325,0.017424000000000002,0.007985980070122677,0.0001430952380952381
2005-10-05,0.959129861568886,14.55,1801.4,114.11,3.554,0.00041776329531684973,-0.014636450586967532,0.009645392282480894,0.021170250000000005,0.011524857717519111,0.00014103174603174602
2005-10-06,0.9726918075422627,14.96,1794.04,115.19,3.595,0.00016756032171590343,-0.004094080435429627,0.009515652779986662,0.022380160000000003,0.012864507220013342,0.00014265873015873018
2005-10-07,0.961133069828722,14.59,1800.71,117.01,3.604,0.00016735001255121766,0.0037109716417285162,0.00979565767483677,0.02128681,0.011491152325163229,0.00014301587301587302
2005-10-10,0.9841772151898734,15.55,1787.8,117.14,3.604,0.0006742520016856156,-0.007195217902189185,0.009009248995046917,0.02418025,0.015171001004953083,0.00014301587301587302
2005-10-11,0.9936427209154483,15.63,1784.22,117.99,3.645,0.00042270786659337326,-0.002004468731234318,0.008984730804179695,0.024429689999999997,0.015444959195820302,0.00014464285714285715
2005-10-12,0.9981538461538461,16.22,1773.6,117.83,3.699,0.0011046437523898156,-0.005969965620416155,0.008831500470548202,0.026308839999999993,0.01747733952945179,0.00014678571428571426
2005-10-13,1.0024345709068776,16.47,1772.36,117.82,3.74,0.00034010713374706266,-0.0006993875004482667,0.008832467080866735,0.027126089999999995,0.018293622919133258,0.00014841269841269842
2005-10-14,0.9731675392670157,14.87,1787.01,121.73,3.79,0.0008428150021071093,0.00823184031301829,0.010024257030626265,0.02211169,0.012087432969373734,0.00015039682539682542
2005-10-17,0.9683168316831683,14.67,1792.33,122.73,3.78,0.0005037360423138466,0.0029726172520596825,0.009046030491712206,0.02152089,0.012474859508287795,0.00015000000000000001
2005-10-18,0.9783024888321634,15.33,1774.32,120.57,3.854,0.0005947576362632856,-0.01009919844977697,0.009719049700353942,0.023500889999999997,0.013781840299646055,0.00015293650793650793
2005-10-19,0.9202453987730062,13.5,1801.01,115.27,3.854,0.0007521624670929206,0.01493036771443652,0.012601712744595654,0.018225,0.005623287255404348,0.00015293650793650793
2005-10-20,1.0012430080795525,16.11,1774.02,122.32,3.833,0.0010209290454312604,-0.01509946086825755,0.014258851174935307,0.025953209999999997,0.01169435882506469,0.00015210317460317461
2005-10-21,1.0119196988707653,16.13,1776.73,121.19,3.852,0.0005924922764400303,0.0015264383728479335,0.014024129332612814,0.02601769,0.011993560667387186,0.00015285714285714284
2005-10-24,0.9932614555256065,14.74,1806.59,126.31,3.852,8.332291796851148e-05,0.016666494304838766,0.017909793349522304,0.02172676,0.0038169666504776975,0.00015285714285714284
2005-10-25,1.0013783597518953,14.53,1802.3,124.62,3.927,0.00016702856188404895,-0.002377463442060354,0.01793730330752149,0.021112089999999997,0.0031747866924785074,0.00015583333333333332
2005-10-26,1.0,14.59,1794.56,122.83,3.895,0.0007541794109019918,-0.0043037604726983356,0.018082457982443186,0.02128681,0.0032043520175568142,0.00015456349206349206
2005-10-27,1.015852885225111,16.02,1776.01,121.33,3.885,0.0003395009336276206,-0.010390591359167131,0.019078903505555293,0.025664040000000003,0.006585136494444709,0.00015416666666666666
2005-10-28,0.9746922024623803,14.25,1805.56,118.18,3.914,0.0008340283569642079,0.016501517790201932,0.02176664400312518,0.020306249999999998,-0.001460394003125181,0.00015531746031746031
2005-10-31,1.0602076124567474,15.32,1818.5,122.5,3.883,0.0001661543573979897,0.007141192469947672,0.02254700453467092,0.02347024,0.0009232354653290788,0.0001540873015873016
2005-11-01,1.0150375939849623,14.85,1812.11,126.11,3.958,0.00024899365066191755,-0.003520073264912133,0.0226278007886606,0.02205225,-0.0005755507886605997,0.00015706349206349207
2005-11-02,0.9419986023759609,13.48,1830.43,121.02,3.926,0.0004929751047571116,0.0100589997491749,0.022871591076893693,0.01817104,-0.0047005510768936935,0.0001557936507936508
2005-11-03,0.9629629629629629,13.0,1838.86,122.41,3.936,0.0014729950900164224,0.004594902464491742,0.02018530369370862,0.016900000000000002,-0.003285303693708618,0.0001561904761904762
2005-11-04,0.9648351648351648,13.17,1839.16,121.77,3.956,0.0004914407404374008,0.0001631312503278934,0.019858425207726915,0.01734489,-0.002513535207726913,0.00015698412698412698
2005-11-07,0.9611151870873074,13.1,1843.27,120.03,3.914,0.0004091150840731265,0.0022322225848771813,0.01979045475304501,0.017161000000000003,-0.002629454753045008,0.00015531746031746031
2005-11-08,0.9681717246484086,13.08,1837.8,122.33,3.958,0.0004911189326348717,-0.0029719641442187243,0.01912034005646743,0.01710864,-0.0020117000564674296,0.00015706349206349207
2005-11-09,0.9559372666168783,12.8,1841.0,122.56,3.957,0.0008992438176987488,0.001739698166293336,0.01897550565491912,0.016384,-0.00259150565491912,0.00015702380952380954
2005-11-10,0.9311424100156496,11.9,1856.9,122.96,3.966,0.0009727626459144338,0.008599528373472163,0.01878315519616982,0.014161000000000002,-0.0046221551961698176,0.00015738095238095238
2005-11-11,0.9259554140127388,11.63,1862.56,123.85,3.966,0.0005652226573538955,0.003043454893380776,0.01867915314204443,0.013525690000000003,-0.005153463142044425,0.00015738095238095238
2005-11-14,0.9545454545454546,12.18,1861.25,125.85,3.975,0.0011324112270484556,-0.000703580501712127,0.01831593316758404,0.014835239999999998,-0.003480693167584042,0.00015773809523809523
2005-11-15,0.9487975174553918,12.23,1854.28,120.09,4.009,0.00032459628337260616,-0.003751824464298008,0.01868328076624074,0.014957290000000002,-0.0037259907662407395,0.00015908730158730158
2005-11-16,0.9578125,12.26,1857.97,125.41,3.999,0.0004859480035636371,0.0019880133155366847,0.01686742743821943,0.01503076,-0.0018366674382194297,0.00015869047619047617
2005-11-17,0.9274525968672712,11.25,1875.49,123.13,4.009,0.0005617301287967531,0.00938546474677972,0.015456661401476767,0.01265625,-0.002800411401476766,0.00015908730158730158
2005-11-18,0.9167353668590271,11.12,1883.99,129.47,4.007,0.00047984644913618096,0.004521909670358228,0.011656457627129125,0.012365439999999998,0.0007089823728708734,0.00015900793650793648
2005-11-21,0.9077181208053692,10.82,1893.93,125.08,3.976,0.00031814205042556476,0.005262166979116486,0.011698008409265425,0.01170724,9.231590734576009e-06,0.00015777777777777776
2005-11-22,0.9052092228864218,10.6,1903.66,122.0,3.916,0.00023759553320398477,0.005124313731251535,0.009333775516120905,0.011236,0.001902224483879094,0.0001553968253968254
2005-11-23,0.9217830109335576,10.96,1910.39,123.31,3.947,0.00023634143459251694,0.003529060701756879,0.009027590168677312,0.012012160000000001,0.002984569831322689,0.00015662698412698413
2005-11-25,0.8831168831168832,10.88,1914.41,114.92,3.945,0.003540380000786774,0.002102071470542764,0.00837754351192996,0.011837440000000001,0.0034598964880700415,0.00015654761904761904
2005-11-28,0.8990129081245254,11.84,1898.37,120.22,3.924,0.00031665611146300073,-0.008413857933864002,0.007753485530298151,0.014018560000000001,0.00626507446970185,0.0001557142857142857
2005-11-29,0.891304347826087,11.89,1898.74,120.69,3.978,0.00023767082590612904,0.00019488505793688584,0.005467180857310752,0.01413721,0.008670029142689249,0.00015785714285714288
2005-11-30,0.8926720947446336,12.06,1887.28,114.81,3.937,0.0009554140127387766,-0.006053869234759149,0.005978705219065365,0.01454436,0.008565654780934635,0.00015623015873015872
2005-12-01,0.8794992175273866,11.24,1910.23,123.16,3.967,0.00015775358889422804,0.0120870146004989,0.006821950304661683,0.01263376,0.0058118096953383176,0.00015742063492063494
2005-12-02,0.8648860958366064,11.01,1910.86,123.75,3.987,0.00078851916101568,0.00032974884428701155,0.006107261978101311,0.01212201,0.00601474802189869,0.00015821428571428573
2005-12-05,0.8854961832061069,11.6,1906.42,122.8,3.997,0.0007892659826361035,-0.0023262647761010473,0.0062378329366256525,0.013455999999999997,0.007218167063374345,0.0001586111111111111
2005-12-06,0.897196261682243,11.52,1908.89,117.12,4.03,0.00102511532547408,0.0012947835667728655,0.006208854882459711,0.01327104,0.007062185117540289,0.00015992063492063492
2005-12-07,0.9144144144144144,12.18,1899.69,121.98,4.019,0.00023795359904819462,-0.00483120632593683,0.006725648600212698,0.014835239999999998,0.0081095913997873,0.000159484126984127
2005-12-08,0.9166666666666667,12.21,1897.57,122.91,3.936,0.0010334274017249926,-0.0011165947131696282,0.00656087598820096,0.014908410000000004,0.008347534011799045,0.0001561904761904762
2005-12-09,0.8896499238964992,11.69,1902.92,121.45,3.935,7.914209963994394e-05,0.0028154282915932214,0.006580608381160519,0.013665609999999998,0.007085001618839479,0.00015615079365079366
2005-12-12,0.8611111111111112,11.47,1904.59,119.42,3.914,0.0003162555344719027,0.0008772137733528286,0.0059292808434653664,0.013156090000000002,0.007226809156534636,0.00015531746031746031
2005-12-13,0.8513409961685823,11.11,1915.3,128.59,3.906,0.0009422110552764176,0.005607506008741538,0.006126799133168077,0.012343209999999999,0.006216410866831922,0.00015500000000000003
2005-12-14,0.7915407854984895,10.48,1923.44,119.26,3.885,0.0004693733865290016,0.004240981259708581,0.006166838479159691,0.010983040000000001,0.00481620152084031,0.00015416666666666666
2005-12-15,0.8197097020626433,10.73,1920.85,124.63,3.947,0.0003920799843167783,-0.0013474531795851334,0.005914057658185497,0.01151329,0.005599232341814504,0.00015662698412698413
2005-12-16,0.8127853881278538,10.68,1915.4,120.8,3.925,0.0003950227138060214,-0.0028413183012199624,0.006156391697454289,0.011406239999999998,0.005249848302545709,0.00015575396825396825
2005-12-19,0.8435878428465531,11.38,1904.21,120.07,3.955,0.00023844533640663781,-0.005859253700510328,0.005896519415770439,0.012950440000000002,0.007053920584229563,0.00015694444444444444
2005-12-20,0.835698282300224,11.19,1903.81,122.6,3.968,0.000635828962009206,-0.0002100829310094553,0.00571229587643722,0.01252161,0.006809314123562781,0.00015746031746031745
2005-12-21,0.819560272934041,10.81,1908.65,117.88,3.988,0.00023785926660060367,0.0025390443966297484,0.005474374453245028,0.01168561,0.006211235546754973,0.00015825396825396826
2005-12-22,0.8057948316366483,10.29,1917.16,118.81,3.988,0.000394773202795084,0.004448738455546354,0.00539888889984263,0.010588409999999998,0.0051895211001573675,0.00015825396825396826
2005-12-23,0.8099369085173501,10.27,1918.25,120.14,3.986,0.0009468202619535295,0.0005683877495990756,0.005265882550866693,0.010547289999999999,0.005281407449133306,0.00015817460317460317
2005-12-27,0.8589458054936897,11.57,1899.93,115.3,3.965,0.0002389962158932574,-0.009596268687192894,0.006346048364564662,0.01338649,0.007040441635435337,0.00015734126984126982
2005-12-28,0.8533834586466165,11.35,1902.74,115.27,3.947,0.00031814205042556476,0.001477909211932856,0.005512992531969584,0.012882249999999998,0.007369257468030414,0.00015662698412698413
2005-12-29,0.8651266766020864,11.61,1897.2,115.78,3.998,7.98498822213511e-05,-0.002915837579087928,0.005622417686252459,0.013479209999999998,0.00785679231374754,0.00015865079365079367
2005-12-30,0.8994038748137109,12.07,1887.94,113.0,4.079,0.000160629668299703,-0.004892827463981686,0.005462598740528235,0.01456849,0.009105891259471765,0.00016186507936507936
2006-01-03,0.8723570869224746,11.14,1918.96,114.0,4.12,0.00039471087428456406,0.016297085061329788,0.006955885621015591,0.01240996,0.005454074378984409,0.0001634920634920635
2006-01-04,0.8855140186915887,11.37,1926.39,114.08,4.185,0.0001571956299614558,0.0038644124703534283,0.007115843188488128,0.012927689999999999,0.005811846811511871,0.00016607142857142857
2006-01-05,0.8842845973416733,11.31,1926.44,113.75,4.184,0.0004709945835623069,2.5954947403761578e-05,0.007021499195984153,0.012791610000000002,0.005770110804015849,0.00016603174603174603
2006-01-06,0.8842443729903537,11.0,1945.02,117.3,4.204,0.00023349029069542074,0.00959851975749701,0.008015767454363902,0.0121,0.004084232545636097,0.0001668253968253968
2006-01-09,0.8904000000000001,11.13,1952.13,115.09,4.214,0.0010102187512141699,0.003648824340092307,0.007655481160425002,0.012387690000000002,0.004732208839575,0.00016722222222222222
2006-01-10,0.8829268292682926,10.86,1951.53,116.79,4.289,0.00015524334394170794,-0.0003074038234502636,0.007614127994802685,0.011793959999999997,0.004179832005197313,0.0001701984126984127
2006-01-11,0.8675654242664552,10.94,1958.56,119.5,4.299,0.0006187640188723992,0.0035958290345312854,0.007650546277164057,0.011968359999999999,0.004317813722835942,0.0001705952380952381
2006-01-12,0.8818897637795275,11.2,1946.28,118.62,4.309,0.0008542694055060399,-0.0062896510396039,0.008356343020051032,0.012543999999999998,0.004187656979948965,0.00017099206349206351
2006-01-13,0.881475667189953,11.23,1948.64,119.14,4.327,0.0008551992225462674,0.0012118350512020685,0.008081273427330667,0.012611290000000002,0.004530016572669335,0.0001717063492063492
2006-01-17,0.8988679245283019,11.91,1941.57,115.04,4.326,0.0006270083862371526,-0.0036347692200686997,0.008146998046110566,0.014184809999999999,0.006037811953889433,0.00017166666666666665
2006-01-18,0.9182908545727136,12.25,1934.21,115.02,4.351,0.0009375732479100285,-0.0037979497530699555,0.008329853582065198,0.015006249999999999,0.006676396417934801,0.00017265873015873015
2006-01-19,0.9117199391171994,11.98,1944.98,117.55,4.35,0.0004675081813931921,0.0055527198576673055,0.00850453203161225,0.014352040000000002,0.005847507968387752,0.00017261904761904762
2006-01-20,0.9993136582017845,14.56,1909.35,123.55,4.359,0.0001588057805303797,-0.018488824238775743,0.012515662152613292,0.02119936,0.008683697847386708,0.00017297619047619046
2006-01-23,0.9502046384720327,13.93,1912.91,126.59,4.348,0.0015032240199374797,0.0018627728251926572,0.012549543818410142,0.019404490000000003,0.006854946181589862,0.00017253968253968252
2006-01-24,0.9439716312056738,13.31,1917.54,128.73,4.393,0.001735563269170076,0.0024174717095250225,0.012542638143917376,0.01771561,0.005172971856082623,0.0001743253968253968
2006-01-25,0.9470198675496688,12.87,1914.28,123.06,4.423,0.001104188027446964,-0.0017015417146636627,0.012341348498638254,0.016563689999999996,0.004222341501361741,0.000175515873015873
2006-01-26,0.9380664652567976,12.42,1928.17,126.34,4.433,0.00023506366307542517,0.007229793752619832,0.012981271571053861,0.015425640000000001,0.0024443684289461396,0.0001759126984126984
2006-01-27,0.9380877742946709,11.97,1943.34,127.59,4.442,0.0007784524365560823,0.007836775645049358,0.012304536404336317,0.01432809,0.0020235535956636824,0.00017626984126984128
2006-01-30,0.959721146398141,12.39,1945.66,120.13,4.452,0.00031121139033704555,0.0011931089098544453,0.012302623574458871,0.015351210000000002,0.003048586425541131,0.00017666666666666666
2006-01-31,0.9961538461538461,12.95,1937.93,120.99,4.465,0.001645574579790728,-0.003980858024794131,0.012422999545138414,0.01677025,0.004347250454861586,0.00017718253968253966
2006-02-01,0.9633671083398285,12.36,1941.75,117.8,4.475,0.00046747175691470416,0.0019692352124200062,0.011967056421579313,0.015276959999999997,0.003309903578420684,0.00017757936507936507
2006-02-02,0.9785502958579883,13.23,1924.67,116.98,4.474,0.0003150102378327788,-0.00883510384485776,0.010072685821219618,0.01750329,0.007430604178780383,0.00017753968253968254
2006-02-03,0.9715142428785608,12.96,1914.5,116.84,4.473,0.000791765637371293,-0.005298032537549829,0.010220490060025874,0.016796160000000004,0.006575669939974131,0.0001775
2006-02-06,0.975317875841436,13.04,1916.04,119.37,4.483,0.0007105356649428745,0.0008040642222610382,0.010234045445490522,0.017004159999999997,0.0067701145545094755,0.00017789682539682538
2006-02-07,0.9769949676491733,13.59,1900.58,116.92,4.496,0.00047713717693838786,-0.008101453410501652,0.009597220933535471,0.01846881,0.008871589066464527,0.00017841269841269844
2006-02-08,0.9603293413173654,12.83,1917.84,119.49,4.506,0.0011054086063955828,0.009040450005208459,0.010591359443152048,0.01646089,0.005869530556847951,0.00017880952380952382
2006-02-09,0.9747399702823178,13.12,1915.1,119.31,4.516,0.0004742708086317467,-0.0014297121618031003,0.01059130157553462,0.017213439999999997,0.006622138424465376,0.0001792063492063492
2006-02-10,0.9691265060240963,12.87,1920.0,120.19,4.535,0.0002370136282836353,0.0025553454493134078,0.010486481494175227,0.016563689999999996,0.006077208505824768,0.00017996031746031748
2006-02-13,0.9816176470588235,13.35,1914.02,120.7,4.534,0.00031635558367598893,-0.0031194437427273154,0.010180253638002542,0.01782225,0.00764199636199746,0.00017992063492063492
2006-02-14,0.9430331023864511,12.25,1933.46,119.3,4.559,0.00039171138704999925,0.010105401682519676,0.011579371593902557,0.015006249999999999,0.0034268784060974417,0.0001809126984126984
2006-02-15,0.9579766536964981,12.31,1940.69,126.44,4.548,0.000390000390000257,0.00373243596322945,0.0116250109666635,0.01515361,0.003528599033336499,0.00018047619047619048
2006-02-16,0.9409836065573771,11.48,1955.06,128.99,4.537,0.00038734167409080344,0.007377303560756616,0.012060161015441497,0.01317904,0.0011188789845585027,0.00018003968253968254
2006-02-17,0.9662107803700725,12.01,1951.83,133.88,4.534,0.0001551831160768297,-0.001653489469070761,0.011767677282568828,0.01442401,0.002656332717431171,0.00017992063492063492
2006-02-21,0.9920063948840927,12.41,1945.45,128.57,4.554,0.0003889688435954953,-0.0032740812562901387,0.00739252130553598,0.015400810000000001,0.00800828869446402,0.00018071428571428573
2006-02-22,0.981007431874484,11.88,1960.26,130.03,4.568,0.00015478678120896396,0.007583804727903383,0.007925250790674862,0.014113440000000001,0.006188189209325139,0.00018126984126984127
2006-02-23,0.9777594728171334,11.87,1953.37,127.08,4.588,0.00154918667699449,-0.003521031430320738,0.008160911500055153,0.014089689999999997,0.005928778499944843,0.00018206349206349208
2006-02-24,0.9494614747307374,11.46,1956.14,128.56,4.587,0.0004638577502899287,0.001417057617719661,0.008074616036034378,0.013133160000000001,0.005058543963965623,0.0001820238095238095
2006-02-27,0.9492219492219491,11.59,1963.58,123.53,4.597,0.0003088803088804669,0.0037961940826759873,0.00767965002232154,0.01343281,0.00575315997767846,0.00018242063492063493
2006-02-28,0.9640624999999999,12.34,1943.19,124.61,4.621,0.000545362471271031,-0.010438385234180907,0.008477411046580775,0.01522756,0.006750148953419225,0.00018337301587301587
2006-03-01,0.9195219123505974,11.54,1959.77,124.25,4.599,0.0006186204763378635,0.00849616687605462,0.009337679636228531,0.013317159999999998,0.003979480363771467,0.00018250000000000002
2006-03-02,0.9272151898734178,11.72,1956.6,123.3,4.599,0.0006959211289387467,-0.001618846376768247,0.009147196330260253,0.013735840000000003,0.00458864366973975,0.00018250000000000002
2006-03-03,0.9462025316455697,11.96,1953.74,121.87,4.607,0.00031051079024989943,-0.0014627886628650537,0.009157715535171048,0.014304160000000003,0.005146444464828955,0.0001828174603174603
2006-03-06,0.9651515151515152,12.74,1940.2,116.6,4.565,0.0003902743628769695,-0.006954423833280148,0.008767543107634236,0.016230760000000004,0.007463216892365768,0.00018115079365079367
2006-03-07,0.9497374343585897,12.66,1936.68,116.21,4.6,0.0011721039265481983,-0.0018158936914517703,0.008414563577968132,0.016027559999999996,0.007612996422031865,0.00018253968253968252
2006-03-08,0.9361702127659575,12.32,1941.17,117.21,4.579,0.00023389077300901368,0.002315717217780997,0.00845171977345307,0.01517824,0.00672652022654693,0.0001817063492063492
2006-03-09,0.9491017964071856,12.68,1931.73,114.2,4.578,0.00047069898799719363,-0.004874909600002204,0.007867474986516548,0.01607824,0.008210765013483452,0.00018166666666666667
2006-03-10,0.9186046511627907,11.85,1945.93,116.21,4.607,0.0003890596428431152,0.007324037422438702,0.007545280069389531,0.01404225,0.006496969930610468,0.0001828174603174603
2006-03-13,0.8903680501174628,11.37,1950.39,116.54,4.586,0.00031051079024989943,0.0022893406845099777,0.007512371422988692,0.012927689999999999,0.0054153185770113065,0.00018198412698412701
2006-03-14,0.8724614134849715,10.74,1970.66,114.43,4.59,0.0006914832315314432,0.010339159443814621,0.00857010658112977,0.01153476,0.0029646534188702296,0.00018214285714285712
2006-03-15,0.9242671009771987,11.35,1979.21,119.12,4.61,0.0006124167495979797,0.004329263167669347,0.008417575755606694,0.012882249999999998,0.004464674244393304,0.00018293650793650796
2006-03-16,0.9653505237711523,11.98,1982.76,142.02,4.599,0.00022915632280488203,0.0017920382789570013,0.007463988728788624,0.014352040000000002,0.006888051271211378,0.00018250000000000002
2006-03-17,0.9596199524940616,12.12,1985.69,130.06,4.618,0.0006888370135086678,0.001476647321953111,0.007381035441897966,0.014689439999999996,0.00730840455810203,0.00018325396825396827
2006-03-20,0.9320158102766798,11.79,1982.4,124.39,4.638,0.0005369539370229216,-0.0016582288979747404,0.006929491906706649,0.013900409999999998,0.006970918093293349,0.00018404761904761903
2006-03-21,0.912087912087912,11.62,1970.5,120.69,4.683,0.0008491257864061539,-0.0060209142398197,0.007413148605278743,0.01350244,0.006089291394721256,0.00018583333333333331
2006-03-22,0.903303787268332,11.21,1982.4,121.7,4.682,7.667241709809719e-05,0.006020914239819768,0.007576825946578108,0.012566410000000002,0.004989584053421894,0.00018579365079365078
2006-03-23,0.8986323411102173,11.17,1977.29,119.23,4.661,0.00038468936333919116,-0.002581011562389915,0.007103590922360415,0.01247689,0.005373299077639584,0.00018496031746031746
2006-03-24,0.9119804400977995,11.19,1979.24,124.34,4.639,0.000537448654458852,0.0009857123074460002,0.0069006558996968885,0.01252161,0.005620954100303112,0.0001840873015873016
2006-03-27,0.9182692307692308,11.46,1977.19,118.23,4.628,0.0013077426054849488,-0.0010362878572130146,0.006924008092169779,0.013133160000000001,0.006209151907830222,0.00018365079365079365
2006-03-28,0.9234449760765551,11.58,1964.47,118.71,4.642,0.0005419005225470997,-0.006454155942149297,0.007335911342546665,0.01340964,0.006073728657453335,0.0001842063492063492
2006-03-29,0.908713692946058,10.95,1979.51,117.94,4.62,0.0006152426363145742,0.007626850493606001,0.006490309083641017,0.011990249999999997,0.00549994091635898,0.00018333333333333334
2006-03-30,0.9368421052631579,11.57,1975.6,116.77,4.609,0.0006162378678170737,-0.001977189647708114,0.005796961750231529,0.01338649,0.0075895282497684706,0.0001828968253968254
2006-03-31,0.9320785597381342,11.39,1967.38,115.72,4.607,0.0007703566751407653,-0.0041694413404082305,0.006003703042340164,0.01297321,0.006969506957659836,0.0001828174603174603
2006-04-03,0.9444897959183673,11.57,1971.93,115.48,4.638,0.0003083802328270145,0.002310050249083654,0.006010563837757321,0.01338649,0.007375926162242678,0.00018404761904761903
2006-04-04,0.9306599832915622,11.14,1984.47,117.06,4.662,0.0008424922452419381,0.006339117375735197,0.005653636042985811,0.01240996,0.006756323957014188,0.000185
2006-04-05,0.9352941176470588,11.13,1993.21,117.1,4.672,0.0003052503052502445,0.004394528501780946,0.0056641413868935,0.012387690000000002,0.0067235486131065015,0.00018539682539682538
2006-04-06,0.9597652975691534,11.45,1989.87,118.03,4.671,0.00030557677616495073,-0.0016770945011665053,0.005760300877947579,0.013110249999999999,0.00734994912205242,0.00018535714285714287
2006-04-07,0.9784517158818835,12.26,1969.3,115.7,4.68,7.719325330980991e-05,-0.010391160313344161,0.006967128786253151,0.01503076,0.00806363121374685,0.0001857142857142857
2006-04-10,0.969769291964996,12.19,1971.03,116.51,4.679,0.000308285163776651,0.0008780990988880538,0.006425026192255222,0.014859609999999999,0.008434583807744776,0.00018567460317460318
2006-04-11,0.9841029523088569,13.0,1956.12,113.56,4.693,0.0006213592233008473,-0.0075933293308400405,0.007178877636376126,0.016900000000000002,0.009721122363623876,0.00018623015873015872
2006-04-12,0.9807840122982321,12.76,1958.49,115.71,4.703,0.00031012560086828993,0.001210848738222117,0.005832572216089808,0.01628176,0.010449187783910192,0.00018662698412698413
2006-04-13,0.9545104086353122,12.38,1960.01,117.99,4.69,0.0006986763963824354,0.0007758071079431626,0.0055700085853619095,0.015326440000000002,0.009756431414638092,0.00018611111111111112
2006-04-17,0.9552012148823082,12.58,1954.25,113.56,4.689,0.00038866648528884104,-0.0029430871519240632,0.005569839544402015,0.01582564,0.010255800455597984,0.00018607142857142856
2006-04-18,0.9306122448979592,11.4,1988.18,116.74,4.714,0.0005349023803155402,0.017213159276843474,0.00940057308503161,0.012996,0.0035954269149683898,0.00018706349206349207
2006-04-19,0.93476465730801,11.32,1991.84,121.7,4.714,0.0006111068673132999,0.001839187256192544,0.009395948807323235,0.012814240000000003,0.0034182911926767673,0.00018706349206349207
2006-04-20,0.9651741293532339,11.64,1994.23,130.0,4.723,0.00015241579027573397,0.0011991762745793574,0.008884862599527086,0.01354896,0.004664097400472914,0.0001874206349206349
2006-04-21,0.9507793273174734,11.59,1993.99,122.05,4.742,0.0008390861588925103,-0.00012035444398240488,0.00849386655241654,0.01343281,0.004938943447583459,0.00018817460317460316
2006-04-24,0.9907251264755481,11.75,1989.2,128.77,4.742,0.00030550675933698954,-0.002405108623489311,0.00848156636955985,0.013806249999999999,0.00532468363044015,0.00018817460317460316
2006-04-25,0.9882253994953742,11.75,1979.51,129.66,4.776,0.000843590628474905,-0.004883208526405672,0.00879140719988724,0.013806249999999999,0.005014842800112759,0.0001895238095238095
2006-04-26,0.9791840133222315,11.76,1985.29,126.14,4.776,0.0001532214816515882,0.002915659854057057,0.008874972045167497,0.01382976,0.004954787954832503,0.0001895238095238095
2006-04-27,0.965742251223491,11.84,1992.39,129.21,4.775,0.00030553009471426853,0.0035699239458226164,0.008401216022674324,0.014018560000000001,0.005617343977325677,0.00018948412698412698
2006-04-28,0.9772344013490726,11.59,1993.79,125.2,4.763,0.0009133115153358409,0.0007024269137688185,0.007763001399354224,0.01343281,0.005669808600645776,0.0001890079365079365
2006-05-01,1.0015974440894568,12.54,1985.55,129.67,4.773,7.662541665063335e-05,-0.0041413961999367975,0.007945706466345829,0.015725159999999995,0.007779453533654166,0.0001894047619047619
2006-05-02,0.9755899104963386,11.99,1997.75,124.01,4.808,0.0006850618458608943,0.006125593426682797,0.008073796572724336,0.014376010000000002,0.0063022134272756655,0.0001907936507936508
2006-05-03,0.968497576736672,11.99,1989.97,127.46,4.817,0.0006876790830943648,-0.003901984026553096,0.008289439588399882,0.014376010000000002,0.00608657041160012,0.00019115079365079367
2006-05-04,0.973727422003284,11.86,1996.74,125.86,4.796,0.0003807638122073744,0.003396287418713828,0.007955417697562871,0.014065959999999999,0.0061105423024371275,0.00019031746031746032
2006-05-05,0.9667221297836938,11.62,2017.34,128.06,4.815,7.546885023199808e-05,0.01026396128060692,0.008975399167974643,0.01350244,0.004527040832025356,0.0001910714285714286
2006-05-08,0.9732360097323601,12.0,2015.84,125.25,4.825,0.0005287208731447046,-0.0007438299650203043,0.00893293218226669,0.0144,0.005467067817733309,0.00019146825396825398
2006-05-09,0.990909090909091,11.99,2016.6,123.02,4.88,0.00022637238256933517,0.0003769429967953793,0.007337099200768181,0.014376010000000002,0.00703891079923182,0.00019365079365079365
2006-05-10,0.9727497935590421,11.78,2013.99,119.62,4.869,0.0006038191561628236,-0.0012950959362310892,0.007407580204589242,0.013876839999999998,0.006469259795410756,0.0001932142857142857
2006-05-11,0.9952191235059761,12.49,1988.56,120.68,4.817,0.00022905134567666448,-0.012707070332738041,0.008832220826020077,0.01560001,0.006767789173979922,0.00019115079365079367
2006-05-12,1.0365230094959825,14.19,1966.27,123.21,4.815,0.000541816633770604,-0.011272411722853695,0.010567682948562467,0.020135609999999998,0.009567927051437532,0.0001910714285714286
2006-05-15,1.0210684725357413,13.57,1971.45,121.86,4.804,0.0008491257864061539,0.002630965628834973,0.010636425377797222,0.018414490000000006,0.0077780646222027836,0.00019063492063492064
2006-05-16,1.015209125475285,13.35,1967.79,130.15,4.818,0.0003865033046031225,-0.0018582269946321186,0.010562512597761475,0.01782225,0.007259737402238526,0.00019119047619047617
2006-05-17,1.0854472630173566,16.26,1935.18,121.87,4.817,0.00047232937101473885,-0.016710740208193384,0.009938336493729893,0.026438760000000006,0.016500423506270113,0.00019115079365079367
2006-05-18,1.0926045016077168,16.99,1922.32,123.09,4.827,0.0015829046299960653,-0.006667555485312057,0.01013663063771681,0.028866009999999998,0.018729379362283187,0.00019154761904761905
2006-05-19,1.1126943005181347,17.18,1930.27,136.93,4.815,0.0008652220081016199,0.004127099579413823,0.010452804120656963,0.02951524,0.01906243587934304,0.0001910714285714286
2006-05-22,1.1102756892230574,17.72,1922.72,126.15,4.804,0.00023748268355433316,-0.003919039324413479,0.010488889366228991,0.03139984,0.020910950633771005,0.00019063492063492064
2006-05-23,1.1278567016676961,18.26,1914.38,125.15,4.818,0.00048100048100049923,-0.004347039760882048,0.01056702440917232,0.033342760000000006,0.022775735590827684,0.00019119047619047617
2006-05-24,1.0630740967544399,17.36,1917.48,127.4,4.828,0.0007125044531528592,0.0016180135371898674,0.010573293503957235,0.03013696,0.019563666496042766,0.0001915873015873016
2006-05-25,1.0278514588859415,15.5,1939.52,132.35,4.817,0.0003917420770164701,0.01142869582362263,0.012393687731025855,0.024025,0.011631312268974146,0.00019115079365079367
2006-05-26,0.9800687285223367,14.26,1950.87,128.5,4.835,0.0005453199859774329,0.005834907143991806,0.012722407589884577,0.02033476,0.007612352410115424,0.00019186507936507936
2006-05-30,1.0811123986095017,18.66,1920.09,122.67,4.813,0.0004756242568371167,-0.0159033669836832,0.015317842911877076,0.03481955999999999,0.019501717088122917,0.00019099206349206348
2006-05-31,1.0255770430442919,16.44,1936.41,121.97,4.838,0.00023519266198884344,0.008463683351244254,0.016478721811940735,0.027027360000000007,0.010548638188059272,0.000191984126984127
2006-06-01,0.9738430583501005,14.52,1960.28,128.02,4.827,0.0010880547136085704,0.012251576889837117,0.018058913172804305,0.021083039999999997,0.0030241268271956924,0.00019154761904761905
2006-06-02,0.9610738255033557,14.32,1964.11,127.02,4.804,0.00031010155826026854,0.0019518963283429542,0.018027522554834585,0.02050624,0.0024787174451654133,0.00019063492063492064
2006-06-05,1.0152439024390243,16.65,1929.23,120.42,4.814,0.0007072413657616865,-0.0179182569314951,0.021320442174322125,0.027722249999999993,0.006401807825677869,0.00019103174603174604
2006-06-06,1.0182031708749266,17.34,1927.13,121.79,4.86,0.0003938713616132747,-0.0010891100455237813,0.019462071125071995,0.03006756,0.010605488874928005,0.00019285714285714286
2006-06-07,1.0171428571428571,17.8,1915.77,120.81,4.849,0.0006360311655270972,-0.005912218944069692,0.019595765088402096,0.031684000000000004,0.012088234911597908,0.00019242063492063495
2006-06-08,1.0355530474040633,18.35,1918.59,120.19,4.858,0.0006347191367819605,0.0014709106648520187,0.019687358841113514,0.03367225000000001,0.013984891158886494,0.00019277777777777777
2006-06-09,1.0307167235494883,18.12,1910.01,118.74,4.877,0.00047862156987876737,-0.004482063607352254,0.019722712412658026,0.03283344,0.013110727587341973,0.00019353174603174602
2006-06-12,1.1078224101479914,20.96,1885.81,121.27,4.897,0.0004028197381672618,-0.012751040822279737,0.019734018746748058,0.043932160000000005,0.024198141253251947,0.00019432539682539684
2006-06-13,1.1332698714897667,23.81,1866.92,121.55,4.891,0.0012232415902141136,-0.010067422674289613,0.019485862192806257,0.05669160999999999,0.03720574780719373,0.0001940873015873016
2006-06-14,1.0988223246287763,21.46,1876.67,124.24,4.89,0.001777921448197825,0.005208915530488629,0.01989692592570989,0.04605316,0.026156234074290113,0.00019404761904761905
2006-06-15,1.0012594458438286,15.9,1916.56,131.6,4.827,0.0007139740589424394,0.02103298273775047,0.026466512115648513,0.025281,-0.0011855121156485113,0.00019154761904761905
2006-06-16,1.0273972602739727,17.25,1909.52,128.32,4.867,0.0012026458208057045,-0.003680010843954952,0.02342921989416216,0.029756249999999995,0.006327030105837836,0.00019313492063492062
2006-06-19,0.9994394618834079,17.83,1892.12,125.31,4.876,0.0006458905215566971,-0.009154008009086136,0.023881360637888233,0.031790889999999995,0.007909529362111763,0.00019349206349206352
2006-06-20,0.9760233918128655,16.69,1892.13,126.54,4.922,0.00064505724883082,5.285063090467787e-06,0.02357822998824326,0.027855610000000006,0.004277380011756746,0.0001953174603174603
2006-06-21,0.9657747355320473,15.52,1910.62,127.36,4.911,0.0005592617744577748,0.009724618086174594,0.024791316916177322,0.02408704,-0.0007042769161773217,0.00019488095238095234
2006-06-22,0.9832817337461301,15.88,1900.98,125.08,4.9,0.00024101225145612483,-0.005058254042409815,0.024869909159045977,0.02521744,0.00034753084095402384,0.00019444444444444446
2006-06-23,0.9665450121654501,15.89,1899.32,122.55,4.96,0.000562723582137605,-0.0008736152964643234,0.024821811960917053,0.025249210000000005,0.0004273980390829511,0.00019682539682539682
2006-06-26,0.9836272040302266,15.62,1908.56,124.87,4.98,0.0005602465084637833,0.0048531036353595,0.023371794563072545,0.02439844,0.0010266454369274557,0.00019761904761904763
2006-06-27,0.9832134292565946,16.4,1891.24,120.3,5.036,0.0004838709677419538,-0.009116332413117949,0.023567138909010476,0.026895999999999993,0.003328861090989517,0.00019984126984126983
2006-06-28,0.9633923123856009,15.79,1901.98,118.99,4.994,0.0008016032064127801,0.005662750222616598,0.021308731502382446,0.024932409999999995,0.0036236784976175496,0.00019817460317460316
2006-06-29,0.9247693399574166,13.03,1943.09,124.11,4.993,0.0007072969468348729,0.021384040625274825,0.026214604610509944,0.01697809,-0.009236514610509942,0.00019813492063492063
2006-06-30,0.9039391845196959,13.08,1939.03,118.28,4.981,0.0007861635220125339,-0.0020916414125250874,0.02431429137382028,0.01710864,-0.007205651373820277,0.00019765873015873016
2006-07-03,0.8987603305785125,13.05,1954.49,120.93,5.011,0.0004690798217496855,0.007941441806173457,0.025117739185165307,0.01703025,-0.008087489185165306,0.00019884920634920635
2006-07-05,0.932762030323006,14.15,1940.55,120.22,5.014,0.0006294256490951873,-0.007157851789844382,0.021711820229967056,0.020022250000000005,-0.0016895702299670502,0.00019896825396825398
2006-07-06,0.9191919191919192,13.65,1945.9,116.81,4.993,0.0010988148496978304,0.002753156932089515,0.021756548276630792,0.018632250000000003,-0.0031242982766307888,0.00019813492063492063
2006-07-07,0.9106910039113429,13.97,1932.75,114.97,5.002,0.00023697618389352767,-0.006780735763526026,0.021905100621306857,0.019516090000000007,-0.00238901062130685,0.00019849206349206348
2006-07-10,0.9145466405740378,14.02,1935.62,115.89,5.001,0.0004733354370464048,0.0014838293785676769,0.021905444684103992,0.019656039999999996,-0.0022494046841039957,0.00019845238095238097
2006-07-11,0.8944860449285229,13.14,1943.66,119.17,5.057,0.000470883691728161,0.004145105025606267,0.021732672207310226,0.017265960000000004,-0.004466712207310222,0.0002006746031746032
2006-07-12,0.930635838150289,14.49,1922.62,115.97,5.067,0.0003965893317469535,-0.010883954447309064,0.02113543165843523,0.02099601,-0.00013942165843523063,0.00020107142857142858
2006-07-13,1.0096481271282631,17.79,1897.73,115.4,5.045,0.00016160310277954122,-0.013030404112047539,0.02206122265008981,0.03164841,0.009587187349910192,0.0002001984126984127
2006-07-14,1.0100727476217124,18.05,1888.43,117.48,5.054,0.0012133468149646567,-0.004912639034726271,0.02216077915664956,0.03258025,0.010419470843350438,0.00020055555555555557
2006-07-17,1.0309734513274338,18.64,1885.82,118.56,5.074,0.00024316109422493323,-0.0013830564568028298,0.016477361547002155,0.034744960000000005,0.01826759845299785,0.00020134920634920636
2006-07-18,1.0224783861671467,17.74,1889.48,122.9,5.13,0.0005649489528267074,0.0019389193688551533,0.01644417556474268,0.03147075999999999,0.015026584435257312,0.00020357142857142856
2006-07-19,0.9761456371625864,15.55,1924.74,121.58,5.108,0.0009532131225673568,0.018489234742002234,0.019587162572526542,0.02418025,0.004593087427473459,0.00020269841269841268
2006-07-20,0.9830200121285629,16.21,1908.42,118.55,5.087,0.001918005274514464,-0.008515219094460619,0.020631984848656082,0.026276410000000007,0.005644425151343925,0.00020186507936507936
2006-07-21,1.0193321616871704,17.4,1894.94,118.33,5.074,0.0007263629393487221,-0.007088498824132155,0.020076883355736142,0.030275999999999997,0.010199116644263855,0.00020134920634920636
2006-07-24,0.9578005115089514,14.98,1926.5,122.03,5.084,0.0003961180431768442,0.01651770932007508,0.023126263960621656,0.022440040000000005,-0.0006862239606216514,0.00020174603174603174
2006-07-25,0.9926470588235293,14.85,1938.68,120.53,5.13,0.00015796540557625963,0.006302444034475123,0.023471397937826145,0.02205225,-0.0014191479378261457,0.00020357142857142856
2006-07-26,0.9812080536912751,14.62,1937.96,120.86,5.098,0.00015775358889422804,-0.0003714556978614176,0.023288591560127622,0.021374439999999998,-0.0019141515601276242,0.0002023015873015873
2006-07-27,0.9796721311475409,14.94,1930.32,119.78,5.097,0.000315756236185714,-0.003950081138902656,0.022327251532551048,0.02232036,-6.891532551046853e-06,0.00020226190476190477
2006-07-28,0.9559706470980653,14.33,1953.86,121.4,5.054,0.0008594757198107999,0.012121110870231221,0.02359088094967964,0.020534890000000004,-0.003055990949679635,0.00020055555555555557
2006-07-31,0.9714100064977257,14.95,1951.0,121.64,5.074,0.0005477951246233375,-0.001464841511043206,0.018280858025091256,0.02235025,0.004069391974908743,0.00020134920634920636
2006-08-01,0.9641255605381167,15.05,1942.22,119.49,5.109,0.00039300451955195253,-0.004510412915218381,0.018490347119291543,0.022650249999999997,0.004159902880708454,0.0002027380952380952
2006-08-02,0.9502982107355865,14.34,1954.18,117.98,5.108,0.0009374267635340234,0.00613901938297423,0.018172178640107367,0.02056356,0.0023913813598926345,0.00020269841269841268
2006-08-03,0.9588859416445624,14.46,1957.41,116.79,5.108,0.0007011803202057061,0.0016515027056218873,0.017516099628862504,0.020909160000000003,0.003393060371137499,0.00020269841269841268
2006-08-04,0.9471598414795244,14.34,1956.05,117.54,5.074,0.0007802746566791066,-0.0006950371562498397,0.017455341254877656,0.02056356,0.003108218745122345,0.00020134920634920636
2006-08-07,0.9794212218649517,15.23,1950.63,117.02,5.105,0.0006254886630179694,-0.0027747363374805096,0.01693838467721806,0.023195289999999997,0.006256905322781937,0.0002025793650793651
2006-08-08,0.9682136045772409,15.23,1944.22,118.18,5.099,0.0012532309861361054,-0.0032915289611911316,0.01708623953922055,0.023195289999999997,0.006109050460779447,0.00020234126984126983
2006-08-09,0.9553739786297926,15.2,1936.3,116.27,5.067,0.0006303679773067394,-0.004081932832214761,0.01708284690102016,0.023104,0.0060211530989798395,0.00020107142857142858
2006-08-10,0.9371354504212573,14.46,1945.61,118.31,5.045,0.0005497310244630886,0.004796617051918083,0.015803999634461077,0.020909160000000003,0.0051051603655389265,0.0002001984126984127
2006-08-11,0.9267660401814647,14.3,1938.13,118.09,5.064,0.0003150102378327788,-0.0038519618969213164,0.013670113396101597,0.020449000000000005,0.006778886603898408,0.00020095238095238095
2006-08-14,0.9235751295336788,14.26,1940.5,118.24,5.084,0.0005505092210293986,0.001222081144611745,0.013207187115271676,0.02033476,0.007127572884728324,0.00020174603174603174
2006-08-15,0.9055330634278003,13.42,1967.26,118.88,5.088,0.0010106114199090097,0.013696039831234675,0.014918005312821708,0.018009639999999997,0.0030916346871782893,0.00020190476190476192
2006-08-16,0.8832740213523131,12.41,1982.81,120.17,5.067,0.000771010023130257,0.007873318866513117,0.015329489426381696,0.015400810000000001,7.132057361830535e-05,0.00020107142857142858
2006-08-17,0.9,12.24,1986.04,121.42,5.087,0.0005387309039134428,0.0016276758824903055,0.011860494095075693,0.014981760000000002,0.003121265904924309,0.00020186507936507936
2006-08-18,0.8844984802431611,11.64,1993.43,125.35,5.095,0.0006125105275247876,0.0037140666948023305,0.010570863726496972,0.01354896,0.0029780962735030288,0.00020218253968253968
2006-08-21,0.8945827232796486,12.22,1986.11,125.66,5.084,0.0006915895032082332,-0.0036788212987285862,0.009922986268599046,0.014932840000000001,0.005009853731400955,0.00020174603174603174
2006-08-22,0.8917337234820775,12.19,1988.1,124.0,5.099,0.00046100653092587225,0.0010014569770177575,0.007228397958786639,0.014859609999999999,0.00763121204121336,0.00020234126984126983
2006-08-23,0.8933717579250721,12.4,1979.35,124.2,5.088,0.0001542257865515903,-0.004410900798596277,0.007308833502851394,0.015375999999999999,0.008067166497148604,0.00020190476190476192
2006-08-24,0.8914450035945363,12.4,1984.09,123.75,5.088,0.0007707129094414084,0.002391862755484077,0.007305754401258746,0.015375999999999999,0.008070245598741253,0.00020190476190476192
2006-08-25,0.8926758520667151,12.31,1982.81,125.01,5.106,0.00023106250240690986,-0.0006453402124696004,0.007014558640460642,0.01515361,0.008139051359539358,0.00020261904761904761
2006-08-28,0.8975681650700074,12.18,1993.06,122.64,5.085,0.0004598758335249657,0.005156115621719109,0.005693459480091045,0.014835239999999998,0.009141780519908953,0.0002017857142857143
2006-08-29,0.9029411764705882,12.28,1997.21,126.53,5.067,0.0005360082698418254,0.0020800604953049406,0.00562889875488312,0.015079839999999999,0.009450941245116879,0.00020107142857142858
2006-08-30,0.9051851851851852,12.22,1998.08,125.52,5.046,0.0003059975520197404,0.000435512823224968,0.005221343243801918,0.014932840000000001,0.009711496756198083,0.00020023809523809526
2006-08-31,0.9138827023014106,12.31,1997.42,123.22,5.035,0.00015296367112796794,-0.00033037167113149823,0.00494287146996133,0.01515361,0.01021073853003867,0.0001998015873015873
2006-09-01,0.8992481203007519,11.96,2008.47,124.59,5.011,7.610060499974054e-05,0.005516890392168809,0.005181519364659657,0.014304160000000003,0.009122640635340346,0.00019884920634920635
2006-09-05,0.9307295504789979,12.63,2012.0,124.31,4.979,0.0001519872330722837,0.0017560140516347405,0.005134940561335389,0.015951689999999998,0.010816749438664609,0.0001975793650793651
2006-09-06,0.9475862068965517,13.74,1992.42,123.09,4.963,0.001073372690331874,-0.00977927192593246,0.006450534712461186,0.018878759999999998,0.012428225287538812,0.00019694444444444444
2006-09-07,0.9422946367956552,13.88,1982.93,121.66,4.962,0.00023070711731457786,-0.004774431447391457,0.006637645063381335,0.01926544,0.012627794936618666,0.0001969047619047619
2006-09-08,0.9209237228831352,13.16,1990.44,124.34,4.929,0.0006142506142507102,0.0037801709596456223,0.006384665532690683,0.01731856,0.010933894467309318,0.0001955952380952381
2006-09-11,0.9071229050279329,12.99,1991.49,125.99,4.928,0.00023017608470480793,0.0005273824624422978,0.006228617351664009,0.016874010000000005,0.010645392648335996,0.00019555555555555553
2006-09-12,0.8631426502534395,11.92,2012.32,126.42,4.901,0.0006074872807349387,0.010405183030451438,0.0068851195212517105,0.01420864,0.007323520478748289,0.00019448412698412697
2006-09-13,0.8263118994826312,11.18,2020.49,120.44,4.9,0.0004539951573850051,0.004051770937452566,0.006940793919193565,0.01249924,0.005558446080806435,0.00019444444444444446
2006-09-14,0.8333333333333334,11.55,2017.86,119.47,4.931,0.0004537205081669863,-0.0013025123487685891,0.005190698112965916,0.013340250000000001,0.008149551887034086,0.00019567460317460318
2006-09-15,0.8621700879765395,11.76,2023.35,135.25,4.939,0.00015161852778395734,0.002717009696268958,0.004643835809273354,0.01382976,0.009185924190726646,0.0001959920634920635
2006-09-18,0.8649045521292217,11.78,2025.39,127.35,4.939,0.0002271264715902725,0.0010077210058612887,0.004638076089957555,0.013876839999999998,0.009238763910042443,0.0001959920634920635
2006-09-19,0.8643578643578644,11.98,2021.01,125.03,4.943,0.0005307251980741739,-0.0021648881527581267,0.004640994751779188,0.014352040000000002,0.009711045248220813,0.00019615079365079363
2006-09-20,0.8481012658227849,11.39,2031.59,122.71,4.921,0.0010568430588056643,0.005221351249288989,0.004619696975518768,0.01297321,0.008353513024481233,0.0001952777777777778
2006-09-21,0.878136200716846,12.25,2021.08,119.68,4.91,0.0005308459409243785,-0.005186715701833625,0.0050911757046993925,0.015006249999999999,0.009915074295300606,0.00019484126984126987
2006-09-22,0.8903818953323903,12.59,2016.09,118.86,4.919,0.00038024259477555317,-0.0024720299324175288,0.004882492346878995,0.015850810000000003,0.010968317653121009,0.00019519841269841269
2006-09-25,0.8833819241982507,12.12,2033.87,120.75,4.897,0.00015098897780469752,0.008780390043019769,0.005616326428307364,0.014689439999999996,0.009073113571692631,0.00019432539682539684
2006-09-26,0.8768060836501901,11.53,2049.2,121.64,4.88,0.0002996703626010791,0.007509090970088007,0.0060391710910116265,0.01329409,0.007254918908988373,0.00019365079365079365
2006-09-27,0.8680659670164917,11.58,2049.97,118.43,4.88,0.0003739575932088026,0.00037568581398506284,0.005881189239843306,0.01340964,0.0075284507601566944,0.00019365079365079365
2006-09-28,0.8707280832095097,11.72,2053.93,118.21,4.869,7.479711283137668e-05,0.0019298721845337425,0.005878661503070635,0.013735840000000003,0.007857178496929369,0.0001932142857142857
2006-09-29,0.8738147337709701,11.98,2048.89,120.09,4.877,0.00014963339817433645,-0.0024568479899983947,0.006044503675639752,0.014352040000000002,0.00830753632436025,0.00019353174603174602
2006-10-02,0.9030172413793104,12.57,2041.99,119.8,4.887,0.0003005259203605713,-0.0033733605205952507,0.006272651730114749,0.01580049,0.009527838269885252,0.0001939285714285714
2006-10-03,0.8882438316400582,12.24,2046.28,116.93,4.912,0.00030003000300024037,0.002098687990081678,0.006028164668884543,0.014981760000000002,0.00895359533111546,0.0001949206349206349
2006-10-04,0.887060583395662,11.86,2071.45,118.15,4.911,0.0005188067444878384,0.012225334584377377,0.007572421626428707,0.014065959999999999,0.006493538373571292,0.00019488095238095234
2006-10-05,0.8913690476190477,11.98,2076.63,115.48,4.931,0.00022191811221660047,0.0024975423292775286,0.005926599359888411,0.014352040000000002,0.008425440640111592,0.00019567460317460318
2006-10-06,0.8810975609756099,11.56,2071.05,117.34,4.939,0.001037421267136086,-0.0026906624264376004,0.005624481747853461,0.013363360000000001,0.00773887825214654,0.0001959920634920635
2006-10-09,0.8922841864018335,11.68,2072.71,116.19,4.938,0.0006663951723372212,0.0008012047458346259,0.005602626555682301,0.01364224,0.008039613444317698,0.00019595238095238097
2006-10-10,0.8807339449541284,11.52,2077.01,118.43,4.968,0.00022204951704230883,0.0020724297249112623,0.005576714804804914,0.01327104,0.007694325195195086,0.00019714285714285716
2006-10-11,0.8836501901140683,11.62,2071.9,117.16,5.015,0.0003700277520814902,-0.0024632988345800575,0.004838921999292815,0.01350244,0.008663518000707185,0.0001990079365079365
2006-10-12,0.8759873617693523,11.09,2091.69,117.44,5.045,0.0004401085601115108,0.009506290981703408,0.005561894291528223,0.01229881,0.006736915708471777,0.0002001984126984127
2006-10-13,0.872564935064935,10.75,2095.97,118.74,5.054,0.00043933513948892346,0.002044101713261478,0.0054473641327121795,0.011556249999999999,0.006108885867287819,0.00020055555555555557
2006-10-16,0.8836653386454183,11.09,2101.27,116.54,5.053,0.00014622020763256185,0.0025254704600881166,0.005443419289793703,0.01229881,0.006855390710206298,0.000200515873015873
2006-10-17,0.9036979969183359,11.73,2093.58,117.7,5.088,7.326812470248983e-05,-0.003666404574377981,0.005798838779490161,0.01375929,0.00796045122050984,0.00020190476190476192
2006-10-18,0.8901098901098901,11.34,2096.71,114.96,5.088,0.0005863812944367991,0.0014939302922400324,0.005614488283902289,0.01285956,0.007245071716097712,0.00020190476190476192
2006-10-19,0.8733974358974359,10.9,2098.32,116.8,5.097,0.00029233355258343965,0.0007675750013932804,0.005463032007341011,0.011881,0.006417967992658988,0.00020226190476190477
2006-10-20,0.8792390405293632,10.63,2100.86,117.06,5.085,0.000657918783581296,0.0012097601483044085,0.004869890193744782,0.011299690000000001,0.006429799806255219,0.0002017857142857143
2006-10-23,0.8986212489862125,11.08,2113.82,115.28,5.105,0.00021847576739614127,0.0061499524745143854,0.0048242878333508475,0.012276639999999998,0.007452352166649151,0.0002025793650793651
2006-10-24,0.9143341815097541,10.78,2114.36,114.68,5.119,0.0004353820477469144,0.0002554290512399326,0.004294357477196812,0.011620839999999999,0.007326482522803187,0.00020313492063492064
2006-10-25,0.9213483146067416,10.66,2121.83,113.72,5.119,0.00014452955629413073,0.0035267576490503713,0.003916565654575941,0.01136356,0.007446994345424059,0.00020313492063492064
2006-10-26,0.9295774647887325,10.56,2132.39,112.97,5.108,0.0005043772742010533,0.0049644925220767334,0.004020904207169416,0.011151359999999999,0.007130455792830583,0.00020269841269841268
2006-10-27,0.9326424870466322,10.8,2114.65,111.46,5.095,0.0002902125807153163,-0.00835410223321514,0.0052763391316033945,0.011664000000000002,0.006387660868396608,0.00020218253968253968
2006-10-30,0.9279204639602319,11.2,2115.63,114.11,5.074,0.00043522414043213294,0.0004633263129302632,0.005095780031305591,0.012543999999999998,0.007448219968694407,0.00020134920634920636
2006-10-31,0.9544282029234736,11.1,2115.65,111.48,5.078,0.0002900652646844964,9.453404170824688e-06,0.004815411510373983,0.012321,0.007505588489626017,0.00020150793650793654
2006-11-01,0.9496699669966997,11.51,2100.36,112.36,5.056,0.00014606003067268116,-0.007253335279072602,0.005768027935504131,0.01324801,0.007479982064495868,0.00020063492063492064
2006-11-02,0.9376026272577996,11.42,2100.21,113.08,5.056,0.0002923762882831698,-7.141887889681095e-05,0.0041791018016364145,0.013041639999999998,0.008862538198363584,0.00020063492063492064
2006-11-03,0.920032976092333,11.16,2095.68,112.37,5.085,0.0003664211644863358,-0.0021592566821589964,0.004223293496791286,0.012454560000000002,0.008231266503208715,0.0002017857142857143
2006-11-06,0.9604130808950087,11.16,2119.53,116.76,5.074,0.00028981307056942507,0.011316282944502626,0.005474402494251016,0.012454560000000002,0.006980157505748986,0.00020134920634920636
2006-11-07,0.9610051993067592,11.09,2124.28,115.72,5.078,0.00036120642947432143,0.0022385554412530833,0.005488304835932986,0.01229881,0.006810505164067014,0.00020150793650793654
2006-11-08,0.9513274336283185,10.75,2129.22,115.86,5.098,0.00021591277124042706,0.002322794038365777,0.005494748815497864,0.011556249999999999,0.0060615011845021344,0.0002023015873015873
2006-11-09,0.9507772020725388,11.01,2118.32,113.19,5.097,0.0005066406108637729,-0.005132393774665104,0.00582543872742677,0.01212201,0.00629657127257323,0.00020226190476190477
2006-11-10,0.9175170068027211,10.79,2122.26,113.87,5.085,0.0021668472372696496,0.0018582369080407145,0.004898546805015532,0.011642409999999999,0.006743863194984467,0.0002017857142857143
2006-11-13,0.9362068965517241,10.86,2128.17,113.32,5.074,0.0006491867133119588,0.00278089690158067,0.0049301861587095815,0.011793959999999997,0.006863773841290416,0.00020134920634920636
2006-11-14,0.9316770186335404,10.5,2141.95,113.75,5.088,0.0005014147057769649,0.006454173576081948,0.00529355619389659,0.011024999999999998,0.005731443806103408,0.00020190476190476192
2006-11-15,0.9213583556747097,10.31,2147.6,111.63,5.088,0.0006432476860951535,0.002634310483566155,0.005042822635063751,0.010629610000000003,0.0055867873649362515,0.00020190476190476192
2006-11-16,0.9194570135746606,10.16,2152.57,110.87,5.097,0.0005704506560183435,0.002311537549900596,0.00505663024424498,0.01032256,0.00526592975575502,0.00020226190476190477
2006-11-17,0.9054054054054055,10.05,2154.8,117.73,5.085,0.0003559859029581215,0.0010354347080639655,0.005054220999786126,0.010100250000000002,0.005046029000213875,0.0002017857142857143
2006-11-20,0.8838652482269505,9.97,2153.76,119.02,5.053,0.0006410028132899469,-0.0004827599105957654,0.005090944199358531,0.009940090000000002,0.0048491458006414715,0.000200515873015873
2006-11-21,0.8768821966341896,9.9,2157.42,118.53,5.057,0.0002843332385555306,0.0016979114206714223,0.004771678233423299,0.009801,0.005029321766576702,0.0002006746031746032
2006-11-22,0.8585944115156647,10.14,2162.65,120.86,5.056,0.0005681011219998048,0.0024212582458474747,0.0047888471318990235,0.010281960000000001,0.005493112868100978,0.00020063492063492064
2006-11-24,0.8632341110217217,10.73,2154.96,118.47,5.032,0.000356214155950436,-0.003562159681639058,0.004953957243672585,0.01151329,0.006559332756327416,0.0001996825396825397
2006-11-27,0.9165424739195231,12.3,2125.67,117.96,5.032,0.0008669893793801355,-0.013685115099243547,0.0071412198816718335,0.015129000000000004,0.00798778011832817,0.0001996825396825397
2006-11-28,0.8952234206471493,11.62,2133.52,121.89,5.042,0.0005751258087705542,0.003686151070332506,0.006391681687811027,0.01350244,0.007110758312188973,0.00020007936507936507
2006-11-29,0.8797725426482534,10.83,2154.09,125.38,5.036,0.00042738086758297496,0.009595162721513168,0.007401637221348973,0.011728890000000002,0.004327252778651029,0.00019984126984126983
2006-11-30,0.8734987990392313,10.91,2155.89,124.0,5.024,0.000213561131874007,0.000835270745874182,0.007392164410810074,0.01190281,0.004510645589189926,0.00019936507936507935
2006-12-01,0.9024767801857585,11.66,2149.85,126.2,5.022,0.0008552490912978729,-0.0028055590731523345,0.006716010894496324,0.01359556,0.006879549105503676,0.0001992857142857143
2006-12-04,0.8898573692551507,11.23,2169.0,124.81,5.001,0.0006369201372916981,0.008868159580887552,0.007409078617205851,0.012611290000000002,0.005202211382794151,0.00019845238095238097
2006-12-05,0.888801261829653,11.27,2177.75,127.14,4.984,0.000493218249075368,0.0040260018721269995,0.007292394727248287,0.012701289999999999,0.005408895272751711,0.00019777777777777778
2006-12-06,0.8858483189992182,11.33,2175.45,125.61,4.984,0.0008467998024134115,-0.00105669402463275,0.0061714323901542354,0.01283689,0.006665457609845765,0.00019777777777777778
2006-12-07,0.9214545454545454,12.67,2166.87,122.86,4.973,0.0003542205377068568,-0.003951809708178556,0.006475516702469646,0.01605289,0.009577373297530355,0.00019734126984126982
2006-12-08,0.8947368421052632,12.07,2170.84,124.71,4.95,0.0004950670108560641,0.0018304594398816554,0.006461334795450869,0.01456849,0.00810715520454913,0.00019642857142857144
2006-12-11,0.7998506348020912,10.71,2175.8,120.65,4.928,0.0004231311706629215,0.0022822235809107244,0.005989831243349975,0.011470410000000004,0.005480578756650029,0.00019555555555555553
2006-12-12,0.8031674208144797,10.65,2173.58,124.46,4.932,0.0004236689733088707,-0.001020835242167677,0.006046977961687679,0.01134225,0.0052952720383123205,0.00019571428571428572
2006-12-13,0.7770992366412214,10.18,2176.52,125.76,4.932,0.00021145374449319977,0.0013516932703310069,0.00601231214832016,0.010363240000000001,0.004350927851679841,0.00019571428571428572
2006-12-14,0.7657450076804916,9.97,2195.59,132.31,4.941,0.00041917004331405516,0.008723532086543754,0.006382035350615891,0.009940090000000002,0.0035580546493841113,0.00019607142857142856
2006-12-15,0.7613636363636365,10.05,2198.07,129.81,4.908,0.0001405876564038397,0.0011288994885261172,0.00635397647169069,0.010100250000000002,0.0037462735283093117,0.00019476190476190477
2006-12-18,0.7969924812030075,10.6,2190.97,128.93,4.928,0.0007746751646185685,-0.0032353344664001254,0.006554696878156814,0.011236,0.004681303121843185,0.00019555555555555553
2006-12-19,0.7935285053929122,10.3,2195.8,129.55,4.953,0.0008434666479229953,0.0022020766768168503,0.006576716532542702,0.010609000000000002,0.0040322834674573005,0.00019654761904761906
2006-12-20,0.7996882307092751,10.26,2192.76,126.28,4.963,0.00028125439460005954,-0.001385420496128757,0.006617892041787607,0.01052676,0.003908867958212393,0.00019694444444444444
2006-12-21,0.8007604562737642,10.53,2185.21,122.05,4.962,0.0009881422924900222,-0.0034490905532506178,0.006826405855945758,0.011088089999999998,0.004261684144054241,0.0001969047619047619
2006-12-22,0.8433556050482554,11.36,2173.9,121.5,4.98,0.00014209591474232192,-0.005189144288119315,0.007173955946662982,0.012904959999999998,0.005731004053337017,0.00019761904761904763
2006-12-26,0.8523845571536713,11.26,2183.38,123.4,4.979,0.0003531447540347591,0.004351345315434471,0.007165800878021192,0.012678759999999999,0.005512959121978807,0.0001975793650793651
2006-12-27,0.823529411764706,10.64,2199.15,123.48,4.973,7.019760626176215e-05,0.007196787273815532,0.004868698911743302,0.011320960000000001,0.0064522610882567,0.00019734126984126982
2006-12-28,0.8357414448669201,10.99,2196.0,121.7,4.993,0.0005625483439984004,-0.0014333984229619933,0.004916434805946125,0.01207801,0.007161575194053875,0.00019813492063492063
2006-12-29,0.8588410104011887,11.56,2186.13,121.25,5.011,0.0006354810238303618,-0.004504666310757299,0.0043811635425976955,0.013363360000000001,0.008982196457402305,0.00019884920634920635
2007-01-03,0.8859455481972037,12.04,2183.92,118.77,5.046,0.0004949969946610556,-0.0010114301613944668,0.004415935044776326,0.014496159999999998,0.010080224955223671,0.00020023809523809526
2007-01-04,0.8713096139288418,11.51,2186.6,118.78,5.035,0.0004938794228667696,0.001226398843114821,0.004263454667323887,0.01324801,0.008984555332676112,0.0001998015873015873
2007-01-05,0.8900293255131965,12.14,2173.29,117.27,5.043,0.0004271982912068514,-0.006105677596879778,0.003912290172452433,0.014737960000000001,0.010825669827547568,0.00020011904761904763
2007-01-08,0.8935219657483247,12.0,2178.8,119.44,5.053,0.00035379444542708616,0.002532118106014767,0.0037910502378231807,0.0144,0.01060894976217682,0.000200515873015873
2007-01-09,0.8888059701492537,11.91,2177.68,116.28,5.078,0.001703093954016326,-0.0005141765942575751,0.0037798217981694464,0.014184809999999999,0.010404988201830553,0.00020150793650793654
2007-01-10,0.8802762854950116,11.47,2182.16,117.79,5.088,0.000564971751412317,0.002055122012176139,0.0036072313310367863,0.013156090000000002,0.009548858668963215,0.00020190476190476192
2007-01-11,0.8633836378077839,10.87,2196.02,119.13,5.097,0.00063288913891919,0.006331419128634231,0.004019975256842631,0.011815689999999998,0.007795714743157368,0.00020226190476190477
2007-01-12,0.8381502890173411,10.15,2206.68,119.7,5.084,0.000488707369009122,0.0048424924846896455,0.004210449869924202,0.01030225,0.006091800130075799,0.00020174603174603174
2007-01-16,0.8696356275303644,10.74,2208.48,120.78,5.083,0.0004200210010500684,0.0008153725345062151,0.004172620670876346,0.01153476,0.007362139329123654,0.0002017063492063492
2007-01-17,0.8730420445177246,10.59,2206.7,120.95,5.108,0.0009099499527525667,-0.000806309186233318,0.0041962466135448614,0.011214809999999999,0.007018563386455137,0.00020269841269841268
2007-01-18,0.8930041152263374,10.85,2200.2,127.7,5.118,0.0004213483146067575,-0.002949921583699646,0.003458175397922103,0.01177225,0.008314074602077897,0.0002030952380952381
2007-01-19,0.8695652173913043,10.4,2206.6,127.24,5.137,0.000699790062981066,0.0029046040208704715,0.0035420592660327338,0.010816000000000003,0.0072739407339672685,0.00020384920634920634
2007-01-22,0.8784665579119086,10.77,2195.0,121.13,5.126,0.00014043957587235313,-0.005270822816933897,0.003767192600393812,0.011599289999999998,0.007832097399606186,0.00020341269841269843
2007-01-23,0.8733108108108109,10.34,2202.77,122.77,5.14,0.00041984465747674953,0.003533612755989919,0.003859422180784941,0.010691559999999998,0.006832137819215056,0.00020396825396825393
2007-01-24,0.8705985915492959,9.89,2221.56,124.34,5.129,6.945167899447391e-05,0.008493992523823832,0.004648167865390184,0.00978121,0.005133042134609816,0.00020353174603174602
2007-01-25,0.9211822660098523,11.22,2196.54,119.49,5.139,0.0005622320612833825,-0.011326256749172588,0.006200768581239005,0.012588840000000002,0.006388071418760998,0.00020392857142857146
2007-01-26,0.9168039538714992,11.13,2193.89,120.26,5.126,7.0311126735742e-05,-0.0012071711981797445,0.0058456223244218695,0.012387690000000002,0.006542067675578132,0.00020341269841269843
2007-01-29,0.9331703341483293,11.45,2191.71,117.83,5.126,0.00021117094287826795,-0.0009941627962202985,0.005661075695004736,0.013110249999999999,0.007449174304995263,0.00020341269841269843
2007-01-30,0.917922948073702,10.96,2204.4,119.53,5.135,0.0004901445926547855,0.005773301963567548,0.00543373412434639,0.012012160000000001,0.006578425875653611,0.00020376984126984127
2007-01-31,0.904513888888889,10.42,2219.19,118.58,5.108,0.0003477656059816475,0.006686901412999676,0.005908451957379069,0.01085764,0.004949188042620931,0.00020269841269841268
2007-02-01,0.8996509598603839,10.31,2231.61,119.57,5.118,0.000761008682417138,0.005581033629054283,0.00585706651936399,0.010629610000000003,0.0047725434806360125,0.0002030952380952381
2007-02-02,0.8857644991212653,10.08,2235.39,121.7,5.137,6.906315825836061e-05,0.0016924114180615947,0.005809072060543025,0.01016064,0.0043515679394569755,0.00020384920634920634
2007-02-05,0.904802744425386,10.55,2233.44,122.48,5.126,0.0006213109661385759,-0.0008727117047477432,0.00585575043205961,0.011130250000000003,0.005274499567940393,0.00020341269841269843
2007-02-06,0.9165232358003443,10.65,2235.02,122.78,5.145,0.00034488704949137003,0.0007071787890443437,0.005191203948039398,0.01134225,0.006151046051960602,0.00020416666666666665
2007-02-07,0.8981723237597912,10.32,2239.05,122.94,5.15,0.000688989940746826,0.0018014921938658702,0.005175545004316861,0.01065024,0.005474694995683139,0.0002043650793650794
2007-02-08,0.896137339055794,10.44,2236.46,122.69,5.149,0.0004139072847682276,-0.001157410122703332,0.005209899422157404,0.010899359999999999,0.0056894605778425944,0.00020432539682539684
2007-02-09,0.9076042518397383,11.1,2220.72,121.02,5.147,0.00027800945232132364,-0.0070627910157707,0.006026744839641732,0.012321,0.006294255160358269,0.00020424603174603174
2007-02-12,0.9228934817170111,11.61,2213.58,119.81,5.157,0.0006968155529231017,-0.003220353233002039,0.00579835253598167,0.013479209999999998,0.007680857464018328,0.00020464285714285712
2007-02-13,0.8837606837606838,10.34,2230.8,125.32,5.166,0.0004148230088493768,0.007749151139516304,0.006226658380989732,0.010691559999999998,0.004464901619010265,0.00020500000000000002
2007-02-14,0.8973684210526316,10.23,2248.4,123.09,5.15,0.0008240060427110111,0.00785858661252131,0.006874779070844196,0.01046529,0.0035905109291558043,0.0002043650793650794
2007-02-15,0.8964912280701754,10.22,2250.97,120.55,5.16,0.0015792906924845661,0.0011423822799614067,0.006838860943370379,0.010444840000000002,0.0036059790566296233,0.00020476190476190477
2007-02-16,0.8851590106007067,10.02,2249.06,121.01,5.167,6.862240521524039e-05,-0.0008488832806428856,0.006685566622791435,0.01004004,0.003354473377208565,0.00020503968253968256
2007-02-20,0.88504753673293,10.24,2255.48,120.99,5.166,0.0006850253459377607,0.002850459468419914,0.006683065719282477,0.01048576,0.0038026942807175236,0.00020500000000000002
2007-02-21,0.8800690250215703,10.2,2252.43,119.1,5.176,0.00047963273836029453,-0.0013531771776285834,0.006243878380685781,0.010403999999999998,0.004160121619314217,0.0002053968253968254
2007-02-22,0.8829141370338248,10.18,2251.03,119.58,5.18,0.0012344832316028174,-0.0006217441900667236,0.0062098474458499205,0.010363240000000001,0.0041533925541500805,0.00020555555555555556
2007-02-23,0.8816666666666667,10.58,2243.26,117.71,5.178,0.0006878052135634798,-0.0034577242418339024,0.00567654589471147,0.011193640000000001,0.0055170941052885315,0.00020547619047619047
2007-02-26,0.9079804560260587,11.15,2240.73,117.81,5.167,0.0004131662305467723,-0.0011284593714435865,0.003894861003528698,0.01243225,0.008537388996471303,0.00020503968253968256
2007-02-27,1.0707602339181286,18.31,2163.11,112.5,5.114,0.0030816640986133003,-0.03525470466113969,0.019655228921941232,0.03352561,0.013870381078058765,0.00020293650793650793
2007-02-28,1.0461329715061058,15.42,2175.78,121.36,5.129,0.00375899854604774,0.005840219969864034,0.02016039067150218,0.023777640000000003,0.003617249328497822,0.00020353174603174602
2007-03-01,1.061744966442953,15.82,2170.17,120.99,5.128,0.002416832527722515,-0.0025817154435767826,0.019709380074805244,0.025027240000000003,0.005317859925194759,0.0002034920634920635
2007-03-02,1.1117084826762247,18.61,2145.43,118.76,5.095,0.0005039415427809883,-0.011465507007913522,0.020263739314758306,0.03463321,0.014369470685241692,0.00020218253968253968
2007-03-05,1.1178815489749432,19.63,2125.34,118.07,5.084,0.0003625947278725331,-0.009408208912037168,0.020243745822171533,0.03853369,0.01828994417782847,0.00020174603174603174
2007-03-06,1.0276883451384418,15.96,2158.36,121.14,5.114,0.0012160663829177544,0.015416884475776549,0.023892976906920844,0.025472160000000008,0.0015791830930791638,0.00020293650793650793
2007-03-07,1.0126245847176079,15.24,2153.65,119.49,5.088,0.0024386745086788365,-0.002184596915680536,0.023887276129376432,0.02322576,-0.0006615161293764306,0.00020190476190476192
2007-03-08,0.9875604699378022,14.29,2169.14,121.08,5.076,0.0006395452122935043,0.007166698497575012,0.024785083783806047,0.02042041,-0.004364673783806047,0.00020142857142857142
2007-03-09,0.9777931991672449,14.09,2170.62,121.96,5.085,0.00035542918073561716,0.0006820653941122878,0.024709110791275524,0.01985281,-0.004856300791275525,0.0002017857142857143
2007-03-12,0.983134223471539,13.99,2176.5,126.35,5.084,0.0005676174258548608,0.002705240980686352,0.024919361346989303,0.019572009999999997,-0.0053473513469893055,0.00020174603174603174
2007-03-13,1.0928270042194093,18.13,2132.76,130.04,5.062,7.229351165746848e-05,-0.020301166432451393,0.02894689118638644,0.03286968999999999,0.003922798813613553,0.0002008730158730159
2007-03-14,1.0627692307692307,17.27,2147.18,134.25,5.046,7.176432595350322e-05,0.006738437718046218,0.029811812702322714,0.029825289999999997,1.347729767728345e-05,0.00020023809523809526
2007-03-15,1.0249532127261385,16.43,2155.18,136.15,5.035,7.167174341509339e-05,0.0037188934538766355,0.029072411834572334,0.02699449,-0.002077921834572335,0.0001998015873015873
2007-03-16,0.9958481613285883,16.79,2146.93,128.3,5.022,7.220477273541215e-05,-0.003835332017528872,0.027913631248322288,0.02819041,0.0002767787516777115,0.0001992857142857143
2007-03-19,0.9592373438527284,14.59,2170.33,122.84,5.022,7.131395970754792e-05,0.010840314990891548,0.02985883435679666,0.02128681,-0.00857202435679666,0.0001992857142857143
2007-03-20,0.9177040110650069,13.27,2184.1,127.35,5.052,-0.00014189428875495023,0.006324614657179229,0.030636933077295588,0.017609289999999996,-0.013027643077295592,0.00020047619047619045
2007-03-21,0.9255884586180714,12.19,2221.46,130.07,5.036,6.984459577453694e-05,0.01696079299958854,0.034535982124704254,0.014859609999999999,-0.019676372124704255,0.00019984126984126983
2007-03-22,0.952837140751658,12.93,2220.68,124.99,5.045,6.983484060191282e-05,-0.00035118209152192655,0.03453213615097089,0.01671849,-0.017813646150970888,0.0002001984126984127
2007-03-23,0.9445660102115243,12.95,2223.12,125.64,5.064,6.972285166476782e-05,0.001098159343449546,0.03456998486855442,0.01677025,-0.01779973486855442,0.00020095238095238095
2007-03-26,0.9467625899280575,13.16,2225.26,126.45,5.063,-0.0019527163679475637,0.0009621480921543635,0.03448545634231803,0.01731856,-0.017166896342318032,0.0002009126984126984
2007-03-27,0.9499647639182524,13.48,2211.52,122.89,5.052,7.002065609348391e-05,-0.00619370080300645,0.03488840840718033,0.01817104,-0.016717368407180327,0.00020047619047619045
2007-03-28,0.9848783694937541,14.98,2194.38,121.28,5.046,7.052434853146674e-05,-0.007780515429809865,0.019970409556738625,0.022440040000000005,0.0024696304432613794,0.00020023809523809526
2007-03-29,0.9850357839947952,15.14,2202.68,121.4,5.035,0.0002112899249920846,0.0037752543099287897,0.019753235258373327,0.02292196,0.0031687247416266745,0.0001998015873015873
2007-03-30,0.9656992084432718,14.64,2200.12,120.89,5.033,7.038040609487916e-05,-0.0011628964697450296,0.019664163935221617,0.02143296,0.0017687960647783836,0.00019972222222222226
2007-04-02,0.9641672196416722,14.53,2205.85,122.62,5.032,0.00028123461998166377,0.002601017814659266,0.01774295576188471,0.021112089999999997,0.0033691342381152872,0.0001996825396825397
2007-04-03,0.9366736256089075,13.46,2226.76,124.18,5.041,0.00013921759710414737,0.009434692023725618,0.016908223508490885,0.01811716,0.0012089364915091154,0.00020003968253968254
2007-04-04,0.9200833912439194,13.24,2229.26,123.94,5.036,6.953377603164416e-05,0.0011220776667536852,0.014606347670627944,0.01752976,0.002923412329372054,0.00019984126984126983
2007-04-05,0.9389638041163947,13.23,2236.71,125.4,5.022,0.0,0.003336344359955256,0.014454048263761815,0.01750329,0.003049241736238186,0.0001992857142857143
2007-04-09,0.935897435897436,13.14,2238.03,125.32,5.021,6.923529615391633e-05,0.000589978429266585,0.014083977472142186,0.017265960000000004,0.003181982527857818,0.00019924603174603173
2007-04-10,0.9201741654571843,12.68,2243.93,125.94,5.01,6.913955819816024e-05,0.0026327782523705855,0.014089982381657602,0.01607824,0.0019882576183423983,0.0001988095238095238
2007-04-11,0.9440167949615116,13.49,2229.44,127.03,5.015,0.0,-0.006478360018380366,0.014842030052596697,0.018198009999999997,0.0033559799474033,0.0001990079365079365
2007-04-12,0.9183526011560694,12.71,2243.3,126.92,5.014,6.912999896298714e-05,0.006197563177505765,0.008947560957917475,0.016154410000000004,0.00720684904208253,0.00019896825396825398
2007-04-13,0.9050445103857566,12.2,2251.12,128.62,5.002,6.883496816376461e-05,0.0034798741067239543,0.008719238063437966,0.014884,0.006164761936562034,0.00019849206349206348
2007-04-16,0.9027882441597589,11.98,2275.35,125.49,4.991,6.818259298394918e-05,0.010706016579807178,0.009563524098185316,0.014352040000000002,0.0047885159018146856,0.00019805555555555554
2007-04-17,0.923896499238965,12.14,2280.01,130.62,4.989,6.799714411988513e-05,0.0020459421979894038,0.009027230438709484,0.014737960000000001,0.005710729561290517,0.00019797619047619047
2007-04-18,0.9352409638554218,12.42,2281.61,130.35,4.973,6.792324673113198e-05,0.0007015051957920471,0.008222805881635964,0.015425640000000001,0.007202834118364037,0.00019734126984126982
2007-04-19,0.930957683741648,12.54,2278.91,126.11,4.973,0.00013579576317206552,-0.001184075638505291,0.00815317418830226,0.015725159999999995,0.007571985811697735,0.00019734126984126982
2007-04-20,0.9349341595662277,12.07,2300.08,128.37,4.97,6.731513580822526e-05,0.009246646459968495,0.005963512704110318,0.01456849,0.008604977295889682,0.0001972222222222222
2007-04-23,0.9939024390243902,13.04,2294.82,123.55,4.97,0.0,-0.0022894958748401286,0.006106646855830685,0.017004159999999997,0.010897513144169313,0.0001972222222222222
2007-04-24,0.9969604863221884,13.12,2294.02,124.17,4.969,6.749687826931865e-05,-0.00034867199906942365,0.00614874603832321,0.017213439999999997,0.011064693961676787,0.0001971825396825397
2007-04-25,1.0099388379204894,13.21,2317.5,122.68,4.952,0.00013385089010848768,0.010183281392884096,0.007045287179623995,0.01745041,0.010405122820376004,0.0001965079365079365
2007-04-26,0.9884080370942813,12.79,2315.91,123.25,4.931,0.00013367196898798162,-0.0006863196058247711,0.006281242718684363,0.016358409999999997,0.010077167281315634,0.00019567460317460318
2007-04-27,0.975705329153605,12.45,2315.7,124.73,4.919,0.0003343028114867206,-9.068121026769272e-05,0.005057496784745139,0.01550025,0.010442753215254862,0.00019519841269841269
2007-04-30,1.014265335235378,14.22,2297.57,123.37,4.845,6.74149728654121e-05,-0.007859974958321416,0.006326450107499785,0.020220839999999997,0.013894389892500213,0.00019226190476190477
2007-05-01,0.9926524614254225,13.51,2303.68,125.45,4.886,6.724723445761291e-05,0.002655801615341703,0.006196258071748763,0.01825201,0.012055751928251236,0.0001938888888888889
2007-05-02,0.9768483943241224,13.08,2318.84,123.14,4.88,-6.686056229726811e-05,0.006559216337735283,0.0064252355151358164,0.01710864,0.010683404484864184,0.00019365079365079365
2007-05-03,0.9805243445692884,13.09,2329.54,123.03,4.879,0.00013304949441198931,0.004603762557509461,0.005846306013846278,0.017134809999999997,0.01128850398615372,0.0001936111111111111
2007-05-04,0.9634328358208956,12.91,2334.61,123.11,4.877,0.00013253810470517053,0.0021740304222237867,0.005832369680034037,0.016666809999999997,0.01083444031996596,0.00019353174603174602
2007-05-07,0.9733530717986677,13.15,2340.68,123.3,4.856,6.623613180984206e-05,0.002596631828433759,0.0058177314101020795,0.017292250000000002,0.011474518589897922,0.0001926984126984127
2007-05-08,0.9677655677655678,13.21,2338.14,120.74,4.886,-0.0003315539935679279,-0.0010857439480557165,0.005917878865354653,0.01745041,0.011532531134645346,0.0001938888888888889
2007-05-09,0.9633507853403143,12.88,2346.3,121.24,4.859,6.614412805497176e-05,0.0034838777968907945,0.0059383457108006035,0.01658944,0.010651094289199397,0.00019281746031746033
2007-05-10,0.9618104667609617,13.6,2313.94,119.5,4.838,6.686950416275587e-05,-0.013887919985271913,0.008203465855325602,0.018496000000000002,0.0102925341446744,0.000191984126984127
2007-05-11,0.9466374269005847,12.95,2336.48,121.66,4.836,0.00013253810470517053,0.009693824001757705,0.008740114628795786,0.01677025,0.008030135371204214,0.0001919047619047619
2007-05-14,0.9714683368128045,13.96,2332.43,119.78,4.814,6.643414715157552e-05,-0.0017348807391067693,0.008863815201997622,0.01948816,0.010624344798002379,0.00019103174603174604
2007-05-15,0.9749478079331942,14.01,2329.61,121.17,4.823,6.642090930218794e-05,-0.0012097709774832894,0.007860233730569691,0.01962801,0.01176777626943031,0.0001913888888888889
2007-05-16,0.9594882729211087,13.5,2350.4,123.4,4.734,-6.595218466605709e-05,0.008884654844041528,0.008580636805201573,0.018225,0.009644363194798429,0.00018785714285714285
2007-05-17,0.9474053295932678,13.51,2348.44,123.34,4.786,0.0006607201850016141,-0.0008342485011939602,0.008637825125271607,0.01825201,0.009614184874728392,0.0001899206349206349
2007-05-18,0.9259796806966618,12.76,2363.97,126.75,4.804,6.553294668888827e-05,0.0065911311717166835,0.00886190536522128,0.01628176,0.007419854634778719,0.00019063492063492064
2007-05-21,0.9534050179211471,13.3,2367.63,126.22,4.835,6.552865240338996e-05,0.00154704570545794,0.008117768973178247,0.017689000000000003,0.009571231026821756,0.00019186507936507936
2007-05-22,0.9450072358900145,13.06,2366.1,124.74,4.845,-0.0003280301787763355,-0.0006464247235385425,0.007998296172829246,0.01705636,0.009058063827170754,0.00019226190476190477
2007-05-23,0.9497847919655668,13.24,2363.29,123.17,4.89,6.558882366438792e-05,-0.0011883140661541325,0.00804495389391041,0.01752976,0.009484806106089589,0.00019404761904761905
2007-05-24,0.9657064471879286,14.08,2340.64,121.71,4.889,0.0002646903123345159,-0.009630319776124845,0.008378680276472351,0.01982464,0.01144595972352765,0.00019400793650793652
2007-05-25,0.9381153305203938,13.34,2353.42,124.0,4.866,6.592175088164347e-05,0.005445193106764995,0.008650676909763398,0.01779556,0.0091448830902366,0.00019309523809523809
2007-05-29,0.9582152974504249,13.53,2357.39,124.05,4.803,6.567066163185621e-05,0.001685485485447939,0.008650230319729,0.01830609,0.009655859680271,0.00019059523809523808
2007-05-30,0.9364963503649636,12.83,2377.09,124.69,4.836,6.516993059396465e-05,0.00832197567376018,0.008240832956020143,0.01646089,0.008220057043979856,0.0001919047619047619
2007-05-31,0.9504734158776402,13.05,2377.75,123.84,4.736,6.51996740015707e-05,0.0002776118667457549,0.008246640699132205,0.01703025,0.008783609300867795,0.00018793650793650794
2007-06-01,0.9287790697674418,12.78,2386.63,124.23,4.786,0.0005847003410752211,0.003727666677581175,0.007982351006089591,0.016332839999999998,0.008350488993910407,0.0001899206349206349
2007-06-04,0.9412181303116147,13.29,2391.13,122.26,4.765,6.486556611416927e-05,0.0018837284964762224,0.00784962399118215,0.017662409999999996,0.009812786008817846,0.00018908730158730157
2007-06-05,0.9458709229701596,13.63,2378.44,122.93,4.826,0.0002604845011723135,-0.005321246965158724,0.008347850393779483,0.01857769,0.010229839606220517,0.0001915079365079365
2007-06-06,0.9655844155844155,14.87,2357.95,119.29,4.789,0.0,-0.008652213109411456,0.009381292639487513,0.02211169,0.012730397360512487,0.00019003968253968252
2007-06-07,1.0215568862275448,17.06,2316.63,117.52,4.799,0.0,-0.017679054034636998,0.013285728420136039,0.029104359999999992,0.015818631579863955,0.00019043650793650795
2007-06-08,0.9763157894736842,14.84,2342.98,122.08,4.766,0.00013237143424436965,0.011310079979144199,0.014794610686798548,0.02202256,0.007227949313201452,0.00018912698412698413
2007-06-11,0.970957095709571,14.71,2345.27,119.71,4.723,0.0,0.0009769104387020123,0.01226909943219817,0.021638410000000004,0.009369310567801834,0.0001874206349206349
2007-06-12,1.0399251403618217,16.67,2320.22,119.51,4.732,6.683375104421658e-05,-0.010738525094480126,0.01261731622510635,0.027788890000000004,0.015171573774893653,0.00018777777777777779
2007-06-13,0.9742063492063493,14.73,2356.02,121.59,4.643,6.583061782028838e-05,0.015311745949081475,0.015501959060331687,0.021697290000000004,0.006195330939668318,0.00018424603174603174
2007-06-14,0.9266304347826086,13.64,2367.52,122.42,4.632,0.0001308386759126667,0.004869239054431565,0.015686676814625686,0.018604959999999997,0.0029182831853743103,0.0001838095238095238
2007-06-15,0.9287141905396402,13.94,2382.97,121.63,4.547,0.00019605920988139162,0.006504615091962764,0.015267879597094702,0.01943236,0.004164480402905298,0.00018043650793650792
2007-06-18,0.9018817204301075,13.42,2380.09,120.46,4.526,6.540864048134811e-05,-0.0012093067695897913,0.015283646394232719,0.018009639999999997,0.002725993605767278,0.00017960317460317458
2007-06-19,0.8886583679114799,12.85,2384.26,123.38,4.68,6.527202114826101e-05,0.0017505015646747748,0.014838577022450429,0.01651225,0.0016736729775495701,0.0001857142857142857
2007-06-20,0.9320203303684879,14.67,2351.87,117.56,4.726,6.61791469509237e-05,-0.013678047259157056,0.017182803423598594,0.02152089,0.004338086576401407,0.00018753968253968254
2007-06-21,0.9197411003236247,14.21,2366.92,117.97,4.695,6.578730962791293e-05,0.00637877550409047,0.017716907884298812,0.02019241,0.002475502115701189,0.00018630952380952384
2007-06-22,0.9603658536585367,15.75,2336.41,116.52,4.714,0.00013288153611062543,-0.012973968640184446,0.019741555719538856,0.024806250000000002,0.005064694280461145,0.00018706349206349207
2007-06-25,0.9940298507462686,16.65,2328.91,116.87,4.775,6.672226855707026e-05,-0.0032152163028511555,0.018766615023051228,0.027722249999999993,0.008955634976948765,0.00018948412698412698
2007-06-26,1.0442233278054174,18.89,2321.46,116.03,4.816,0.00013481631277391457,-0.0032040488707048213,0.01842534342446481,0.03568321000000001,0.017257866575535196,0.0001911111111111111
2007-06-27,0.9663970130678282,15.53,2342.84,118.01,4.779,0.0001993951679904366,0.0091675705845714,0.019537684103272175,0.02411809,0.004580405896727823,0.00018964285714285714
2007-06-28,0.9700374531835205,15.54,2341.9,117.47,4.767,0.0002660635891979544,-0.0004013029592315219,0.01855663024784092,0.024149159999999996,0.005592529752159077,0.0001891666666666667
2007-06-29,0.9765342960288809,16.23,2338.25,115.72,4.807,6.649157219335303e-05,-0.001559779383144012,0.018551403777772178,0.02634129,0.007789886222227822,0.00019075396825396826
2007-07-02,0.953560371517028,15.4,2363.28,119.68,4.869,6.588700378844279e-05,0.010647698292996005,0.019915202438481362,0.023716,0.0038007975615186387,0.0001932142857142857
2007-07-03,0.9348370927318295,14.92,2372.22,119.87,4.956,0.00019689561250944203,0.0037757409443061533,0.02007029508982016,0.022260639999999998,0.002190344910179838,0.00019666666666666669
2007-07-05,0.9573283858998144,15.48,2373.07,120.59,4.942,6.571381633001036e-05,0.0003582499738020047,0.019749893869897096,0.023963039999999998,0.004213146130102902,0.0001961111111111111
2007-07-06,0.9298799747315225,14.72,2381.59,120.85,4.942,6.535306996058771e-05,0.003583856309076344,0.018911838925694768,0.02166784,0.002756001074305233,0.0001961111111111111
2007-07-09,0.9404466501240695,15.16,2383.8,120.63,4.921,6.534879921575498e-05,0.0009275212137674436,0.014554101972423919,0.022982560000000003,0.008428458027576084,0.0001952777777777778
2007-07-10,0.9988629903354179,17.57,2349.98,117.48,4.946,6.628442647393965e-05,-0.01428903558491728,0.015999790081361792,0.030870489999999997,0.014870699918638205,0.00019626984126984125
2007-07-11,0.9753810082063307,16.64,2363.72,121.69,4.945,0.00013154433043942535,0.005829831730921307,0.016384497485640595,0.02768896,0.011304462514359404,0.00019623015873015875
2007-07-12,0.9389728096676736,15.54,2408.79,119.99,4.955,6.475216110331793e-05,0.018887897519591718,0.01862137832647588,0.024149159999999996,0.005527781673524117,0.00019662698412698415
2007-07-13,0.9181818181818182,15.15,2416.28,119.59,4.963,-0.00038727167107727536,0.003104620665041214,0.016248124583963706,0.02295225,0.006704125416036294,0.00019694444444444444
2007-07-16,0.9329742669060442,15.59,2411.65,117.88,4.931,6.45765393433814e-05,-0.0019180068556854141,0.016173794888186,0.024304810000000003,0.008131015111814004,0.00019567460317460318
2007-07-17,0.9314660309892729,15.63,2411.41,117.99,4.967,6.460156981827143e-05,-9.952188038233496e-05,0.015761004254250744,0.024429689999999997,0.008668685745749253,0.0001971031746031746
2007-07-18,0.936768149882904,16.0,2406.69,120.35,4.956,6.472701381915858e-05,-0.001959279180555772,0.015801286048876397,0.0256,0.009798713951123604,0.00019666666666666669
2007-07-19,0.915814792543596,15.23,2417.5,119.24,4.976,6.44932443325975e-05,0.004481588864827443,0.01597484341911584,0.023195289999999997,0.007220446580884155,0.00019746031746031744
2007-07-20,0.9581684567552289,16.95,2387.96,117.4,4.974,6.512324574250858e-05,-0.012294503374007002,0.015497938003093735,0.028730249999999995,0.01323231199690626,0.00019738095238095238
2007-07-23,0.9722382880277617,16.81,2399.64,118.84,4.994,0.0002597065316192186,0.004879281131469338,0.015311285766044683,0.02825761,0.012946324233955316,0.00019817460317460316
2007-07-24,1.0021609940572662,18.55,2352.12,116.13,5.008,0.00019823570224998275,-0.02000167695972776,0.018317398840711655,0.034410249999999996,0.01609285115928834,0.00019873015873015873
2007-07-25,0.9994478188845942,18.1,2363.12,116.39,4.976,0.0001978043714766171,0.0046657306754051935,0.018360792358132483,0.032761000000000005,0.014400207641867523,0.00019746031746031744
2007-07-26,1.0910047343503417,20.74,2307.98,116.27,4.913,6.753334458902129e-05,-0.023610096721409905,0.025362383371161833,0.04301475999999999,0.01765237662883816,0.00019496031746031746
2007-07-27,1.1384832783796515,24.17,2271.41,113.23,4.849,0.0,-0.015971899060223182,0.026962825335435328,0.058418890000000015,0.03145606466456469,0.00019242063492063495
2007-07-30,1.06970784213224,20.87,2294.75,115.42,4.859,6.784490654377236e-05,0.010223121080244285,0.02860468085565986,0.04355569,0.014951009144340142,0.00019281746031746033
2007-07-31,1.091415313225058,23.52,2265.75,115.53,4.946,0.0005492242207880275,-0.012718075164309247,0.030265030772341352,0.05531904,0.025054009227658647,0.00019626984126984125
2007-08-01,1.0788514129443938,23.67,2282.3,119.94,4.883,0.00020482709179668276,0.007277876474940503,0.029369734884694385,0.05602689000000001,0.026657155115305625,0.00019376984126984127
2007-08-02,1.0226506024096385,21.22,2292.79,119.05,4.882,0.00013550135501361944,0.004585710175150555,0.029488564204086954,0.04502884,0.015540275795913047,0.0001937301587301587
2007-08-03,1.0953417501088376,25.16,2231.98,117.3,4.828,0.00020857232245281846,-0.02688033269740363,0.03703275060492798,0.06330256,0.026269809395072015,0.0001915873015873016
2007-08-06,1.0669767441860465,22.94,2285.93,118.81,4.859,6.836905616531178e-05,0.023883859825985992,0.045304346168451526,0.05262436000000001,0.007320013831548483,0.00019281746031746033
2007-08-07,1.0291169451073985,21.56,2300.09,116.92,4.935,6.767044493311389e-05,0.006175308872883474,0.04601563892882505,0.046483359999999994,0.0004677210711749452,0.00019583333333333331
2007-08-08,1.0407569141193596,21.45,2333.24,120.92,4.945,0.0001334311828675044,0.014309606982871004,0.046759121689841796,0.046010249999999996,-0.0007488716898417999,0.00019623015873015875
2007-08-09,1.072933549432739,26.48,2264.5,115.3,4.778,0.00013753266400777218,-0.029903875573050687,0.056525643401617406,0.07011904,0.013593396598382587,0.00018960317460317458
2007-08-10,1.1041747951619196,28.3,2265.36,116.04,4.547,0.00013815971262786842,0.0003797026885301433,0.050874427487140904,0.08008900000000002,0.029214572512859117,0.00018043650793650792
2007-08-13,1.114513422818792,26.57,2264.57,119.5,4.692,6.888712843998833e-05,-0.0003487912652111643,0.05049294796264247,0.07059649,0.02010354203735753,0.00018619047619047622
2007-08-14,1.1138832997987926,27.68,2223.71,115.01,4.633,0.00013979171035164768,-0.018207923234824105,0.05319706826544969,0.07661823999999999,0.0234211717345503,0.00018384920634920637
2007-08-15,1.1465420560747663,30.67,2193.4,118.3,4.093,0.00035429583702399555,-0.013724120858655018,0.05413228952970845,0.09406489000000001,0.03993260047029156,0.00016242063492063493
2007-08-16,1.1380583241048357,30.83,2200.61,116.58,3.864,0.0,0.003281743314592846,0.05479909947263327,0.09504888999999998,0.04024979052736671,0.00015333333333333334
2007-08-17,1.1424761904761904,29.99,2254.68,126.7,3.759,6.908701509544997e-05,0.024273461352730022,0.06386100278663892,0.08994001,0.02607900721336108,0.00014916666666666667
2007-08-20,1.127140410958904,26.33,2254.07,117.87,3.093,0.00041470832181367343,-0.0002705849753131216,0.06287668402407827,0.06932688999999999,0.006450205975921719,0.00012273809523809525
2007-08-21,1.1006974716652136,25.25,2256.53,117.76,3.606,0.00013806433798157,0.0010907640863309677,0.06232076442543163,0.06375625,0.0014354855745683723,0.0001430952380952381
2007-08-22,1.0706267539756782,22.89,2283.09,120.53,3.658,6.816400259036384e-05,0.011701553461730591,0.06074147100900373,0.05239521,-0.008346261009003729,0.00014515873015873016
2007-08-23,1.063469675599436,22.62,2280.68,121.35,3.896,6.823842505728156e-05,-0.0010561444700403742,0.06025706493280138,0.05116644000000001,-0.00909062493280137,0.00015460317460317462
2007-08-24,1.0127077223851417,20.72,2307.22,122.79,4.226,6.744225257117454e-05,0.011569692472869158,0.055676445153116025,0.04293184,-0.012744605153116026,0.0001676984126984127
2007-08-27,1.0494226327944574,22.72,2287.62,121.53,4.506,0.00020424141335058813,-0.008531360778864863,0.05334896902562618,0.05161983999999999,-0.0017291290256261846,0.00017880952380952382
2007-08-28,1.0503194888178915,26.3,2234.03,118.95,4.332,0.0,-0.023704846423947764,0.058711161774197905,0.06916900000000001,0.010457838225802103,0.0001719047619047619
2007-08-29,1.023645743766122,23.81,2283.58,121.02,4.01,6.82337688921627e-05,0.021937257584311975,0.0631314019788607,0.05669160999999999,-0.006439791978860715,0.0001591269841269841
2007-08-30,1.060067681895093,25.06,2274.16,120.1,3.802,0.0003420791571170347,-0.004133633517152409,0.06270851311360705,0.06280036,9.184688639295169e-05,0.00015087301587301586
2007-08-31,1.0308641975308641,23.38,2299.71,117.26,4.111,6.779890843751249e-05,0.011172274577735264,0.06401848996310963,0.05466243999999999,-0.009356049963109639,0.00016313492063492065
2007-09-04,1.0345140781108084,22.78,2323.82,119.62,4.411,6.710283509472172e-05,0.010429355293284181,0.05531471948036388,0.05189284,-0.0034218794803638763,0.00017503968253968253
2007-09-05,1.0522260273972601,24.58,2298.16,118.07,4.389,0.00013526308670370777,-0.01110358055790318,0.05063913706773947,0.060417639999999995,0.009778502932260527,0.00017416666666666668
2007-09-06,1.034051724137931,23.99,2308.34,117.34,4.31,6.750143440561158e-05,0.004419848723429868,0.05041417619959951,0.05755200999999999,0.007137833800400478,0.00017103174603174602
2007-09-07,1.0572349858927852,26.23,2269.32,116.72,4.06,0.000136836343732771,-0.01704842434271981,0.05104104703396565,0.06880128999999999,0.01776024296603434,0.0001611111111111111
2007-09-10,1.0779527559055118,27.38,2266.51,115.42,4.007,6.859886811861365e-05,-0.0012390236668869676,0.040255429764912004,0.07496644,0.03471101023508799,0.00015900793650793648
2007-09-11,1.0555555555555556,25.27,2297.41,116.45,4.098,0.00013553808620209954,0.013541197988118696,0.042446052575186854,0.06385728999999998,0.02141123742481313,0.0001626190476190476
2007-09-12,1.051390058972199,24.96,2298.14,116.62,3.999,6.759725555136314e-05,0.0003176986459248043,0.04243428894916559,0.06230016000000001,0.01986587105083442,0.00015869047619047617
2007-09-13,1.0464919695688928,24.76,2317.63,117.36,4.051,0.00033585222502106714,0.008445011702291323,0.0382587684153644,0.06130576000000001,0.023046991584635607,0.00016075396825396827
2007-09-14,1.049263157894737,24.92,2318.11,117.96,3.987,6.716142247905791e-05,0.00020708667945812877,0.03507806305673213,0.062100640000000006,0.027022576943267873,0.00015821428571428573
2007-09-17,1.0808163265306123,26.48,2306.25,117.87,4.09,0.00013506212857921553,-0.005129369687250607,0.035789581319932935,0.07011904,0.03432945868006706,0.0001623015873015873
2007-09-18,0.9695092901381611,20.35,2373.63,116.4,4.005,0.00013120776749990312,0.02879760013722539,0.03854801664653799,0.041412250000000005,0.0028642333534620174,0.00015892857142857145
2007-09-19,0.9799412915851272,20.03,2388.15,120.85,3.906,6.523369972940622e-05,0.00609857868406066,0.038598437334600284,0.040120090000000004,0.0015216526653997198,0.00015500000000000003
2007-09-20,0.9831730769230769,20.45,2372.61,119.87,3.792,0.00013125082031750763,-0.00652839260653519,0.03961392211390912,0.041820249999999996,0.0022063278860908753,0.00015047619047619046
2007-09-21,0.9495252373813092,19.0,2383.55,121.15,3.759,0.0,0.004600357975283645,0.038552506811428126,0.0361,-0.002452506811428126,0.00014916666666666667
2007-09-24,0.9723895582329317,19.37,2371.03,122.82,3.8,6.590002965495341e-05,-0.005266513104437029,0.03909485570239291,0.03751969,-0.001575165702392911,0.0001507936507936508
2007-09-25,0.9436834094368342,18.6,2370.27,118.58,3.798,6.603057215484767e-05,-0.0003205871834768411,0.03787905183162717,0.03459600000000001,-0.003283051831627158,0.0001507142857142857
2007-09-26,0.926919032597266,17.63,2383.53,118.57,3.699,6.570949830792066e-05,0.005578709407123144,0.036778154626981606,0.031081689999999995,-0.005696464626981611,0.00014678571428571426
2007-09-27,0.9259259259259259,17.0,2392.92,118.0,3.698,0.00013064210595062912,0.003931795411519529,0.028072414696825157,0.028900000000000006,0.0008275853031748485,0.00014674603174603175
2007-09-28,0.9483667017913593,18.0,2385.72,119.97,3.801,6.55028985031992e-05,-0.0030134119533550907,0.023806794366650872,0.0324,0.008593205633349126,0.00015083333333333333
2007-10-01,0.9414248021108179,17.84,2417.44,120.83,3.904,0.00012959243180204907,0.013208163435285393,0.024698615428426687,0.031826560000000004,0.007127944571573317,0.0001549206349206349
2007-10-02,0.9560496380558428,18.49,2416.83,121.78,3.953,0.000194647201946295,-0.00025236488786832046,0.023886008298332328,0.03418800999999999,0.010302001701667663,0.00015686507936507935
2007-10-03,0.9480584972264248,18.8,2406.3,121.79,3.947,6.50047128416219e-05,-0.004366466062673857,0.0235063266038852,0.035344,0.0118376733961148,0.00015662698412698413
2007-10-04,0.9374682257244534,18.44,2411.41,120.21,3.937,0.00012987856354315365,0.002121340602189163,0.02135113164070924,0.03400336,0.012652228359290762,0.00015623015873015872
2007-10-05,0.912574203993524,16.91,2435.16,119.73,3.976,6.417043667976324e-05,0.009800824133699986,0.021987316236457922,0.028594810000000002,0.006607493763542079,0.00015777777777777776
2007-10-08,0.9223454833597465,17.46,2427.33,118.48,3.976,6.44932443325975e-05,-0.003220574959658955,0.017453625245016556,0.03048516,0.013031534754983445,0.00015777777777777776
2007-10-09,0.8960533629794332,16.12,2447.03,119.13,4.017,6.392022755595197e-05,0.008083156460394985,0.017452401916701554,0.025985440000000002,0.008533038083298448,0.00015940476190476192
2007-10-10,0.9010810810810812,16.67,2443.02,118.64,4.041,0.00012805736970169184,-0.0016400653976324953,0.016433702409554392,0.027788890000000004,0.011355187590445612,0.00016035714285714286
2007-10-11,0.9482672024108487,18.88,2430.55,117.44,4.113,0.0002573174654229144,-0.005117409707283145,0.017145475434177514,0.03564544,0.018499964565822487,0.00016321428571428574
2007-10-12,0.9215176715176716,17.73,2442.12,119.54,4.194,6.395702088209092e-05,0.004748945339759333,0.016771283695824535,0.031435290000000005,0.01466400630417547,0.0001664285714285714
2007-10-15,0.9340126152353226,19.25,2421.67,117.45,4.277,6.45348649609198e-05,-0.008409129714639597,0.018158164496842155,0.03705625,0.018898085503157844,0.00016972222222222223
2007-10-16,0.9390243902439024,20.02,2405.76,116.64,4.249,0.00019512829685518966,-0.006591522862059129,0.018449501701203585,0.04008004,0.021630538298796412,0.0001686111111111111
2007-10-17,0.9017509727626459,18.54,2410.22,118.48,3.999,0.00045370580419349375,0.0018521676896545772,0.00897379832731783,0.03437315999999999,0.025399361672682162,0.00015869047619047617
2007-10-18,0.9086444007858546,18.5,2408.46,117.28,3.854,0.00013009822415930677,-0.0007304905402573264,0.008609274690648677,0.034225,0.02561572530935132,0.00015293650793650793
2007-10-19,0.9832976445396145,22.96,2346.78,114.99,3.821,0.0,-0.025943363312819864,0.016523930780193145,0.05271616,0.03619222921980685,0.00015162698412698414
2007-10-22,0.9922054103622192,21.64,2355.74,115.7,3.966,0.0,0.003810727372908012,0.016429499503299794,0.04682896,0.03039946049670021,0.00015738095238095238
2007-10-23,0.9714421703950499,20.41,2376.48,116.42,3.979,0.00013186523373119423,0.008765498135978529,0.01712761014210484,0.04165681,0.024529199857895163,0.00015789682539682539
2007-10-24,0.9692451071761417,20.8,2370.71,116.48,3.854,0.00013198706526748374,-0.002430912957520728,0.0172039149553499,0.04326400000000001,0.02606008504465011,0.00015293650793650793
2007-10-25,0.9805465493283929,21.17,2368.43,115.67,3.926,0.00013177834881735676,-0.0009621999670436447,0.016799230031729836,0.04481689000000001,0.028017659968270176,0.0001557936507936508
2007-10-26,0.9490538573508005,19.56,2401.07,116.34,3.946,0.00019535701494481904,0.013687182958560813,0.01898221502762819,0.03825936,0.019277144972371808,0.0001565873015873016
2007-10-29,0.963627546071775,19.87,2410.33,115.19,3.966,6.490345610916325e-05,0.003849196256079584,0.018998226897507173,0.03948169000000001,0.020483463102492834,0.00015738095238095238
2007-10-30,0.9818266542404473,21.07,2394.81,114.46,3.958,6.535306996058771e-05,-0.006459771814772874,0.017335986370902254,0.04439449,0.027058503629097747,0.00015706349206349207
2007-10-31,0.9353861686017164,18.53,2423.67,116.88,3.916,6.463915193445155e-05,0.011979024551115674,0.01919152922150259,0.03433609000000001,0.015144560778497417,0.0001553968253968254
2007-11-01,1.0095693779904307,23.21,2360.21,114.67,3.802,6.619228859850622e-05,-0.02653232219589505,0.027601623120726095,0.05387041,0.026268786879273906,0.00015087301587301586
2007-11-02,0.9909560723514214,23.01,2362.21,116.52,3.604,0.0,0.0008470233988398388,0.027523413665197147,0.052946010000000016,0.025422596334802868,0.00014301587301587302
2007-11-05,1.0108108108108107,24.31,2350.69,115.38,3.728,0.0001999000499750201,-0.004888719448146812,0.02612139859133345,0.059097609999999995,0.03297621140866654,0.00014793650793650795
2007-11-06,0.9604849573417154,21.39,2379.05,115.46,3.741,6.577865482644897e-05,0.011992346253791279,0.028308420900029573,0.04575321,0.01744478909997043,0.00014845238095238095
2007-11-07,1.0437352245862883,26.49,2310.41,115.58,3.45,6.759268647126233e-05,-0.029276250372242952,0.03654649034356068,0.07017200999999998,0.0336255196564393,0.0001369047619047619
2007-11-08,1.023474178403756,26.16,2309.18,115.03,3.409,6.793247511986229e-05,-0.0005325148028574102,0.03659179028673775,0.06843456,0.031842769713262255,0.00013527777777777776
2007-11-09,1.0539940828402368,28.5,2276.26,115.77,3.253,0.0004132231404958835,-0.01435873791840789,0.03818355055751271,0.08122499999999999,0.04304144944248728,0.0001290873015873016
2007-11-12,1.1289034132171387,31.09,2253.53,117.92,3.252,6.956763713514143e-05,-0.010035869555825739,0.037873716538279895,0.09665881000000001,0.05878509346172012,0.00012904761904761905
2007-11-13,0.9772911597729117,24.1,2319.86,121.09,3.459,0.00013510774842924954,0.02900896334505052,0.05035449957087061,0.05808100000000001,0.007726500429129396,0.00013726190476190476
2007-11-14,1.0113060428849903,25.94,2304.06,119.7,3.399,0.0,-0.006834054868576936,0.05038299128639699,0.06728836,0.016905368713603014,0.00013488095238095238
2007-11-15,1.0225947521865888,28.06,2273.73,118.31,3.305,6.869311351550285e-05,-0.013251129391504756,0.05163253607686375,0.07873635999999998,0.027103823923136226,0.00013115079365079367
2007-11-16,0.9640695915279878,25.49,2285.67,119.3,3.418,6.856594329590254e-05,0.005237543227041853,0.05236758115822709,0.06497400999999998,0.012606428841772897,0.00013563492063492063
2007-11-19,1.0136399064692128,26.01,2245.81,115.61,3.366,6.961606738848778e-05,-0.017592940094126343,0.048269413329750856,0.06765201,0.019382596670249143,0.0001335714285714286
2007-11-20,0.9536220774243005,24.88,2256.02,114.1,3.285,6.916825177257013e-05,0.004535940942099528,0.04838363910398126,0.061901439999999995,0.013517800896018735,0.00013035714285714286
2007-11-21,0.9788475565280816,26.84,2220.21,111.49,3.089,0.0001411133846046019,-0.016000412839747118,0.048987856340305475,0.07203855999999999,0.023050703659694513,0.0001225793650793651
2007-11-23,0.9861378513669619,25.61,2257.95,111.32,3.222,0.00020818153429791563,0.016855535987489397,0.05384419805476926,0.06558720999999999,0.011743011945230732,0.00012785714285714286
2007-11-26,1.0165260196905765,28.91,2205.49,109.94,3.108,0.00021289429798106044,-0.023507615559154777,0.059171991486889515,0.08357881000000002,0.024406818513110502,0.00012333333333333334
2007-11-27,0.9883414817600602,26.28,2238.52,109.31,3.156,0.0002103270585760938,0.014865226780028608,0.059695734025055396,0.06906384000000002,0.00936810597494462,0.00012523809523809525
2007-11-28,0.9942268041237113,24.11,2303.17,111.28,3.037,0.0003399626041134316,0.028471501661612657,0.07143040115223252,0.058129209999999994,-0.013301191152232529,0.000120515873015873
2007-11-29,0.9783673469387755,23.97,2304.43,110.79,2.965,0.00020396369446239345,0.0005469224895423274,0.07126130692522345,0.05745609,-0.013805216925223449,0.00011765873015873015
2007-11-30,0.9557041370664439,22.87,2322.34,111.85,3.15,6.727437855305814e-05,0.007741940687281623,0.07000208348714192,0.05230369000000001,-0.01769839348714191,0.000125
2007-12-03,0.9716049382716049,23.61,2308.74,111.57,2.995,6.773002810809257e-05,-0.00587337687799587,0.062369470273041995,0.05574321,-0.006626260273041994,0.00011884920634920636
2007-12-04,0.9651115618661258,23.79,2293.66,110.37,3.053,6.829901307919889e-05,-0.006553126180071077,0.06267286451336102,0.05659641,-0.006076454513361015,0.00012115079365079365
2007-12-05,0.9657093870552937,22.53,2329.71,112.08,3.058,0.00013435442697843765,0.015595001318340162,0.06590821722334478,0.05076009,-0.015148127223344778,0.00012134920634920635
2007-12-06,0.9484162895927601,20.96,2364.97,112.79,3.078,6.62580752030434e-05,0.015021540561942586,0.06696636200279812,0.043932160000000005,-0.02303420200279812,0.00012214285714285715
2007-12-07,0.9400360685302075,20.85,2360.79,112.79,3.067,6.628882039056925e-05,-0.0017690280886439522,0.055948296028282364,0.04347225000000001,-0.012476046028282353,0.00012170634920634921
2007-12-10,0.945736434108527,20.74,2378.6,113.39,3.036,0.00013152702880429967,0.007515770525640093,0.05640925736863728,0.04301475999999999,-0.013394497368637286,0.00012047619047619049
2007-12-11,0.9780265339966832,23.59,2318.52,111.27,2.908,6.758811800898468e-05,-0.025583028231852465,0.062381423822393804,0.05564881,-0.006732613822393804,0.0001153968253968254
2007-12-12,0.9647917561185058,22.47,2332.85,113.03,2.862,-0.0004689645931733602,0.00616164499386049,0.0610757728653211,0.050490089999999994,-0.010585682865321105,0.00011357142857142856
2007-12-13,0.9591836734693877,22.56,2335.79,111.45,2.893,0.00020122748767482403,0.0012594675916898265,0.051182507577210865,0.05089536,-0.0002871475772108639,0.00011480158730158729
2007-12-14,0.9611730689797604,23.27,2303.79,111.31,2.871,0.00013594344752570562,-0.013794570818428137,0.05301978005644909,0.054149289999999996,0.0011295099435509048,0.00011392857142857142
2007-12-17,0.9604386995691343,24.52,2269.24,109.75,2.984,6.896313920203375e-05,-0.015110619173703576,0.0536819475447807,0.06012304,0.006441092455219302,0.0001184126984126984
2007-12-18,0.9177138224564247,22.64,2283.5,110.38,3.043,0.0001370144550248805,0.006264379970342617,0.05383256410980567,0.05125696000000001,-0.00257560410980566,0.00012075396825396827
2007-12-19,0.9105417891642168,21.68,2280.47,111.22,2.893,0.0002056837269891408,-0.0013277915696927676,0.04981473907242373,0.047002239999999994,-0.0028124990724237367,0.00011480158730158729
2007-12-20,0.8998688237866199,20.58,2292.23,111.81,2.934,0.00013620266957219975,0.005143580784780728,0.04987745906444431,0.04235363999999999,-0.007523819064444319,0.00011642857142857143
2007-12-21,0.8590697674418604,18.47,2330.81,115.12,2.974,0.00013487086115051742,0.016690703791978206,0.048895923430205386,0.03411408999999999,-0.014781833430205393,0.00011801587301587303
2007-12-24,0.8798486281929991,18.6,2349.66,115.86,3.283,6.699943050477977e-05,0.008054790187736915,0.046600568491703305,0.03459600000000001,-0.012004568491703296,0.00013027777777777777
2007-12-26,0.8915432393693263,18.66,2351.6,115.2,3.316,6.68471539823584e-05,0.0008253107082430575,0.03812850603670517,0.03481955999999999,-0.0033089460367051807,0.00013158730158730156
2007-12-27,0.9188208616780046,20.26,2318.72,114.12,3.119,6.771626883371813e-05,-0.014080638261442206,0.039567756824214095,0.04104676,0.0014790031757859062,0.00012376984126984128
2007-12-28,0.9193262411347518,20.74,2322.11,112.9,3.15,6.785411365557866e-05,0.001460945823465967,0.030083953059757168,0.04301475999999999,0.012930806940242824,0.000125
2007-12-31,0.9652509652509653,22.5,2306.23,111.65,3.242,0.0002049530315967393,-0.0068620984256098656,0.03071337597395595,0.050625,0.01991162402604405,0.00012865079365079364
2008-01-02,0.9817796610169491,23.17,2273.41,110.61,3.254,0.00013804527885133774,-0.014333249723592512,0.03227502657290936,0.053684890000000006,0.02140986342709065,0.0001291269841269841
2008-01-03,0.9859710653222271,22.49,2273.41,111.38,3.223,-0.00020706077233668868,0.0,0.0319697560154885,0.050580009999999995,0.018610253984511493,0.00012789682539682542
2008-01-04,1.010552975939215,23.94,2217.59,109.53,3.191,0.00021223161543632084,-0.02485988633501375,0.038675791086578995,0.05731236,0.018636568913421005,0.00012662698412698413
2008-01-07,1.024547803617571,23.79,2224.76,110.19,3.242,-0.000990729601585071,0.0032280240080280924,0.03515041558372493,0.05659641,0.021445994416275073,0.00012865079365079364
2008-01-08,0.9976461357395058,25.43,2184.67,109.17,3.218,0.00021602160216001954,-0.018184257238669826,0.033975363658319595,0.06466848999999998,0.030693126341680387,0.0001276984126984127
2008-01-09,0.9844897959183674,24.12,2214.6,110.76,3.233,7.125298371862842e-05,0.013607012888741825,0.037590173150790655,0.05817744,0.02058726684920934,0.0001282936507936508
2008-01-10,0.9791231732776617,23.45,2232.25,110.25,3.212,0.0002831257078144144,0.007938245133317938,0.03770473834584771,0.05499024999999999,0.017285511654152277,0.00012746031746031748
2008-01-11,0.966530612244898,23.68,2202.03,108.79,3.098,7.13954235532853e-05,-0.013630383229304353,0.032624169403700214,0.056074240000000004,0.02345007059629979,0.00012293650793650793
2008-01-14,0.9674693705111955,22.9,2225.98,111.38,3.16,7.0743871812241e-05,0.010817605901139948,0.03389526652576095,0.052440999999999995,0.018545733474239046,0.0001253968253968254
2008-01-15,0.9569495694956949,23.34,2170.51,108.15,3.156,7.236675471281909e-05,-0.025235105106769917,0.039987009308354374,0.05447556,0.014488550691645626,0.00012523809523809525
2008-01-16,1.0008210180623973,24.38,2158.57,108.49,3.13,0.0005108184040573078,-0.005516197564507094,0.038660672313521695,0.059438439999999995,0.0207777676864783,0.00012420634920634922
2008-01-17,1.0763993948562784,28.46,2095.86,110.0,2.996,7.491478443285257e-05,-0.029481995080892782,0.045488693527992126,0.08099716000000001,0.03550846647200789,0.00011888888888888889
2008-01-18,1.045786841092728,27.18,2083.24,110.62,2.85,0.0001514348451579483,-0.006039596258204233,0.0441894937370675,0.07387524,0.029685746262932494,0.0001130952380952381
2008-01-22,1.1321650237312888,31.01,2060.15,114.61,2.274,0.0005358031306210967,-0.01114557839210234,0.04459331711800493,0.09616201000000002,0.05156869288199509,9.023809523809524e-05
2008-01-23,1.1055238095238096,29.02,2104.37,113.07,2.208,0.0005225635474601292,0.021237339243455042,0.05174967488953579,0.08421604,0.03246636511046422,8.761904761904762e-05
2008-01-24,1.0684615384615386,27.78,2125.61,113.37,2.367,0.00014824697946765853,0.010042685078405571,0.048801675340426134,0.07717283999999999,0.028371164659573858,9.392857142857143e-05
2008-01-25,1.08265078183172,29.08,2091.88,112.64,2.254,0.0006012325266795737,-0.015995636825631914,0.048201279986400475,0.08456464,0.03636336001359952,8.944444444444444e-05
2008-01-28,1.0696958028494417,27.78,2128.64,114.15,2.254,7.395082270283531e-05,0.017420094961539595,0.05416518300509606,0.07717283999999999,0.02300765699490393,8.944444444444444e-05
2008-01-29,1.0651072124756336,27.32,2141.85,113.82,2.29,0.00022066124820713573,0.0061866634199604364,0.05432551234446212,0.07463824,0.020312727655537877,9.087301587301587e-05
2008-01-30,1.0590490797546013,27.62,2131.79,112.33,2.152,0.00029653791978643374,-0.004707939171943642,0.05396769446083375,0.07628644,0.022318745539166247,8.53968253968254e-05
2008-01-31,1.0392701309004362,26.2,2167.9,106.43,1.946,0.0003641793218979784,0.01679695466200015,0.05902128854682856,0.06864400000000001,0.00962271145317145,7.722222222222222e-05
2008-02-01,0.9962671090833679,24.02,2194.43,114.86,2.089,7.169229666286214e-05,0.012163374658433652,0.05984236168002653,0.05769604,-0.0021463216800265347,8.289682539682539e-05
2008-02-04,1.0248422712933754,25.99,2171.51,112.88,2.223,7.26031872800619e-05,-0.010499553616957041,0.06071975008592788,0.06754800999999998,0.006828259914072099,8.821428571428572e-05
2008-02-05,1.0463134494257131,28.24,2102.23,112.01,2.167,0.0001489979885272311,-0.032424092024557906,0.06572884159551556,0.07974975999999999,0.014020918404484425,8.599206349206348e-05
2008-02-06,1.0492575153929735,28.97,2087.05,111.93,2.09,7.518514341559268e-05,-0.0072471004269608905,0.06552194203646487,0.08392609000000001,0.018404147963535136,8.293650793650792e-05
2008-02-07,1.0344053851907256,27.66,2104.02,112.71,2.193,0.0002984629159826298,0.008098214891415342,0.06378265565492201,0.07650756,0.01272490434507799,8.702380952380953e-05
2008-02-08,1.0351071692535108,28.01,2095.21,111.71,2.223,7.515124187420362e-05,-0.004196013519680133,0.060677836474306926,0.07845601,0.01777817352569308,8.821428571428572e-05
2008-02-11,1.0348706411698538,27.6,2107.65,114.57,2.254,-7.474679523108649e-05,0.0059197957242954746,0.06018871773896259,0.07617600000000001,0.01598728226103742,8.944444444444444e-05
2008-02-12,1.008425890463424,26.33,2123.06,113.97,2.29,7.410426470036611e-05,0.007284861476984239,0.05969555790161903,0.06932688999999999,0.009631332098380956,9.087301587301587e-05
2008-02-13,0.9837880585211546,24.88,2152.76,116.25,2.265,0.00014659532360925185,0.013892295589271205,0.06078192388563468,0.061901439999999995,0.0011195161143653168,8.988095238095238e-05
2008-02-14,1.0027483313702394,25.54,2123.94,114.19,2.285,7.401650568090986e-05,-0.013477885411454293,0.05543589047815466,0.06522916000000001,0.009793269521845345,9.067460317460318e-05
2008-02-15,0.9834905660377358,25.02,2125.85,112.03,2.192,0.00022195094884031467,0.0008988680045841387,0.05520494669678215,0.06260004,0.007395093303217845,8.6984126984127e-05
2008-02-19,1.0047114252061249,25.59,2124.12,113.57,2.223,7.373271889394216e-05,-0.0008141234387787079,0.04429387663811454,0.06548481,0.02119093336188546,8.821428571428572e-05
2008-02-20,0.9890555330360761,24.4,2141.95,112.24,2.229,0.00022066124820713573,0.008359030123782692,0.04435886248452038,0.059536,0.015177137515479618,8.845238095238095e-05
2008-02-21,1.0011956954962136,25.12,2115.13,112.44,2.193,0.0002226427696760632,-0.01260035275236957,0.04484137706000257,0.06310144000000002,0.018260062939997455,8.702380952380953e-05
2008-02-22,0.9860655737704918,24.06,2132.02,113.58,2.192,0.0,0.00795361079229597,0.040269499890068755,0.05788835999999999,0.017618860109931238,8.6984126984127e-05
2008-02-25,0.9623903050564147,23.03,2161.51,113.42,2.182,0.00029137529137544045,0.013737164409050326,0.04131040064880684,0.05303809,0.011727689351193164,8.658730158730159e-05
2008-02-26,0.9476417135439203,21.9,2176.48,112.39,2.105,7.22517250098689e-05,0.0069018413712950855,0.037911998437113306,0.04796099999999999,0.010049001562886684,8.353174603174603e-05
2008-02-27,0.9577880962431405,22.69,2175.0,111.61,1.967,0.00014474922197300593,-0.0006802283623354267,0.03475878343887168,0.051483610000000006,0.01672482656112833,7.805555555555555e-05
2008-02-28,0.9687114038699054,23.53,2155.8,111.33,1.905,-0.0002923121894184483,-0.008866780175256366,0.03552036527978434,0.05536609000000001,0.019845724720215667,7.55952380952381e-05
2008-02-29,1.0056839712012124,26.54,2097.48,110.19,1.843,7.47523827321316e-05,-0.027425260212532675,0.04458544533485813,0.07043715999999998,0.025851714665141856,7.313492063492063e-05
2008-03-03,1.0076687116564418,26.28,2098.64,110.4,1.648,7.492039707803638e-05,0.0005528917331008774,0.04055976115065928,0.06906384000000002,0.028504078849340732,6.539682539682539e-05
2008-03-04,0.9906832298136645,25.52,2091.42,110.07,1.654,0.00022567420167752012,-0.003446254777161185,0.03809086695872056,0.06512704,0.027036173041279435,6.563492063492064e-05
2008-03-05,0.9875551987153754,24.6,2103.42,110.24,1.495,0.00022415661075205395,0.005721330364735457,0.03789227048068793,0.060516000000000014,0.02262372951931208,5.9325396825396834e-05
2008-03-06,1.0203703703703704,27.55,2057.44,110.46,1.362,0.0002288416796979376,-0.022102099933541727,0.03113143388962241,0.07590025000000002,0.044768816110377606,5.4047619047619046e-05
2008-03-07,1.0140169679085207,27.49,2040.17,110.28,1.444,0.0,-0.008429353822562694,0.031333564388805336,0.07557000999999999,0.04423644561119466,5.73015873015873e-05
2008-03-10,1.0370631839039888,29.38,2008.71,109.89,1.331,0.00031274433150904027,-0.015540412727252753,0.032570488168358315,0.08631844000000001,0.053747951831641695,5.2817460317460316e-05
2008-03-11,1.0103487926408585,26.36,2083.36,112.71,1.48,0.00015071590052758276,0.03648925000810483,0.05039519491157994,0.06948496,0.019089765088420058,5.873015873015873e-05
2008-03-12,0.9945195469492144,27.22,2065.21,111.47,1.413,0.00015232292460023024,-0.008750058840608263,0.050689372851476816,0.07409284,0.023403467148523177,5.6071428571428575e-05
2008-03-13,1.004047093451067,27.29,2075.88,112.58,1.362,0.0,0.005153244007076292,0.05030054642835957,0.07447440999999999,0.02417386357164042,5.4047619047619046e-05
2008-03-14,1.061307901907357,31.16,2032.79,110.59,1.167,0.00015440438508439598,-0.020975926476133125,0.051742866078166666,0.09709456,0.04535169392183333,4.630952380952381e-05
2008-03-17,1.0899256254225829,32.24,2014.88,113.51,1.004,0.00015596974187015696,-0.008849593413216887,0.05074642535281065,0.10394176000000001,0.05319533464718936,3.984126984126984e-05
2008-03-18,0.9915417147251057,25.79,2100.38,112.4,0.886,0.00029924440787006834,0.04155864046502308,0.0740780030284154,0.06651241000000001,-0.0075655930284153905,3.515873015873016e-05
2008-03-19,1.036831132731063,29.84,2049.4,113.11,0.565,0.0002303174542244147,-0.0245712133569419,0.08099456758247782,0.08904255999999999,0.008047992417522173,2.242063492063492e-05
2008-03-20,0.9754488823744962,26.62,2098.46,113.71,0.575,0.00030264053870009865,0.023656674992145483,0.08768257455000145,0.07086244,-0.016820134550001448,2.2817460317460315e-05
2008-03-24,0.9911402157164869,25.73,2130.62,114.56,1.075,7.419223207323445e-05,0.015209274802404771,0.08881726590312664,0.06620329000000001,-0.022613975903126624,4.265873015873015e-05
2008-03-25,0.9824293353705118,25.72,2135.54,114.87,1.285,0.00014837895986356725,0.0023065249222829014,0.0881175362129289,0.06615183999999999,-0.021965696212928917,5.0992063492063484e-05
2008-03-26,0.9800826756858324,26.08,2116.93,112.08,1.27,0.00015019525382984237,-0.008752616153217955,0.08644610493363326,0.06801663999999999,-0.018429464933633274,5.0396825396825395e-05
2008-03-27,0.9847792998477929,25.88,2093.11,111.78,1.27,0.0003013182674201165,-0.011315927724745873,0.08680460650719225,0.06697743999999999,-0.019827166507192268,5.0396825396825395e-05
2008-03-28,0.9798018292682927,25.71,2076.56,110.78,1.372,0.00015202189115218767,-0.007938319776263145,0.08722099869766597,0.06610041,-0.021120588697665976,5.444444444444445e-05
2008-03-31,0.9988299531981278,25.61,2088.42,110.36,1.321,0.0003032140691327474,0.005695120771759735,0.08732117196937889,0.06558720999999999,-0.021733961969378893,5.242063492063492e-05
2008-04-01,0.9606099110546379,22.68,2163.38,111.31,1.398,0.00036577782654823786,0.03526401424606812,0.09354368667896115,0.05143824,-0.04210544667896115,5.547619047619047e-05
2008-04-02,0.9641975308641975,23.43,2159.63,112.08,1.372,0.0001462522851918231,-0.0017349027370234548,0.09365954720068817,0.054896490000000006,-0.038763057200688164,5.444444444444445e-05
2008-04-03,0.9622719734660033,23.21,2162.46,111.88,1.393,7.299003685990223e-05,0.0013095518161059779,0.09335444881978082,0.05387041,-0.03948403881978082,5.527777777777778e-05
2008-04-04,0.9545068027210885,22.45,2164.21,111.48,1.372,0.0001461240593262352,0.0008089362467810935,0.09313267901302649,0.05040025,-0.04273242901302649,5.444444444444445e-05
2008-04-07,0.9663793103448277,22.42,2167.61,111.57,1.392,0.0002191620703510329,0.0015697793067080774,0.08586306061122441,0.05026564000000001,-0.0355974206112244,5.523809523809523e-05
2008-04-08,0.9692241005635024,22.36,2157.28,112.13,1.377,7.308071765258087e-05,-0.004777009192858802,0.08501868672683938,0.04999696,-0.035021726726839376,5.464285714285714e-05
2008-04-09,0.9685774946921443,22.81,2139.99,110.96,1.3,0.00014731879787868469,-0.008047012777981779,0.08225605271406558,0.05202961,-0.030226442714065584,5.158730158730159e-05
2008-04-10,0.95316565481353,21.98,2149.67,110.82,1.239,7.34942858192107e-05,0.004513185861286965,0.06755198070695255,0.04831204,-0.01923994070695255,4.916666666666667e-05
2008-04-11,0.9698222405952873,23.46,2106.01,109.9,1.188,0.000224980314222514,-0.020519179948340523,0.07225174120806334,0.05503716,-0.017214581208063337,4.714285714285714e-05
2008-04-14,0.9758295780417862,23.82,2098.92,109.62,1.075,0.000225708159349969,-0.003372235313757141,0.07221695638222826,0.056739239999999996,-0.015477716382228265,4.265873015873015e-05
2008-04-15,0.9611814345991562,22.78,2108.59,109.9,1.142,0.00022496344344044943,0.004596550941467511,0.06620821851986539,0.05189284,-0.014315378519865384,4.531746031746032e-05
2008-04-16,0.9408799266727773,20.53,2156.67,112.47,1.127,0.000219194096372346,0.02254588777225661,0.06965555937878372,0.042148090000000006,-0.027507469378783712,4.472222222222222e-05
2008-04-17,0.9365517241379311,20.37,2158.08,113.52,1.28,0.0006568623873298794,0.0006535720726302404,0.05023342185864855,0.04149369000000001,-0.008739731858648542,5.0793650793650794e-05
2008-04-18,0.9419747309312119,20.13,2197.24,115.35,1.351,0.00021661431820644165,0.017983089797596614,0.044230553261509556,0.04052168999999999,-0.0037088632615095637,5.361111111111111e-05
2008-04-21,0.9552656104380242,20.5,2193.87,115.31,1.3,7.215267506036225e-05,-0.0015349197180837017,0.03893368992547525,0.04202499999999999,0.0030913100745247404,5.158730158730159e-05
2008-04-22,0.9573394495412845,20.87,2174.59,114.42,1.275,0.0001450536698577155,-0.00882696656662292,0.03793659956434221,0.04355569,0.005619090435657788,5.059523809523809e-05
2008-04-23,0.9388322520852643,20.26,2180.91,113.33,1.219,7.264010460168457e-05,0.002902079869416274,0.03796087351375764,0.04104676,0.003085886486242362,4.837301587301588e-05
2008-04-24,0.9471199244570349,20.06,2194.96,114.27,1.249,-7.22778360017298e-05,0.006421602232969501,0.03699423754867674,0.04024036,0.0032461224513232606,4.956349206349207e-05
2008-04-25,0.9518950437317785,19.59,2209.25,114.49,1.362,0.00014329727018707626,0.0064892682895113935,0.034947791947885144,0.03837681,0.003429018052114853,5.4047619047619046e-05
2008-04-28,0.9622733953944145,19.64,2207.02,114.61,1.372,7.164093563055418e-05,-0.0010099021072225325,0.03368884886265878,0.03857296000000001,0.004884111137341232,5.444444444444445e-05
2008-04-29,0.9721421709894331,20.24,2198.5,114.58,1.469,7.193985827841377e-05,-0.003867879670026425,0.03411302124491116,0.04096576,0.006852738755088836,5.82936507936508e-05
2008-04-30,0.9783529411764705,20.79,2190.13,112.48,1.382,7.226216714232688e-05,-0.0038144068415030884,0.020120168275980205,0.04322241,0.023102241724019798,5.484126984126984e-05
2008-05-01,0.954499494438827,18.88,2228.09,116.0,1.403,0.00028352707683578144,0.01718381342502805,0.02330907184128612,0.03564544,0.01233636815871388,5.5674603174603176e-05
2008-05-02,0.9308755760368663,18.18,2235.3,117.49,1.505,7.064891024069607e-05,0.003230731023401768,0.023344816321160526,0.033051239999999996,0.00970642367883947,5.972222222222222e-05
2008-05-05,0.944055944055944,18.9,2225.37,115.32,1.597,0.00014202528050000164,-0.004452253317624003,0.023778884784184325,0.03572099999999999,0.011942115215815664,6.337301587301586e-05
2008-05-06,0.9220253164556963,18.21,2242.47,117.63,1.633,0.0001407558589625013,0.007654743006876797,0.02426042841927336,0.03316041,0.008899981580726642,6.48015873015873e-05
2008-05-07,0.9413167938931297,19.73,2202.77,116.24,1.669,0.00014330753797636722,-0.01786227765178293,0.02842346946669146,0.03892729,0.010503820533308544,6.623015873015873e-05
2008-05-08,0.9291187739463601,19.4,2210.95,114.99,1.659,0.0001436678399540998,0.003706628134761056,0.027403464771716218,0.03763599999999999,0.010232535228283771,6.583333333333334e-05
2008-05-09,0.9300431241015812,19.41,2196.54,117.77,1.689,7.195538765958558e-05,-0.006538892360109838,0.028044905425713966,0.037674809999999996,0.00962990457428603,6.702380952380953e-05
2008-05-12,0.8789525691699605,17.79,2220.81,117.42,1.792,0.00021350033804221,0.010988599144278964,0.02285012811248865,0.03164841,0.00879828188751135,7.111111111111112e-05
2008-05-13,0.8923076923076924,17.98,2220.46,117.93,1.828,0.0,-0.00015761257510778782,0.022496207613973043,0.03232804,0.009831832386026959,7.253968253968255e-05
2008-05-14,0.883,17.66,2229.74,118.92,1.823,0.00014201519562600465,0.004170605119462036,0.02247781868606598,0.031187560000000003,0.008709741313934025,7.234126984126984e-05
2008-05-15,0.8454356846473029,16.3,2253.76,121.05,1.833,0.00014027212792825245,0.0107149458284996,0.01822877779642523,0.026569000000000002,0.008340222203574773,7.273809523809524e-05
2008-05-16,0.8415942769545222,16.47,2256.64,119.49,1.843,7.007954027815204e-05,0.001277048772350445,0.018210765714219822,0.027126089999999995,0.008915324285780173,7.313492063492063e-05
2008-05-19,0.857358870967742,17.01,2258.74,117.96,1.853,6.988852779809836e-05,0.0009301543397931209,0.014886313258818309,0.02893401000000001,0.014047696741181701,7.353174603174603e-05
2008-05-20,0.8447861604997597,17.58,2237.79,117.44,1.864,0.00014098406880029768,-0.009318363980143993,0.01617219614490347,0.030905639999999995,0.014733443855096524,7.396825396825397e-05
2008-05-21,0.8407960199004976,18.59,2202.02,114.51,1.864,7.16974368165686e-05,-0.016113650795532432,0.018603513213660182,0.03455881,0.01595529678633982,7.396825396825397e-05
2008-05-22,0.8387546468401488,18.05,2208.2,114.41,1.864,7.164093563055418e-05,0.0028025831115238804,0.01859785219878757,0.03258025,0.013982397801212427,7.396825396825397e-05
2008-05-23,0.8685028876055086,19.55,2179.05,113.11,1.853,0.00014534883720937667,-0.013288702018034275,0.020364326218452744,0.038220250000000004,0.01785592378154726,7.353174603174603e-05
2008-05-27,0.8862815884476535,19.64,2193.98,113.38,1.894,0.00014416492467390058,0.006828244036341835,0.02042409681367679,0.03857296000000001,0.018148863186323222,7.515873015873015e-05
2008-05-28,0.8804247460757156,19.07,2203.1,113.93,1.885,0.0003587958810231634,0.004148213395175369,0.020655030118747263,0.03636649,0.015711459881252738,7.480158730158729e-05
2008-05-29,0.8721153846153846,18.14,2215.12,114.83,1.905,-0.00014286734766776364,0.005441118665481029,0.02080742482784298,0.032905960000000005,0.012098535172157025,7.55952380952381e-05
2008-05-30,0.8684851436921577,17.83,2218.5,113.53,1.884,0.00021385037602025258,0.0015247137349638953,0.020588034342728472,0.031790889999999995,0.011202855657271523,7.476190476190476e-05
2008-06-02,0.9129834254143646,19.83,2195.27,114.39,1.833,0.00014402995823138579,-0.010526246040699707,0.018230824989861262,0.03932288999999999,0.02109206501013873,7.273809523809524e-05
2008-06-03,0.9154228855721392,20.24,2182.65,114.6,1.849,0.0,-0.005765310903867083,0.018309364725434367,0.04096576,0.02265639527456563,7.337301587301588e-05
2008-06-04,0.9207613988490483,20.8,2183.01,114.37,1.849,0.0002172574863308914,0.00016492351709299498,0.0181792166370247,0.04326400000000001,0.025084783362975312,7.337301587301588e-05
2008-06-05,0.8837760910815939,18.63,2225.74,114.76,1.849,0.0001420454545455272,0.01938478618462432,0.02236358443701083,0.03470769,0.01234410556298917,7.337301587301588e-05
2008-06-06,0.9735537190082645,23.56,2157.24,113.55,1.838,0.00029355643622480584,-0.031259817729789904,0.030427747181449825,0.05550735999999999,0.025079612818550166,7.293650793650794e-05
2008-06-09,0.9693920335429769,23.12,2159.03,114.98,1.889,0.00029265437518285076,0.0008294198938517399,0.030186223477487624,0.053453440000000005,0.02326721652251238,7.496031746031746e-05
2008-06-10,0.9723154362416108,23.18,2153.77,114.3,2.013,7.352130279762767e-05,-0.0024392518123081174,0.02982927387480744,0.05373124,0.023901966125192558,7.988095238095238e-05
2008-06-11,0.9917763157894737,24.12,2117.84,113.2,1.941,0.0,-0.01682309358509167,0.030753492417601124,0.05817744,0.027423947582398873,7.702380952380953e-05
2008-06-12,0.9843881856540084,23.33,2124.94,113.97,1.992,7.436879485361175e-05,0.0033468653229991197,0.031086600924418218,0.054428889999999994,0.023342289075581776,7.904761904761905e-05
2008-06-13,0.938938053097345,21.22,2156.96,113.77,1.971,0.0001469507714916255,0.014956256276977732,0.034185232657169405,0.04502884,0.010843607342830595,7.821428571428572e-05
2008-06-16,0.9340169415960766,20.95,2157.14,114.71,1.951,0.0,8.344730076002134e-05,0.03224752670842295,0.04389025,0.011642723291577048,7.742063492063492e-05
2008-06-17,0.9399466192170818,21.13,2142.55,115.71,1.982,7.377079414253185e-05,-0.006786561821017218,0.03234430377013761,0.04464769,0.012303386229862386,7.865079365079366e-05
2008-06-18,0.9443736730360933,22.24,2121.78,112.74,1.92,7.453508739232218e-05,-0.009741349400841356,0.032796368176489746,0.049461759999999994,0.016665391823510248,7.619047619047618e-05
2008-06-19,0.9448336252189141,21.58,2130.3,113.44,1.91,0.00014876524843782958,0.004007455834502364,0.032798356354867476,0.046569639999999995,0.013771283645132519,7.579365079365079e-05
2008-06-20,0.9703012303775986,22.87,2090.82,113.13,1.859,0.00030402067340573114,-0.018706481346669867,0.03377872326536809,0.05230369000000001,0.018524966734631915,7.376984126984127e-05
2008-06-23,0.9716738197424892,22.64,2090.94,113.59,1.889,7.607744684081483e-05,5.739210286225737e-05,0.033504573812247564,0.05125696000000001,0.017752386187752447,7.496031746031746e-05
2008-06-24,0.965962947005601,22.42,2085.08,112.2,1.839,0.00022873699058366926,-0.0028065018109749338,0.03199920287801131,0.05026564000000001,0.0182664371219887,7.297619047619047e-05
2008-06-25,0.9471326164874552,21.14,2097.36,110.7,1.798,0.0005307654395874678,0.005872187186023415,0.03179508741615142,0.04468996,0.012894872583848582,7.134920634920634e-05
2008-06-26,0.9843685726038668,23.93,2036.4,109.67,1.716,7.800616248676552e-05,-0.029495867959217652,0.040042886745798395,0.057264489999999994,0.0172216032542016,6.809523809523808e-05
2008-06-27,0.9795236105307147,23.44,2028.89,110.52,1.664,7.83238691991785e-05,-0.0036946975704648514,0.03892918785208662,0.05494336000000001,0.01601417214791339,6.603174603174603e-05
2008-06-30,1.0075725704669751,23.95,2031.47,112.0,1.736,7.80975438323974e-05,0.0012708234477844611,0.03889345091999207,0.057360249999999995,0.018466799080007923,6.88888888888889e-05
2008-07-01,0.9991550485847063,23.65,2039.66,112.69,1.869,7.787858728235586e-05,0.004023458375662464,0.039112002033913136,0.055932249999999996,0.01682024796608686,7.416666666666666e-05
2008-07-02,1.0359712230215827,25.92,2002.64,110.96,1.818,0.00015856655831282028,-0.018316817173182887,0.04171866883037098,0.06718464000000002,0.025465971169629037,7.214285714285715e-05
2008-07-03,1.0147420147420148,24.78,2004.87,111.72,1.848,0.0,0.0011129106253844811,0.041831308684789965,0.06140484000000001,0.019573531315210044,7.333333333333333e-05
2008-07-07,1.0416161616161617,25.78,1988.09,111.75,1.817,0.00016003840921829425,-0.00840484191179611,0.034684605567017725,0.06646084000000002,0.031776234432982296,7.21031746031746e-05
2008-07-08,1.0039028620988726,23.15,2022.83,112.21,1.859,0.00015723270440248446,0.01732314220170945,0.03132005055348932,0.053592249999999994,0.022272199446510675,7.376984126984127e-05
2008-07-09,1.0357142857142858,25.23,1976.97,110.25,1.798,8.015068328450211e-05,-0.02293215147462372,0.035764389867665544,0.06365529000000002,0.027890900132334473,7.134920634920634e-05
2008-07-10,1.04920049200492,25.59,1990.78,110.91,1.665,0.0003191319610659506,0.006961152172703359,0.03724070559168012,0.06548481,0.028244104408319884,6.607142857142857e-05
2008-07-11,1.077194357366771,27.49,1968.86,110.87,1.583,8.072002260164763e-05,-0.011071826692380318,0.03574253031292368,0.07557000999999999,0.03982747968707631,6.281746031746032e-05
2008-07-14,1.1004636785162287,28.48,1951.08,111.11,1.46,-0.00024446889133358703,-0.009071629633513363,0.03545877423234027,0.08111104,0.045652265767659725,5.793650793650794e-05
2008-07-15,1.0989603388525222,28.54,1929.85,110.81,1.338,8.262072954108412e-05,-0.01094078572415843,0.03109341977726807,0.08145316,0.05035974022273193,5.30952380952381e-05
2008-07-16,1.0219869706840392,25.1,1978.47,111.93,1.358,0.00032252862441546723,0.024881539036939567,0.04183568095185307,0.063001,0.021165319048146933,5.3888888888888896e-05
2008-07-17,1.0262617972917523,25.01,2002.3,113.93,1.399,0.0006386715631486373,0.011972701090358681,0.044796664374506565,0.06255000999999999,0.017753345625493425,5.551587301587302e-05
2008-07-18,1.0105042016806722,24.05,2002.88,113.85,1.46,-7.933674481328815e-05,0.0002896249377328622,0.04435660466269796,0.05784025000000001,0.01348364533730205,5.793650793650794e-05
2008-07-21,0.9943917169974116,23.05,2001.86,114.1,1.429,0.00031720856463129466,-0.0005093963763222911,0.04383270076698621,0.053130250000000004,0.009297549233013791,5.670634920634921e-05
2008-07-22,0.9601087941976428,21.18,2028.91,113.2,1.542,7.845906398329532e-05,0.013421954655984475,0.043471615118630354,0.044859239999999995,0.001387624881369641,6.119047619047619e-05
2008-07-23,0.9599099099099099,21.31,2037.15,115.06,1.552,7.799399446235545e-05,0.004053069202188015,0.04381309991924209,0.04541160999999999,0.0015985100807578978,6.158730158730159e-05
2008-07-24,0.9865319865319865,23.44,1990.09,113.19,1.644,7.972256547208438e-05,-0.02337190839166636,0.049699626332252334,0.05494336000000001,0.005243733667747677,6.523809523809524e-05
2008-07-25,0.9836839845427222,22.91,1998.41,113.9,1.726,0.00015947691571641833,0.0041720005354751325,0.04938759157060472,0.05248681,0.003099218429395284,6.84920634920635e-05
2008-07-28,1.0100041684035015,24.23,1961.23,111.49,1.695,0.0001618384851918614,-0.01878003694482434,0.04342195080594613,0.058709290000000004,0.015287339194053874,6.726190476190477e-05
2008-07-29,0.9914491449144915,22.03,2007.21,112.18,1.716,7.921733275233417e-05,0.023173870687198186,0.05079604277300607,0.048532090000000014,-0.0022639527730060546,6.809523809523808e-05
2008-07-30,0.9892723880597015,21.21,2040.81,112.11,1.685,7.776352113216614e-05,0.016601089750427043,0.05430482988308183,0.044986410000000004,-0.009318419883081824,6.686507936507937e-05
2008-07-31,1.011910013233348,22.94,2014.39,110.66,1.665,0.0003154076644062944,-0.01303036783438305,0.0561595921896225,0.05262436000000001,-0.0035352321896224906,6.607142857142857e-05
2008-08-01,0.9920879120879121,22.57,2003.16,111.38,1.664,7.950705625128297e-05,-0.005590486365116641,0.05241922462612445,0.050940490000000005,-0.0014787346261244463,6.603174603174603e-05
2008-08-04,1.0173235166738848,23.49,1985.23,111.2,1.695,7.998400319940104e-05,-0.008991157228670164,0.053364106680488396,0.05517801,0.0018139033195116033,6.726190476190477e-05
2008-08-05,0.9832558139534884,21.14,2042.44,109.69,1.736,7.789071932072209e-05,0.028410395111061033,0.06226581603820635,0.04468996,-0.01757585603820635,6.88888888888889e-05
2008-08-06,0.9551463644948065,20.23,2050.23,113.22,1.644,7.755244484075308e-05,0.0038068104233152443,0.058995103650789034,0.04092529,-0.01806981365078903,6.523809523809524e-05
2008-08-07,0.9675205855443733,21.15,2013.66,111.97,1.675,0.00023628559051708058,-0.017998020205999297,0.056356201985278985,0.044732249999999994,-0.01162395198527899,6.646825396825397e-05
2008-08-08,0.9542725173210163,20.66,2061.77,113.33,1.695,7.727079550276944e-05,0.023610875408561906,0.0622360751044987,0.04268356,-0.0195525151044987,6.726190476190477e-05
2008-08-11,0.9384328358208955,20.12,2076.59,111.55,1.818,7.651402119431428e-05,0.007162288130290608,0.060371698252554964,0.04048144000000001,-0.019890258252554957,7.214285714285715e-05
2008-08-12,0.9536036036036037,21.17,2051.66,111.26,1.859,0.00023199164830066998,-0.012077903739430613,0.061359581786447084,0.04481689000000001,-0.016542691786447072,7.376984126984127e-05
2008-08-13,0.9560780834072761,21.55,2046.35,111.76,1.838,7.773329705794496e-05,-0.002591503179240837,0.05939052208224886,0.046440249999999995,-0.012950272082248866,7.293650793650794e-05
2008-08-14,0.9390581717451524,20.34,2057.72,113.07,1.859,7.716942547355716e-05,0.0055408553407988595,0.05311276721893454,0.04137156,-0.01174120721893454,7.376984126984127e-05
2008-08-15,0.9158091674462113,19.58,2066.36,113.21,1.838,7.679606804124644e-05,0.004190031541860916,0.05185827617036819,0.03833763999999999,-0.013520636170368194,7.293650793650794e-05
2008-08-18,0.9488919041157847,20.98,2035.3,112.29,1.766,0.000155702608018764,-0.015145377099011202,0.055187790998809626,0.044016040000000006,-0.01117175099880962,7.007936507936507e-05
2008-08-19,0.9491525423728814,21.28,2016.52,111.4,1.798,0.00031486146095722806,-0.009269974719539588,0.056390024691380596,0.045283840000000006,-0.01110618469138059,7.134920634920634e-05
2008-08-20,0.9091718610863758,20.42,2029.15,111.95,1.685,7.835455435840082e-05,0.006243732697348876,0.05464328486189465,0.04169764000000001,-0.012945644861894645,6.686507936507937e-05
2008-08-21,0.8976449275362319,19.82,2034.35,111.9,1.716,7.823195775478285e-05,0.0025593713983011277,0.054517708148260735,0.039283240000000004,-0.015234468148260731,6.809523809523808e-05
2008-08-22,0.8756983240223463,18.81,2057.64,111.8,1.695,7.721113384564975e-05,0.01138333744381627,0.04860032712653101,0.035381609999999994,-0.013218717126531013,6.726190476190477e-05
2008-08-25,0.9193336256028057,20.97,2017.27,110.34,1.674,7.875566056314326e-05,-0.019814582811747555,0.05394358764513486,0.04397409,-0.009969497645134863,6.642857142857142e-05
2008-08-26,0.9098579040852575,20.49,2024.72,110.8,1.706,7.845906398329532e-05,0.0036863072082889622,0.04911483567001755,0.04198400999999999,-0.007130825670017563,6.769841269841269e-05
2008-08-27,0.9006381039197813,19.76,2041.24,110.51,1.675,0.00023334500058337136,0.008126046938402035,0.04361972938801448,0.03904576000000001,-0.004573969388014465,6.646825396825397e-05
2008-08-28,0.9020427112349119,19.43,2071.86,111.21,1.736,7.683147017011182e-05,0.014889288215311455,0.04297329882754827,0.03775249,-0.005220808827548273,6.88888888888889e-05
2008-08-29,0.9169626998223801,20.65,2043.53,110.58,1.715,7.77030964683236e-05,-0.013768049937557385,0.04323542487894123,0.04264224999999999,-0.0005931748789412342,6.805555555555556e-05
2008-09-02,0.9515361315447858,21.99,2035.24,110.38,1.685,0.0,-0.004064956550743588,0.04302214263014081,0.04835600999999999,0.005333867369859184,6.686507936507937e-05
2008-09-03,0.9399122807017544,21.43,2032.13,110.5,1.685,0.00015637216575446457,-0.0015292440107901395,0.04185734110478594,0.04592449,0.004067148895214055,6.686507936507937e-05
2008-09-04,0.9868583162217659,24.03,1971.37,110.48,1.675,8.060290976496921e-05,-0.030355771526224123,0.04287233364374597,0.057744090000000005,0.014871756356254033,6.646825396825397e-05
2008-09-05,0.9717656974294142,23.06,1980.18,109.46,1.777,0.00024097353307362654,0.004459017143809088,0.04296772398349743,0.05317636,0.01020863601650257,7.051587301587301e-05
2008-09-08,0.9779697624190066,22.64,2021.13,109.1,1.705,7.869987801511751e-05,0.02046901127916051,0.04488227997125857,0.05125696000000001,0.00637468002874144,6.765873015873016e-05
2008-09-09,1.0127236580516898,25.47,1952.14,108.57,1.665,0.00024363503471800166,-0.034730554214006476,0.05127337671826475,0.06487209,0.013598713281735245,6.607142857142857e-05
2008-09-10,0.9991850040749797,24.52,1964.25,109.49,1.644,8.07982870762405e-05,0.006184286343268092,0.051044211343461064,0.06012304,0.009078828656538938,6.523809523809524e-05
2008-09-11,1.001231527093596,24.39,1992.0,110.5,1.613,0.0004776689754000659,0.014028666088612599,0.053019320132227314,0.059487210000000006,0.0064678898677726915,6.40079365079365e-05
2008-09-12,1.0255795363709033,25.66,1996.26,110.15,1.47,0.0003963378383735196,0.0021362707647428402,0.05314621113638292,0.06584356,0.012697348863617078,5.833333333333333e-05
2008-09-15,1.1349803079126388,31.7,1902.17,110.74,0.813,8.330209504761469e-05,-0.04828009019764856,0.07879097918975825,0.10048900000000001,0.02169802081024176,3.226190476190476e-05
2008-09-16,1.127232142857143,30.3,1935.49,112.29,0.701,-0.0001639209900827475,0.017365184669106474,0.083507875222774,0.091809,0.008301124777225999,2.7817460317460315e-05
2008-09-17,1.1977513227513228,36.22,1844.31,112.97,0.061,0.0007713734733233633,-0.048255300595313515,0.10670034650931202,0.13118883999999997,0.02448849349068795,2.4206349206349204e-06
2008-09-18,1.15815255423373,33.1,1924.85,117.42,0.076,8.321198252552623e-05,0.042742818822448785,0.1331642355799091,0.109561,-0.023603235579909107,3.0158730158730155e-06
2008-09-19,1.1437232524964338,32.07,2002.32,114.48,0.92,0.0004022687960094707,0.039458465654049035,0.15348331898647707,0.10284848999999999,-0.05063482898647709,3.650793650793651e-05
2008-09-22,1.1385805583585604,33.85,1925.86,114.32,0.838,8.252527336501023e-05,-0.0389338870578104,0.1708046950311341,0.11458225000000001,-0.05622244503113409,3.3253968253968256e-05
2008-09-23,1.1426743442098528,35.72,1895.78,111.63,0.721,8.435615167228399e-05,-0.0157422578768625,0.17006911823715126,0.12759183999999998,-0.04247727823715128,2.861111111111111e-05
2008-09-24,1.1515052356020943,35.19,1892.05,111.58,0.462,8.407953924404847e-05,-0.0019694660033101833,0.16673438542745303,0.12383361,-0.04290077542745303,1.8333333333333333e-05
2008-09-25,1.1278350515463917,32.82,1929.24,112.53,0.757,0.00024841634579556276,0.019465245638923125,0.17240128482468217,0.10771523999999999,-0.06468604482468218,3.003968253968254e-05
2008-09-26,1.168123739071957,34.74,1935.79,110.56,0.848,0.00033071517155842944,0.003389368915860877,0.1714259906073959,0.12068676000000003,-0.05073923060739588,3.365079365079365e-05
2008-09-29,1.2881169010201268,46.72,1765.72,111.33,0.35,0.0002689738647061563,-0.09195697268164323,0.2615288785316422,0.21827584,-0.043253038531642196,1.3888888888888888e-05
2008-09-30,1.192552225249773,39.39,1861.44,111.43,0.91,8.606963033085945e-05,0.052791842525310245,0.3043688027836181,0.15515721000000002,-0.1492115927836181,3.6111111111111116e-05
2008-10-01,1.1904904306220097,39.81,1853.26,112.14,0.808,0.000258208890992823,-0.004404131274049716,0.3043669417367668,0.15848361,-0.14588333173676682,3.2063492063492065e-05
2008-10-02,1.2403398191285282,45.26,1778.9,112.24,0.604,8.930564858231852e-05,-0.04095105471712287,0.3201040371293638,0.20484676,-0.11525727712936382,2.396825396825397e-05
2008-10-03,1.2101876675603218,45.14,1754.91,114.17,0.472,0.0008164376105592907,-0.013577622197509348,0.3133269989896383,0.20376196000000002,-0.10956503898963826,1.873015873015873e-05
2008-10-06,1.3301814464605162,52.05,1687.34,112.09,0.472,0.00028605482717521943,-0.03926424909705353,0.32525202019182337,0.27092025,-0.05433177019182339,1.873015873015873e-05
2008-10-07,1.3237977805178793,53.68,1590.51,110.2,0.767,0.0003992812936714539,-0.05909860493619978,0.34490132259149797,0.28815423999999995,-0.05674708259149802,3.0436507936507936e-05
2008-10-08,1.362624348649929,57.53,1573.34,111.04,0.614,0.0003074242967669328,-0.010853971309811956,0.3377104474166374,0.33097009000000005,-0.006740357416637366,2.4365079365079363e-05
2008-10-09,1.3313892938971048,63.92,1453.52,109.58,0.523,0.0009901534737884747,-0.07921254739646459,0.38980656712119244,0.40857664,0.018770072878807553,2.0753968253968254e-05
2008-10-10,1.3739933215478297,69.95,1436.56,107.23,0.188,0.004393128696141938,-0.01173683406054271,0.3793539382624004,0.48930025,0.10994631173759961,7.46031746031746e-06
2008-10-13,1.2975460122699387,54.99,1602.93,109.73,0.188,9.88679618370173e-05,0.1095818378001596,0.5658199369804074,0.30239001000000004,-0.2634299269804074,7.46031746031746e-06
2008-10-14,1.282391253779949,55.13,1594.41,113.55,0.304,0.00020034057898437577,-0.005329442703054202,0.5470109966197265,0.30393169000000003,-0.2430793066197265,1.2063492063492062e-05
2008-10-15,1.4004044489383214,69.25,1450.5,118.94,0.218,0.0004433606739081361,-0.09459543726928914,0.6247267735401628,0.47955625,-0.1451705235401628,8.650793650793651e-06
2008-10-16,1.3871563397620024,67.61,1512.21,113.18,0.431,0.00042616663115269593,0.04166383242273982,0.6435323406176491,0.45711121000000005,-0.18642113061764903,1.7103174603174603e-05
2008-10-17,1.3755133972227653,70.33,1502.84,118.81,0.797,0.00010725585885119221,-0.006215505656976019,0.6078975922969378,0.49463089000000005,-0.1132667022969378,3.162698412698413e-05
2008-10-20,1.214351215038973,52.97,1574.5,124.83,1.083,0.00010113780025275251,0.046581110213856865,0.6177041543056628,0.28058208999999995,-0.3371220643056629,4.2976190476190474e-05
2008-10-21,1.212833980360813,53.11,1526.02,120.38,1.073,0.00010416124160205319,-0.031274722622666826,0.6131026701257509,0.28206721,-0.3310354601257509,4.257936507936508e-05
2008-10-22,1.3977523580172588,69.65,1433.22,119.34,1.011,0.0002208724461622973,-0.06273937779848912,0.6451273930103295,0.48511225,-0.16001514301032949,4.0119047619047614e-05
2008-10-23,1.362540192926045,67.8,1451.37,120.69,0.971,0.0003273858241938248,0.012584276812269589,0.651831755296153,0.4596839999999999,-0.19214775529615308,3.853174603174603e-05
2008-10-24,1.4309222423146473,79.13,1401.29,116.67,0.848,0.0005747456750387626,-0.035114697012126966,0.6434401748281685,0.62615569,-0.017284484828168467,3.365079365079365e-05
2008-10-27,1.2740292807129217,80.06,1356.78,116.94,0.757,0.000238663484486826,-0.03227899555710834,0.64197523210264,0.64096036,-0.001014872102639952,3.003968253968254e-05
2008-10-28,1.2313350496506066,66.96,1503.16,125.95,0.757,0.0001064906022042586,0.102455313483366,0.7279274782667713,0.44836415999999996,-0.27956331826677133,3.003968253968254e-05
2008-10-29,1.2099619508820476,69.96,1486.73,120.15,0.584,0.00021507688998812795,-0.01099048151085496,0.679570697565371,0.48944015999999985,-0.19013053756537118,2.3174603174603172e-05
2008-10-30,1.1702325581395348,62.9,1525.37,124.02,0.381,0.0001039555070430388,0.025657926228674764,0.6951875199940943,0.395641,-0.2995465199940943,1.511904761904762e-05
2008-10-31,1.1179764793727833,59.89,1548.81,122.19,0.438,0.0003099333643266815,0.015249890548895634,0.6882239902364173,0.35868121,-0.32954278023641737,1.738095238095238e-05
2008-11-03,1.0484375,53.68,1544.91,117.13,0.442,0.0003086260994804911,-0.0025212379051160077,0.6877455859507499,0.28815423999999995,-0.3995913459507499,1.753968253968254e-05
2008-11-04,1.0317769130998702,47.73,1608.0,117.78,0.482,0.0,0.0400255145309888,0.6968607678690468,0.22781528999999995,-0.4690454778690469,1.9126984126984125e-05
2008-11-05,1.097345132743363,54.56,1524.21,129.35,0.391,0.00010403120936271423,-0.053514927709626445,0.6892419177209215,0.29767935999999995,-0.3915625577209215,1.5515873015873016e-05
2008-11-06,1.1343070894193088,63.68,1448.01,122.15,0.309,0.00033026916937305156,-0.05128604303012228,0.7178520869572708,0.40551424,-0.31233784695727074,1.2261904761904762e-05
2008-11-07,1.066337198251283,56.1,1490.31,122.85,0.289,0.00021278859453129076,0.02879395199144941,0.6529979055569071,0.3147210000000001,-0.338276905556907,1.1468253968253967e-05
2008-11-10,1.109713228492137,59.98,1471.64,126.27,0.208,0.00010811395210557452,-0.012606726830131611,0.6532903653093275,0.35976004,-0.2935303253093275,8.253968253968254e-06
2008-11-11,1.1044400503325542,61.44,1439.22,120.67,0.431,0.00011146408070005145,-0.02227612501148688,0.5016252941733531,0.37748735999999994,-0.12413793417335317,1.7103174603174603e-05
2008-11-12,1.1245346869712352,66.46,1365.15,121.11,0.147,0.00011661127631047888,-0.052836987457519316,0.5289475581445081,0.44169316,-0.08725439814450814,5.833333333333333e-06
2008-11-13,1.1059149722735675,59.83,1459.82,124.98,0.188,-0.0009883050568275783,0.06704882773912518,0.4872778488038447,0.3579628899999999,-0.1293149588038448,7.46031746031746e-06
2008-11-14,1.1184010794400405,66.31,1399.2,118.59,0.137,0.00011560025432061865,-0.042412495726207165,0.4844758487675861,0.43970161,-0.04477423876758607,5.436507936507937e-06
2008-11-17,1.106223004319309,69.15,1363.14,113.4,0.096,0.00011696590443891591,-0.026109782682496308,0.49048702895237906,0.47817225,-0.012314778952379035,3.80952380952381e-06
2008-11-18,1.1018081120703698,67.64,1376.82,116.05,0.117,0.00011496234983032598,0.009985630208043196,0.45931583476002946,0.45751696000000003,-0.0017988747600294341,4.642857142857143e-06
2008-11-19,1.1168596781470899,74.26,1292.76,115.86,0.066,0.00012251148545164967,-0.06299702453583786,0.4912854789467337,0.55145476,0.060169281053266355,2.6190476190476192e-06
2008-11-20,1.1678220681686886,80.86,1206.04,114.93,0.025,0.0005300119252682131,-0.06943720246114596,0.5010800155887524,0.6538339599999999,0.15275394441124757,9.92063492063492e-07
2008-11-21,1.1292929292929295,72.67,1282.59,118.88,0.015,0.0012567550584392175,0.061539205788384545,0.5555022603298471,0.52809289,-0.027409370329847027,5.952380952380952e-07
2008-11-24,1.0873949579831934,64.7,1365.63,116.16,0.015,0.0002342194636375481,0.06273438958314348,0.598325955616266,0.418609,-0.179716955616266,5.952380952380952e-07
2008-11-25,1.050181065700983,60.9,1374.79,114.1,0.106,0.00011663847903412731,0.006685131559463364,0.5860550490584835,0.37088099999999996,-0.21517404905848353,4.206349206349206e-06
2008-11-26,1.0221477759166202,54.92,1423.9,113.3,0.046,0.00022456770716366517,0.03509859362300208,0.4676574838125043,0.30162064000000005,-0.16603684381250428,1.8253968253968254e-06
2008-11-28,1.030638612033961,55.84,1437.68,113.12,0.046,0.00011121614858483141,0.009631117436817646,0.46838961287237385,0.31181056,-0.15657905287237384,1.8253968253968254e-06
2008-12-01,1.0980926430517712,68.51,1309.39,112.75,0.046,0.0001213518597171398,-0.09346932333162651,0.5568641351215379,0.46936201000000005,-0.08750212512153782,1.8253968253968254e-06
2008-12-02,1.0558256496227996,62.98,1361.79,112.2,0.056,0.003177031240807322,0.039238630907558435,0.5773834529187817,0.39664803999999987,-0.1807354129187818,2.2222222222222225e-06
2008-12-03,1.037948717948718,60.72,1397.72,112.55,0.015,0.0006892590465250118,0.02604232681107994,0.5897700953538066,0.36869183999999994,-0.2210782553538067,5.952380952380952e-07
2008-12-04,1.0383423070647742,63.64,1356.81,111.77,-0.016,0.0002347142354183314,-0.029705981317281544,0.5694075921739368,0.40500495999999997,-0.1644026321739368,-6.34920634920635e-07
2008-12-05,1.0322080606269377,59.93,1406.36,116.45,0.028,0.0006837606837607097,0.03586844982225688,0.5629585930543052,0.35916048999999994,-0.20379810305430524,1.1111111111111112e-06
2008-12-08,1.0333922261484099,58.49,1460.6,120.77,0.015,0.0005522726017561955,0.03784250407025536,0.5517016580137987,0.34210800999999996,-0.2095936480137987,5.952380952380952e-07
2008-12-09,1.0197334256534532,58.91,1426.88,118.58,0.003,0.0007815552950370477,-0.023357067746897404,0.547039001121862,0.34703881,-0.20000019112186201,1.1904761904761906e-07
2008-12-10,0.9923433048433048,55.73,1444.0,119.51,-0.005,0.0004439511653718785,0.011926798013659652,0.5477481542733103,0.31058329,-0.23716486427331024,-1.9841269841269841e-07
2008-12-11,0.99447316812266,55.78,1403.2,121.83,0.005,0.0005698330389195641,-0.028661697834852874,0.5516767678817062,0.31114084,-0.2405359278817062,1.9841269841269841e-07
2008-12-12,0.9844033369604643,54.28,1413.07,116.24,0.02,0.0006709908297920183,0.007009299825390021,0.5167910810775629,0.2946318400000001,-0.2221592410775628,7.936507936507937e-07
2008-12-16,0.9897939897939898,52.37,1466.87,119.25,0.003,0.00032656615686062305,0.03736623654943798,0.4784400165581808,0.27426168999999995,-0.20417832655818086,1.1904761904761906e-07
2008-12-17,0.9664533643591235,49.84,1452.88,115.07,0.015,0.0020900940542324152,-0.0095830855825034,0.45609555650569067,0.24840256000000002,-0.20769299650569065,5.952380952380952e-07
2008-12-18,0.9506024096385544,47.34,1422.19,116.55,0.017,0.00011120378092860845,-0.021349856345410666,0.4530205299203359,0.22410756000000004,-0.22891296992033588,6.746031746031746e-07
2008-12-19,1.0352534562211981,44.93,1426.39,118.73,0.02,0.0001133979701762307,0.0029488398033260138,0.4522020955610481,0.20187048999999999,-0.25033160556104816,7.936507936507937e-07
2008-12-22,1.0194463509494396,44.56,1400.42,115.16,0.018,0.00011443611603828022,-0.018374585255810507,0.4033628318195863,0.19855936,-0.20480347181958633,7.142857142857142e-07
2008-12-23,1.0121402877697843,45.02,1387.08,112.01,0.01,0.0005800127602806931,-0.009571373518171854,0.33586896939040867,0.20268004000000003,-0.13318892939040863,3.9682539682539683e-07
2008-12-24,1.0056869881710646,44.21,1395.76,112.31,0.023,0.00011534690581931042,0.0062382516774702745,0.2960884341516905,0.19545241,-0.10063602415169051,9.126984126984127e-07
2008-12-26,0.9407937540663631,43.38,1403.22,112.56,0.024,0.00045903144365379896,0.005330525880387035,0.250705448418699,0.18818244,-0.06252300841869901,9.523809523809525e-07
2008-12-29,0.9432746024924795,43.9,1398.25,113.77,0.066,0.00022885913720116984,-0.0035481409503361062,0.25057158121839884,0.192721,-0.05785058121839884,2.6190476190476192e-06
2008-12-30,0.9374014861517678,41.63,1432.65,116.08,0.091,0.00033570189671572917,0.024304421447159028,0.2426416432970975,0.17330569,-0.06933595329709749,3.611111111111111e-06
2008-12-31,0.9263547938860583,40.0,1452.98,116.5,0.081,0.0002235136343316498,0.014090743701779342,0.2439298871795999,0.16000000000000003,-0.08392988717959987,3.2142857142857147e-06
2009-01-02,0.966222879684418,39.19,1499.17,124.21,0.084,0.0012943587531009635,0.031295001760947405,0.13526538181042563,0.15358560999999998,0.01832022818957435,3.3333333333333333e-06
2009-01-05,0.9573738363547281,39.08,1492.21,116.12,0.091,0.0009708214227927665,-0.004653379082081755,0.12211142532525987,0.15272464,0.030613214674740125,3.611111111111111e-06
2009-01-06,0.9565864549739519,38.56,1503.87,115.49,0.14,0.00042840312734289653,0.007783543074250049,0.1161332922429352,0.14868736,0.03255406775706479,5.555555555555557e-06
2009-01-07,0.9904131476831773,43.39,1459.58,118.21,0.096,0.001980415887336416,-0.029893062519552097,0.11629019257795987,0.18826921000000002,0.07197901742204015,3.80952380952381e-06
2009-01-08,0.985869817002548,42.56,1464.6,118.24,0.076,0.000329362683208005,0.003433444542770282,0.10243882253484493,0.18113536000000002,0.07869653746515509,3.0158730158730155e-06
2009-01-09,0.9540998217468806,42.82,1433.41,118.82,0.061,0.0015716210148181472,-0.02152594667178407,0.0910093948236795,0.18335524000000003,0.09234584517632054,2.4206349206349204e-06
2009-01-12,0.9681098204857445,45.84,1401.07,118.36,0.064,0.00034303356011664444,-0.022819990555146618,0.0907088443466226,0.21013056000000002,0.11942171565337742,2.53968253968254e-06
2009-01-13,0.9179041154009334,43.27,1403.63,118.22,0.106,0.0006849315068493411,0.0018255076913244888,0.0886760138068849,0.18722929000000002,0.09855327619311512,4.206349206349206e-06
2009-01-14,0.9696132596685083,49.14,1356.79,119.99,0.096,0.0011923214498629846,-0.03394012236390405,0.09264322234894849,0.24147396000000002,0.14883073765105154,3.80952380952381e-06
2009-01-15,0.9862695803519629,51.0,1358.64,124.7,0.106,0.0005887547836325834,0.0013625836690551107,0.09180053898878555,0.2601,0.16829946101121446,4.206349206349206e-06
2009-01-16,0.9419816138917262,46.11,1368.92,126.05,0.117,0.0007023293924849357,0.007537908369243864,0.07298406135785798,0.21261321,0.13962914864214201,4.642857142857143e-06
2009-01-20,1.0324403134681976,56.65,1296.63,119.17,0.106,0.0006170934896636489,-0.05425351685615709,0.10401251844209593,0.32092225,0.2169097315579041,4.206349206349206e-06
2009-01-21,0.9291433146517214,46.42,1353.33,120.58,0.115,0.00011892727597080472,0.042799630960847046,0.1276395771765691,0.21548164,0.0878420628234309,4.563492063492064e-06
2009-01-22,0.9433472970277278,47.29,1332.84,117.76,0.101,0.00036212203512585116,-0.015256217903419212,0.12917962076549552,0.22363440999999998,0.09445478923450445,4.007936507936508e-06
2009-01-23,0.9576580226904376,47.27,1340.02,121.31,0.101,0.00012080942313506632,0.005372535239680264,0.1268839302273298,0.22344529000000002,0.09656135977267022,4.007936507936508e-06
2009-01-26,0.9625026332420475,45.69,1347.47,120.65,0.101,0.00047641734159130833,0.005544220877773973,0.12677953744280035,0.20875760999999998,0.08197807255719963,4.007936507936508e-06
2009-01-27,0.9351482957060646,42.25,1362.18,119.68,0.135,0.005278282798662869,0.010857597483105809,0.1279223754278068,0.17850624999999998,0.05058387457219318,5.357142857142857e-06
2009-01-28,0.9398104265402842,39.66,1408.07,122.39,0.181,0.00022917382834875693,0.03313361482369474,0.1417457813795933,0.15729155999999997,0.01554577862040668,7.182539682539683e-06
2009-01-30,1.0053811659192826,44.84,1330.51,115.88,0.231,0.0012038040207055318,-0.05665764503034534,0.1805617999783142,0.20106256000000003,0.020500760021685827,9.166666666666666e-06
2009-02-06,0.999769479022591,43.37,1401.06,122.27,0.279,0.0023960294369330106,0.05166676561150039,0.2079353764738466,0.18809568999999998,-0.019839686473846624,1.1071428571428572e-05
2009-02-09,1.004835367257656,43.64,1403.19,122.62,0.276,0.012481220385993277,0.0015191230522406212,0.20503154037404492,0.19044496,-0.014586580374044922,1.0952380952380953e-05
2009-02-24,1.0084238528042564,45.49,1249.76,114.2,0.307,0.00012879129370861118,-0.11579668316269238,0.3425069725595275,0.20693401000000003,-0.13557296255952747,1.2182539682539682e-05
2009-03-02,1.0817752208752824,52.65,1133.43,115.42,0.238,0.00028161081385519597,-0.09770309944553346,0.4369998653083634,0.27720225,-0.1597976153083634,9.444444444444443e-06
2009-03-03,1.0498866213151927,50.93,1126.18,113.77,0.259,-0.003033147974290575,-0.006417058588645962,0.431948003589268,0.25938648999999997,-0.17256151358926802,1.0277777777777779e-05
2009-03-10,1.0462155152086772,44.37,1164.83,115.59,0.238,0.0001384753860002093,0.03374377877745213,0.45469113694573576,0.19686968999999999,-0.2578214469457358,9.444444444444443e-06
2009-05-11,0.9844264749925127,32.87,1477.2,113.99,0.165,0.00010960705869448025,0.2375732503731482,1.1961858553191524,0.10804369,-1.0881421653191525,6.547619047619047e-06
2009-05-26,0.9711385981604821,30.62,1481.1,120.89,0.175,0.00032824552765469816,0.002636650954518757,1.1898363555247216,0.09375844000000001,-1.0960779155247216,6.944444444444444e-06
2009-06-23,0.9432449105490437,30.58,1458.92,116.01,0.198,0.00033547665641600377,-0.015088618990239363,1.1858039666509197,0.09351363999999998,-1.0922903266509196,7.857142857142858e-06
2009-07-06,0.9418642416368951,29.0,1465.58,118.41,0.157,0.0001111172842936287,0.004554632595857191,1.1858863863486435,0.0841,-1.1017863863486435,6.23015873015873e-06
2009-07-07,0.9613586787161109,30.85,1436.74,116.35,0.186,0.00011326952483440127,-0.019874410328039164,1.1755012528991002,0.09517225,-1.0803290028991002,7.380952380952381e-06
2009-09-14,0.9034456645210147,23.86,1719.04,121.0,0.135,0.00275809596271821,0.17938933724425773,1.5497049615008578,0.05692996,-1.4927750015008578,5.357142857142857e-06
2009-12-02,0.8516129032258065,21.12,1825.4,119.0,0.044,0.0008064154831773075,0.06003314562801356,1.5779243003356291,0.044605439999999996,-1.5333188603356291,1.7460317460317458e-06
2009-12-03,0.880439043512348,22.46,1810.13,117.04,0.042,9.080590238357235e-05,-0.00840047519764848,1.5246300177643608,0.05044516000000001,-1.4741848577643608,1.6666666666666667e-06
2010-01-19,0.8415509813307802,17.58,1896.72,124.28,0.049,0.0007819627264434025,0.04672741267970103,1.527478947787069,0.030905639999999995,-1.4965733077870689,1.9444444444444444e-06
2010-01-25,1.0087336244541485,25.41,1808.93,122.54,0.049,0.0006370875995448754,-0.04739056833005093,1.5652412545005006,0.06456681,-1.5006744445005005,1.9444444444444444e-06
2010-01-28,0.9618970409404134,23.73,1788.97,117.98,0.074,0.0005550929780738483,-0.011095475011436753,1.5723016906305318,0.05631129000000001,-1.5159904006305318,2.9365079365079366e-06
2010-01-29,0.9700551615445233,24.62,1771.4,117.5,0.074,0.0003726823814403433,-0.009869840847859208,1.578344017775655,0.06061444,-1.517729577775655,2.9365079365079366e-06
2010-02-01,0.9555837563451777,22.59,1796.67,119.22,0.089,0.00018321729571267882,0.014164757145298936,1.5782945679714153,0.051030809999999996,-1.5272637579714152,3.5317460317460317e-06
2010-02-02,0.9367640645442652,21.48,1819.99,120.46,0.092,0.0007256894049346724,0.012896055029469946,1.5730348653753308,0.04613904,-1.5268958253753309,3.6507936507936507e-06
2010-02-04,1.0038491147036182,26.08,1754.3,116.02,0.089,0.00028138629648737177,-0.036761089615112624,1.5432507718445834,0.06801663999999999,-1.4752341318445834,3.5317460317460317e-06
2010-02-05,1.0042307692307693,26.11,1759.38,118.75,0.09,0.0009376465072668403,0.002891557307172748,1.5244776386923835,0.06817321,-1.4563044286923834,3.5714285714285714e-06
2010-02-12,0.929272281275552,22.73,1776.5,113.71,0.092,0.000922934933087296,0.009683662218769908,1.5233589132337688,0.05166529,-1.4716936232337687,3.6507936507936507e-06
2010-02-16,0.9439966058549003,22.25,1808.72,120.89,0.091,0.0006366240734845453,0.017974276306979127,1.3098736776097561,0.04950625,-1.260367427609756,3.611111111111111e-06
2010-02-17,0.9325890940317733,21.72,1816.7,119.63,0.092,9.07399845741201e-05,0.0044022556766385905,1.1382901923905089,0.04717583999999999,-1.091114352390509,3.6507936507936507e-06
2010-02-18,0.9056189640035117,20.63,1828.81,122.56,0.112,0.00027239297226132596,0.006643813647388582,1.1308310330213915,0.04255968999999999,-1.0882713430213915,4.444444444444445e-06
2010-02-19,0.897355445988346,20.02,1833.09,118.53,0.099,0.0009885419006964676,0.0023375853785932545,1.134233329528213,0.04008004,-1.094153289528213,3.928571428571429e-06
2010-02-22,0.9176254026691211,19.94,1831.21,121.33,0.089,0.0005399082156033679,-0.0010261169472787369,0.5187567163766401,0.03976036000000001,-0.4789963563766401,3.5317460317460317e-06
2010-02-23,0.9447391688771,21.37,1809.05,120.82,0.115,0.00018171906232960223,-0.012175104930195295,0.5242236128681447,0.045667690000000004,-0.4785559228681447,4.563492063492064e-06
2010-02-24,0.9180253623188406,20.27,1826.99,120.61,0.115,0.00018060321473718638,0.009867958316070555,0.5162181812657476,0.04108729,-0.4751308912657476,4.563492063492064e-06
2010-02-25,0.9107385591300409,20.1,1823.64,121.28,0.12,0.000901713255184928,-0.0018353001757638653,0.5176998181303203,0.040401000000000006,-0.47729881813032027,4.7619047619047615e-06
2010-02-26,0.9006928406466513,19.5,1826.27,120.13,0.12,0.0003598740440846266,0.0014411316745774625,0.5068854043591957,0.038025,-0.46886040435919574,4.7619047619047615e-06
2010-03-01,0.898320895522388,19.26,1844.87,120.8,0.128,0.00044668780988964274,0.010133178879456734,0.13424112336946908,0.03709476000000001,-0.09714636336946908,5.07936507936508e-06
2010-03-02,0.8999055712936732,19.06,1849.17,120.28,0.13,0.0004453747828798946,0.0023280754632562925,0.09179309802993682,0.03632836,-0.05546473802993682,5.158730158730158e-06
2010-03-03,0.8979494515975203,18.83,1850.24,119.03,0.14,8.912258811987794e-05,0.0005784706371219743,0.09072038405915715,0.03545689,-0.055263494059157155,5.555555555555557e-06
2010-03-04,0.8901569186875891,18.72,1857.2,120.75,0.14,0.0002659220848291551,0.003754616757840081,0.06340871355959814,0.03504383999999999,-0.028364873559598144,5.555555555555557e-06
2010-03-05,0.8610973801285221,17.42,1883.28,118.03,0.148,0.00026277755879648874,0.013944960341560687,0.03685357884666323,0.030345640000000007,-0.0065079388466632235,5.873015873015873e-06
2010-03-08,0.8780848963474827,17.79,1883.29,117.56,0.15,0.00061390046042541,5.309870784399027e-06,0.03469190231019379,0.03164841,-0.003043492310193789,5.9523809523809525e-06
2010-03-09,0.888888888888889,17.92,1886.6,116.64,0.155,0.0005244296827200619,0.0017560198576409625,0.032705438977717445,0.03211264000000001,-0.0005927989777174333,6.1507936507936505e-06
2010-03-10,0.9054119941491955,18.57,1895.38,117.98,0.15,0.00078298316586184,0.0046430789022667085,0.031114514569822612,0.03448449,0.0033699754301773875,5.9523809523809525e-06
2010-03-11,0.872463768115942,18.06,1903.68,117.48,0.15,0.0006058770069675266,0.004369508881521232,0.02976322106080534,0.03261636,0.0028531389391946577,5.9523809523809525e-06
2010-03-12,0.8672915638875184,17.58,1903.29,118.96,0.147,0.0009520924395204867,-0.00020488735207499625,0.009962391456122249,0.030905639999999995,0.020943248543877746,5.833333333333333e-06
2010-03-15,0.8687258687258688,18.0,1904.19,120.63,0.15,0.00034605069642708065,0.0004727536411287436,0.010092947014594972,0.0324,0.022307052985405026,5.9523809523809525e-06
2010-03-16,0.8774801587301588,17.69,1919.02,123.51,0.165,8.59069627592535e-05,0.007757917759636784,0.009850293472429121,0.03129361,0.02144331652757088,6.547619047619047e-06
2010-03-17,0.8575050709939148,16.91,1930.22,119.66,0.152,0.0004264210481429121,0.0058193469916806035,0.007243192309714816,0.028594810000000002,0.021351617690285186,6.031746031746031e-06
2010-03-18,0.8531827515400411,16.62,1929.63,120.27,0.15,0.0003418511238356231,-0.00030571136422138294,0.007354188514673499,0.027622440000000005,0.020268251485326506,5.9523809523809525e-06
2010-03-19,0.8506265664160401,16.97,1919.8,121.97,0.149,0.0009488893681259385,-0.00510726074625401,0.007894229306646128,0.028798089999999995,0.020903860693353867,5.9126984126984124e-06
2010-03-22,0.8388861263053208,16.87,1929.64,123.63,0.142,0.0005136986301370058,0.005112443073481754,0.007988404662727044,0.028459690000000006,0.020471285337272962,5.634920634920634e-06
2010-03-23,0.8307926829268294,16.35,1943.7,121.18,0.135,0.0009369277288020052,0.00725991612110314,0.008087652963037513,0.026732250000000003,0.018644597036962487,5.357142857142857e-06
2010-03-24,0.8740039840637451,17.55,1933.04,122.67,0.138,0.0002565966727964858,-0.005499479906822693,0.006096682172067871,0.030800250000000005,0.024703567827932135,5.4761904761904765e-06
2010-03-25,0.8940719144800777,18.4,1929.75,122.14,0.135,0.0004292766688130256,-0.0017034323872353325,0.005746469357862194,0.033856,0.028109530642137802,5.357142857142857e-06
2010-03-26,0.8858424725822532,17.77,1931.18,123.14,0.14,0.0032434277910549287,0.0007407542044993959,0.005537804573328144,0.03157729,0.02603948542667186,5.555555555555557e-06
2010-03-29,0.886146095717884,17.59,1942.51,123.2,0.131,8.521153764224036e-05,0.005849736199236893,0.005628021017212496,0.03094081,0.025312788982787503,5.198412698412698e-06
2010-03-30,0.8766632548618218,17.13,1942.81,124.03,0.155,0.00025550398160372297,0.00015442743485539258,0.005013682064030412,0.02934368999999999,0.02433000793596958,6.1507936507936505e-06
2010-03-31,0.8830321285140561,17.59,1936.48,123.7,0.155,0.0009379663184821951,-0.0032634866782612452,0.005407904647846083,0.03094081,0.025532905352153915,6.1507936507936505e-06
2010-04-01,0.8778894472361809,17.47,1950.91,123.93,0.157,0.0012730744748568274,0.007424038379141232,0.005691052870958946,0.030520089999999996,0.02482903712904105,6.23015873015873e-06
2010-04-05,0.8795865633074934,17.02,1966.44,123.78,0.165,8.420698075874798e-05,0.007928870976698065,0.006029713075055959,0.028968039999999997,0.02293832692494404,6.547619047619047e-06
2010-04-06,0.8614649681528662,16.23,1969.76,123.29,0.168,0.00025234470286412193,0.0016869065531718392,0.0043659204949974,0.02634129,0.0219753695050026,6.666666666666667e-06
2010-04-07,0.8660760812923397,16.62,1959.04,123.27,0.165,8.459879023722267e-05,-0.005457150582311845,0.005017547459862583,0.027622440000000005,0.022604892540137422,6.547619047619047e-06
2010-04-08,0.8637316561844864,16.48,1965.72,122.67,0.16,8.409368035996397e-05,0.0034040330875474128,0.005045080301430324,0.027159040000000002,0.022113959698569677,6.349206349206349e-06
2010-04-09,0.8668098818474759,16.14,1978.86,124.36,0.152,8.3420229405555e-05,0.006662330896241997,0.00523072593674907,0.026049960000000004,0.020819234063250935,6.031746031746031e-06
2010-04-12,0.8217299578059072,15.58,1982.4,123.16,0.14,8.358757888582034e-05,0.0017873105740958803,0.005159965042675437,0.02427364,0.019113674957324564,5.555555555555557e-06
2010-04-13,0.8530805687203792,16.2,1983.91,125.54,0.155,0.000333333333333267,0.0007614130377866265,0.005119196047640559,0.026244,0.02112480395235944,6.1507936507936505e-06
2010-04-14,0.8305807139051679,15.59,2006.06,125.77,0.155,0.0006603929337957116,0.01110295443110524,0.00607265052503914,0.024304810000000003,0.018232159474960864,6.1507936507936505e-06
2010-04-15,0.8407407407407408,15.89,2007.74,126.29,0.155,0.00033052388035040693,0.0008371120126094375,0.005727227539563278,0.025249210000000005,0.019521982460436727,6.1507936507936505e-06
2010-04-16,0.907563025210084,18.36,1975.36,131.33,0.156,0.000334560053529542,-0.01625905115084853,0.009536354407384607,0.033708959999999996,0.024172605592615387,6.190476190476191e-06
2010-04-19,0.876200101061142,17.34,1984.32,131.14,0.151,0.0003330557868443485,0.004525625955982042,0.009645214643241324,0.03006756,0.020422345356758676,5.992063492063493e-06
2010-04-20,0.8283307003686151,15.73,2000.33,134.19,0.151,0.00041279669762651287,0.008035880769566373,0.009585769707242658,0.024743289999999998,0.01515752029275734,5.992063492063493e-06
2010-04-21,0.8455958549222797,16.32,1998.31,129.84,0.15,0.0002493454681461259,-0.001010343602741781,0.009548722306365802,0.026634240000000003,0.0170855176936342,5.9523809523809525e-06
2010-04-22,0.8407350689127105,16.47,2002.93,127.48,0.155,0.00223778542124247,0.0023092851481676282,0.00914484847023917,0.027126089999999995,0.017981241529760827,6.1507936507936505e-06
2010-04-23,0.8571428571428572,16.62,2017.19,126.13,0.155,0.00024649767881353385,0.0070943453471301885,0.0088491168271655,0.027622440000000005,0.018773323172834505,6.1507936507936505e-06
2010-04-26,0.8796576032225579,17.47,2008.55,124.25,0.155,0.00016496205872646008,-0.004292385134502782,0.009173066793533045,0.030520089999999996,0.02134702320646695,6.1507936507936505e-06
2010-04-27,1.0039612676056338,22.81,1961.6,124.98,0.15,0.00016844942306069253,-0.023652601947240712,0.017029688634329302,0.05202961,0.03499992136567069,5.9523809523809525e-06
2010-04-28,0.9448677722994173,21.08,1974.63,128.4,0.157,0.0002508675837270656,0.006620572270516354,0.01713599331341489,0.04443663999999999,0.027300646686585103,6.23015873015873e-06
2010-04-29,0.8797709923664122,18.44,2000.34,129.28,0.157,0.00024837521215383644,0.012936127081311123,0.018894651164501067,0.03400336,0.015108708835498936,6.23015873015873e-06
2010-04-30,0.9315589353612167,22.05,1967.05,125.41,0.159,0.0006730041221502338,-0.01678220760729155,0.02267289925428574,0.048620250000000004,0.025947350745714262,6.30952380952381e-06
2010-05-03,0.8941541186891055,20.19,1992.87,125.35,0.165,8.315662550417958e-05,0.013040852299861643,0.023996736543123,0.04076361000000001,0.016766873456877013,6.547619047619047e-06
2010-05-04,0.9509373753490227,23.84,1945.37,124.86,0.166,0.00017012589316090524,-0.024123620462966722,0.030739241113386506,0.05683456,0.026095318886613494,6.587301587301587e-06
2010-05-05,0.9446340538490708,24.91,1933.25,122.82,0.151,0.00025611473940326235,-0.006249665834178369,0.03105513010943976,0.06205080999999999,0.03099567989056023,5.992063492063493e-06
2010-05-06,1.2438376943496396,32.8,1870.95,122.16,0.11,0.0003556503956609944,-0.03275620124931697,0.0431392673444026,0.10758399999999997,0.06444473265559737,4.365079365079366e-06
2010-05-07,1.1182413981430914,40.95,1842.32,123.86,0.125,0.0002683243146548627,-0.015420676300067127,0.044737579256415944,0.16769025,0.12295267074358407,4.96031746031746e-06
2010-05-10,0.9951690821256038,28.84,1923.39,128.64,0.15,0.00034482758620682795,0.04306360719855855,0.06958165368377521,0.08317456,0.013592906316224784,5.9523809523809525e-06
2010-05-11,0.9809490820921372,28.32,1917.25,127.09,0.157,8.672650795720147e-05,-0.003197386493350622,0.06948524035972464,0.08020224000000001,0.010716999640275365,6.23015873015873e-06
2010-05-12,0.9575984990619137,25.52,1944.25,124.26,0.155,0.00042609399633568854,0.01398443093008405,0.07236737509561046,0.06512704,-0.0072403350956104645,6.1507936507936505e-06
2010-05-13,0.9663165519739225,26.68,1920.76,126.2,0.16,0.00025858725164850353,-0.012155357541238589,0.07178762158165324,0.07118224,-0.0006053815816532415,6.349206349206349e-06
2010-05-14,1.0142857142857142,31.24,1884.67,128.47,0.15,0.00043880819693709386,-0.01896820179059595,0.07504414106038279,0.09759376,0.02254961893961721,5.9523809523809525e-06
2010-05-17,1.0108161258603736,30.84,1887.11,128.87,0.156,0.002104893878266926,0.0012938190140321458,0.07288188582576971,0.09511056000000001,0.0222286741742303,6.190476190476191e-06
2010-05-20,1.121479304433015,45.79,1779.3,123.36,0.16,0.00037309952429816483,-0.05882652974445983,0.11034424371197996,0.20967240999999998,0.09932816628802002,6.349206349206349e-06
2010-05-25,0.9916905444126075,34.61,1783.4,123.28,0.163,0.00018554596901378627,0.002301626187988634,0.10882718559494836,0.11978521000000002,0.010958024405051656,6.468253968253969e-06
2010-05-26,1.031516936671576,35.02,1773.65,121.48,0.165,9.380423057084674e-05,-0.005482084546606953,0.10856502054993282,0.12264004,0.014075019450067186,6.547619047619047e-06
2010-05-27,0.9686684073107049,29.68,1832.61,125.73,0.165,0.0001808481779545711,0.032701610090198605,0.12576758064075672,0.08809024,-0.037677340640756715,6.547619047619047e-06
2010-05-28,1.0021875,32.07,1809.98,123.13,0.16,0.000274687542919939,-0.012425384769304841,0.12476846998458342,0.10284848999999999,-0.021919979984583435,6.349206349206349e-06
2010-06-01,1.0446796002351557,35.54,1778.99,119.63,0.151,0.0006514961142911014,-0.017270007960498754,0.1265052910635527,0.12630916,-0.00019613106355270693,5.992063492063493e-06
2010-06-02,0.9862700228832952,30.17,1825.25,123.69,0.15,0.00018147173577711659,0.025671176421628063,0.133483644321414,0.09102289000000001,-0.04246075432141398,5.9523809523809525e-06
2010-06-03,0.9742063492063493,29.46,1832.72,123.83,0.14,0.0004509582863586144,0.004084238188897565,0.13291841056461046,0.08678916000000002,-0.04612925056461044,5.555555555555557e-06
2010-06-04,1.0322956066336921,35.48,1769.72,121.11,0.126,9.336632276742558e-05,-0.03497986016130171,0.1405612807854403,0.12588303999999997,-0.014678240785440333,5e-06
2010-06-07,1.0359773371104817,36.57,1745.87,119.21,0.112,0.00018995156235156256,-0.013568343235419698,0.13979846920811603,0.13373649,-0.0060619792081160195,4.444444444444445e-06
2010-06-08,1.0014858841010403,33.7,1765.29,120.74,0.117,9.394522993099832e-05,0.011061984091290333,0.13891189388080566,0.11356900000000002,-0.025342893880805642,4.642857142857143e-06
2010-06-09,0.9979289940828402,33.73,1754.91,119.97,0.095,9.429069822266857e-05,-0.005897409285946669,0.1344703902538714,0.11377129,-0.020699100253871394,3.7698412698412697e-06
2010-06-10,0.9714013346043852,30.57,1806.69,122.34,0.085,0.00018362100624320815,0.029078868277619026,0.1482517818706951,0.09345249000000001,-0.054799291870695085,3.3730158730158734e-06
2010-06-11,0.9302100161550888,28.79,1815.26,122.81,0.074,0.00018269845619813858,0.004732266316922185,0.1372171503568486,0.08288641,-0.054330740356848595,2.9365079365079366e-06
2010-06-14,0.9315514993481094,28.58,1812.02,121.69,0.056,0.00027376009490350997,-0.0017864630586508883,0.13464397421224175,0.08168164,-0.05296233421224175,2.2222222222222225e-06
2010-06-15,0.9093145869947277,25.87,1854.61,124.8,0.081,8.939346533772955e-05,0.02323218628025788,0.11744763485311681,0.06692569,-0.05052194485311681,3.2142857142857147e-06
2010-06-16,0.9006254343293955,25.92,1853.62,121.48,0.094,8.933756197785237e-05,-0.0005339474754914405,0.11743454382642346,0.06718464000000002,-0.05024990382642344,3.73015873015873e-06
2010-06-17,0.8879829847571783,25.05,1856.25,122.13,0.092,8.915437079307374e-05,0.001417839676637781,0.11439204359155528,0.06275025,-0.05164179359155528,3.6507936507936507e-06
2010-06-18,0.8565808297567954,23.95,1858.7,122.98,0.099,8.969012063325813e-05,0.0013189950632975737,0.1131922709484438,0.057360249999999995,-0.0558320209484438,3.928571428571429e-06
2010-06-21,0.9034132171387074,24.88,1851.55,121.73,0.113,8.969816567243041e-05,-0.0038541924942969786,0.10930467227946625,0.061901439999999995,-0.04740323227946625,4.484126984126984e-06
2010-06-22,0.9298728085252664,27.05,1822.05,120.42,0.123,0.00036536353671909257,-0.016060885305620772,0.11198383386151292,0.07317025,-0.038813583861512915,4.880952380952381e-06
2010-06-23,0.9196855775803143,26.91,1816.65,119.84,0.125,0.0002747881841080938,-0.0029680951792202715,0.06897137833337859,0.07241481000000001,0.0034434316666214215,4.96031746031746e-06
2010-06-24,0.9483418367346939,29.74,1786.13,119.56,0.126,0.0006508903249801774,-0.016942877493805113,0.07277913441306734,0.08844676,0.01566762558693266,5e-06
2010-06-25,0.9293159609120522,28.53,1791.24,119.37,0.132,9.259687948520872e-05,0.0028568492917845144,0.07244627035313324,0.08139609,0.008949819646866766,5.2380952380952384e-06
2010-06-28,0.9366925064599483,29.0,1787.94,120.3,0.14,0.0,-0.0018439983097193683,0.05870779222469501,0.0841,0.025392207775304987,5.555555555555557e-06
2010-06-29,0.9927283304246655,34.13,1732.55,118.13,0.147,9.618621651522258e-05,-0.031469807446953664,0.06845930403015142,0.11648569000000003,0.04802638596984861,5.833333333333333e-06
2010-06-30,0.9804144195288107,34.54,1715.23,116.87,0.175,9.712981399631786e-05,-0.010047129281311015,0.06632087057326447,0.11930115999999999,0.05298028942673552,6.944444444444444e-06
2010-07-01,0.9527399246158306,32.86,1709.77,116.76,0.17,9.73757242319988e-05,-0.0031883238687652363,0.056381717301801415,0.10797796,0.05159624269819858,6.746031746031747e-06
2010-07-02,0.9047762090717933,30.12,1701.86,114.65,0.165,9.809210848992217e-05,-0.004637087945516955,0.055712821106896404,0.09072144000000001,0.03500861889310361,6.547619047619047e-06
2010-07-06,0.9262730396751016,29.65,1710.97,116.01,0.165,9.712038071194208e-05,0.005338690551517277,0.043263478767685604,0.08791225,0.044648771232314394,6.547619047619047e-06
2010-07-07,0.9030955585464334,26.84,1765.42,117.77,0.157,0.0,0.031328161266869776,0.053919612996299916,0.07203855999999999,0.01811894700370007,6.23015873015873e-06
2010-07-08,0.8917793964620188,25.71,1782.1,117.22,0.15,9.327053117572276e-05,0.00940382177978404,0.053512531988310325,0.06610041,0.012587878011689674,5.9523809523809525e-06
2010-07-09,0.8867589634362797,24.98,1794.94,117.97,0.15,9.284620026916953e-05,0.00717915100081429,0.053472400754514704,0.06240004,0.008927639245485293,5.9523809523809525e-06
2010-07-12,0.860514265586474,24.43,1796.3,118.72,0.142,0.00018494544109497164,0.0007573985949220472,0.04311056572713958,0.05968249,0.016571924272860417,5.634920634920634e-06
2010-07-13,0.867231638418079,24.56,1824.07,119.33,0.152,0.0003644314868805235,0.015341274316083597,0.045799759829181975,0.060319359999999995,0.01451960017081802,6.031746031746031e-06
2010-07-14,0.8633368019424211,24.89,1823.82,120.07,0.15,0.00018243181610869306,-0.00013706553673016893,0.04574856917590338,0.06195121000000001,0.01620264082409663,5.9523809523809525e-06
2010-07-15,0.8600752651385563,25.14,1826.0,118.58,0.152,0.00027376009490350997,0.0011945796007704677,0.03884615573000941,0.06320196,0.024355804269990594,6.031746031746031e-06
2010-07-16,0.8578431372549019,26.25,1773.43,118.67,0.15,0.000374601985390448,-0.029212257694823628,0.04856635982610668,0.06890625,0.020339890173893323,5.9523809523809525e-06
2010-07-19,0.8633643617021277,25.97,1784.06,118.78,0.152,0.0003741114852225219,0.005976141401307286,0.04922047216628179,0.06744409,0.01822361783371821,6.031746031746031e-06
2010-07-20,0.8479801559177889,23.93,1804.48,119.07,0.155,0.000368459837877598,0.01138079575741983,0.05124873269860494,0.057264489999999994,0.006015757301395051,6.1507936507936505e-06
2010-07-21,0.8817056396148556,25.64,1781.6,117.29,0.155,0.000280544255856372,-0.01276062467565948,0.05274926175015852,0.06574096000000001,0.012991698249841498,6.1507936507936505e-06
2010-07-22,0.8827956989247312,24.63,1821.76,118.22,0.15,0.000457268279299569,0.022291229819559222,0.05664984899962725,0.06066368999999999,0.004013841000372741,5.9523809523809525e-06
2010-07-23,0.8695813264171915,23.47,1836.75,119.69,0.15,0.00027121095692267,0.008194638737669806,0.05731233289323493,0.055084089999999995,-0.0022282428932349357,5.9523809523809525e-06
2010-07-26,0.8596822995461422,22.73,1857.34,119.29,0.157,0.0005383097075182851,0.011147651100206563,0.05441680498333586,0.05166529,-0.0027515149833358607,6.23015873015873e-06
2010-07-27,0.8794084186575655,23.19,1855.39,121.32,0.152,0.0,-0.0010504400693324707,0.05450201427578559,0.05377761000000001,-0.0007244042757855798,6.031746031746031e-06
2010-07-28,0.9078996630475477,24.25,1842.66,121.91,0.151,0.00027086813236423764,-0.006884736703416881,0.05525400058698659,0.05880625,0.0035522494130134086,5.992063492063493e-06
2010-07-29,0.8897492625368731,24.13,1835.29,119.36,0.15,9.07317515765106e-05,-0.004007672678746968,0.04153202857156668,0.05822569,0.016693661428433315,5.9523809523809525e-06
2010-07-30,0.8658806190125277,23.5,1835.4,119.53,0.145,0.0004524272723160781,5.99342358155987e-05,0.03950017799790184,0.055224999999999996,0.015724822002098154,5.753968253968254e-06
2010-08-02,0.8665354330708662,22.01,1875.85,122.5,0.145,8.874295602778458e-05,0.021799448628420533,0.042954717497589265,0.04844401000000001,0.005489292502410745,5.753968253968254e-06
2010-08-03,0.8700499807766243,22.63,1866.87,121.39,0.146,8.900360464603371e-05,-0.00479865831905999,0.04299188467752168,0.05121169,0.008219805322478319,5.793650793650793e-06
2010-08-04,0.8555469953775039,22.21,1878.81,120.99,0.15,8.849949112797128e-05,0.006375365990708062,0.043029127609484026,0.04932841000000001,0.006299282390515984,5.9523809523809525e-06
2010-08-05,0.8448012232415902,22.1,1876.51,120.43,0.145,8.860927739138821e-05,-0.0012249290540281021,0.03370140364491618,0.048841,0.015139596355083822,5.753968253968254e-06
2010-08-06,0.8323124042879019,21.74,1869.77,119.67,0.142,0.00026670222696360525,-0.0035982399991900263,0.03360100806854201,0.047262759999999994,0.013661751931457987,5.634920634920634e-06
2010-08-09,0.8505570495582021,22.14,1880.06,123.75,0.142,8.843687817824557e-05,0.005488262576579081,0.03342685271096807,0.049017960000000006,0.015591107289031937,5.634920634920634e-06
2010-08-10,0.8502470543519575,22.37,1868.88,122.79,0.15,8.889283968180911e-05,-0.005964370271502064,0.03421446453098259,0.05004169000000001,0.015827225469017416,5.9523809523809525e-06
2010-08-11,0.8849773440223074,25.39,1817.13,118.45,0.15,9.170525929653725e-05,-0.028080987594769926,0.042117291133665226,0.06446521000000001,0.022347918866334783,5.9523809523809525e-06
2010-08-12,0.8796581196581197,25.73,1807.61,115.18,0.152,0.00018439977872022884,-0.005252802622859737,0.04242560931720773,0.06620329000000001,0.023777680682792283,6.031746031746031e-06
2010-08-13,0.8755422088755422,26.24,1800.39,115.28,0.152,9.247699634720597e-05,-0.004002222637120405,0.04253757449788549,0.06885375999999999,0.026316185502114495,6.031746031746031e-06
2010-08-16,0.8758389261744967,26.1,1800.7,121.1,0.155,9.235742322793918e-05,0.00017217009336938118,0.03176564314684327,0.068121,0.03635535685315673,6.1507936507936505e-06
2010-08-17,0.8515925796289814,24.33,1823.18,121.96,0.158,0.0004567252797442079,0.012406750972283881,0.0331125609037351,0.05919488999999999,0.026082329096264893,6.26984126984127e-06
2010-08-18,0.8603918824352694,24.59,1826.14,121.26,0.155,9.157928476583283e-05,0.0016222203857858026,0.03171060031882461,0.06046681,0.02875620968117539,6.1507936507936505e-06
2010-08-19,0.892338845764428,26.44,1795.24,120.26,0.15,9.28548214866532e-05,-0.017065731813455644,0.03337903345266988,0.06990736000000002,0.03652832654733013,5.9523809523809525e-06
2010-08-20,0.8628977657413676,25.49,1788.67,119.62,0.15,9.289795160021474e-05,-0.00366639081881188,0.027120773458655108,0.06497400999999998,0.03785323654134488,5.9523809523809525e-06
2010-08-23,0.8760669170365313,25.66,1781.47,118.38,0.155,0.0001867064973860719,-0.004033460738951813,0.026120947914757886,0.06584356,0.03972261208524211,6.1507936507936505e-06
2010-08-24,0.9059716265258991,27.46,1755.65,117.39,0.155,9.4755294452126e-05,-0.014599707462148673,0.02589892555346817,0.07540516000000001,0.04950623444653184,6.1507936507936505e-06
2010-08-25,0.8944723618090452,26.7,1761.62,117.01,0.155,9.428180832499793e-05,0.0033946815189736463,0.026318713087196077,0.071289,0.04497028691280393,6.1507936507936505e-06
2010-08-26,0.9012183075403358,27.37,1748.14,115.99,0.15,9.521542489888232e-05,-0.007681474677629089,0.026414977302919466,0.07491169,0.048496712697080537,5.9523809523809525e-06
2010-08-27,0.8609154929577465,24.45,1777.6,116.03,0.143,0.0002804917956149889,0.016711774343859523,0.030783245677977696,0.05978025,0.028997004322022304,5.674603174603174e-06
2010-08-30,0.906697767410863,27.21,1751.79,115.06,0.135,9.517917479646795e-05,-0.014626017586872559,0.03278633664096804,0.07403841,0.04125207335903196,5.357142857142857e-06
2010-08-31,0.897038567493113,26.05,1752.55,115.02,0.137,0.000283594082336826,0.0004337478737310602,0.025331696666941485,0.06786025000000001,0.04252855333305852,5.436507936507937e-06
2010-09-01,0.8754122389153537,23.89,1804.46,116.36,0.135,0.0001839249586168477,0.029189507859722807,0.03785700983186827,0.05707321,0.019216200168131727,5.357142857142857e-06
2010-09-02,0.8711495116453795,23.19,1820.98,116.74,0.133,0.00027388505957001084,0.009113439658961173,0.03849859068500796,0.05377761000000001,0.015279019314992051,5.277777777777778e-06
2010-09-03,0.8419596997234294,21.31,1845.1,119.11,0.13,9.011038522194293e-05,0.013158658856928546,0.04107686864960374,0.04541160999999999,0.00433474135039625,5.158730158730158e-06
2010-09-07,0.8890549122151663,23.8,1824.05,118.73,0.13,0.0002734606444555958,-0.011474173008567887,0.042375851113452934,0.05664400000000001,0.014268148886547073,5.158730158730158e-06
2010-09-08,0.8840304182509505,23.25,1836.21,120.3,0.135,0.0,0.006644361185345546,0.04258612782028376,0.05405625000000001,0.011470122179716248,5.357142857142857e-06
2010-09-09,0.8739463601532567,22.81,1845.09,119.31,0.14,0.0001803914494452604,0.004824392048088815,0.04266686065492926,0.05202961,0.00936274934507074,5.555555555555557e-06
2010-09-10,0.8593200468933176,21.99,1854.1,121.09,0.137,8.963384574006996e-05,0.0048713463311044845,0.03288531083375823,0.04835600999999999,0.015470699166241761,5.436507936507937e-06
2010-09-13,0.856969696969697,21.21,1875.41,121.89,0.142,8.875870944841003e-05,0.011427899063299335,0.03361306500114843,0.044986410000000004,0.011373344998851571,5.634920634920634e-06
2010-09-14,0.8714632174616006,21.56,1874.07,120.98,0.145,8.875083203909576e-05,-0.0007147658112856221,0.03326593370906813,0.046483359999999994,0.013217426290931866,5.753968253968254e-06
2010-09-15,0.8864821500200563,22.1,1880.74,119.74,0.151,8.837435376245774e-05,0.0035527800425926626,0.03325503101147537,0.048841,0.015585968988524636,5.992063492063493e-06
2010-09-16,0.8701923076923076,21.72,1880.37,124.32,0.155,0.0,-0.00019675042803516342,0.03187847278441542,0.04717583999999999,0.01529736721558457,6.1507936507936505e-06
2010-09-17,0.8761942675159236,22.01,1881.93,124.9,0.152,8.892445867227696e-05,0.0008292800092507517,0.03188299170006731,0.04844401000000001,0.0165610182999327,6.031746031746031e-06
2010-09-20,0.8743391622610818,21.5,1910.6,124.88,0.155,0.00017526947682070136,0.015119482856278524,0.029309914414211817,0.046224999999999995,0.016915085585788178,6.1507936507936505e-06
2010-09-21,0.8961507618283882,22.35,1905.74,122.81,0.16,8.777704630243682e-05,-0.002546944259266363,0.029137862168652363,0.049952250000000004,0.02081438783134764,6.349206349206349e-06
2010-09-22,0.8946740858505565,22.51,1896.77,121.75,0.157,8.816398501216765e-05,-0.004717945061867292,0.029265131550211945,0.05067001000000001,0.021404878449788063,6.23015873015873e-06
2010-09-23,0.9124617737003058,23.87,1880.97,121.57,0.155,8.887703861699244e-05,-0.008364838304247288,0.0269685144646659,0.05697769000000001,0.030009175535334113,6.1507936507936505e-06
2010-09-24,0.8771717171717172,21.71,1920.84,123.0,0.145,0.00034852313322302213,0.02097498913607941,0.03072668380396228,0.047132410000000007,0.016405726196037727,5.753968253968254e-06
2010-09-27,0.8944444444444445,22.54,1909.98,120.21,0.135,0.000262616536087899,-0.005669819564942782,0.030176963235597883,0.050805159999999995,0.020628196764402112,5.357142857142857e-06
2010-09-28,0.8918705603788477,22.6,1919.59,121.69,0.152,0.00017445917655277592,0.005018850770228836,0.028135692801365554,0.051076,0.02294030719863445,6.031746031746031e-06
2010-09-29,0.8973369355461212,23.25,1914.84,119.27,0.16,0.00017459624618067237,-0.0024775533415562897,0.0243087923205819,0.05405625000000001,0.029747457679418107,6.349206349206349e-06
2010-09-30,0.8977272727272727,23.7,1908.95,120.48,0.158,8.764625969578776e-05,-0.0030807155510131166,0.02479392270062523,0.056169,0.03137507729937476,6.26984126984127e-06
2010-10-01,0.8754863813229572,22.5,1917.42,119.61,0.155,8.718015779600633e-05,0.00442717972086995,0.016477497731650467,0.050625,0.03414750226834953,6.1507936507936505e-06
2010-10-04,0.8939969604863223,23.53,1902.15,118.29,0.152,8.778475178865924e-05,-0.0079957070311747,0.017307532004982605,0.05536609000000001,0.0380585579950174,6.031746031746031e-06
2010-10-05,0.8676236044657099,21.76,1941.82,117.77,0.118,0.00025872105558191657,0.020640852255891854,0.020068854295033307,0.047349760000000005,0.027280905704966697,4.682539682539682e-06
2010-10-06,0.8627057406663989,21.49,1941.5,116.57,0.12,8.616604196290651e-05,-0.00016480743318821644,0.01764019728170599,0.04618200999999999,0.028541812718293997,4.7619047619047615e-06
2010-10-07,0.8662113298513459,21.56,1938.31,116.69,0.12,8.609186001455732e-05,-0.0016444107927122598,0.01769746641173409,0.046483359999999994,0.028785893588265905,4.7619047619047615e-06
2010-10-08,0.8607647547797175,20.71,1950.18,117.96,0.12,0.00017162962327306472,0.006105216610997486,0.01778969759046691,0.042890410000000004,0.025100712409533092,4.7619047619047615e-06
2010-10-11,0.7906588824020017,18.96,1950.47,115.87,0.12,8.56714499893349e-05,0.00014869316679751716,0.017791521731727145,0.03594816000000001,0.01815663826827286,4.7619047619047615e-06
2010-10-12,0.8100128369704749,18.93,1957.92,117.02,0.12,0.0001709986320109099,0.0038123160805532126,0.016757394854281196,0.03583449,0.0190770951457188,4.7619047619047615e-06
2010-10-13,0.8298520452567449,19.07,1972.08,118.43,0.132,8.483563096492814e-05,0.007206138053683956,0.016958366310351157,0.03636649,0.019408123689648844,5.2380952380952384e-06
2010-10-14,0.8438030560271647,19.88,1964.9,120.24,0.14,0.0,-0.003647469867891927,0.017376301116734987,0.03952143999999999,0.022145138883265005,5.555555555555557e-06
2010-10-15,0.8202586206896553,19.03,1968.87,121.48,0.14,0.0,0.0020184206742243655,0.017307836154520022,0.03621409000000001,0.01890625384547999,5.555555555555557e-06
2010-10-18,0.837280701754386,19.09,1983.17,120.57,0.14,0.0005918410484042053,0.007236800441825108,0.017580787885506023,0.03644280999999999,0.01886202211449397,5.555555555555557e-06
2010-10-19,0.8745231030097499,20.63,1951.67,119.57,0.14,0.00017121821761832053,-0.016011158235020126,0.019306521181504856,0.04255968999999999,0.023253168818495134,5.555555555555557e-06
2010-10-20,0.8733451015004413,19.79,1972.51,120.04,0.137,8.476372112740086e-05,0.01062142711149057,0.02020612842901013,0.03916441,0.018958281570989867,5.436507936507937e-06
2010-10-21,0.8672367236723673,19.27,1976.12,118.17,0.127,8.473499131458632e-05,0.001828482793166645,0.01967155477721455,0.03713328999999999,0.017461735222785442,5.03968253968254e-06
2010-10-22,0.8674364896073904,18.78,1980.83,117.38,0.125,8.433480919253735e-05,0.002380622562549402,0.018263600046962213,0.03526884000000001,0.017005239953037796,4.96031746031746e-06
2010-10-25,0.9059790050205386,19.85,1985.11,116.45,0.12,8.421407217150294e-05,0.0021583794316443927,0.01373450996820538,0.03940225000000001,0.025667740031794627,4.7619047619047615e-06
2010-10-26,0.9108108108108108,20.22,1985.13,116.44,0.132,0.0,1.0074957685414199e-05,0.01308578192746805,0.04088484,0.027799058072531947,5.2380952380952384e-06
2010-10-27,0.9163716814159292,20.71,1980.05,116.97,0.135,0.0001689617301680833,-0.0025623062657221707,0.013167725167026651,0.042890410000000004,0.029722684832973353,5.357142857142857e-06
2010-10-28,0.9153879877246822,20.88,1982.45,116.29,0.128,8.446302631027589e-05,0.0012113566150042106,0.012963433351559646,0.043597439999999994,0.03063400664844035,5.07936507936508e-06
2010-10-29,0.9237472766884531,21.2,1981.59,116.04,0.116,8.44059928255338e-05,-0.0004339007747111001,0.012731806575454039,0.044944,0.03221219342454596,4.603174603174603e-06
2010-11-01,0.9373121511378274,21.83,1983.47,116.83,0.106,0.0001684068710003033,0.0009482833252869573,0.012644824660775015,0.04765489,0.03501006533922498,4.206349206349206e-06
2010-11-02,0.9370112945264987,21.57,1998.86,116.14,0.123,8.349684799391229e-05,0.007729181969751001,0.011804582300672259,0.046526490000000004,0.034721907699327745,4.880952380952381e-06
2010-11-03,0.9034642032332564,19.56,2006.58,118.21,0.123,8.319121500761952e-05,0.0038547623029737067,0.007453530992992988,0.03825936,0.030805829007007013,4.880952380952381e-06
2010-11-04,0.9003403014098201,18.52,2045.62,116.59,0.12,8.175612148952217e-05,0.01926914167840143,0.011139896919088822,0.03429904,0.02315914308091118,4.7619047619047615e-06
2010-11-05,0.8838334946757019,18.26,2053.77,116.98,0.12,0.00016299918500404256,0.003976206575988468,0.010933733765754083,0.033342760000000006,0.022409026234245923,4.7619047619047615e-06
2010-11-08,0.8822961890979256,18.29,2049.69,118.27,0.116,8.166932091963834e-05,-0.001988566402253035,0.011036579367075566,0.033452409999999995,0.02241583063292443,4.603174603174603e-06
2010-11-09,0.8862052949372967,19.08,2033.85,119.61,0.125,8.227405487671978e-05,-0.007758013609007758,0.012229335156699156,0.03640463999999999,0.024175304843300834,4.96031746031746e-06
2010-11-10,0.8679511278195488,18.47,2043.16,122.16,0.132,0.0,0.004567080376304847,0.012270768185352608,0.03411408999999999,0.021843321814647383,5.2380952380952384e-06
2010-11-11,0.8681881695388916,18.64,2034.48,123.59,0.13,0.0001645413410118965,-0.004257370984472839,0.012352220566440506,0.034744960000000005,0.0223927394335595,5.158730158730158e-06
2010-11-12,0.8988225032708242,20.61,2010.57,121.72,0.13,8.335764598012017e-05,-0.011821994027386745,0.014211044025710707,0.04247721,0.028266165974289294,5.158730158730158e-06
2010-11-15,0.8855765015344147,20.2,2008.25,122.04,0.132,8.326741329773017e-05,-0.0011545678869511618,0.014257953343799541,0.04080399999999999,0.026546046656200452,5.2380952380952384e-06
2010-11-16,0.9377076411960132,22.58,1976.26,120.86,0.138,8.474935378622074e-05,-0.016057526454490826,0.017074919010273602,0.050985639999999985,0.03391072098972638,5.4761904761904765e-06
2010-11-17,0.9131347041544273,21.76,1977.0,120.34,0.137,8.457017210034348e-05,0.0003743745711858009,0.013754123573132677,0.047349760000000005,0.03359563642686733,5.436507936507937e-06
2010-11-18,0.8359340169415961,18.75,2007.38,121.73,0.138,0.0003325850170450341,0.015249845023055467,0.015178411920483028,0.03515625,0.019977838079516974,5.4761904761904765e-06
2010-11-19,0.8429906542056075,18.04,2012.59,121.26,0.135,0.0,0.002592060596008922,0.015204535784133416,0.03254416,0.017339624215866586,5.357142857142857e-06
2010-11-22,0.8612283169245196,18.37,2009.52,122.34,0.13,0.0,-0.0015265622253951038,0.01523907169201535,0.03374569,0.018506618307984654,5.158730158730158e-06
2010-11-23,0.9132359451084551,20.63,1980.89,119.86,0.141,8.453442664517439e-05,-0.014349648918802374,0.017896222177985362,0.04255968999999999,0.024663467822014628,5.595238095238094e-06
2010-11-24,0.8968363136176066,19.56,2010.56,122.16,0.157,8.326048041301459e-05,0.01486705156909846,0.020586691620459882,0.03825936,0.017672668379540117,6.23015873015873e-06
2010-11-26,1.018798716185236,22.22,1996.03,119.02,0.157,8.409368035996397e-05,-0.0072530823960028495,0.02122526618813849,0.049372839999999994,0.028147573811861504,6.23015873015873e-06
2010-11-29,0.9220556745182013,21.53,1993.83,118.54,0.16,8.392430028107007e-05,-0.001102795698577065,0.021241209249320464,0.04635409000000001,0.025112880750679543,6.349206349206349e-06
2010-11-30,0.9344978165938864,23.54,1981.84,116.71,0.165,0.0003384094754652457,-0.006031706027481041,0.021716892339087832,0.055413159999999996,0.03369626766091216,6.547619047619047e-06
2010-12-01,0.8903709879116298,21.36,2024.97,118.69,0.161,0.0001653302471688041,0.021529179523563004,0.027288472501242063,0.04562495999999999,0.01833648749875793,6.388888888888889e-06
2010-12-02,0.8817644383810824,19.39,2050.96,120.88,0.15,8.144317302606276e-05,0.01275309058449781,0.028445045742742495,0.037597210000000006,0.009152164257257511,5.9523809523809525e-06
2010-12-03,0.8576190476190477,18.01,2056.4,120.42,0.137,0.00016278691193236393,0.00264890498076758,0.028382591290121287,0.03243601,0.0040534187098787144,5.436507936507937e-06
2010-12-06,0.8564638783269962,18.02,2053.8,121.15,0.13,8.147635148890622e-05,-0.001265145417154931,0.024075713402434706,0.03247204,0.008396326597565295,5.158730158730158e-06
2010-12-07,0.8578922269909394,17.99,2054.89,118.13,0.142,0.00016287971333167213,0.0005305827529314186,0.02388942939131043,0.03236400999999999,0.008474580608689563,5.634920634920634e-06
2010-12-08,0.8704612365063787,17.74,2063.03,119.53,0.14,8.105369807490096e-05,0.003953457377622177,0.024011467769666117,0.03147075999999999,0.007459292230333876,5.555555555555557e-06
2010-12-09,0.8633633633633634,17.25,2071.12,123.93,0.14,0.00024233612019872479,0.003913747844897982,0.023273515259957526,0.029756249999999995,0.006482734740042469,5.555555555555557e-06
2010-12-10,0.8876008064516129,17.61,2083.57,123.01,0.122,0.00016053941242583265,0.0059932448706999175,0.02343098325764805,0.03101121,0.00758022674235195,4.841269841269841e-06
2010-12-13,0.8577712609970675,17.55,2084.0,120.74,0.125,8.022141109454819e-05,0.00020635526291141624,0.023086280026521307,0.030800250000000005,0.007713969973478698,4.96031746031746e-06
2010-12-14,0.8636586562040215,17.61,2085.93,121.99,0.142,8.022141109454819e-05,0.0009256750774299187,0.020870724181798275,0.03101121,0.010140485818201726,5.634920634920634e-06
2010-12-15,0.8649951783992287,17.94,2075.29,121.98,0.14,8.051205668041468e-05,-0.005113896015128567,0.021348864090207326,0.03218436,0.010835495909792676,5.555555555555557e-06
2010-12-16,0.835254562920269,17.39,2088.19,124.81,0.13,0.00016017940092912246,0.006196759095652552,0.01740979127056952,0.03024121,0.012831418729430482,5.158730158730158e-06
2010-12-17,0.7939871858058157,16.11,2089.95,125.24,0.106,8.052502315087092e-05,0.0008424801964988413,0.017385890600507072,0.025953209999999997,0.008567319399492925,4.206349206349206e-06
2010-12-20,0.8164179104477611,16.41,2095.32,125.84,0.106,0.00016068128866401728,0.0025661440943262805,0.015287750690328313,0.026928809999999997,0.011641059309671685,4.206349206349206e-06
2010-12-21,0.8282270215971873,16.49,2108.26,124.87,0.137,0.00015948963317381196,0.006156676391950171,0.015489665643040869,0.027192009999999996,0.011702344356959127,5.436507936507937e-06
2010-12-22,0.7894736842105262,15.45,2115.69,123.65,0.135,7.94880966575662e-05,0.0035180376960758197,0.015319850362836911,0.02387025,0.008550399637163088,5.357142857142857e-06
2010-12-23,0.8057729941291584,16.47,2112.37,125.35,0.137,0.000238767957340134,-0.0015704605338409815,0.011868919641740173,0.027126089999999995,0.015257170358259822,5.436507936507937e-06
2010-12-27,0.8398288973384032,17.67,2113.67,123.86,0.131,7.955765941370075e-05,0.0006152331927789778,0.010065911872580215,0.03122289000000001,0.021156978127419797,5.198412698412698e-06
2010-12-28,0.8271954674220963,17.52,2115.32,123.53,0.143,0.00023854013437761806,0.0007803282030581669,0.008889887008302849,0.03069504,0.02180515299169715,5.674603174603174e-06
2010-12-29,0.8291746641074856,17.28,2117.83,122.4,0.125,7.941234862025107e-05,0.0011858782675560078,0.008729722317262937,0.029859840000000002,0.021130117682737065,4.96031746031746e-06
2010-12-30,0.8338886244645406,17.52,2114.7,122.17,0.113,7.94817788021373e-05,-0.001479021091675103,0.007956820946673169,0.03069504,0.022738219053326833,4.484126984126984e-06
2010-12-31,0.8492822966507177,17.75,2114.29,120.74,0.125,0.0005552250644457123,-0.0001938997260737781,0.0035254502831102742,0.03150625,0.027980799716889725,4.96031746031746e-06
2011-01-03,0.8540252182347235,17.61,2138.3,122.68,0.125,7.88177339900761e-05,0.011292062073723933,0.0031572001904839188,0.03101121,0.02785400980951608,4.96031746031746e-06
2011-01-04,0.8432799611838913,17.38,2135.53,121.96,0.14,7.879289288110244e-05,-0.001296261380479721,0.0032780539089848045,0.030206439999999994,0.02692838609101519,5.555555555555557e-06
2011-01-05,0.8488778054862842,17.02,2146.5,121.23,0.14,0.0002352111019640216,0.005123749249505395,0.003274702918444201,0.028968039999999997,0.025693337081555797,5.555555555555557e-06
2011-01-06,0.8550368550368549,17.4,2142.76,121.01,0.145,0.00015699819452084332,-0.0017438909965013197,0.0034268634998295693,0.030275999999999997,0.02684913650017043,5.753968253968254e-06
2011-01-07,0.8447511089206506,17.14,2138.81,121.22,0.14,0.0003146633102580731,-0.0018451180854850702,0.0035440101404069137,0.029377959999999998,0.025833949859593086,5.555555555555557e-06
2011-01-10,0.8564453124999999,17.54,2135.86,121.47,0.14,7.878668505026681e-05,-0.001380223721745365,0.003587366716863028,0.03076516,0.02717779328313697,5.555555555555557e-06
2011-01-11,0.8386295928500497,16.89,2143.82,122.29,0.15,0.0003139717425432202,0.00371990858149153,0.0033900094986556327,0.028527209999999997,0.025137200501344364,5.9523809523809525e-06
2011-01-12,0.844513780551222,16.24,2163.36,121.94,0.147,7.769705916646072e-05,0.009073284168072814,0.004076269721731245,0.026373759999999996,0.02229749027826875,5.833333333333333e-06
2011-01-13,0.8536458333333334,16.39,2159.66,121.29,0.145,0.0003108486167235937,-0.001711766729490821,0.004216503619341451,0.026863210000000005,0.022646706380658556,5.753968253968254e-06
2011-01-14,0.8415895481763745,15.46,2175.68,123.52,0.15,7.730066092058056e-05,0.007390457457137595,0.003960150100311189,0.023901160000000005,0.019941009899688816,5.9523809523809525e-06
2011-01-18,0.8634385201305768,15.87,2178.72,128.16,0.15,7.699711260820716e-05,0.0013962890381703085,0.0037591819696815945,0.025185689999999993,0.021426508030318397,5.9523809523809525e-06
2011-01-19,0.8813645621181262,17.31,2156.97,123.41,0.16,7.793928529668294e-05,-0.01003308928967023,0.005501493840653234,0.02996360999999999,0.024462116159346757,6.349206349206349e-06
2011-01-20,0.9040201005025126,17.99,2154.18,126.19,0.16,7.815247547958974e-05,-0.0012943184020495165,0.005576911446114897,0.03236400999999999,0.026787098553885093,6.349206349206349e-06
2011-01-21,0.9248873309964948,18.47,2159.43,133.99,0.155,7.787858728235586e-05,0.002434157279976959,0.005289408673901907,0.03411408999999999,0.028824681326098084,6.1507936507936505e-06
2011-01-24,0.9014300306435138,17.65,2172.03,131.86,0.155,0.00038692203520999317,0.005817916148613299,0.005490591666341288,0.031152249999999996,0.02566165833365871,6.1507936507936505e-06
2011-01-25,0.9095139607032058,17.59,2172.67,134.61,0.155,0.0003097893432465307,0.00029461182803364633,0.005399702599010226,0.03094081,0.025541107400989773,6.1507936507936505e-06
2011-01-26,0.8841657810839533,16.64,2181.92,131.76,0.16,7.706238199837651e-05,0.004248397168354748,0.005491717203027476,0.02768896,0.02219724279697252,6.349206349206349e-06
2011-01-27,0.8739177489177489,16.15,2186.93,130.56,0.145,0.00015388166499947535,0.0022935107390409178,0.005491243760140468,0.02608224999999999,0.020591006239859523,5.753968253968254e-06
2011-01-28,0.9732880038853812,20.04,2147.95,128.23,0.145,7.839140830157884e-05,-0.017984834958145506,0.010094430789973649,0.04016016,0.03006572921002635,5.753968253968254e-06
2011-01-31,0.9692307692307693,19.53,2164.4,130.3,0.15,0.0001554243083619073,0.007629287878160908,0.010596135328708307,0.038142090000000003,0.027545954671291697,5.9523809523809525e-06
2011-02-01,0.9293621507643648,17.63,2200.54,129.0,0.155,7.653744594535919e-05,0.016559598004243024,0.013415404304930266,0.031081689999999995,0.017666285695069728,6.1507936507936505e-06
2011-02-02,0.9062336301728654,17.3,2194.94,127.52,0.155,0.00022994672900778862,-0.002548073489091649,0.01243970427923919,0.029929000000000004,0.017489295720760814,6.1507936507936505e-06
2011-02-03,0.8821353065539111,16.69,2200.42,127.13,0.147,7.648476041141845e-05,0.002493539932763174,0.012369363749220057,0.027855610000000006,0.01548624625077995,5.833333333333333e-06
2011-02-04,0.8690671031096564,15.93,2206.8,127.45,0.15,7.623985056982354e-05,0.0028952511817809156,0.012221265714210974,0.025376489999999998,0.013155224285789024,5.9523809523809525e-06
2011-02-07,0.891566265060241,16.28,2220.6,127.63,0.147,7.576044547135046e-05,0.006233927221889549,0.012369189566216916,0.02650384,0.014134650433783084,5.833333333333333e-06
2011-02-08,0.8857142857142857,15.81,2230.59,129.54,0.15,7.54233133460867e-05,0.004488694831504468,0.012284883507142803,0.024995610000000005,0.012710726492857202,5.9523809523809525e-06
2011-02-09,0.8885778275475924,15.87,2224.64,129.33,0.136,7.556579891934035e-05,-0.002671019694806607,0.012414855069388444,0.025185689999999993,0.01277083493061155,5.396825396825397e-06
2011-02-10,0.8889502762430939,16.09,2226.51,129.24,0.115,0.00022680022680023542,0.0008402323489513434,0.012385152053405624,0.025888809999999995,0.013503657946594371,4.563492063492064e-06
2011-02-11,0.8784994400895857,15.69,2239.08,131.31,0.117,7.509480719401424e-05,0.005629730091343674,0.011896481258188183,0.024617609999999995,0.012721128741811812,4.642857142857143e-06
2011-02-14,0.8890746934225194,15.95,2244.89,127.41,0.115,0.0,0.002591455005938006,0.011755417952966234,0.02544025,0.013684832047033767,4.563492063492064e-06
2011-02-15,0.8960043787629995,16.37,2237.9,131.78,0.125,7.515689000782312e-05,-0.0031185960819869307,0.011611611842976186,0.026797690000000002,0.015186078157023816,4.96031746031746e-06
2011-02-16,0.9126637554585152,16.72,2252.3,130.69,0.112,0.0,0.006413990186223591,0.011920516063932202,0.027955839999999996,0.016035323936067793,4.444444444444445e-06
2011-02-17,0.890499194847021,16.59,2259.42,130.97,0.094,7.450732034415605e-05,0.003156226853903948,0.010147617448209894,0.027522809999999998,0.017375192551790104,3.73015873015873e-06
2011-02-18,0.8693121693121694,16.43,2263.79,136.43,0.094,0.0005940888162779154,0.0019322566759704912,0.00998763629376612,0.02699449,0.01700685370623388,3.73015873015873e-06
2011-02-22,0.975609756097561,20.8,2217.35,125.9,0.106,0.00015169902912607561,-0.020727610684367563,0.016383915162470675,0.04326400000000001,0.026880084837529336,4.206349206349206e-06
2011-02-23,0.9848687138406764,22.13,2203.89,124.53,0.122,0.00038169395778473505,-0.006088808381441271,0.016717677282856017,0.04897369,0.032256012717143984,4.841269841269841e-06
2011-02-24,0.9577717879604671,21.32,2202.23,124.68,0.122,7.651402119431428e-05,-0.0007534974438007911,0.016741393074791493,0.04545424,0.028712846925208507,4.841269841269841e-06
2011-02-25,0.9343704423918326,19.22,2226.05,128.76,0.13,7.557150954104914e-05,0.010758231070544473,0.01784130259590095,0.036940839999999996,0.019099537404099046,5.158730158730158e-06
2011-02-28,0.9175000000000001,18.35,2238.55,129.37,0.14,7.51343025657681e-05,0.00559962041939758,0.018084108571482817,0.03367225000000001,0.01558814142851719,5.555555555555557e-06
2011-03-01,0.9593607305936075,21.01,2203.32,122.43,0.14,0.00022973542137306077,-0.01586302109544369,0.017117088517660077,0.04414201,0.027024921482339925,5.555555555555557e-06
2011-03-02,0.9547970479704797,20.7,2207.24,123.06,0.127,7.631548822826653e-05,0.0017775525249246304,0.016581680875508733,0.042849,0.026267319124491265,5.03968253968254e-06
2011-03-03,0.9099804305283757,18.6,2245.33,125.71,0.126,7.493724006138039e-05,0.017109637445360197,0.01680190716724522,0.03459600000000001,0.01779409283275479,5e-06
2011-03-04,0.9163461538461537,19.06,2228.78,125.9,0.116,7.549733871895608e-05,-0.007398153145722814,0.01751289038624025,0.03632836,0.018815469613759746,4.603174603174603e-06
2011-03-07,0.9455377574370709,20.66,2210.26,122.95,0.105,0.0,-0.008344194895908444,0.018440331481491615,0.04268356,0.024243228518508388,4.166666666666666e-06
2011-03-08,0.924009324009324,19.82,2230.4,123.37,0.11,0.0002264578222306181,0.009070785915455171,0.019315481708221078,0.039283240000000004,0.019967758291778926,4.365079365079366e-06
2011-03-09,0.9266727772685609,20.22,2227.7,122.6,0.096,0.000303007347928127,-0.0012112784953766263,0.01890608793482768,0.04088484,0.02197875206517232,3.80952380952381e-06
2011-03-10,0.9613356766256589,21.88,2185.65,119.26,0.072,7.69852573233714e-05,-0.01905639594285485,0.022985431714236598,0.047873439999999996,0.0248880082857634,2.857142857142857e-06
2011-03-11,0.9181527206218563,20.08,2201.81,118.54,0.074,0.00015257857796773143,0.007366482236593362,0.023763978061441426,0.04032063999999999,0.016556661938558564,2.9365079365079366e-06
2011-03-14,0.9395286794130725,21.13,2188.56,121.52,0.079,0.00015382248884794828,-0.00603595607104686,0.02410064985704445,0.04464769,0.020547040142955546,3.134920634920635e-06
2011-03-15,1.012068248023304,24.32,2164.06,121.52,0.094,0.00031133250311326307,-0.01125770627898576,0.024778683561069804,0.05914624,0.0343675564389302,3.73015873015873e-06
2011-03-16,1.092530657748049,29.4,2121.94,122.46,0.089,7.906700929041404e-05,-0.01965532245242102,0.028355117487870594,0.08643599999999999,0.058080882512129395,3.5317460317460317e-06
2011-03-17,1.036556603773585,26.37,2150.43,125.85,0.079,0.0007041978013378913,0.013337057562261603,0.03142360538903864,0.06953769,0.03811408461096136,3.134920634920635e-06
2011-03-18,1.0041084634346755,24.44,2159.69,126.81,0.069,0.0001563966218329373,0.004296870735549481,0.031033904577885334,0.059731360000000004,0.02869745542211467,2.7380952380952382e-06
2011-03-21,0.9389521640091116,20.61,2192.09,124.59,0.074,7.710992019116247e-05,0.014890733759269885,0.03421085414027056,0.04247721,0.008266355859729443,2.9365079365079366e-06
2011-03-22,0.931336405529954,20.21,2184.57,120.83,0.091,7.738440704191066e-05,-0.003436413795116589,0.034100409408789854,0.04084441,0.006744000591210143,3.611111111111111e-06
2011-03-23,0.9159101767797421,19.17,2190.96,120.75,0.089,7.714561234322781e-05,0.0029207911008575843,0.029469832328521756,0.036748890000000006,0.00727905767147825,3.5317460317460317e-06
2011-03-24,0.8964143426294822,18.0,2211.42,119.97,0.079,0.0,0.009295039186965984,0.030170347855903498,0.0324,0.0022296521440965007,3.134920634920635e-06
2011-03-25,0.8941587618572141,17.91,2218.42,121.43,0.085,0.00030432136335986355,0.0031603876556993765,0.030263832765890796,0.032076810000000004,0.001812977234109208,3.3730158730158734e-06
2011-03-28,0.9319271332694152,19.44,2212.32,122.68,0.084,7.654916370031696e-05,-0.002753492127292493,0.028910268226920572,0.03779136000000001,0.008881091773079438,3.3333333333333333e-06
2011-03-29,0.9093640460691037,18.16,2228.41,124.11,0.099,0.0003029155622869522,0.007246588020964813,0.029187450266615636,0.032978560000000004,0.003791109733384368,3.928571428571429e-06
2011-03-30,0.8967088607594937,17.71,2243.55,123.5,0.094,7.53097111871891e-05,0.006771106112172457,0.026410455724822757,0.03136441,0.004953954275177246,3.73015873015873e-06
2011-03-31,0.8941532258064515,17.74,2239.44,124.64,0.094,7.546885023199808e-05,-0.001833598179569053,0.026483590293333976,0.03147075999999999,0.004987169706666017,3.73015873015873e-06
2011-04-01,0.8882082695252679,17.4,2250.58,128.64,0.061,7.510608734852476e-05,0.004962126163384653,0.02322789733292035,0.030275999999999997,0.007048102667079649,2.4206349206349204e-06
2011-04-04,0.9025270758122743,17.5,2251.64,128.05,0.038,7.49934380741003e-05,0.0004708788195981868,0.022481853107800237,0.030624999999999996,0.008143146892199759,1.5079365079365078e-06
2011-04-05,0.8891752577319588,17.25,2251.26,128.06,0.068,0.0002254029076975178,-0.00016878011987909203,0.021464716065441286,0.029756249999999995,0.008291533934558708,2.6984126984126986e-06
2011-04-06,0.87203302373581,16.9,2257.11,125.18,0.058,0.00022494657518840126,0.002595174434785903,0.02063052402094273,0.028560999999999996,0.007930475979057265,2.3015873015873014e-06
2011-04-07,0.8774358974358974,17.11,2253.76,126.46,0.038,0.0001500712838599102,-0.0014853013347203594,0.020643703873628613,0.02927521,0.008631506126371386,1.5079365079365078e-06
2011-04-08,0.8912718204488779,17.87,2244.74,125.92,0.041,7.527569724107724e-05,-0.0040102310051194235,0.015924872634909503,0.03193369,0.016008817365090498,1.626984126984127e-06
2011-04-11,0.8290854572713643,16.59,2238.51,122.94,0.038,7.55486722320168e-05,-0.00277923560368953,0.015601477706577504,0.027522809999999998,0.011921332293422494,1.5079365079365078e-06
2011-04-12,0.8406296114117069,17.09,2221.12,121.94,0.048,0.00022854530910753926,-0.007798892797017765,0.015941897603797876,0.02920681,0.013264912396202123,1.904761904761905e-06
2011-04-13,0.846423211605803,16.92,2221.77,124.55,0.053,0.00015227653418594343,0.00029260233975517385,0.01406137071318389,0.028628640000000007,0.014567269286816117,2.103174603174603e-06
2011-04-14,0.815130260521042,16.27,2221.99,125.09,0.068,0.00015211439002137383,9.901524842908679e-05,0.008335698811214794,0.026471289999999995,0.018135591188785202,2.6984126984126986e-06
2011-04-15,0.7991653625456442,15.32,2230.71,130.45,0.063,7.558293337357549e-05,0.003916729691030118,0.006755316302264031,0.02347024,0.01671492369773597,2.5e-06
2011-04-18,0.8514056224899598,16.96,2206.15,129.37,0.053,7.66136755410144e-05,-0.011071005555107163,0.008601242454453883,0.02876416,0.020162917545546118,2.103174603174603e-06
2011-04-19,0.8253388946819604,15.83,2218.86,129.4,0.056,7.604851895502418e-05,0.005744635584266913,0.006406615653258245,0.02505889,0.018652274346741757,2.2222222222222225e-06
2011-04-20,0.8154761904761905,15.07,2248.9,131.13,0.058,0.00030014256771960715,0.013447657304846802,0.008119428298921712,0.02271049,0.014591061701078288,2.3015873015873014e-06
2011-04-21,0.8005449591280653,14.69,2260.84,131.78,0.053,0.0004492026652691643,0.005295217861394423,0.008279156991342174,0.021579610000000003,0.013300453008657828,2.103174603174603e-06
2011-04-25,0.8501347708894879,15.77,2257.24,130.88,0.048,0.0001497454327641645,-0.0015935976175129533,0.007561645915652017,0.024869290000000002,0.017307644084347984,1.904761904761905e-06
2011-04-26,0.8549534756431308,15.62,2277.51,127.45,0.058,0.00014863258026145816,0.008939912895516093,0.008280540773669928,0.02439844,0.01611789922633007,2.3015873015873014e-06
2011-04-27,0.8575418994413408,15.35,2292.13,126.93,0.053,0.00029496349826703075,0.006398775345017444,0.00836194283346549,0.02356225,0.01520030716653451,2.103174603174603e-06
2011-04-28,0.8344748858447488,14.62,2300.46,124.99,0.041,0.00014709127013298382,0.003627586671052534,0.008012136428201328,0.021374439999999998,0.01336230357179867,1.626984126984127e-06
2011-04-29,0.8428571428571429,14.75,2305.76,127.45,0.041,7.310208706472696e-05,0.0023012371701442557,0.007659872693687647,0.021756249999999998,0.01409637730631235,1.626984126984127e-06
2011-05-02,0.8694942903752039,15.99,2301.72,124.15,0.033,7.342413451294765e-05,-0.0017536705684546726,0.007653632854463153,0.025568010000000006,0.017914377145536852,1.3095238095238096e-06
2011-05-03,0.8738880167451596,16.7,2293.95,127.49,0.025,7.370011423511003e-05,-0.003381447059354917,0.007720333892464412,0.027888999999999994,0.020168666107535583,9.92063492063492e-07
2011-05-04,0.8786008230452673,17.08,2278.63,125.29,0.018,0.00014840097944654029,-0.006700837305787248,0.008416701513297558,0.029172639999999993,0.020755938486702437,7.142857142857142e-07
2011-05-05,0.9173387096774194,18.2,2258.08,124.89,0.013,0.00022393908856791807,-0.009059490490757884,0.009530177975762427,0.033124,0.023593822024237574,5.158730158730158e-07
2011-05-06,0.9241587142139628,18.4,2266.97,124.61,0.008,0.00014928715384027625,0.003929243406233508,0.009633938420015885,0.033856,0.024222061579984112,3.174603174603175e-07
2011-05-09,0.89375,17.16,2277.3,124.67,0.008,0.0001483899688379716,0.0045463926189020015,0.009813200658617873,0.02944656,0.019633359341382127,3.174603174603175e-07
2011-05-10,0.8660860097985846,15.91,2295.72,126.23,0.028,0.00014722119985285408,0.008055989092457864,0.010190488460365245,0.025312809999999998,0.015122321539634753,1.1111111111111112e-06
2011-05-11,0.889763779527559,16.95,2271.47,126.23,0.018,0.0,-0.010619320802898409,0.01168846172024428,0.028730249999999995,0.017041788279755714,7.142857142857142e-07
2011-05-12,0.8693058568329718,16.03,2282.84,122.59,0.018,0.0002957267484843416,0.0049930828696317184,0.010913671324256491,0.025696089999999998,0.014782418675743507,7.142857142857142e-07
2011-05-13,0.8951232302045097,17.07,2264.52,121.9,0.025,0.0002987973407036083,-0.008057465921018846,0.011963422622403656,0.029138489999999996,0.01717506737759634,9.92063492063492e-07
2011-05-16,0.9179667840966279,18.24,2250.61,123.58,0.023,7.515124187420362e-05,-0.006161525363403948,0.0125613147159986,0.033269759999999995,0.020708445284001398,9.126984126984127e-07
2011-05-17,0.9023136246786633,17.55,2250.35,121.14,0.038,7.516818882242195e-05,-0.00011553090909023285,0.012420360025664243,0.030800250000000005,0.01837988997433576,1.5079365079365078e-06
2011-05-18,0.8758769562871019,16.23,2270.57,121.14,0.041,0.00014886490509869913,0.00894514161986355,0.011433272115289978,0.02634129,0.014908017884710021,1.626984126984127e-06
2011-05-19,0.8541552008805723,15.52,2275.71,127.16,0.043,7.425283088932115e-05,0.0022611903314622016,0.011194917060326744,0.02408704,0.012892122939673257,1.7063492063492063e-06
2011-05-20,0.9149606299212598,17.43,2258.21,129.15,0.046,0.00022499718753516437,-0.0077196275654891665,0.010040976254595992,0.030380490000000003,0.020339513745404013,1.8253968253968254e-06
2011-05-23,0.9231935320869126,18.27,2231.31,124.78,0.048,0.0,-0.011983607119645334,0.011403652077193724,0.03337929,0.021975637922806275,1.904761904761905e-06
2011-05-24,0.9295774647887324,17.82,2229.49,123.13,0.053,0.00015167602002131222,-0.0008159971758372939,0.011391948901110043,0.03175524,0.020363291098889954,2.103174603174603e-06
2011-05-25,0.904610492845787,17.07,2236.75,123.14,0.048,0.00022700616700087884,0.003251059680841016,0.01041424251562872,0.029138489999999996,0.01872424748437128,1.904761904761905e-06
2011-05-26,0.8845519516217701,16.09,2246.13,125.43,0.048,7.510044684759043e-05,0.004184815872420015,0.010068085057478401,0.025888809999999995,0.015820724942521593,1.904761904761905e-06
2011-05-27,0.8814120242691672,15.98,2255.74,125.43,0.046,7.490917262812018e-05,0.004269343449286299,0.010147305826168719,0.02553604,0.01538873417383128,1.8253968253968254e-06
2011-05-31,0.8798405466970387,15.45,2279.66,123.91,0.048,7.408230544148851e-05,0.010548230272145716,0.011635989708085272,0.02387025,0.012234260291914727,1.904761904761905e-06
2011-06-01,0.9452479338842976,18.3,2227.96,119.33,0.043,7.585239124656506e-05,-0.022939940456910123,0.017669138100519937,0.033489,0.01581986189948006,1.7063492063492063e-06
2011-06-02,0.9363354037267081,18.09,2225.36,119.2,0.038,0.0002276953436302314,-0.001167668299342517,0.01762583047876989,0.03272481,0.01509897952123011,1.5079365079365078e-06
2011-06-03,0.9219311761684643,17.95,2203.81,116.8,0.033,7.686690495400212e-05,-0.009731019605079595,0.01813731149707789,0.03222025,0.01408293850292211,1.3095238095238096e-06
2011-06-06,0.9263527054108215,18.49,2180.14,116.02,0.025,7.748634303197012e-05,-0.01079858575563213,0.018500963722291795,0.03418800999999999,0.015687046277708196,9.92063492063492e-07
2011-06-07,0.9266666666666666,18.07,2178.15,116.07,0.038,0.0002324770428920232,-0.0009132022597369342,0.018098757228328953,0.03265249,0.014553732771671046,1.5079365079365078e-06
2011-06-08,0.9418546365914787,18.79,2169.5,118.76,0.036,0.00015593326056455818,-0.003979166406450803,0.01758531157268537,0.035306409999999996,0.017721098427314626,1.4285714285714284e-06
2011-06-09,0.9226375908618898,17.77,2185.52,117.27,0.038,7.734251131149174e-05,0.007357060247067917,0.017408610937048374,0.03157729,0.014168679062951627,1.5079365079365078e-06
2011-06-10,0.9378418697165589,18.86,2155.0,122.65,0.043,0.00039211073207082593,-0.014063062947625007,0.018269203855366675,0.03556996,0.017300756144633323,1.7063492063492063e-06
2011-06-13,0.9593933463796477,19.61,2157.15,120.99,0.041,0.00023486123615298185,0.0009971824626501646,0.017705627440599815,0.03845521,0.02074958255940018,1.626984126984127e-06
2011-06-14,0.9397838394235719,18.26,2184.48,125.3,0.048,7.723498744924429e-05,0.012589907935943157,0.020032156928240098,0.033342760000000006,0.013310603071759908,1.904761904761905e-06
2011-06-15,0.9971936389148738,21.32,2146.45,124.32,0.048,0.0002359325232983456,-0.01756249927711506,0.022869860746019398,0.04545424,0.022584379253980602,1.904761904761905e-06
2011-06-16,1.0053073861123396,22.73,2150.58,122.35,0.036,0.0001569365976145325,0.0019222585235488317,0.0230296341672539,0.05166529,0.028635655832746104,1.4285714285714284e-06
2011-06-20,0.9420358152686145,19.99,2168.8,117.44,0.023,0.00015650676891772457,0.008436446001580574,0.02289038838398814,0.03996001,0.017069621616011856,9.126984126984127e-07
2011-06-21,0.9199999999999999,18.86,2198.15,116.52,0.023,0.00023213525747669853,0.013442078308657453,0.025642909567413174,0.03556996,0.009927050432586824,9.126984126984127e-07
2011-06-22,0.8938223938223938,18.52,2184.03,114.74,0.015,7.785433454000471e-05,-0.006444303458922943,0.02546740006016589,0.03429904,0.008831639939834112,5.952380952380952e-07
2011-06-23,0.9216435738174868,19.29,2177.85,116.79,0.008,0.00023407326493193252,-0.002833642436384089,0.024075630781335917,0.03721040999999999,0.013134779218664076,3.174603174603175e-07
2011-06-24,0.9625912408759124,21.1,2152.31,115.92,0.01,0.00023654642223537264,-0.011796467646021169,0.02542873140675798,0.04452100000000001,0.01909226859324203,3.9682539682539683e-07
2011-06-27,0.9562790697674418,20.56,2172.08,119.46,0.015,7.806096561429551e-05,0.009143549836267119,0.026577260213917688,0.042271359999999994,0.015694099786082306,5.952380952380952e-07
2011-06-28,0.9342105263157896,19.17,2200.68,122.15,0.025,7.702676680161238e-05,0.013081169708691552,0.028778396336194684,0.036748890000000006,0.007970493663805322,9.92063492063492e-07
2011-06-29,0.8892893923789906,17.27,2219.2,128.73,0.025,7.641462575930084e-05,0.008380367063823056,0.02952434377645422,0.029825289999999997,0.00030094622354577896,9.92063492063492e-07
2011-06-30,0.8736118455843469,16.52,2241.66,122.09,0.015,7.580639047864841e-05,0.010069892259245513,0.029390565589299308,0.027291039999999996,-0.002099525589299312,5.952380952380952e-07
2011-07-01,0.8851087562744004,15.87,2274.26,119.63,0.018,7.465193535156827e-05,0.014438061926665502,0.02530220097374117,0.025185689999999993,-0.00011651097374117819,7.142857142857142e-07
2011-07-05,0.8868028713418,16.06,2271.29,121.78,0.0,7.457955774315475e-05,-0.0013067727437361086,0.025309959735829494,0.025792359999999997,0.00048240026417050233,0.0
2011-07-06,0.8875611080934275,16.34,2274.42,121.51,0.008,0.0,0.0013771228233486164,0.023794374924719964,0.026699559999999997,0.0029051850752800333,3.174603174603175e-07
2011-07-07,0.8975801913337085,15.95,2298.31,121.86,0.023,0.00022121446742617805,0.010448995397403195,0.022625794927748168,0.02544025,0.0028144550722518334,9.126984126984127e-07
2011-07-08,0.8880846325167037,15.95,2282.32,119.68,0.025,7.426937502335273e-05,-0.006981600762192216,0.023591734986256958,0.02544025,0.0018485150137430434,9.92063492063492e-07
2011-07-11,0.9204204204204204,18.39,2241.07,123.08,0.015,0.00022673166307675727,-0.018239039092877343,0.028261178180075053,0.03381921,0.005558031819924949,5.952380952380952e-07
2011-07-12,0.9493549928332538,19.87,2231.15,119.21,0.023,0.00038027151386076693,-0.004436282771999,0.028203039864286506,0.03948169000000001,0.0112786501357135,9.126984126984127e-07
2011-07-13,0.954916067146283,19.91,2238.29,124.79,0.0,7.590997077480795e-05,0.003195033862811741,0.02523312750133447,0.03964081,0.014407682498665527,0.0
2011-07-14,0.9634089856415007,20.8,2223.29,126.63,0.008,7.625147737252148e-05,-0.006724100662487049,0.026105880725608745,0.04326400000000001,0.017158119274391266,3.174603174603175e-07
2011-07-15,0.9326647564469914,19.53,2235.65,129.24,0.008,0.00015163002274458102,0.005543932709222158,0.02472153142703546,0.038142090000000003,0.013420558572964543,3.174603174603175e-07
2011-07-18,0.9592490842490842,20.95,2217.55,123.92,0.008,0.00030644296330361193,-0.008129030662119573,0.02135228888998836,0.04389025,0.022537961110011637,3.174603174603175e-07
2011-07-19,0.9370731707317074,19.21,2253.71,126.12,0.018,0.0006785027705530056,0.016174764318725006,0.02392295325052225,0.03690241000000001,0.012979456749477761,7.142857142857142e-07
2011-07-20,0.9371624938635248,19.09,2252.52,122.97,0.018,0.0003016136329361487,-0.0005281576961950606,0.02348534624570508,0.03644280999999999,0.012957463754294914,7.142857142857142e-07
2011-07-21,0.9145833333333333,17.56,2283.23,122.42,0.038,7.422527370562929e-05,0.013541517623266653,0.023514629429492624,0.030835359999999992,0.007320730570507368,1.5079365079365078e-06
2011-07-22,0.9125,17.52,2285.34,121.59,0.033,7.430800668786422e-05,0.0009237026684610767,0.02263378145916089,0.03069504,0.008061258540839111,1.3095238095238096e-06
2011-07-25,0.9550839091806516,19.35,2272.47,119.45,0.035,7.472445357757764e-05,-0.005647464113746427,0.023082825946755415,0.03744225,0.014359424053244588,1.3888888888888892e-06
2011-07-26,0.9684059358544759,20.23,2263.15,120.12,0.069,7.51343025657681e-05,-0.004109697513281912,0.02111451487499226,0.04092529,0.019810775125007743,2.7380952380952382e-06
2011-07-27,1.0127809607756721,22.98,2217.29,119.44,0.079,0.0001533389557617897,-0.020471918671928005,0.0266001088332509,0.05280804,0.0262079311667491,3.134920634920635e-06
2011-07-28,1.0344226579520697,23.74,2210.33,120.36,0.074,0.0001536216299253538,-0.0031439038276975615,0.02481171633723458,0.05635875999999999,0.03154704366276541,2.9365079365079366e-06
2011-07-29,1.1021388040157136,25.25,2196.08,120.65,0.094,0.0006170458927881533,-0.006467872793091118,0.024399590593847553,0.06375625,0.03935665940615245,3.73015873015873e-06
2011-08-01,1.0571939231456657,23.66,2187.0,118.64,0.076,7.787252268030141e-05,-0.00414321116159709,0.023038381423435967,0.055979560000000005,0.032941178576564034,3.0158730158730155e-06
2011-08-02,1.0504237288135592,24.79,2131.1,116.08,0.058,0.000239492276374096,-0.025892463353487633,0.026688456793293756,0.061454409999999994,0.03476595320670624,2.3015873015873014e-06
2011-08-03,1.0112456747404843,23.38,2142.56,117.27,0.013,7.941234862025107e-05,0.005363097423975837,0.02752304100324034,0.05466243999999999,0.027139398996759653,5.158730158730158e-07
2011-08-04,1.1085434173669468,31.66,2040.2,113.17,0.008,0.0003321155762204587,-0.04895353349883748,0.052650545133103153,0.10023556,0.04758501486689685,3.174603174603175e-07
2011-08-05,1.081446434606286,32.0,2039.04,119.36,0.008,0.00016630633627137887,-0.0005687334068442864,0.049769247999617634,0.1024,0.05263075200038237,3.174603174603175e-07
2011-08-08,1.2598425196850394,48.0,1903.47,121.06,0.023,0.0002685404824777437,-0.0688005725845117,0.09762517158768605,0.2304,0.13277482841231394,9.126984126984127e-07
2011-08-09,1.1284196974573544,35.06,1993.76,124.51,0.028,8.500148752607518e-05,0.04634376693749475,0.13205985881001825,0.12292036000000002,-0.009139498810018229,1.1111111111111112e-06
2011-08-10,1.1752323674138874,42.99,1906.53,118.65,0.013,0.000265592492585553,-0.04473746737951551,0.15040057281245897,0.18481401,0.03441343718754103,5.158730158730158e-07
2011-08-11,1.153163808397398,39.0,1995.14,119.99,0.013,8.520427725476177e-05,0.045429387485337626,0.18317467917935237,0.1521,-0.03107467917935236,5.158730158730158e-07
2011-08-12,1.1102290076335877,36.36,2005.67,119.79,0.013,0.000422886624096176,0.005263946208267948,0.18452221687317644,0.13220495999999998,-0.052317256873176454,5.158730158730158e-07
2011-08-15,1.0595079787234043,31.87,2049.51,121.76,0.003,0.0005815644082582759,0.021622570662680352,0.19185829888662212,0.10156968999999999,-0.09028860888662213,1.1904761904761906e-07
2011-08-16,1.0791721419185283,32.85,2029.92,122.41,0.008,0.0008350033400134313,-0.009604356779039458,0.19203273843419896,0.10791225000000002,-0.08412048843419895,3.174603174603175e-07
2011-08-17,1.0516150516150515,31.58,2032.41,126.16,0.008,0.00033467202141906167,0.0012258976064652629,0.1870352488831957,0.09972963999999998,-0.08730560888319572,3.174603174603175e-07
2011-08-18,1.1658469945355192,42.67,1941.92,124.44,0.003,0.0003480985118789161,-0.04554510664070212,0.20636941630906028,0.18207289000000001,-0.024296526309060262,1.1904761904761906e-07
2011-08-19,1.1358839050131926,43.05,1912.77,124.05,0.003,0.0003540763034433216,-0.015124721151232416,0.20134427404547325,0.18533025,-0.016014024045473252,1.1904761904761906e-07
2011-08-22,1.1092524830109776,42.44,1913.27,119.4,-0.003,0.0006199353495993216,0.00026136684553546924,0.2011934100649205,0.18011536,-0.0210780500649205,-1.1904761904761906e-07
2011-08-23,1.0425409600459903,36.27,1978.89,124.05,0.008,8.59069627592535e-05,0.033722261377289175,0.22258541488949304,0.13155129000000002,-0.09103412488949303,3.174603174603175e-07
2011-08-24,1.0316091954022988,35.9,2005.13,123.37,-0.008,8.495094083171317e-05,0.01317281511437676,0.22724863932784167,0.128881,-0.09836763932784168,-3.174603174603175e-07
2011-08-25,1.0860420650095601,39.76,1973.96,120.81,-0.003,8.600301010539768e-05,-0.015667219180418232,0.22574487671024643,0.15808575999999996,-0.06765911671024646,-1.1904761904761906e-07
2011-08-26,1.0342923568730022,35.59,2004.11,122.97,-0.003,8.464891861010807e-05,0.015158394554301043,0.2308675814332549,0.12666481000000004,-0.10420277143325485,-1.1904761904761906e-07
2011-08-29,1.0093808630393997,32.28,2061.05,122.97,0.003,0.0002471271469170982,0.028015489746213335,0.24356918527867474,0.10419984000000002,-0.13936934527867473,1.1904761904761906e-07
2011-08-30,1.0129350169387128,32.89,2066.37,119.9,0.008,8.262755629006499e-05,0.002577883009804005,0.24392133215645692,0.10817521000000002,-0.1357461221564569,3.174603174603175e-07
2011-08-31,0.9984212188190716,31.62,2076.78,120.01,0.013,8.168266285485085e-05,0.005025172589171533,0.23732370377390738,0.09998244000000002,-0.13734126377390737,5.158730158730158e-07
2011-09-01,0.994685839324789,31.82,2052.3,120.23,0.013,0.0003314001657000169,-0.011857501828029958,0.2380213712564661,0.10125123999999999,-0.13677013125646612,5.158730158730158e-07
2011-09-02,1.003847292098254,33.92,2000.5,119.33,0.018,0.0,-0.02556396613777237,0.21694021564669444,0.11505664,-0.10188357564669444,7.142857142857142e-07
2011-09-06,1.0457885811192764,37.0,1985.67,121.04,0.02,0.00017089635136298582,-0.0074407606407900445,0.21744335508660165,0.1369,-0.08054335508660165,7.936507936507937e-07
2011-09-07,1.012742718446602,33.38,2043.05,118.75,0.02,0.0,0.02848740067466368,0.16544376170907749,0.11142244000000003,-0.05402132170907746,7.936507936507937e-07
2011-09-08,1.0180955206170275,34.32,2021.42,118.59,0.013,0.00016781339150860898,-0.010643554606768362,0.14270030605726924,0.11778624,-0.024914066057269244,5.158730158730158e-07
2011-09-09,1.0513100436681224,38.52,1967.47,116.9,0.008,0.0004296086265411966,-0.027051781325451038,0.12622273871210393,0.14837904000000005,0.022156301287896113,3.174603174603175e-07
2011-09-12,1.0412844036697249,38.59,1981.3,117.23,0.008,8.557614137182933e-05,0.0070047415012693594,0.10140162886935467,0.14891881,0.04751718113064535,3.174603174603175e-07
2011-09-13,1.02357182473655,36.91,2000.08,118.05,0.003,0.00016996685646307667,0.00943398484189039,0.10219829449281108,0.13623480999999998,0.034036515507188905,1.1904761904761906e-07
2011-09-14,0.9897025171624714,34.6,2027.04,115.73,0.003,8.377665144728451e-05,0.01338942111163945,0.098497986327613,0.11971600000000002,0.021218013672387015,1.1904761904761906e-07
2011-09-15,0.9537589498806681,31.97,2062.25,120.0,0.003,0.0001644736842104936,0.017221018887097976,0.10099552763601427,0.10220808999999999,0.001212562363985717,1.1904761904761906e-07
2011-09-16,0.9402124430955994,30.98,2074.06,123.27,0.003,8.215914225859685e-05,0.005710419234807393,0.10129036428456777,0.09597604000000001,-0.0053143242845677535,1.1904761904761906e-07
2011-09-19,0.9680567879325642,32.73,2053.74,120.76,0.003,0.00033241918058665373,-0.00984551777783871,0.07474113229977543,0.10712528999999998,0.032384157700224556,1.1904761904761906e-07
2011-09-20,0.9773944080904224,32.86,2050.39,120.61,0.008,8.324661810606372e-05,-0.00163250225699326,0.07087670766087162,0.10797796,0.03710125233912838,3.174603174603175e-07
2011-09-21,1.0312240950538825,37.32,1990.2,120.18,0.008,0.00017211703958688488,-0.029794882759754646,0.08402516359397182,0.13927823999999997,0.055253076406028154,3.174603174603175e-07
2011-09-22,1.0561941251596425,41.35,1926.76,119.37,0.003,0.000442028024576733,-0.032395300449493646,0.0834245076656062,0.17098225000000003,0.08755774233439383,1.1904761904761906e-07
2011-09-23,1.042983565107459,41.25,1938.73,118.24,-0.003,0.00026400316803802643,0.006193283780761473,0.0814685913060053,0.17015624999999998,0.08868765869399468,-1.1904761904761906e-07
2011-09-26,1.026032079936892,39.02,1983.97,120.34,0.003,0.00017180654582936192,0.02306676825042376,0.08574501169821375,0.15225604000000004,0.06651102830178629,1.1904761904761906e-07
2011-09-27,1.013437248051599,37.71,2005.19,119.55,0.013,0.0001701403658017526,0.010638931580447623,0.08429115408474676,0.14220441,0.057913255915253245,5.158730158730158e-07
2011-09-28,1.039473684210526,41.08,1964.2,118.21,0.008,0.00017320516151390173,-0.02065378161952684,0.07838695880443401,0.16875663999999999,0.09036968119556597,3.174603174603175e-07
2011-09-29,1.0172865374541646,38.84,1980.23,118.97,0.013,0.0004301260269258648,0.008127961834830616,0.07943770098454722,0.15085456000000003,0.0714168590154528,5.158730158730158e-07
2011-09-30,1.0417070805043647,42.96,1930.79,114.83,0.023,0.0003543900062018805,-0.025283753985910196,0.08507444105149235,0.18455616,0.09948171894850764,9.126984126984127e-07
2011-10-03,1.0477178423236515,45.45,1875.95,113.09,-0.003,0.0001829826166513817,-0.028814047813632677,0.09210836142365497,0.20657025,0.11446188857634504,-1.1904761904761906e-07
2011-10-04,1.0091470951792336,40.82,1918.39,115.28,0.003,0.00017849174475676946,0.022371094823471317,0.09396938676938278,0.16662724,0.07265785323061723,1.1904761904761906e-07
2011-10-05,0.986948577394936,37.81,1953.67,113.87,0.003,8.764625969578776e-05,0.018223362417913697,0.09835167274118416,0.14295961000000004,0.044607937258815886,1.1904761904761906e-07
2011-10-06,0.9792116630669547,36.27,1989.61,115.42,0.003,8.592172530828815e-05,0.018228984612124174,0.09205015770007129,0.13155129000000002,0.03950113229992873,1.1904761904761906e-07
2011-10-07,0.9702492629321898,36.2,1973.42,116.1,0.008,8.612151746118172e-05,-0.00817056144801741,0.0915389022760125,0.13104400000000002,0.039505097723987526,3.174603174603175e-07
2011-10-10,0.9491233112963496,33.02,2040.76,116.81,0.008,8.355964069358776e-05,0.033554209314261646,0.09604832653358691,0.10903204000000004,0.012983713466413124,3.174603174603175e-07
2011-10-11,0.9647680563711097,32.86,2041.9,118.91,0.003,0.00016735001255121766,0.0005584594502743868,0.09569200506798647,0.10797796,0.012285954932013524,1.1904761904761906e-07
2011-10-12,0.9481346678798909,31.26,2062.22,121.6,0.018,0.00016623722051363994,0.009902325488195408,0.09578904686255543,0.09771875999999999,0.0019297131374445553,7.142857142857142e-07
2011-10-13,0.9385509018648731,30.7,2056.26,121.98,0.018,0.00016612675471393165,-0.0028942736934433593,0.09407447145058205,0.094249,0.00017452854941794882,7.142857142857142e-07
2011-10-14,0.9292530437643961,28.24,2091.99,121.9,0.015,8.162932125223555e-05,0.017226967334924764,0.09407695115873149,0.07974975999999999,-0.014327191158731503,5.952380952380952e-07
2011-10-17,0.99375,33.39,2051.54,124.46,0.023,0.0001666111296234257,-0.019525035438162145,0.09852103249899119,0.11148921000000002,0.012968177501008829,9.126984126984127e-07
2011-10-18,0.9868667917448405,31.56,2093.43,127.99,0.018,0.00016280016280013042,0.020213138451393015,0.10229933334930405,0.09960335999999999,-0.002695973349304062,7.142857142857142e-07
2011-10-19,1.0014539110206455,34.44,2067.28,122.57,0.023,8.245722531441036e-05,-0.012570135542025122,0.10443611238199595,0.11861135999999999,0.014175247618004039,9.126984126984127e-07
2011-10-20,1.0169590643274853,34.78,2076.75,122.57,0.018,8.228759514507398e-05,0.004570438189309331,0.09246695798868587,0.12096484,0.028497882011314132,7.142857142857142e-07
2011-10-21,0.9796684391617142,31.32,2115.86,127.19,0.018,8.060940711785188e-05,0.01865717749928114,0.07945803722906389,0.09809423999999999,0.018636202770936097,7.142857142857142e-07
2011-10-24,0.96028880866426,29.26,2143.13,124.85,0.008,0.00031933578157437533,0.012806028037704266,0.0802719196817643,0.08561476000000001,0.005342840318235717,3.174603174603175e-07
2011-10-25,0.9956736711990111,32.22,2100.17,122.65,0.008,8.124466831868315e-05,-0.020249083440166772,0.08281840530981951,0.10381283999999999,0.020994434690180475,3.174603174603175e-07
2011-10-26,0.965093729799612,29.86,2122.32,122.65,0.013,8.043434546555494e-05,0.010491536119589855,0.08278921655088388,0.08916195999999998,0.006372743449116106,5.158730158730158e-07
2011-10-27,0.9419163891971883,25.46,2195.22,122.82,0.015,0.00015529155990379865,0.03377243934164564,0.0863004774991019,0.06482116,-0.021479317499101896,5.952380952380952e-07
2011-10-28,0.9249622926093515,24.53,2196.13,121.18,0.003,0.00023314552166311354,0.00041445114282668877,0.0864638046698288,0.06017209000000001,-0.026291714669828783,1.1904761904761906e-07
2011-10-31,0.9864998353638459,29.96,2141.81,120.69,-0.013,0.00023956877620284398,-0.025045454494161613,0.086283061303646,0.08976016000000002,0.003477098696354014,-5.158730158730158e-07
2011-11-01,1.0220458553791887,34.77,2081.97,126.65,-0.008,0.0002440512507626694,-0.028336705076701958,0.08587977718659312,0.12089529,0.03501551281340688,-3.174603174603175e-07
2011-11-02,0.995742092457421,32.74,2115.7,123.95,0.003,0.0001612383102224768,0.016071166140073402,0.08359218986184616,0.10719076000000001,0.02359857013815385,1.1904761904761906e-07
2011-11-03,0.9645793801391525,30.5,2155.87,124.19,0.003,0.0002378969906030779,0.018808627375677036,0.0837963142376666,0.093025,0.009228685762333391,1.1904761904761906e-07
2011-11-04,0.9657380723663145,30.16,2142.34,123.56,-0.003,0.00015913430935706572,-0.006295664794823077,0.08264628034095337,0.09096255999999998,0.008316279659046619,-1.1904761904761906e-07
2011-11-07,0.951242829827916,29.85,2156.0,124.93,0.003,0.0003167062549484722,0.006355963458762267,0.08089827585968062,0.08910225,0.00820397414031937,1.1904761904761906e-07
2011-11-08,0.9308943089430894,27.48,2182.61,124.77,0.008,0.00015643332029719218,0.012266755331166373,0.07059657998807187,0.07551503999999999,0.004918460011928125,3.174603174603175e-07
2011-11-09,1.0188785573400956,36.16,2102.72,122.87,0.008,0.0001623640201331062,-0.03728966365055114,0.09030573439547156,0.13075456,0.040448825604528435,3.174603174603175e-07
2011-11-10,0.9721481481481482,32.81,2121.14,125.24,0.003,8.044728691528993e-05,0.008721935277499695,0.09006947608126216,0.10764961,0.017580133918737847,1.1904761904761906e-07
2011-11-11,0.950632911392405,30.04,2162.48,124.56,0.003,0.0002368265245707609,0.019302031221350262,0.09361234445795778,0.09024016,-0.003372184457957783,1.1904761904761906e-07
2011-11-14,0.9514058679706602,31.13,2142.09,124.56,0.008,7.955765941370075e-05,-0.009473723276617435,0.09218997211470839,0.09690768999999998,0.004717717885291586,3.174603174603175e-07
2011-11-15,0.9600246002460023,31.22,2152.8,124.97,0.008,0.00015883100381202533,0.004987332480960617,0.08664326584355538,0.09746883999999999,0.010825574156444612,3.174603174603175e-07
2011-11-16,0.9744111660366385,33.51,2117.64,122.92,0.008,8.085054776238756e-05,-0.01646705936955408,0.08622531672705731,0.11229200999999997,0.026066693272942656,3.174603174603175e-07
2011-11-17,0.9770668176670441,34.51,2082.1,121.59,0.003,8.191685439283324e-05,-0.01692526128199346,0.0878925764265191,0.11909400999999997,0.031201433573480875,1.1904761904761906e-07
2011-11-18,0.935672514619883,32.0,2081.42,120.04,0.003,0.0,-0.0003266466864797367,0.08765830916905579,0.1024,0.014741690830944218,1.1904761904761906e-07
2011-11-21,0.9462334675100631,32.91,2042.71,115.15,0.008,0.0002507627366573422,-0.018772995448150337,0.08697321049065271,0.10830680999999996,0.021333599509347254,3.174603174603175e-07
2011-11-22,0.9337032710280373,31.97,2034.41,114.92,0.018,0.00025247212286977604,-0.004071507076501358,0.08423226039019416,0.10220808999999999,0.01797582960980583,7.142857142857142e-07
2011-11-23,0.9473097295790354,33.98,1989.54,116.78,0.018,8.575226171594662e-05,-0.022302394330988327,0.08520233233946489,0.11546403999999999,0.030261707660535098,7.142857142857142e-07
2011-11-25,0.9456790123456789,34.47,1984.5,114.77,0.018,8.622547962927455e-05,-0.0025364629959086313,0.08294863797647446,0.11881809,0.03586945202352554,7.142857142857142e-07
2011-11-28,0.9466705951679436,32.13,2042.8,118.63,0.013,0.00016711229946520737,0.028954422550368827,0.07873855529672648,0.10323369000000002,0.02449513470327354,5.158730158730158e-07
2011-11-29,0.9226136705811503,30.64,2048.06,116.45,0.013,8.319813636178807e-05,0.002571587831764588,0.07900319893747816,0.09388096,0.014877761062521838,5.158730158730158e-07
2011-11-30,0.9090909090909092,27.8,2137.08,116.56,0.003,7.99968001280358e-05,0.04254740767066119,0.0968296911085017,0.07728400000000002,-0.019545691108501684,1.1904761904761906e-07
2011-12-01,0.9127539127539127,27.41,2133.07,116.9,-0.003,0.0,-0.001878154715296128,0.08640689187976912,0.07513081,-0.011276081879769112,-1.1904761904761906e-07
2011-12-02,0.9219430485762143,27.52,2132.64,116.31,-0.003,0.00024012486492977256,-0.00020160770491044246,0.0834676568344088,0.07573504,-0.00773261683440879,-1.1904761904761906e-07
2011-12-05,0.931103678929766,27.84,2154.68,116.14,-0.003,7.933045099365448e-05,0.010281571776779172,0.08038015635667345,0.07750655999999999,-0.0028735963566734607,-1.1904761904761906e-07
2011-12-06,0.9326923076923077,28.13,2157.1,115.16,0.003,7.931786634943578e-05,0.0011225063681840175,0.07986852406492675,0.07912969,-0.0007388340649267522,1.1904761904761906e-07
2011-12-07,0.9363161332462443,28.67,2162.07,115.87,0.003,0.00015750511891633346,0.0023013691026521517,0.07944978217567364,0.08219689000000001,0.0027471078243263697,1.1904761904761906e-07
2011-12-08,0.9532564661888437,30.59,2116.41,115.37,0.003,0.00024165290587620233,-0.021344839079784374,0.0827299588587974,0.09357481000000001,0.010844851141202608,1.1904761904761906e-07
2011-12-09,0.8933288181510328,26.38,2152.15,116.83,0.003,-7.907951445170935e-05,0.016746085431253187,0.06898810841311509,0.06959043999999999,0.0006023315868848994,1.1904761904761906e-07
2011-12-12,0.8508452104739808,25.67,2120.15,120.26,0.003,8.056394763336076e-05,-0.014980501574749623,0.07118103868423445,0.06589489000000003,-0.0052861486842344235,1.1904761904761906e-07
2011-12-13,0.8422273781902552,25.41,2102.15,119.44,0.008,0.00024347684940957787,-0.008526210380249189,0.06692241345474963,0.06456681,-0.0023556034547496246,3.174603174603175e-07
2011-12-14,0.8560157790927021,26.04,2078.51,120.66,-0.003,0.0002463155301941881,-0.011309339656779013,0.06733875167335655,0.06780815999999998,0.00046940832664342513,-1.1904761904761906e-07
2011-12-15,0.8523421588594704,25.11,2085.44,122.35,-0.003,8.1702683933209e-05,0.003328573301001313,0.06710331982797353,0.06305121,-0.004052109827973535,-1.1904761904761906e-07
2011-12-16,0.8367206338270754,24.29,2092.18,119.22,-0.003,0.0,0.0032267204044013407,0.06433639908359529,0.05900041,-0.005335989083595283,-1.1904761904761906e-07
2011-12-19,0.8670842032011136,24.92,2067.67,116.58,-0.003,0.00024924188925353,-0.011784215121542261,0.06253544322040717,0.062100640000000006,-0.0004348032204071692,-1.1904761904761906e-07
2011-12-20,0.8641607740975065,23.22,2129.67,120.66,0.008,0.0005643113386270561,0.029544668696304722,0.07324639613208084,0.053916839999999994,-0.019329556132080844,3.174603174603175e-07
2011-12-21,0.8384194053208138,21.43,2133.86,115.16,0.003,0.00024176975460370826,0.0019655080878559234,0.0680261525957727,0.04592449,-0.022101662595772703,1.1904761904761906e-07
2011-12-22,0.8370253164556962,21.16,2152.04,115.56,0.003,0.00031905559543755484,0.008483683258491661,0.06797183983914838,0.044774560000000005,-0.023197279839148377,1.1904761904761906e-07
2011-12-23,0.8219666931007138,20.73,2171.5,117.14,-0.003,7.909827961245889e-05,0.009001943505349575,0.06002614971292997,0.042973290000000004,-0.01705285971292997,-1.1904761904761906e-07
2011-12-27,0.8578700078308535,21.91,2171.71,116.53,0.008,7.908576851599602e-05,9.670266929936689e-05,0.05966451458588904,0.048004809999999995,-0.011659704585889046,3.174603174603175e-07
2011-12-28,0.8792523364485981,23.52,2145.09,116.32,0.003,0.00024029796948216698,-0.012333366120314382,0.054461405768480624,0.05531904,0.0008576342315193761,1.1904761904761906e-07
2011-12-29,0.8628571428571428,22.65,2168.12,116.57,0.003,0.0002378781271062216,0.01067892305739557,0.05530019005126125,0.051302249999999994,-0.0039979400512612576,1.1904761904761906e-07
2011-12-30,0.8711839166046165,23.4,2158.94,116.21,0.013,0.0001590963328294966,-0.004243072096433249,0.03460251484528079,0.05475599999999999,0.0201534851547192,5.158730158730158e-07
2012-01-03,0.8817658349328215,22.97,2192.4,117.1,0.01,0.000391834175776789,0.015379473687137614,0.037148872789734035,0.05276209,0.015613217210265963,3.9682539682539683e-07
2012-01-04,0.8779138680363493,22.22,2193.28,117.63,0.013,7.828707871758645e-05,0.0004013060742280796,0.037130322916200435,0.049372839999999994,0.012242517083799559,5.158730158730158e-07
2012-01-05,0.8696356275303644,21.48,2199.73,117.76,0.013,7.82686964347897e-05,0.0029364852958825155,0.0361217721666355,0.04613904,0.010017267833364499,5.158730158730158e-07
2012-01-06,0.8563719385637194,20.63,2194.98,118.29,0.01,7.820136852387805e-05,-0.0021616906916233883,0.036239852483731634,0.04255968999999999,0.006319837516268356,3.9682539682539683e-07
2012-01-09,0.8735489220563847,21.07,2200.0,119.07,0.008,0.00015624999999996891,0.002284425495958628,0.03623922724213189,0.04439449,0.008155262757868112,3.174603174603175e-07
2012-01-10,0.8737331081081082,20.69,2219.58,118.99,0.013,0.00015496668216319394,0.008860628432196467,0.030310079680039022,0.04280761,0.012497530319960981,5.158730158730158e-07
2012-01-11,0.8730817088345085,21.05,2220.48,120.2,0.018,0.00015472690700920805,0.00040539993258034067,0.027551820192862928,0.04431025000000001,0.01675842980713708,7.142857142857142e-07
2012-01-12,0.8514975041597338,20.47,2225.74,120.78,0.028,0.00015429717636153225,0.0023660558649306663,0.02396355978864318,0.041902089999999996,0.017938530211356815,1.1111111111111112e-06
2012-01-13,0.8475881637616538,20.91,2214.73,121.92,0.023,0.00015463120457694302,-0.004958944689347971,0.023141745826348502,0.04372281,0.0205810641736515,9.126984126984127e-07
2012-01-17,0.888,22.2,2222.59,125.63,0.023,7.72887119835445e-05,0.0035426826195277795,0.020626185514232037,0.049284,0.028657814485767964,9.126984126984127e-07
2012-01-18,0.8639371381306865,20.89,2247.64,130.78,0.023,0.00015304560759114041,0.011207594334377537,0.02139834556668372,0.04363921,0.022240864433316278,9.126984126984127e-07
2012-01-19,0.8401691331923891,19.87,2258.8,129.6,0.043,0.000152125960294986,0.004952921958009661,0.021419313180424955,0.03948169000000001,0.01806237681957505,1.7063492063492063e-06
2012-01-20,0.8010517090271692,18.28,2260.37,129.24,0.043,0.00015202189115218767,0.0006948178816739364,0.01843474825421306,0.03341584000000001,0.014981091745786948,1.7063492063492063e-06
2012-01-23,0.8364695340501793,18.67,2261.47,125.83,0.038,7.600228006854894e-05,0.00048652761782727816,0.010039834399303638,0.03485689,0.024817055600696365,1.5079365079365078e-06
2012-01-24,0.858374943259192,18.91,2259.22,127.38,0.038,0.00022802417056208823,-0.0009954233472269035,0.010211740099762215,0.035758809999999995,0.02554706990023778,1.5079365079365078e-06
2012-01-25,0.8572097378277154,18.31,2278.83,125.22,0.038,0.00015097757982925801,0.00864253239222022,0.010235121186044468,0.03352561,0.02329048881395553,1.5079365079365078e-06
2012-01-26,0.856549815498155,18.57,2265.84,122.96,0.048,7.577766832107684e-05,-0.0057166022508054705,0.010506953318101213,0.03448449,0.023977536681898788,1.904761904761905e-06
2012-01-27,0.8658878504672898,18.53,2262.35,121.5,0.053,7.592726168345414e-05,-0.0015414550586633794,0.010618763872266531,0.03433609000000001,0.023717326127733473,2.103174603174603e-06
2012-01-30,0.8850364963503649,19.4,2256.72,121.99,0.048,7.614116572117794e-05,-0.0024916643967763793,0.008239360545905742,0.03763599999999999,0.029396639454094247,1.904761904761905e-06
2012-01-31,0.8800362154821186,19.44,2255.69,121.96,0.053,0.0001523925632429917,-0.00045651880830340505,0.007408584735491848,0.03779136000000001,0.030382775264508163,2.103174603174603e-06
2012-02-01,0.861188486536676,18.55,2276.24,121.39,0.058,7.549163930087875e-05,0.009069046012985192,0.007479211168877226,0.034410249999999996,0.026931038831122772,2.3015873015873014e-06
2012-02-02,0.8557829604950024,17.98,2278.92,122.26,0.079,0.00022599721270105192,0.0011766876725411348,0.005297092473756041,0.03232804,0.02703094752624396,3.134920634920635e-06
2012-02-03,0.8528678304239402,17.1,2312.49,122.14,0.074,0.0,0.014623219538751828,0.00720752352927889,0.029241000000000003,0.02203347647072111,2.9365079365079366e-06
2012-02-06,0.8710152035311428,17.76,2311.55,123.63,0.069,7.442414319198381e-05,-0.0004065708830149382,0.007306575996067842,0.03154176,0.02423518400393216,2.7380952380952382e-06
2012-02-07,0.8763654419066533,17.65,2316.27,123.02,0.084,7.412623698151221e-05,0.0020398380389193864,0.007039540845347787,0.031152249999999996,0.02411270915465221,3.3333333333333333e-06
2012-02-08,0.8781431334622825,18.16,2322.11,124.76,0.079,7.397817643809378e-05,0.002518121881313282,0.007038566247545444,0.032978560000000004,0.02593999375245456,3.134920634920635e-06
2012-02-09,0.873008434864105,18.63,2325.56,126.48,0.089,0.0001478305861483497,0.0014846151442220528,0.006522591965352296,0.03470769,0.028185098034647704,3.5317460317460317e-06
2012-02-10,0.893041237113402,20.79,2309.6,129.59,0.084,7.434667856206762e-05,-0.006886520885620361,0.007494301879905182,0.04322241,0.03572810812009482,3.3333333333333333e-06
2012-02-13,0.860759493670886,19.04,2325.81,127.89,0.099,7.38525165244334e-05,0.006994016096812376,0.007808720767422067,0.03625215999999999,0.028443439232577923,3.928571428571429e-06
2012-02-14,0.8562664329535494,19.54,2324.0,129.96,0.109,0.00022186887549459114,-0.0007785264737356962,0.0072754035263435215,0.03818116,0.030905756473656478,4.3253968253968256e-06
2012-02-15,0.8764510779436152,21.14,2312.28,128.88,0.109,0.00014852220406937332,-0.005055788245990632,0.007891890286973248,0.04468996,0.03679806971302675,4.3253968253968256e-06
2012-02-16,0.8295209322399654,19.22,2338.12,130.29,0.099,7.35483396461656e-05,0.011113136908661917,0.007869803793927713,0.036940839999999996,0.029071036206072282,3.928571428571429e-06
2012-02-17,0.794104510942385,17.78,2343.67,129.54,0.079,7.328423289743379e-05,0.0023708891683590074,0.007749817900076913,0.03161284,0.023863022099923088,3.134920634920635e-06
2012-02-21,0.8138702460850112,18.19,2345.41,128.46,0.064,0.00029310471165838986,0.0007421498800890533,0.007748578565703949,0.03308761,0.025339031434296055,2.53968253968254e-06
2012-02-22,0.8234495246717972,18.19,2337.67,127.7,0.084,0.00014698317042706132,-0.00330551989185169,0.008042697833016381,0.03308761,0.025044912166983624,3.3333333333333333e-06
2012-02-23,0.8084696823869105,16.8,2348.11,127.81,0.089,0.0001461988304094315,0.004456042441167734,0.008045779689014236,0.028224000000000003,0.02017822031098577,3.5317460317460317e-06
2012-02-24,0.8172804532577903,17.31,2352.34,128.72,0.094,0.00029239766081865523,0.0017998281619342046,0.00743424713269467,0.02996360999999999,0.022529362867305322,3.73015873015873e-06
2012-02-27,0.8317329675354367,18.19,2355.74,126.98,0.104,0.00014576197070191848,0.0014443257510724995,0.006745184332547441,0.03308761,0.02634242566745256,4.126984126984127e-06
2012-02-28,0.8314814814814815,17.96,2364.03,125.65,0.094,0.00014532771399492669,0.0035128866555528384,0.006619413157920963,0.032256160000000006,0.025636746842079044,3.73015873015873e-06
2012-02-29,0.8454128440366973,18.43,2353.23,124.59,0.079,7.31288164100399e-05,-0.004578937294104441,0.006912870473284418,0.033966489999999995,0.027053619526715575,3.134920634920635e-06
2012-03-01,0.8207322872087495,17.26,2367.87,127.63,0.074,0.00014503263234235124,0.006201964341569126,0.007033694101908384,0.02979076,0.022757065898091615,2.9365079365079366e-06
2012-03-02,0.8132643461900281,17.29,2360.28,125.2,0.064,0.00014560279557374948,-0.003210560798459954,0.006751965625125531,0.02989441,0.02314244437487447,2.53968253968254e-06
2012-03-05,0.8208276489313325,18.05,2351.28,126.23,0.064,0.00014610271020534907,-0.003820395345305021,0.007120844414514437,0.03258025,0.02545940558548556,2.53968253968254e-06
2012-03-06,0.8732217573221758,20.87,2315.21,126.49,0.074,0.00014854426619140103,-0.015459464555333606,0.00802323269723616,0.04355569,0.035532457302763845,2.9365079365079366e-06
2012-03-07,0.8393485915492959,19.07,2331.89,126.02,0.079,7.36404138592682e-05,0.00717870139736875,0.008625253343628772,0.03636649,0.02774123665637123,3.134920634920635e-06
2012-03-08,0.8218864468864469,17.95,2355.01,125.08,0.079,0.00014585764294035742,0.009865876179472247,0.009680229998494673,0.03222025,0.022540020001505325,3.134920634920635e-06
2012-03-09,0.8063147973609802,17.11,2363.56,124.78,0.084,7.261373125651457e-05,0.0036239832650323428,0.009743068138058307,0.02927521,0.019532141861941694,3.3333333333333333e-06
2012-03-12,0.7515617491590583,15.64,2364.1,139.25,0.079,7.260845888539413e-05,0.00022844282471601475,0.009741677565953925,0.024460960000000004,0.014719282434046079,3.134920634920635e-06
2012-03-13,0.7551020408163265,14.8,2407.79,122.89,0.084,7.136994611562577e-05,0.018311914507681673,0.012491256825854882,0.021904000000000007,0.009412743174145125,3.3333333333333333e-06
2012-03-14,0.7378313253012049,15.31,2404.98,118.82,0.084,7.1482183066009e-05,-0.0011677268264663945,0.012259901346432026,0.023439610000000003,0.011179708653567978,3.3333333333333333e-06
2012-03-15,0.750730282375852,15.42,2419.37,136.51,0.084,7.110099896917293e-05,0.005965588183365072,0.012402489750158518,0.023777640000000003,0.011375150249841485,3.3333333333333333e-06
2012-03-16,0.7103583701521846,14.47,2422.09,138.43,0.084,0.00028500178126107613,0.001123628114732438,0.011775194507527523,0.02093809,0.009162895492472477,3.3333333333333333e-06
2012-03-19,0.7542627883650952,15.04,2431.73,128.85,0.079,7.098995492131405e-05,0.003972134391003751,0.010784859453763741,0.022620159999999993,0.011835300546236252,3.134920634920635e-06
2012-03-20,0.7805611222444889,15.58,2424.46,128.02,0.094,0.0001424095699229693,-0.0029941190238202426,0.011062448153311817,0.02427364,0.013211191846688182,3.73015873015873e-06
2012-03-21,0.785974025974026,15.13,2420.02,124.6,0.089,7.130887438955557e-05,-0.0018330145828566026,0.01119859371832852,0.022891690000000006,0.011693096281671487,3.5317460317460317e-06
2012-03-22,0.7964194373401534,15.57,2402.71,121.17,0.074,7.174887892370157e-05,-0.0071785376058720205,0.011846758753186023,0.024242490000000002,0.012395731246813979,2.9365079365079366e-06
2012-03-23,0.7950643776824035,14.82,2410.16,122.98,0.074,7.150774071286715e-05,0.003095868348953585,0.011761014591427093,0.02196324,0.010202225408572905,2.9365079365079366e-06
2012-03-26,0.8181296615031555,14.26,2443.64,118.02,0.076,0.00014086491055085386,0.013795595610372932,0.013656418011863099,0.02033476,0.006678341988136901,3.0158730158730155e-06
2012-03-27,0.8395261173936457,15.59,2437.01,121.13,0.084,7.087925718532022e-05,-0.0027168529102318748,0.013902888449156594,0.024304810000000003,0.010401921550843409,3.3333333333333333e-06
2012-03-28,0.8233102714209687,15.47,2425.55,121.61,0.079,7.120224999103497e-05,-0.004713575243486238,0.014321559164209704,0.02393209,0.009610530835790295,3.134920634920635e-06
2012-03-29,0.821656050955414,15.48,2421.7,121.69,0.064,7.129362278557964e-05,-0.0015885299126721275,0.01399161870565916,0.023963039999999998,0.009971421294340838,2.53968253968254e-06
2012-03-30,0.8328855454056959,15.5,2430.67,124.97,0.069,7.098995492131405e-05,0.003697166628928138,0.013761641143455057,0.024025,0.010263358856544945,2.7380952380952382e-06
2012-04-02,0.847237269772481,15.64,2449.08,123.13,0.064,7.058906575365056e-05,0.007545504317695335,0.01394186226384183,0.024460960000000004,0.010519097736158174,2.53968253968254e-06
2012-04-03,0.8325358851674641,15.66,2439.89,123.84,0.076,7.077391273590237e-05,-0.00375948750926746,0.013933343590716647,0.024523559999999996,0.01059021640928335,3.0158730158730155e-06
2012-04-04,0.8452442159383035,16.44,2415.05,121.0,0.074,7.153843402361416e-05,-0.010232965497714875,0.011992994145732773,0.027027360000000007,0.015034365854267234,2.9365079365079366e-06
2012-04-05,0.8425832492431886,16.7,2414.4,120.61,0.071,7.166660694442903e-05,-0.0002691817925125487,0.01168863518259042,0.027888999999999994,0.016200364817409572,2.817460317460317e-06
2012-04-09,0.8868458274398867,18.81,2387.03,119.05,0.079,7.247164546885042e-05,-0.011400893676647754,0.012715973549203508,0.035381609999999994,0.022665636450796486,3.134920634920635e-06
2012-04-10,0.9014146772767462,20.39,2346.27,119.27,0.084,7.340796476411015e-05,-0.017223082231739496,0.016365176014445267,0.04157521,0.025210033985554735,3.3333333333333333e-06
2012-04-11,0.8909657320872274,20.02,2364.09,118.43,0.084,0.0002921840759678017,0.007566336762096765,0.017118205623606275,0.04008004,0.022961834376393722,3.3333333333333333e-06
2012-04-12,0.8493827160493826,17.2,2396.69,119.87,0.084,0.00021572645885018616,0.01369544887638559,0.015243607885819313,0.029583999999999996,0.014340392114180683,3.3333333333333333e-06
2012-04-13,0.8890404729422465,19.55,2366.84,118.19,0.084,7.300602299683085e-05,-0.012532886627639387,0.017065031571175983,0.038220250000000004,0.02115521842882402,3.3333333333333333e-06
2012-04-16,0.8870235934664248,19.55,2365.65,116.67,0.079,7.303801628741121e-05,-0.0005029065143637978,0.016470616286676457,0.038220250000000004,0.021749633713323547,3.134920634920635e-06
2012-04-17,0.8853717026378897,18.46,2402.29,121.83,0.079,0.00014400921658973078,0.0153696234733748,0.019693239835044632,0.03407716,0.01438392016495537,3.134920634920635e-06
2012-04-18,0.8825757575757576,18.64,2392.57,119.5,0.069,0.00036138918000782727,-0.004054347077728127,0.019583838614166883,0.034744960000000005,0.015161121385833122,2.7380952380952382e-06
2012-04-19,0.8648139425341498,18.36,2378.48,117.6,0.069,0.00021774632553076497,-0.005906473821260769,0.019848624826047934,0.033708959999999996,0.013860335173952062,2.7380952380952382e-06
2012-04-20,0.8515625,17.44,2381.32,118.05,0.069,7.24558924755956e-05,0.0011933275923444772,0.01988827223216208,0.03041536,0.01052708776783792,2.7380952380952382e-06
2012-04-23,0.8868630201028517,18.97,2361.35,117.19,0.076,0.0,-0.008421466399469212,0.020107610974769954,0.03598608999999999,0.015878479025230038,3.0158730158730155e-06
2012-04-24,0.8824963432471965,18.1,2370.04,118.36,0.084,0.00014542281683982994,0.0036733432549442076,0.020168697491333393,0.032761000000000005,0.012592302508666612,3.3333333333333333e-06
2012-04-25,0.8643371017471737,16.82,2402.71,122.53,0.089,0.00014363688595238602,0.013690434349637485,0.02013015266739669,0.028291240000000006,0.008161087332603317,3.5317460317460317e-06
2012-04-26,0.8754716981132075,16.24,2418.89,121.03,0.089,0.0,0.006711490266474913,0.020742478126571158,0.026373759999999996,0.005631281873428838,3.5317460317460317e-06
2012-04-27,0.8708644610458912,16.32,2424.78,120.08,0.089,0.0002137132680318626,0.0024320413666470294,0.020570419168097775,0.026634240000000003,0.006063820831902229,3.5317460317460317e-06
2012-04-30,0.8876811594202898,17.15,2415.42,119.83,0.094,7.147196512161602e-05,-0.0038676135976101703,0.020723115388814464,0.029412249999999994,0.00868913461118553,3.73015873015873e-06
2012-05-01,0.8677469942498695,16.6,2429.1,120.18,0.089,7.115158845934986e-05,0.00564763335114711,0.020956566955877755,0.027556000000000004,0.006599433044122249,3.5317460317460317e-06
2012-05-02,0.8879537085744343,16.88,2423.29,119.94,0.079,7.128345867335001e-05,-0.002394697366242175,0.02024445454574276,0.02849343999999999,0.008248985454257233,3.134920634920635e-06
2012-05-03,0.9005128205128204,17.56,2405.17,116.18,0.079,0.0001437401178669702,-0.007505533881530995,0.020720157685940495,0.030835359999999992,0.010115202314059497,3.134920634920635e-06
2012-05-04,0.9247104247104247,19.16,2366.39,115.83,0.074,0.0,-0.016254999993060973,0.02260467088815985,0.036710559999999996,0.014105889111840145,2.9365079365079366e-06
2012-05-07,0.9261613691931542,18.94,2367.26,116.68,0.079,0.00021882636128233072,0.00036758104625232637,0.022620770199510296,0.035872360000000006,0.01325158980048971,3.134920634920635e-06
2012-05-08,0.9154252763094667,19.05,2357.45,117.23,0.094,0.0001466490687782799,-0.004152641790637305,0.02134027714013591,0.03629025,0.014949972859864092,3.73015873015873e-06
2012-05-09,0.9326521133302368,20.08,2342.31,115.05,0.089,0.00022118184834298772,-0.006442904477263263,0.0182172998285125,0.04032063999999999,0.02210334017148749,3.5317460317460317e-06
2012-05-10,0.9022520364159079,18.83,2348.93,115.11,0.094,0.00022007849466310485,0.002822283402333203,0.017573199231650093,0.03545689,0.017883690768349905,3.73015873015873e-06
2012-05-11,0.9229698375870069,19.89,2341.23,114.7,0.094,0.00014752526370148434,-0.0032834730234926127,0.015041673109488117,0.03956121,0.02451953689051188,3.73015873015873e-06
2012-05-14,0.9521114497170223,21.87,2315.45,119.18,0.089,7.464079119231876e-05,-0.011072379197167102,0.014647032273767993,0.04782969,0.03318265772623201,3.5317460317460317e-06
2012-05-15,0.9184782608695651,21.97,2302.56,120.04,0.094,0.00022489598560666548,-0.005582505657505888,0.014887228327383829,0.04826808999999999,0.03338086167261616,3.73015873015873e-06
2012-05-16,0.8936597110754413,22.27,2293.21,118.47,0.094,7.528703180891645e-05,-0.00406896467849722,0.011262145704077145,0.04959529000000001,0.03833314429592286,3.73015873015873e-06
2012-05-17,0.927300265051117,24.49,2258.93,119.54,0.094,7.650231419493482e-05,-0.015061332917936264,0.013226777508735826,0.05997600999999999,0.04674923249126416,3.73015873015873e-06
2012-05-18,0.9074475777295734,25.1,2242.25,119.28,0.079,0.0001541901164136168,-0.007411423827317469,0.013374157741045153,0.063001,0.04962684225895485,3.134920634920635e-06
2012-05-21,0.8907324969647916,22.01,2278.24,119.56,0.069,7.567444852260265e-05,0.01592338903457181,0.017463381222861733,0.04844401000000001,0.030980628777138277,2.7380952380952382e-06
2012-05-22,0.8910027744748316,22.48,2279.4,119.31,0.084,7.572028925143608e-05,0.0005090353889505039,0.016999416266226888,0.05053504,0.03353562373377311,3.3333333333333333e-06
2012-05-23,0.8892871365989645,22.33,2283.36,119.52,0.084,7.566872233355458e-05,0.0017357919304460644,0.016782985736439722,0.049862889999999986,0.033079904263560264,3.3333333333333333e-06
2012-05-24,0.8692493946731235,21.54,2286.87,120.64,0.094,7.527569724107724e-05,0.0015360280292759391,0.013819053316231972,0.04639715999999999,0.032578106683768024,3.73015873015873e-06
2012-05-25,0.8728439630966708,21.76,2281.92,120.38,0.084,0.000454338936846905,-0.0021668765414182877,0.012736913676126158,0.047349760000000005,0.03461284632387385,3.3333333333333333e-06
2012-05-29,0.8802846379238175,21.03,2307.57,122.39,0.079,7.46630828386225e-05,0.011177828938267392,0.014802552988342321,0.04422609000000001,0.02942353701165769,3.134920634920635e-06
2012-05-30,0.9217258495609011,24.14,2275.19,118.54,0.068,-7.604851895502418e-05,-0.014131457396946167,0.016456828600384242,0.05827396,0.04181713139961576,2.6984126984126986e-06
2012-05-31,0.9176201372997712,24.06,2270.25,119.32,0.068,0.00030480835174877724,-0.0021736078113222066,0.015516425948108606,0.05788835999999999,0.04237193405189139,2.6984126984126986e-06
2012-06-01,0.93642430628732,26.66,2214.41,116.35,0.068,0.0003904877191610991,-0.024903955260830207,0.02112799374212202,0.07107556,0.049947566257877975,2.6984126984126986e-06
2012-06-04,0.9288762446657184,26.12,2214.7,116.66,0.068,7.817691435723032e-05,0.00013095181669194647,0.021209448446534614,0.06822544,0.047015991553465385,2.6984126984126986e-06
2012-06-05,0.9184964644585039,24.68,2227.45,117.07,0.079,7.743234349002538e-05,0.005740479278120839,0.020182789897856455,0.06091024,0.04072745010214354,3.134920634920635e-06
2012-06-06,0.8968029138000809,22.16,2279.42,119.66,0.084,7.566872233355458e-05,0.023063591218056154,0.028222282940873294,0.049106559999999994,0.0208842770591267,3.3333333333333333e-06
2012-06-07,0.8876174908050675,21.72,2279.28,120.01,0.079,7.564582624146832e-05,-6.142101916940339e-05,0.028180645148551148,0.04717583999999999,0.018995194851448842,3.134920634920635e-06
2012-06-08,0.8980541455160744,21.23,2297.82,122.09,0.079,0.00022476119123432202,0.008101243756295996,0.028946157386018904,0.04507129000000001,0.016125132613981102,3.134920634920635e-06
2012-06-11,0.9239215686274509,23.56,2268.94,119.28,0.079,0.00015233452662053644,-0.012648085296015294,0.030361862477810267,0.05550735999999999,0.025145497522189725,3.134920634920635e-06
2012-06-12,0.8857257417802726,22.09,2295.4,121.82,0.089,0.00015008254540004677,0.01159435818348043,0.032405585906660525,0.048796809999999996,0.01639122409333947,3.5317460317460317e-06
2012-06-13,0.9158490566037736,24.27,2280.13,120.37,0.094,7.568017557793852e-05,-0.00667466137966024,0.03151492417579952,0.05890329,0.027388365824200477,3.73015873015873e-06
2012-06-14,0.8672,21.68,2304.83,115.05,0.099,7.471328775815984e-05,0.010774462132479415,0.03272616392116136,0.047002239999999994,0.014276076078838636,3.928571428571429e-06
2012-06-15,0.8918462188424164,21.11,2328.66,126.08,0.091,-7.44407637621685e-05,0.010286073826587937,0.03371005975135578,0.04456320999999999,0.010853150248644215,3.611111111111111e-06
2012-06-18,0.8278355173971984,18.32,2332.07,121.2,0.079,7.426937502335273e-05,0.0014632903465608693,0.03041077652457613,0.03356224,0.0031514634754238706,3.134920634920635e-06
2012-06-19,0.8385036496350364,18.38,2355.01,123.09,0.089,7.373815580865616e-05,0.009788688553467881,0.030090775755896804,0.03378244,0.0036916642441031933,3.5317460317460317e-06
2012-06-20,0.8272552783109405,17.24,2351.14,122.06,0.084,7.373271889394216e-05,-0.0016446568308827272,0.027779265812980652,0.02972176,0.0019424941870193474,3.3333333333333333e-06
2012-06-21,0.8670120898100172,20.08,2299.16,118.4,0.079,7.553155330653974e-05,-0.02235647807729844,0.034624171414393945,0.04032063999999999,0.005696468585606046,3.134920634920635e-06
2012-06-22,0.8419339841933984,18.11,2315.65,116.37,0.079,0.00015018397536990485,0.0071465868296727054,0.03515612608224142,0.03279720999999999,-0.0023589160822414246,3.134920634920635e-06
2012-06-25,0.8849326964828483,20.38,2278.98,116.29,0.079,0.0001523925632429917,-0.015962451219169026,0.03844802232177082,0.04153443999999999,0.0030864176782291752,3.134920634920635e-06
2012-06-26,0.8776145972407654,19.72,2289.86,114.69,0.089,0.0,0.004762705879936959,0.03867459898461364,0.03888783999999999,0.00021324101538635482,3.5317460317460317e-06
2012-06-27,0.8698568872987478,19.45,2310.98,115.85,0.089,7.508916838760522e-05,0.009180996666444875,0.0381682999291943,0.03783025,-0.0003380499291942979,3.5317460317460317e-06
2012-06-28,0.8858426966292136,19.71,2306.22,116.9,0.084,0.00022587810111810518,-0.002061856400558802,0.03559687747796413,0.03884841,0.0032515325220358673,3.3333333333333333e-06
2012-06-29,0.8405511811023622,17.08,2363.79,119.09,0.084,7.334335692537977e-05,0.024656442518690612,0.04232934686038408,0.029172639999999993,-0.013156706860384088,3.3333333333333333e-06
2012-07-02,0.8489135927235979,16.8,2369.75,118.89,0.074,0.00014665982254148134,0.002518201240310886,0.032814808425447144,0.028224000000000003,-0.004590808425447141,2.9365079365079366e-06
2012-07-03,0.8623188405797101,16.66,2385.06,118.33,0.084,0.00021817388458602333,0.006439816905557024,0.032799971314875685,0.02775556,-0.005044411314875687,3.3333333333333333e-06
2012-07-05,0.870213823968175,17.5,2373.91,117.91,0.074,0.0001462522851918231,-0.004685896486965345,0.03352340773188388,0.030624999999999996,-0.002898407731883882,2.9365079365079366e-06
2012-07-06,0.8532934131736528,17.1,2352.34,118.45,0.074,0.00022088870890550483,-0.009127807357571162,0.029709094814116398,0.029241000000000003,-0.0004680948141163946,2.9365079365079366e-06
2012-07-09,0.8826705940108002,17.98,2348.52,119.62,0.074,7.379256908843543e-05,-0.0016252348892934504,0.029799954025478796,0.03232804,0.002528085974521206,2.9365079365079366e-06
2012-07-10,0.8969813128893147,18.72,2329.46,119.34,0.089,0.00029817368617213603,-0.00814886146220355,0.03023481994920531,0.03504383999999999,0.004809020050794682,3.5317460317460317e-06
2012-07-11,0.8864197530864197,17.95,2329.71,117.3,0.094,0.0005214735352182486,0.00010731525153193929,0.02791234591271766,0.03222025,0.004307904087282339,3.73015873015873e-06
2012-07-12,0.8859352344127597,18.33,2318.09,116.13,0.099,7.491478443285257e-05,-0.005000225573607912,0.026894673437938322,0.03359889,0.006704216562061677,3.928571428571429e-06
2012-07-13,0.8633316142341412,16.74,2356.4,119.13,0.086,0.0002209049740436739,0.016391459926933794,0.029127202915267335,0.028022759999999997,-0.0011044429152673382,3.4126984126984127e-06
2012-07-16,0.8725140234574197,17.11,2350.94,115.09,0.089,0.00014778689130281707,-0.002319782488000725,0.028146412250702104,0.02927521,0.0011287977492978954,3.5317460317460317e-06
2012-07-17,0.8710359408033826,16.48,2368.36,117.22,0.094,0.00021988492688827013,0.007382484316454429,0.02756396382757282,0.027159040000000002,-0.0004049238275728173,3.73015873015873e-06
2012-07-18,0.853220696937698,16.16,2384.54,116.59,0.089,0.00029129041654523774,0.0068085011268362835,0.027995492106334983,0.02611456,-0.0018809321063349843,3.5317460317460317e-06
2012-07-19,0.830198817839871,15.45,2391.27,114.19,0.079,0.0001451168190394009,0.002818371943114286,0.027045220380136653,0.02387025,-0.003174970380136654,3.134920634920635e-06
2012-07-20,0.8284114052953157,16.27,2367.26,116.52,0.089,0.0001465845793021241,-0.010091437380340096,0.028406353830483056,0.026471289999999995,-0.0019350638304830615,3.5317460317460317e-06
2012-07-23,0.8791312559017942,18.62,2346.22,120.26,0.094,0.0001481481481480134,-0.008927645707838942,0.02289466844790485,0.034670440000000004,0.011775771552095155,3.73015873015873e-06
2012-07-24,0.9195867026055704,20.47,2325.02,119.13,0.099,0.0001496893945064758,-0.009076881322761559,0.02352578812920706,0.041902089999999996,0.018376301870792935,3.928571428571429e-06
2012-07-25,0.8839122486288848,19.34,2324.33,118.58,0.099,0.0003728421759068114,-0.00029681568609195535,0.02009325935067869,0.037403559999999995,0.017310300649321306,3.928571428571429e-06
2012-07-26,0.8661067193675891,17.53,2362.85,116.92,0.104,0.00022040186606914105,0.016436692094288764,0.02285372984024455,0.030730090000000005,0.007876360159755454,4.126984126984127e-06
2012-07-27,0.849440488301119,16.7,2408.07,114.4,0.104,7.202794684330971e-05,0.018957079230443402,0.02589429390289609,0.027888999999999994,0.0019947060971039036,4.126984126984127e-06
2012-07-30,0.895678092399404,18.03,2406.99,114.86,0.099,0.00014426891726164475,-0.0004485925484257947,0.025762031564890424,0.03250809,0.0067460584351095795,3.928571428571429e-06
2012-07-31,0.9109720885466794,18.93,2396.62,113.99,0.099,0.0001451484142536485,-0.00431759285597759,0.01932013847467727,0.03583449,0.016514351525322726,3.928571428571429e-06
2012-08-01,0.9172714078374455,18.96,2389.73,114.59,0.094,0.0001452749328104179,-0.00287902253664485,0.019416531768707408,0.03594816000000001,0.0165316282312926,3.73015873015873e-06
2012-08-02,0.8685121107266436,17.57,2372.31,114.35,0.089,0.0002923762882831698,-0.007316224854686005,0.01959349257817286,0.030870489999999997,0.011276997421827136,3.5317460317460317e-06
2012-08-03,0.8372591006423983,15.64,2417.77,120.25,0.079,0.0004300458715596493,0.018981463738818715,0.023672701086662726,0.024460960000000004,0.0007882589133372774,3.134920634920635e-06
2012-08-06,0.8511205976520811,15.95,2423.46,114.79,0.079,0.00028653295128934123,0.0023506433778272768,0.02236131072399557,0.02544025,0.0030789392760044304,3.134920634920635e-06
2012-08-07,0.850079744816587,15.99,2435.88,113.55,0.099,7.127837770426121e-05,0.005111816438129048,0.022389241624435834,0.025568010000000006,0.003178768375564172,3.928571428571429e-06
2012-08-08,0.8245425188374598,15.32,2438.16,115.36,0.109,0.00021359154177495382,0.000935568918722403,0.021115918458298695,0.02347024,0.002354321541701305,4.3253968253968256e-06
2012-08-09,0.8381788261108063,15.28,2440.23,119.84,0.114,0.0002132575084414511,0.0008486406885194877,0.021083946307302003,0.023347839999999998,0.0022638936926979956,4.5238095238095235e-06
2012-08-10,0.8125689084895259,14.74,2445.64,117.89,0.104,7.100003549995317e-05,0.0022145502074313803,0.020398206572004474,0.02172676,0.0013285534279955276,4.126984126984127e-06
2012-08-13,0.7581627006087437,13.7,2443.05,121.65,0.099,7.099499485300007e-05,-0.0010595886596702778,0.017965944422238617,0.018768999999999994,0.0008030555777613774,3.928571428571429e-06
2012-08-14,0.8022690437601295,14.85,2443.16,122.05,0.109,0.0002131211593791151,4.502467148082527e-05,0.017792330907011218,0.02205225,0.004259919092988781,4.3253968253968256e-06
2012-08-15,0.7757158006362673,14.63,2446.82,119.89,0.084,7.092953151058145e-05,0.0014969389173175593,0.017384817993351467,0.021403690000000003,0.004018872006648536,3.3333333333333333e-06
2012-08-16,0.7703504043126684,14.29,2464.38,121.94,0.084,7.044485928652973e-05,0.007151032265351356,0.017431599119985396,0.02042041,0.0029888108800146043,3.3333333333333333e-06
2012-08-17,0.7329700272479563,13.45,2469.0,123.79,0.069,0.00021106694339888935,0.001872955803350184,0.017412542221108454,0.018090249999999995,0.0006777077788915412,2.7380952380952382e-06
2012-08-20,0.7541689080150619,14.02,2468.99,125.84,0.089,7.037545304191495e-05,-4.050230964460641e-06,0.015681123905071977,0.019656039999999996,0.003974916094928019,3.5317460317460317e-06
2012-08-21,0.7989361702127659,15.02,2460.41,129.99,0.104,0.00021155812559501525,-0.0034811574084857434,0.014536762234423083,0.02256004,0.008023277765576917,4.126984126984127e-06
2012-08-22,0.7780638516992789,15.11,2461.12,125.32,0.104,0.00014097413124678797,0.00028852816295965556,0.012912992484574583,0.022831209999999994,0.00991821751542541,4.126984126984127e-06
2012-08-23,0.794425087108014,15.96,2441.29,122.41,0.099,7.110099896917293e-05,-0.008089942763390642,0.014232078588392835,0.025472160000000008,0.011240081411607173,3.928571428571429e-06
2012-08-24,0.788981288981289,15.18,2457.4,123.74,0.094,0.00014118311449937745,0.006577292328172545,0.011895616484720428,0.023043239999999996,0.011147623515279568,3.73015873015873e-06
2012-08-27,0.8207831325301205,16.35,2456.22,121.53,0.094,7.067887055178518e-05,-0.0004802976309459847,0.008058922449018279,0.026732250000000003,0.018673327550981722,3.73015873015873e-06
2012-08-28,0.8319878910191725,16.49,2454.39,120.28,0.099,0.00014142271248769784,-0.0007453249534029351,0.008070383116302787,0.027192009999999996,0.01912162688369721,3.928571428571429e-06
2012-08-29,0.8338220918866079,17.06,2457.05,120.55,0.099,0.00021221660241220342,0.00108318548534845,0.007706394936790208,0.029104359999999992,0.021397965063209783,3.928571428571429e-06
2012-08-30,0.8522944550669215,17.83,2438.2,119.0,0.099,-0.00014248058701988892,-0.007701381203424604,0.008479429207616965,0.031790889999999995,0.02331146079238303,3.928571428571429e-06
2012-08-31,0.8472356935014548,17.47,2450.6,120.78,0.074,0.00021253232262407384,0.0050728303843003255,0.007738615596770491,0.030520089999999996,0.022781474403229505,2.9365079365079366e-06
2012-09-04,0.8694390715667312,17.98,2447.8,119.59,0.089,0.00021236682830142739,-0.0011432305671079258,0.003756460219622771,0.03232804,0.02857157978037723,3.5317460317460317e-06
2012-09-05,0.8874437218609305,17.74,2445.81,120.49,0.104,7.090941322454107e-05,-0.0008133055595739545,0.0037360338133919833,0.03147075999999999,0.02773472618660801,4.126984126984127e-06
2012-09-06,0.8378088077336197,15.6,2496.12,119.31,0.104,6.956279781566489e-05,0.02036116986807273,0.008322946503025033,0.024336,0.016013053496974967,4.126984126984127e-06
2012-09-07,0.8175099488345652,14.38,2506.37,120.7,0.104,6.923050295954104e-05,0.004097964951169316,0.008424806528705954,0.020678440000000003,0.012253633471294049,4.126984126984127e-06
2012-09-10,0.8896174863387979,16.28,2491.11,122.37,0.104,0.0,-0.006107096948404213,0.00908694620394623,0.02650384,0.01741689379605377,4.126984126984127e-06
2012-09-11,0.8972115910333516,16.41,2498.95,122.82,0.099,0.00013916916011418994,0.0031422493720862036,0.009126072601469469,0.026928809999999997,0.017802737398530527,3.928571428571429e-06
2012-09-12,0.8977272727272727,15.8,2504.84,123.38,0.104,0.00013837000138377077,0.002354216591968574,0.009086429696682214,0.024964,0.015877570303317788,4.126984126984127e-06
2012-09-13,0.8541033434650457,14.05,2546.03,115.69,0.099,6.83130102127329e-05,0.016310423013690453,0.011792118203379384,0.019740250000000004,0.00794813179662062,3.928571428571429e-06
2012-09-14,0.8585798816568048,14.51,2556.13,117.26,0.099,0.00013583265417013197,0.003959112686690369,0.011835889118623977,0.02105401,0.009218120881376024,3.928571428571429e-06
2012-09-17,0.8517221249270287,14.59,2548.26,122.69,0.094,0.00020451988955926738,-0.0030836226213670427,0.011785289536826333,0.02128681,0.009501520463173667,3.73015873015873e-06
2012-09-18,0.8526758869512929,14.18,2545.05,127.38,0.099,0.00013644426251883092,-0.0012604771455123785,0.011881070220992345,0.020107240000000002,0.008226169779007657,3.928571428571429e-06
2012-09-19,0.8417222559126745,13.88,2548.11,122.44,0.109,0.00013640703860306786,0.0012016117177495813,0.011854499088933554,0.01926544,0.0074109409110664475,4.3253968253968256e-06
2012-09-20,0.84,14.07,2547.11,128.03,0.109,6.816400259036384e-05,-0.00039252476353896924,0.011581115342151106,0.019796489999999996,0.008215374657848891,4.3253968253968256e-06
2012-09-21,0.8326384752829066,13.98,2546.92,130.6,0.104,0.00013724951962655648,-7.459712647479082e-05,0.011595148046709303,0.019544040000000002,0.0079488919532907,4.126984126984127e-06
2012-09-24,0.8529234478601567,14.15,2541.23,129.12,0.099,0.00013729662936781925,-0.0022365702158538554,0.010572282940538233,0.020022250000000005,0.009449967059461772,3.928571428571429e-06
2012-09-25,0.8767045454545453,15.43,2514.83,125.45,0.109,0.000346608436449422,-0.010443008953107066,0.012046952512459432,0.023808489999999998,0.011761537487540566,4.3253968253968256e-06
2012-09-26,0.9086486486486486,16.81,2500.92,124.06,0.104,6.982508815411029e-05,-0.005546542654933738,0.012556718250141886,0.02825761,0.015700891749858115,4.126984126984127e-06
2012-09-27,0.8693614528412419,14.84,2525.23,127.56,0.089,6.912999896298714e-05,0.009673483509110604,0.013438164189667612,0.02202256,0.008584395810332388,3.5317460317460317e-06
2012-09-28,0.8932424758659853,15.73,2513.93,125.87,0.094,0.00027770063871141376,-0.004484881980660951,0.013848337010684043,0.024743289999999998,0.010894952989315955,3.73015873015873e-06
2012-10-01,0.9107142857142857,16.32,2520.71,128.17,0.084,6.9302470633212e-05,0.002693342164906221,0.012842116222086376,0.026634240000000003,0.013792123777913627,3.3333333333333333e-06
2012-10-02,0.8855693348365278,15.71,2523.08,127.1,0.089,6.912999896298714e-05,0.0009397695678946001,0.012683811970465786,0.024680410000000007,0.011996598029534221,3.5317460317460317e-06
2012-10-03,0.8777019340159272,15.43,2532.79,125.4,0.089,6.894887440956256e-05,0.0038410844971827848,0.012664001254951207,0.023808489999999998,0.011144488745048791,3.5317460317460317e-06
2012-10-04,0.8528722157092615,14.55,2550.98,120.39,0.104,0.00020528962945222663,0.0071561371290249365,0.012936395628136865,0.021170250000000005,0.00823385437186314,4.126984126984127e-06
2012-10-05,0.8464264619019493,14.33,2551.03,123.85,0.099,6.845329773755625e-05,1.9600118385306023e-05,0.008492146025819243,0.020534890000000004,0.01204274397418076,3.928571428571429e-06
2012-10-08,0.8703917050691244,15.11,2542.21,122.06,0.099,0.00013740038472095226,-0.0034634177130927314,0.00859482569084892,0.022831209999999994,0.014236384309151074,3.928571428571429e-06
2012-10-09,0.9089394780677401,16.37,2517.14,121.21,0.099,0.00020810932676633583,-0.00991044509321699,0.00941854330460793,0.026797690000000002,0.017379146695392072,3.928571428571429e-06
2012-10-10,0.8985107556536128,16.29,2501.75,120.46,0.099,0.0003491254407709483,-0.0061328493898677216,0.009832123960497199,0.026536409999999996,0.016704286039502796,3.928571428571429e-06
2012-10-11,0.8873079112122937,15.59,2502.66,120.83,0.099,6.972285166476782e-05,0.0003636792389232469,0.009764254603139068,0.024304810000000003,0.014540555396860935,3.928571428571429e-06
2012-10-12,0.9098083427282977,16.14,2495.28,120.97,0.099,0.00021019442984761697,-0.0029532188716640518,0.0062793887742244965,0.026049960000000004,0.019770571225775507,3.928571428571429e-06
2012-10-15,0.8924605493863238,15.27,2515.44,122.45,0.094,0.0,0.008046791192207015,0.006986487603216378,0.02331729,0.016330802396783622,3.73015873015873e-06
2012-10-16,0.8968768414849736,15.22,2541.28,122.52,0.089,0.00020617848183911988,0.010220152556813385,0.008332749841267719,0.02316484,0.01483209015873228,3.5317460317460317e-06
2012-10-17,0.9072847682119206,15.07,2552.05,124.95,0.109,0.00013674278681806532,0.004229066662394552,0.008538069540763932,0.02271049,0.014172420459236067,4.3253968253968256e-06
2012-10-18,0.9065138721351026,15.03,2545.95,124.58,0.099,0.00034322979234585854,-0.0023930964735895443,0.008596130825031594,0.022590089999999997,0.013993959174968403,3.928571428571429e-06
2012-10-19,0.9415011037527593,17.06,2503.8,125.39,0.094,0.00020976820613223185,-0.01669428345008803,0.011929760147245444,0.029104359999999992,0.017174599852754546,3.73015873015873e-06
2012-10-22,0.9300503637381086,16.62,2504.96,122.99,0.094,0.00027847396268443364,0.0004631885020400161,0.01194328725539349,0.027622440000000005,0.015679152744606517,3.73015873015873e-06
2012-10-23,0.9681233933161953,18.83,2468.78,120.16,0.104,7.079896633502712e-05,-0.014548664853269465,0.014210833814808688,0.03545689,0.02124605618519131,4.126984126984127e-06
2012-10-24,0.9512195121951219,18.33,2461.18,119.33,0.109,7.082403767832363e-05,-0.003083191758355571,0.013179450508142563,0.03359889,0.020419439491857434,4.3253968253968256e-06
2012-10-25,0.9481946624803769,18.12,2468.6,120.89,0.114,0.00021208158071472298,0.0030102785938512424,0.013083495483528317,0.03283344,0.019749944516471683,4.5238095238095235e-06
2012-10-26,0.9363827549947423,17.81,2466.8,119.31,0.114,0.0001414627245719466,-0.0007294241924904387,0.011683827288777702,0.031719609999999995,0.02003578271122229,4.5238095238095235e-06
2012-10-31,0.9632314862765408,18.6,2467.51,115.04,0.109,0.0002840303912518075,0.0002877808669905618,0.011551841152012174,0.03459600000000001,0.023044158847987835,4.3253968253968256e-06
2012-11-01,0.9413423575860125,16.69,2494.67,117.85,0.094,0.00013990905911164905,0.010946910924508488,0.01311407922620932,0.027855610000000006,0.014741530773790687,3.73015873015873e-06
2012-11-02,0.9482479784366576,17.59,2471.3,115.78,0.094,0.0002124871622339564,-0.009412127952916486,0.014025870165297865,0.03094081,0.016914939834702134,3.73015873015873e-06
2012-11-05,0.9710068529256722,18.42,2476.94,115.52,0.091,0.00042307149908336113,0.0022795993898393554,0.0138651296900637,0.03392964000000001,0.020064510309936313,3.611111111111111e-06
2012-11-06,0.9638157894736842,17.58,2496.46,116.34,0.094,6.985923364434195e-05,0.007849801035139985,0.014014555761001392,0.030905639999999995,0.016891084238998603,3.73015873015873e-06
2012-11-07,0.9631499242806663,19.08,2439.48,116.1,0.099,7.162554166809371e-05,-0.023088826559926418,0.01981205682697574,0.03640463999999999,0.01659258317302425,3.928571428571429e-06
2012-11-08,0.9324256177508825,18.49,2409.72,116.69,0.089,0.00014477017734354134,-0.012274343658604452,0.021039898838371037,0.03418800999999999,0.013148111161628954,3.5317460317460317e-06
2012-11-09,0.9272546088689586,18.61,2413.92,115.4,0.094,0.00036175523640712923,0.0017414239293958478,0.020507490917776813,0.03463321,0.014125719082223185,3.73015873015873e-06
2012-11-12,0.8710182767624022,16.68,2414.24,114.23,0.094,0.00014442518775281796,0.00013255567357679741,0.02032505912150346,0.02782224,0.007497180878496542,3.73015873015873e-06
2012-11-13,0.8777016341591987,16.65,2405.38,114.81,0.089,0.00021774632553076497,-0.0036766425488176735,0.020311289727419093,0.027722249999999993,0.0074109602725809,3.5317460317460317e-06
2012-11-14,0.9018621036738803,17.92,2372.94,113.23,0.104,0.00029422581831549865,-0.013578202550480221,0.02195120702509635,0.03211264000000001,0.010161432974903663,4.126984126984127e-06
2012-11-15,0.9090449722081859,17.99,2369.32,113.65,0.079,0.00014726456078331354,-0.0015266985374597828,0.020532197888536212,0.03236400999999999,0.01183181211146378,3.134920634920635e-06
2012-11-16,0.866877971473851,16.41,2381.02,115.85,0.079,7.315021396451724e-05,0.004925973155004294,0.019124838846288055,0.026928809999999997,0.007803971153711942,3.134920634920635e-06
2012-11-19,0.8664013644115975,15.24,2428.47,113.46,0.079,0.0,0.019732462121400098,0.02487318679080083,0.02322576,-0.001647426790800828,3.134920634920635e-06
2012-11-20,0.8726851851851851,15.08,2430.29,117.25,0.074,7.179523997552433e-05,0.0007491623727543591,0.024989336332509025,0.022740639999999996,-0.0022486963325090287,2.9365079365079366e-06
2012-11-21,0.8708759954493744,15.31,2435.97,116.62,0.094,0.00021498441363001995,0.0023344427052758433,0.02239078670075077,0.023439610000000003,0.0010488232992492338,3.73015873015873e-06
2012-11-23,0.8612059158134244,15.14,2468.06,117.82,0.089,7.085414673887346e-05,0.013087382429892713,0.02486664524741019,0.02292196,-0.0019446852474101876,3.5317460317460317e-06
2012-11-26,0.8954361640670133,15.5,2463.12,116.96,0.094,7.090941322454107e-05,-0.0020035779073420555,0.022379244402247138,0.024025,0.0016457555977528633,3.73015873015873e-06
2012-11-27,0.9035187287173666,15.92,2450.48,116.65,0.086,0.0002136219603375308,-0.005144915288945905,0.022584762776014945,0.02534464,0.002759877223985057,3.4126984126984127e-06
2012-11-28,0.9017441860465116,15.51,2470.47,116.12,0.094,0.00014147273113094581,0.008124492204619796,0.02331332325028693,0.024056009999999996,0.0007426867497130653,3.73015873015873e-06
2012-11-29,0.8953626634958383,15.06,2481.42,117.35,0.084,7.029629889979899e-05,0.004422561021195455,0.023532456036556272,0.022680360000000004,-0.0008520960365562685,3.3333333333333333e-06
2012-11-30,0.9189345686160972,15.87,2481.82,117.07,0.079,0.00021105209469204783,0.00016118503270681222,0.023532627969846953,0.025185689999999993,0.00165306203015304,3.134920634920635e-06
2012-12-03,0.9337822671156004,16.64,2470.07,115.98,0.079,0.0001414527194286034,-0.004745671673722808,0.02226761712905558,0.02768896,0.00542134287094442,3.134920634920635e-06
2012-12-04,0.9411764705882353,17.12,2465.9,115.31,0.099,7.080397918376695e-05,-0.0016896378997723334,0.021243431268220803,0.029309440000000006,0.008066008731779203,3.928571428571429e-06
2012-12-05,0.923163208076276,16.46,2470.59,114.55,0.094,0.00014133276800233364,0.001900136093098727,0.021222364484568396,0.027093159999999998,0.005870795515431602,3.73015873015873e-06
2012-12-06,0.929372197309417,16.58,2479.4,115.74,0.094,7.043989715768608e-05,0.0035596069092980465,0.020581353781733664,0.027489639999999992,0.006908286218266328,3.73015873015873e-06
2012-12-07,0.9196067090803933,15.9,2486.84,115.23,0.084,7.029629889979899e-05,0.002996232790197102,0.013783870141396934,0.025281,0.011497129858603067,3.3333333333333333e-06
2012-12-10,0.9250720461095101,16.05,2487.78,114.77,0.079,7.006480994913929e-05,0.0003779183178565616,0.011499379893506509,0.025760250000000002,0.014260870106493493,3.134920634920635e-06
2012-12-11,0.9158823529411765,15.57,2504.08,115.92,0.068,0.00013908205841453567,0.006530655079323493,0.01180157286380652,0.024242490000000002,0.012440917136193481,2.6984126984126986e-06
2012-12-12,0.9150889271371199,15.95,2505.76,116.49,0.063,6.973743854401707e-05,0.0006706801267002105,0.011783166097877253,0.02544025,0.013657083902122748,2.5e-06
2012-12-13,0.9261744966442953,16.56,2490.56,116.24,0.053,7.017297638672962e-05,-0.006084496947100492,0.012183338731832947,0.02742336,0.015240021268167054,2.103174603174603e-06
2012-12-14,0.9428729894620077,17.0,2480.36,118.92,0.028,0.00014060742407206292,-0.00410387385655348,0.009623011423790287,0.028900000000000006,0.01927698857620972,1.1111111111111112e-06
2012-12-17,0.9337142857142857,16.34,2509.84,118.06,0.023,0.0001389081816919727,0.011815295159639302,0.010536968669595753,0.026699559999999997,0.016162591330404243,9.126984126984127e-07
2012-12-18,0.9262343842950626,15.57,2538.72,117.86,0.053,0.000344151151185679,0.01144101091167022,0.011404613788936832,0.024242490000000002,0.01283787621106317,2.103174603174603e-06
2012-12-19,0.9720044792833147,17.36,2519.54,120.76,0.053,0.0001385137474895092,-0.007583671825245664,0.0088776753111818,0.03013696,0.0212592846888182,2.103174603174603e-06
2012-12-20,0.9740904079382581,17.67,2533.91,124.47,0.053,0.0002064906907113682,0.005687219120589514,0.009045360231730795,0.03122289000000001,0.022177529768269214,2.103174603174603e-06
2012-12-21,0.9454160042395336,17.84,2510.32,127.08,0.058,0.0,-0.00935332924161735,0.01058263971773982,0.031826560000000004,0.021243920282260183,2.3015873015873014e-06
2012-12-24,0.9454160042395336,17.84,2504.51,124.47,0.053,7.035069823081591e-05,-0.0023171284368687624,0.00890555576225004,0.031826560000000004,0.022921004237749964,2.103174603174603e-06
2012-12-26,0.9774209734069242,19.48,2492.54,122.18,0.058,0.00028250582668281986,-0.004790835750980495,0.009188546288077148,0.03794704,0.028758493711922854,2.3015873015873014e-06
2012-12-27,0.9774096385542167,19.47,2489.97,119.6,0.068,0.00014147273113094581,-0.0010316086582544636,0.00879967302906069,0.03790808999999999,0.0291084169709393,2.6984126984126986e-06
2012-12-28,1.0383912248628884,22.72,2462.71,118.38,0.008,0.00021619284401687126,-0.011008292595404019,0.009642286615621904,0.05161983999999999,0.041977553384378086,3.174603174603175e-07
2012-12-31,0.9620928990923652,18.02,2504.44,121.27,0.043,7.008445176431234e-05,0.016802787035082676,0.012908023172985082,0.03247204,0.01956401682701492,1.7063492063492063e-06
2013-01-02,0.8795686039544637,14.68,2568.55,121.77,0.058,6.84861144404296e-05,0.02527638069952566,0.020301012417474416,0.021550239999999995,0.0012492275825255784,2.3015873015873014e-06
2013-01-03,0.8697729988052569,14.56,2563.19,117.93,0.068,6.865067106024718e-05,-0.002088960839459926,0.019958483628506163,0.02119936,0.0012408763714938376,2.6984126984126986e-06
2013-01-04,0.846389228886169,13.83,2575.66,115.53,0.068,0.0,0.004853235442331343,0.019903054378888427,0.01912689,-0.0007761643788884269,2.6984126984126986e-06
2013-01-07,0.8382978723404255,13.79,2567.63,116.78,0.063,6.854244490914239e-05,-0.0031225175031744778,0.020227754694914595,0.019016409999999997,-0.0012113446949145977,2.5e-06
2013-01-08,0.8279635258358663,13.62,2560.17,118.15,0.053,6.871199367843409e-05,-0.0029096319134924303,0.020448746085424203,0.018550439999999998,-0.0018983060854242048,2.103174603174603e-06
2013-01-09,0.836969696969697,13.81,2567.02,117.89,0.058,6.851426809646349e-05,0.002672030517927104,0.020438000025518887,0.01907161,-0.0013663900255188877,2.3015873015873014e-06
2013-01-10,0.8368486352357319,13.49,2586.52,118.53,0.063,6.799252082284092e-05,0.007567649833925001,0.020852997669910694,0.018198009999999997,-0.0026549876699106974,2.5e-06
2013-01-11,0.8344784509681448,13.36,2586.69,119.14,0.068,6.800176804590734e-05,6.572321636320172e-05,0.020592550067158752,0.01784896,-0.0027435900671587514,2.6984126984126986e-06
2013-01-14,0.8299570288520565,13.52,2584.27,117.19,0.068,6.81268521987322e-05,-0.0009359964790592029,0.020658951083060068,0.018279039999999996,-0.002379911083060071,2.6984126984126986e-06
2013-01-15,0.8297611757501532,13.55,2587.2,120.9,0.081,0.00027221995372274713,0.001133140214875587,0.019910201613281907,0.01836025,-0.0015499516132819052,3.2142857142857147e-06
2013-01-16,0.8263546798029557,13.42,2588.02,120.13,0.074,0.00013610997686118014,0.00031689474335868143,0.019485583482311535,0.018009639999999997,-0.0014759434823115383,2.9365079365079366e-06
2013-01-17,0.843905472636816,13.57,2602.64,120.53,0.074,0.0,0.005633209904488709,0.01841872160213874,0.018414490000000006,-4.23160213873508e-06,2.9365079365079366e-06
2013-01-18,0.814911706998038,12.46,2611.54,124.79,0.074,6.743315688336981e-05,0.0034137711560622073,0.017227336114133584,0.015525160000000001,-0.0017021761141335825,2.9365079365079366e-06
2013-01-22,0.8444293478260869,12.43,2623.22,126.73,0.063,6.696353835330569e-05,0.0044624851503156805,0.01625773216163451,0.015450489999999999,-0.0008072421616345093,2.5e-06
2013-01-23,0.8593103448275863,12.46,2627.23,126.58,0.074,6.690977217235507e-05,0.0015274884170632188,0.01607050400273146,0.015525160000000001,-0.0005453440027314588,2.9365079365079366e-06
2013-01-24,0.8650306748466258,12.69,2627.33,125.47,0.079,6.687844841993583e-05,3.806217837908698e-05,0.014507710789452809,0.016103609999999997,0.0015958992105471886,3.134920634920635e-06
2013-01-25,0.8792633015006821,12.89,2641.64,124.71,0.074,6.66688889629048e-05,0.0054318150166864365,0.01435216021289562,0.016615210000000005,0.0022630497871043848,2.9365079365079366e-06
2013-01-28,0.900464499004645,13.57,2636.83,122.95,0.063,0.00033316674995824056,-0.0018224983115819316,0.013909648756821689,0.018414490000000006,0.004504841243178317,2.5e-06
2013-01-29,0.9029850746268657,13.31,2650.43,123.95,0.068,6.628882039056925e-05,0.005144452890193308,0.01378974669620448,0.01771561,0.00392586330379552,2.6984126984126986e-06
2013-01-30,0.9286640726329443,14.32,2640.77,121.92,0.063,0.00020010005002502008,-0.003651349687232769,0.011847019874538482,0.02050624,0.008659220125461517,2.5e-06
2013-01-31,0.9183279742765272,14.28,2634.16,121.64,0.074,0.00013337779259760076,-0.002506195706784113,0.009762564320692191,0.020391839999999994,0.010629275679307803,2.9365079365079366e-06
2013-02-01,0.872210953346856,12.9,2660.7,122.55,0.068,-6.620543546637972e-05,0.010024900476725202,0.0037634250135675958,0.016641,0.012877574986432404,2.6984126984126986e-06
2013-02-04,0.929069031032299,14.67,2630.05,122.6,0.058,0.0001335648457326715,-0.011586388652576439,0.005747515537688623,0.02152089,0.015773374462311376,2.3015873015873014e-06
2013-02-05,0.8967320261437909,13.72,2657.76,123.22,0.074,0.0002649357530798254,0.010480805344826974,0.006641916673783292,0.018823840000000005,0.012181923326216714,2.9365079365079366e-06
2013-02-06,0.8857331571994715,13.41,2659.55,122.45,0.068,6.619228859850622e-05,0.0006732727892925721,0.006373207446334067,0.01798281,0.011609602553665933,2.6984126984126986e-06
2013-02-07,0.8887425938117183,13.5,2655.84,125.35,0.068,0.00013248542660314146,-0.0013959467141500662,0.006225824654571657,0.018225,0.011999175345428345,2.6984126984126986e-06
2013-02-08,0.8797297297297296,13.02,2670.85,125.67,0.068,6.59260968453763e-05,0.005635784973046018,0.0064003169753594265,0.016952039999999995,0.010551723024640568,2.6984126984126986e-06
2013-02-11,0.8814713896457765,12.94,2669.37,125.53,0.068,6.589134517193903e-05,-0.0005542842946140269,0.006029467275266212,0.016744359999999996,0.010714892724733784,2.6984126984126986e-06
2013-02-12,0.8699242945629733,12.64,2673.77,126.12,0.084,0.0,0.0016469720032001821,0.0060022638420092235,0.015976960000000002,0.009974696157990778,3.3333333333333333e-06
2013-02-13,0.8872180451127819,12.98,2676.6,126.68,0.094,0.00013144922773585433,0.0010578708627323936,0.005923719071571968,0.016848039999999998,0.01092432092842803,3.73015873015873e-06
2013-02-14,0.8773388773388774,12.66,2678.77,127.19,0.099,0.00013134563604130973,0.0008104015665631022,0.005929348552006245,0.016027559999999996,0.010098211447993753,3.928571428571429e-06
2013-02-15,0.873772791023843,12.46,2676.21,130.46,0.099,0.00026293301781365964,-0.0009561194234232984,0.005991762210605822,0.015525160000000001,0.00953339778939418,3.928571428571429e-06
2013-02-19,0.879914224446033,12.31,2696.26,130.15,0.109,6.526350138679005e-05,0.00746401304596556,0.006218262429425777,0.01515361,0.008935347570574223,4.3253968253968256e-06
2013-02-20,0.9526281635301752,14.68,2662.94,124.47,0.119,0.00013229263130050425,-0.01243485197137119,0.008541094008476186,0.021550239999999995,0.013009145991523809,4.7222222222222214e-06
2013-02-21,0.9688096753660089,15.22,2646.75,122.58,0.124,0.00019927596399748338,-0.0060983033565190905,0.008938852000885815,0.02316484,0.014225987999114184,4.92063492063492e-06
2013-02-22,0.9459279038718291,14.17,2670.36,125.37,0.124,0.00013169157832344642,0.008880822542535933,0.009791962559291293,0.02007889,0.010286927440708705,4.92063492063492e-06
2013-02-25,1.0585284280936453,18.99,2621.46,121.5,0.119,6.705334093265099e-05,-0.018481880309673265,0.01425193558425888,0.03606200999999999,0.021810074415741114,4.7222222222222214e-06
2013-02-26,0.9779710144927537,16.87,2637.89,122.92,0.114,0.0001336183858899668,0.006247940695256948,0.014373831540129544,0.028459690000000006,0.014085858459870463,4.5238095238095235e-06
2013-02-27,0.9406130268199234,14.73,2672.11,124.96,0.104,0.00013157029142826283,0.012889067322233322,0.016320414820929573,0.021697290000000004,0.005376875179070432,4.126984126984127e-06
2013-02-28,0.9585908529048208,15.51,2669.92,126.86,0.104,6.593479049214324e-05,-0.0008199130752492978,0.016069203838169323,0.024056009999999996,0.007986806161830673,4.126984126984127e-06
2013-03-01,0.9429097605893186,15.36,2676.18,128.19,0.104,0.00019725811223987336,0.0023418951613574266,0.015896076878023784,0.023592959999999996,0.007696883121976212,4.126984126984127e-06
2013-03-04,0.9085603112840467,14.01,2688.54,128.65,0.089,0.00013071041108430974,0.004607890763965123,0.01594039101994451,0.01962801,0.0036876189800554918,3.5317460317460317e-06
2013-03-05,0.9016722408026756,13.48,2714.35,126.62,0.099,0.00019460932178652098,0.009554218699408883,0.01583568382437379,0.01817104,0.0023353561756262083,3.928571428571429e-06
2013-03-06,0.9001996007984032,13.53,2718.07,124.73,0.099,6.477732793516376e-05,0.001369555587182765,0.013756752479921336,0.01830609,0.004549337520078665,3.928571428571429e-06
2013-03-07,0.8860244233378562,13.06,2723.27,125.28,0.099,6.462244337452522e-05,0.001911294491057952,0.012713165076819334,0.01705636,0.0043431949231806655,3.928571428571429e-06
2013-03-08,0.8670798898071626,12.59,2735.67,124.46,0.089,0.0,0.004543014331331066,0.012845447281366837,0.015850810000000003,0.003005362718633166,3.5317460317460317e-06
2013-03-11,0.8083916083916084,11.56,2744.81,125.21,0.094,0.00019227687870534299,0.00333547735740365,0.012787420624267564,0.013363360000000001,0.0005759393757324375,3.73015873015873e-06
2013-03-12,0.8415637860082305,12.27,2738.35,128.66,0.094,0.00032118194957432436,-0.00235630657829557,0.01273486748869505,0.015055289999999997,0.002320422511304947,3.73015873015873e-06
2013-03-13,0.8152997932460372,11.83,2742.87,127.13,0.089,0.00019228920296126103,0.0016492682375695497,0.01269635850356921,0.013994890000000001,0.001298531496430791,3.5317460317460317e-06
2013-03-14,0.8014184397163121,11.3,2758.3,128.96,0.094,0.00012766500702145927,0.005609730462416415,0.012920103781391778,0.012769,-0.00015110378139177733,3.73015873015873e-06
2013-03-15,0.7924263674614307,11.3,2753.82,129.12,0.084,0.00012839442768190431,-0.001625509236537376,0.013035200176997856,0.012769,-0.00026620017699785503,3.3333333333333333e-06
2013-03-18,0.8680961663417803,13.36,2738.68,126.17,0.074,0.00032232070910563333,-0.005512986197846966,0.013601703515639933,0.01784896,0.004247256484360067,2.9365079365079366e-06
2013-03-19,0.9159770846594526,14.39,2732.09,127.08,0.056,0.0003880230226993615,-0.002409168430554946,0.013700616600761897,0.02070721,0.007006593399238103,2.2222222222222225e-06
2013-03-20,0.8486269256530475,12.67,2750.42,123.73,0.068,0.00019315584457393773,0.006686743224671268,0.013580942257122714,0.01605289,0.002471947742877286,2.6984126984126986e-06
2013-03-21,0.9008370895041855,13.99,2727.69,121.69,0.068,-6.479411669414524e-05,-0.008298530129106033,0.012391385701219832,0.019572009999999997,0.007180624298780166,2.6984126984126986e-06
2013-03-22,0.8892529488859764,13.57,2747.25,122.18,0.068,0.00038555455596968433,0.007145314184417788,0.012079061204301139,0.018414490000000006,0.006335428795698867,2.6984126984126986e-06
2013-03-25,0.8980392156862744,13.74,2738.08,122.03,0.063,0.000322362270719725,-0.0033434664978917966,0.011683193096026563,0.018878759999999998,0.007195566903973435,2.5e-06
2013-03-26,0.8657627118644068,12.77,2760.32,122.47,0.074,0.00012809017548360595,0.008089670190282016,0.006981698470098431,0.016307290000000002,0.009325591529901572,2.9365079365079366e-06
2013-03-27,0.8807769591426658,13.15,2758.85,121.99,0.089,0.00012813941568433004,-0.0005326888045704001,0.0068858046999744835,0.017292250000000002,0.010406445300025519,3.5317460317460317e-06
2013-03-28,0.8674863387978141,12.7,2770.05,122.93,0.074,6.381010113895228e-05,0.004051444345138123,0.005428025219562483,0.016129,0.010700974780437519,2.9365079365079366e-06
2013-04-01,0.8887434554973822,13.58,2757.83,121.21,0.048,0.00019231385621334746,-0.0044212319752429535,0.005813632745824621,0.018441640000000002,0.012628007254175382,1.904761904761905e-06
2013-04-02,0.8687967369136641,12.78,2772.11,122.84,0.089,0.00019127163760401117,0.005164624477396842,0.005966098955067568,0.016332839999999998,0.01036674104493243,3.5317460317460317e-06
2013-04-03,0.9173660426081344,14.21,2743.38,120.92,0.058,0.00019319316096210923,-0.010418026268222282,0.007565670741721699,0.02019241,0.012626739258278303,2.3015873015873014e-06
2013-04-04,0.907843137254902,13.89,2754.67,120.79,0.063,6.414985405902367e-05,0.004106916404473388,0.006742214288862862,0.019293209999999998,0.012550995711137136,2.5e-06
2013-04-05,0.9050715214564369,13.92,2742.86,118.34,0.063,0.00012900728891170618,-0.004296481571712678,0.007032167009896136,0.019376639999999997,0.012344472990103862,2.5e-06
2013-04-08,0.8966689326988443,13.19,2761.05,119.21,0.058,6.396929473864915e-05,0.006609870520157106,0.007472200923493991,0.017397609999999997,0.009925409076506006,2.3015873015873014e-06
2013-04-09,0.8879668049792531,12.84,2770.84,118.63,0.063,6.379381837894106e-05,0.003539481161302226,0.007385989045233605,0.016486559999999997,0.009100570954766393,2.5e-06
2013-04-10,0.8753541076487252,12.36,2804.81,118.34,0.068,0.00018905378580206785,0.012185277169071375,0.00893401950943151,0.015276959999999997,0.006342940490568487,2.6984126984126986e-06
2013-04-11,0.8637967537050106,12.24,2815.02,117.24,0.063,6.28160432173806e-05,0.0036335658670745485,0.00885346057652107,0.014981760000000002,0.006128299423478933,2.5e-06
2013-04-12,0.8601997146932954,12.06,2807.1,117.84,0.063,0.00018913721905242968,-0.002817444394312054,0.009055246877103046,0.01454436,0.005489113122896953,2.5e-06
2013-04-15,1.014092777451556,17.27,2742.63,119.92,0.058,-0.0003871717106536896,-0.023234607918561637,0.015762806769601522,0.029825289999999997,0.014062483230398475,2.3015873015873014e-06
2013-04-16,0.9245033112582782,13.96,2781.86,124.1,0.053,0.00025433967063007596,0.014202454677435403,0.018228952565520123,0.01948816,0.0012592074344798775,2.103174603174603e-06
2013-04-17,0.9751919669226227,16.51,2742.01,120.7,0.053,0.0001934423058322929,-0.01442854062022857,0.020529796660976898,0.02725801000000001,0.006728213339023112,2.103174603174603e-06
2013-04-18,1.002283105022831,17.56,2723.72,121.28,0.053,0.0001948494787776517,-0.006692635117159012,0.021016273636748104,0.030835359999999992,0.009819086363251888,2.103174603174603e-06
2013-04-19,0.9257884972170686,14.97,2747.94,122.61,0.048,0.00012884107453462753,0.008852947071275015,0.021445576950867386,0.02241009,0.0009645130491326148,1.904761904761905e-06
2013-04-22,0.9189016602809706,14.39,2760.8,120.52,0.048,0.0002562952521304033,0.004668952741055785,0.020765683263672802,0.02070721,-5.84732636728022e-05,1.904761904761905e-06
2013-04-23,0.908968307484828,13.48,2789.56,121.56,0.048,6.339345145640689e-05,0.01036338450151401,0.021422814144346516,0.01817104,-0.0032517741443465163,1.904761904761905e-06
2013-04-24,0.9091516366065463,13.61,2789.93,119.84,0.053,0.0,0.00013262860961932388,0.021211181223318703,0.01852321,-0.0026879712233187046,2.103174603174603e-06
2013-04-25,0.9104278074866309,13.62,2801.28,119.83,0.053,6.303381764328739e-05,0.004059949667548881,0.020675262367388224,0.018550439999999998,-0.002124822367388226,2.103174603174603e-06
2013-04-26,0.9140362659503022,13.61,2796.24,118.86,0.053,6.325710851751212e-05,-0.0018007979826806535,0.020733997223787447,0.01852321,-0.002210787223787449,2.103174603174603e-06
2013-04-29,0.9189008042895443,13.71,2816.39,118.85,0.053,0.00018835347669126441,0.007180265426866721,0.0211203696223143,0.01879641,-0.0023239596223143012,2.103174603174603e-06
2013-04-30,0.9147496617050068,13.52,2823.42,119.05,0.048,6.259193190009906e-05,0.002492993076349185,0.02078604604243769,0.018279039999999996,-0.002507006042437695,1.904761904761905e-06
2013-05-01,0.9282511210762332,14.49,2797.28,118.05,0.053,6.321312304428652e-05,-0.009301399633672477,0.02182252922723142,0.02099601,-0.0008265192272314224,2.103174603174603e-06
2013-05-02,0.9139206455951581,13.59,2823.82,117.95,0.038,0.00012521129405878813,0.009443061755583002,0.021126443579088838,0.01846881,-0.002657633579088839,1.5079365079365078e-06
2013-05-06,0.8846960167714885,12.66,2859.34,116.93,0.033,0.0001235788433019143,0.012500250746891092,0.022549403284983154,0.016027559999999996,-0.006521843284983158,1.3095238095238096e-06
2013-05-07,0.8940766550522649,12.83,2874.46,119.76,0.03,0.000369139904023639,0.00527400155115281,0.02218402761035001,0.01646089,-0.00572313761035001,1.1904761904761904e-06
2013-05-08,0.8791666666666667,12.66,2887.61,117.35,0.043,0.00018363786612800255,0.0045643398395733585,0.02200854975979512,0.016027559999999996,-0.005980989759795125,1.7063492063492063e-06
2013-05-09,0.886563133018231,13.13,2878.3,119.08,0.038,6.137040105551508e-05,-0.0032293282728394976,0.02231864612479572,0.01723969,-0.005078956124795721,1.5079365079365078e-06
2013-05-10,0.8558803535010197,12.59,2890.77,117.97,0.041,0.0002447231569286757,0.004323060535173323,0.021005159034873815,0.015850810000000003,-0.005154349034873811,1.626984126984127e-06
2013-05-13,0.8338870431893688,12.55,2891.17,119.16,0.038,6.11340363748698e-05,0.0001383618649236311,0.02095832718346847,0.01575025,-0.005208077183468468,1.5079365079365078e-06
2013-05-14,0.8524699599465954,12.77,2921.12,116.16,0.038,6.0501557915061286e-05,0.010305839895403492,0.021672883910576046,0.016307290000000002,-0.0053655939105760435,1.5079365079365078e-06
2013-05-15,0.8511627906976744,12.81,2936.98,119.41,0.041,0.00018081547780490694,0.005414738140503036,0.013378950203918325,0.016409609999999998,0.0030306597960816726,1.626984126984127e-06
2013-05-16,0.8459546925566344,13.07,2922.4,121.22,0.028,0.00030247118961925754,-0.004976646024630364,0.012504474978579988,0.017082490000000002,0.004578015021420015,1.1111111111111112e-06
2013-05-17,0.8206987475280157,12.45,2952.56,127.85,0.033,0.0002397219225697713,0.010267394145179628,0.009383142947336293,0.01550025,0.006117107052663707,1.3095238095238096e-06
2013-05-20,0.8504245591116917,13.02,2950.53,117.67,0.033,0.00011978917105899758,-0.0006877754125455074,0.00826999974454356,0.016952039999999995,0.008682040255456434,1.3095238095238096e-06
2013-05-21,0.8472750316856781,13.37,2955.69,117.08,0.038,0.0,0.00174731090708804,0.007972677434292625,0.017875689999999996,0.00990301256570737,1.5079365079365078e-06
2013-05-22,0.8735777496839444,13.82,2931.58,117.16,0.038,6.021738475892515e-05,-0.008190599305497311,0.009568724260605708,0.019099239999999996,0.009530515739394289,1.5079365079365078e-06
2013-05-23,0.879375,14.07,2923.43,116.92,0.043,6.0410185157162564e-05,-0.0027839423890885623,0.009156369844587932,0.019796489999999996,0.010640120155412065,1.7063492063492063e-06
2013-05-24,0.8787688442211056,13.99,2921.88,118.17,0.038,6.038100413604387e-05,-0.0005303397206748948,0.009196719308790804,0.019572009999999997,0.010375290691209193,1.5079365079365078e-06
2013-05-28,0.9124133585381223,14.48,2940.45,112.47,0.043,0.00024089129780181895,0.006335386139008685,0.00936547269201825,0.020967040000000003,0.011601567307981753,1.7063492063492063e-06
2013-05-29,0.9182662538699691,14.83,2920.18,116.2,0.038,0.0003026359592047415,-0.006917372646502361,0.010209515207484102,0.021992889999999998,0.011783374792515896,1.5079365079365078e-06
2013-05-30,0.9075577763897563,14.53,2931.39,117.75,0.028,6.028636021094743e-05,0.0038314550500491177,0.009912430707350397,0.021112089999999997,0.0111996592926496,1.1111111111111112e-06
2013-05-31,0.9515469935785174,16.3,2889.46,119.51,0.028,6.11639499678333e-05,-0.014407079811546956,0.013089684926855511,0.026569000000000002,0.01347931507314449,1.1111111111111112e-06
2013-06-03,0.9454123112659699,16.28,2906.91,119.16,0.028,6.0910613674550484e-05,0.006021027890748055,0.011890383182176454,0.02650384,0.014613456817823547,1.1111111111111112e-06
2013-06-04,0.9426419466975665,16.27,2891.02,116.87,0.043,0.0002443792766372925,-0.005481280313428388,0.01170022799748953,0.026471289999999995,0.014771062002510464,1.7063492063492063e-06
2013-06-05,0.9722222222222222,17.5,2851.89,116.57,0.038,0.00012393109431145006,-0.013627448648460395,0.012399108351923925,0.030624999999999996,0.018225891648076073,1.5079365079365078e-06
2013-06-06,0.9475783475783475,16.63,2876.5,117.64,0.048,6.139677666916902e-05,0.008592344937945988,0.01298265773746119,0.02765569,0.014673032262538811,1.904761904761905e-06
2013-06-07,0.9055023923444977,15.14,2913.46,116.2,0.043,0.0,0.012767100993840616,0.014726590693101784,0.02292196,0.008195369306898218,1.7063492063492063e-06
2013-06-10,0.9228930065750149,15.44,2912.63,116.2,0.043,0.0001820222673907177,-0.00028492522622037875,0.014559522657080472,0.023839359999999993,0.009279837342919522,1.7063492063492063e-06
2013-06-11,0.9530988274706867,17.07,2883.07,116.98,0.043,0.00018368284096128052,-0.010200754463712842,0.015715220199843893,0.029138489999999996,0.013423269800156103,1.7063492063492063e-06
2013-06-12,0.9748295752490823,18.59,2859.62,115.56,0.048,6.187544472970272e-05,-0.00816694975384406,0.016487417972651217,0.03455881,0.018071392027348785,1.904761904761905e-06
2013-06-13,0.920358945597308,16.41,2902.32,117.28,0.043,6.089948539946608e-05,0.014821668291718134,0.017964383435108026,0.026928809999999997,0.008964426564891971,1.7063492063492063e-06
2013-06-14,0.9371584699453551,17.15,2885.24,116.29,0.043,6.133652283246485e-05,-0.0059023317547896295,0.017869381306593744,0.029412249999999994,0.01154286869340625,1.7063492063492063e-06
2013-06-17,0.9338521400778211,16.8,2907.12,116.74,0.043,0.00018233202662048276,0.007554814986316375,0.01844951979089329,0.028224000000000003,0.009774480209106713,1.7063492063492063e-06
2013-06-18,0.9357746478873239,16.61,2929.81,118.7,0.048,0.000301704631166157,0.0077746741154546255,0.01786344031307391,0.02758921,0.009725769686926091,1.904761904761905e-06
2013-06-19,0.935883014623172,16.64,2889.25,117.84,0.043,0.00042809528177856226,-0.013940621636560247,0.020077779875117153,0.02768896,0.007611180124882846,1.7063492063492063e-06
2013-06-20,1.0073746312684364,20.49,2817.44,117.52,0.043,6.263113393662296e-05,-0.025168281643082786,0.026908134748433434,0.04198400999999999,0.015075875251566555,1.7063492063492063e-06
2013-06-21,0.9697280656747049,18.9,2824.97,117.36,0.043,0.00018886335736095647,0.0026690738426597377,0.02670611356471775,0.03572099999999999,0.00901488643528224,1.7063492063492063e-06
2013-06-24,0.9700916546068499,20.11,2790.66,116.08,0.043,0.00019105238019424386,-0.012219618075633038,0.028017020652926272,0.04044121,0.012424189347073726,1.7063492063492063e-06
2013-06-25,0.9389933909506862,18.47,2817.44,115.23,0.061,6.306164275591567e-05,0.009550544232973086,0.029664049540328526,0.03411408999999999,0.004450040459671466,2.4206349206349204e-06
2013-06-26,0.9144527098831031,17.21,2845.04,115.81,0.058,0.00037507032568608034,0.009748456003080308,0.030497817651043542,0.02961841,-0.0008794076510435407,2.3015873015873014e-06
2013-06-27,0.9084051724137931,16.86,2862.92,116.01,0.048,0.0001241541995156857,0.006264955774732548,0.030806979566115632,0.02842596,-0.0023810195661156316,1.904761904761905e-06
2013-06-28,0.9168026101141924,16.86,2850.66,116.53,0.033,0.00018717828731867816,-0.004291536590481553,0.030621445743384913,0.02842596,-0.002195485743384913,1.3095238095238096e-06
2013-07-01,0.9135044642857143,16.37,2866.41,114.85,0.013,0.00018617929065690967,0.005509829281482361,0.028818087096600366,0.026797690000000002,-0.0020203970966003633,5.158730158730158e-07
2013-07-02,0.9123196448390678,16.44,2865.48,115.22,0.023,0.0002481697481076563,-0.0003245002985613956,0.02827748189190659,0.027027360000000007,-0.0012501218919065832,9.126984126984127e-07
2013-07-03,0.909601347557552,16.2,2867.85,113.13,0.043,6.191375414060198e-05,0.0008267447138024146,0.027992319921996283,0.026244,-0.001748319921996283,1.7063492063492063e-06
2013-07-05,0.8821090047393366,14.89,2897.12,117.12,0.038,6.126137164222946e-05,0.010154519975809923,0.02684193926464063,0.02217121,-0.004670729264640631,1.5079365079365078e-06
2013-07-08,0.9006703229737965,14.78,2913.2,117.13,0.033,0.00012192148256529035,0.005534993271427512,0.026349838264494413,0.021844839999999997,-0.004504998264494416,1.3095238095238096e-06
2013-07-09,0.9019484600879949,14.35,2934.31,115.19,0.038,0.00012120477546821545,0.007220198582818447,0.02501883302229849,0.020592249999999996,-0.004426583022298494,1.5079365079365078e-06
2013-07-10,0.9010779961953076,14.21,2934.97,117.08,0.033,0.00024198427102233537,0.0002248998183018876,0.025013928831902038,0.02019241,-0.004821518831902037,1.3095238095238096e-06
2013-07-11,0.9038709677419354,14.01,2975.06,115.53,0.033,0.0002985698504165728,0.013566975098703794,0.025465154610787983,0.01962801,-0.005837144610787982,1.3095238095238096e-06
2013-07-12,0.8843450479233227,13.84,2984.24,113.27,0.033,0.00011939585696382445,0.003080901200255683,0.024244502594378627,0.019154559999999998,-0.00508994259437863,1.3095238095238096e-06
2013-07-15,0.882842509603073,13.79,2988.35,114.42,0.023,0.00011892727597080472,0.0013762875565718057,0.022080148012376368,0.019016409999999997,-0.0030637380123763706,9.126984126984127e-07
2013-07-16,0.9006870705808868,14.42,2977.26,115.26,0.028,5.967833378086656e-05,-0.0037179811536816624,0.021735938640645665,0.02079364,-0.0009422986406456661,1.1111111111111112e-06
2013-07-17,0.8856041131105398,13.78,2985.85,115.27,0.028,0.00011907597046922025,0.0028810489632868225,0.021284351186021015,0.01898884,-0.0022955111860210146,1.1111111111111112e-06
2013-07-18,0.8849614395886889,13.77,3001.21,115.58,0.028,0.00017804682631532767,0.005131077256538726,0.020935045463789128,0.01896129,-0.0019737554637891293,1.1111111111111112e-06
2013-07-19,0.8337765957446809,12.54,3006.13,113.07,0.023,0.00023612750885473465,0.0016379965509005117,0.017924418200592578,0.015725159999999995,-0.0021992582005925833,9.126984126984127e-07
2013-07-22,0.8366235534377127,12.29,3012.3,112.9,0.013,5.900227158757014e-05,0.0020503693360441983,0.008256223080106274,0.015104409999999999,0.006848186919893725,5.158730158730158e-07
2013-07-23,0.8508064516129031,12.66,3006.72,113.14,0.018,0.0001772473486750828,-0.0018541229630618123,0.008560489407037764,0.016027559999999996,0.007467070592962232,7.142857142857142e-07
2013-07-24,0.8676761026991442,13.18,2995.3,118.72,0.023,5.9232933511146616e-05,-0.003805390112354031,0.006189477040963523,0.01737124,0.011181762959036477,9.126984126984127e-07
2013-07-25,0.8646666666666667,12.97,3003.01,117.85,0.018,5.9236442259224034e-05,0.002570725503031312,0.005686955428358803,0.01682209,0.011135134571641198,7.142857142857142e-07
2013-07-26,0.8594594594594595,12.72,3005.51,118.23,0.018,5.9134857041597386e-05,0.0008321517259712091,0.005133059425498195,0.01617984,0.011046780574501806,7.142857142857142e-07
2013-07-29,0.8861681005956321,13.39,2994.45,118.93,0.018,0.00023713540431581718,-0.0036866954203146497,0.005405606301964906,0.017929210000000004,0.0125236036980351,7.142857142857142e-07
2013-07-30,0.8938584779706276,13.39,2995.68,119.39,0.038,5.9201373471810706e-05,0.00041067556707025365,0.004908947524005301,0.017929210000000004,0.013020262475994703,1.5079365079365078e-06
2013-07-31,0.9014745308310992,13.45,2995.72,117.85,0.038,0.00011837121212127269,1.335247187643558e-05,0.004835596321859283,0.018090249999999995,0.013254653678140712,1.5079365079365078e-06
2013-08-01,0.8893470790378006,12.94,3033.59,115.06,0.038,0.00011726766344186591,0.012562133316048479,0.006040665671971909,0.016744359999999996,0.010703694328028087,1.5079365079365078e-06
2013-08-02,0.8538845331432645,11.98,3038.63,116.89,0.033,5.85188869707166e-05,0.0016600192869753935,0.006009351403627862,0.014352040000000002,0.00834268859637214,1.3095238095238096e-06
2013-08-05,0.8542568542568543,11.84,3034.43,116.53,0.041,0.00011715089034666009,-0.0013831579696542936,0.005455210518899608,0.014018560000000001,0.008563349481100394,1.626984126984127e-06
2013-08-06,0.8736263736263736,12.72,3017.16,119.09,0.038,0.00017663163472578605,-0.005707606392163688,0.006028550666699144,0.01617984,0.010151289333300857,1.5079365079365078e-06
2013-08-07,0.8764348413234301,12.98,3006.63,118.31,0.043,0.00011816140848404959,-0.0034961413746773854,0.005907710056776027,0.016848039999999998,0.010940329943223972,1.7063492063492063e-06
2013-08-08,0.8677573278800274,12.73,3019.0,118.47,0.048,5.888067830536052e-05,0.004105800514591425,0.005997053287949733,0.01620529,0.010208236712050268,1.904761904761905e-06
2013-08-09,0.8880794701986755,13.41,3008.79,122.3,0.053,5.914185173132392e-05,-0.0033876461403884324,0.004224308357497051,0.01798281,0.013758501642502948,2.103174603174603e-06
2013-08-12,0.8444297956493079,12.81,3005.42,115.44,0.053,0.00017732068445784873,-0.00112067930873865,0.004166783733594557,0.016409609999999998,0.012242826266405441,2.103174603174603e-06
2013-08-13,0.8283983849259758,12.31,3014.43,115.81,0.051,0.00011795234725160303,0.002993432304108381,0.00424052799657225,0.01515361,0.010913082003427749,2.0238095238095237e-06
2013-08-14,0.8556430446194225,13.04,2999.42,119.33,0.051,0.0002371635242500917,-0.0049918209362047605,0.004392632666078751,0.017004159999999997,0.012611527333921246,2.0238095238095237e-06
2013-08-15,0.9070197044334977,14.73,2957.08,115.82,0.051,0.00012039489525633162,-0.014216641692028421,0.00681141698491687,0.021697290000000004,0.014885873015083134,2.0238095238095237e-06
2013-08-16,0.9015056461731493,14.37,2947.46,117.21,0.041,0.00012075107166565122,-0.003258512436876568,0.006473763914308585,0.02064969,0.014175926085691414,1.626984126984127e-06
2013-08-19,0.9207317073170732,15.1,2930.27,118.15,0.041,0.00018183471224657476,-0.005849213560515086,0.006675041823411179,0.022801,0.01612595817658882,1.626984126984127e-06
2013-08-20,0.9141630901287554,14.91,2941.58,118.07,0.038,6.0388296748035295e-05,0.0038522830068124245,0.006862374234287977,0.022230810000000004,0.015368435765712027,1.5079365079365078e-06
2013-08-21,0.9493746277546159,15.94,2924.73,117.17,0.033,0.00012179526216436413,-0.005744683229975787,0.00711487998497961,0.025408359999999994,0.018293480015020385,1.3095238095238096e-06
2013-08-22,0.923076923076923,14.76,2949.96,119.21,0.023,0.00012045290291502186,0.008589442206871134,0.00818107472089146,0.02178576,0.013604685279108542,9.126984126984127e-07
2013-08-23,0.8990353697749196,13.98,2962.06,120.13,0.028,5.999340072586558e-05,0.004093361286068613,0.008335404898351563,0.019544040000000002,0.01120863510164844,1.1111111111111112e-06
2013-08-26,0.9247378161628624,14.99,2950.13,118.69,0.01,0.00018077189599590936,-0.004035735046452991,0.008437475924493542,0.022470010000000002,0.01403253407550646,3.9682539682539683e-07
2013-08-27,0.9485294117647058,16.77,2903.29,118.07,0.063,0.00012243648607291233,-0.01600466046559897,0.011127752316260887,0.028123289999999995,0.01699553768373911,2.5e-06
2013-08-28,0.9358683314415436,16.49,2911.83,117.51,0.028,0.0,0.002937172797650325,0.011324228378333304,0.027192009999999996,0.01586778162166669,1.1111111111111112e-06
2013-08-29,0.9391061452513967,16.81,2917.96,117.21,0.023,0.00012175818823822131,0.002102992478013842,0.011448519254814608,0.02825761,0.01680909074518539,9.126984126984127e-07
2013-08-30,0.9423822714681441,17.01,2908.96,117.48,0.023,0.00012205541315763597,-0.0030891129986212514,0.008939457981759045,0.02893401000000001,0.019994552018240963,9.126984126984127e-07
2013-09-03,0.941609977324263,16.61,2921.23,116.72,0.018,6.07662625709653e-05,0.004209131474415107,0.009252395052871693,0.02758921,0.018336814947128306,7.142857142857142e-07
2013-09-04,0.9179190751445087,15.88,2945.62,116.97,0.018,0.0,0.008314560798543733,0.010501455789437775,0.02521744,0.014715984210562225,7.142857142857142e-07
2013-09-05,0.9200700116686114,15.77,2949.27,117.37,0.023,6.028272598481421e-05,0.0012383608401348104,0.010328953094445335,0.024869290000000002,0.014540336905554667,9.126984126984127e-07
2013-09-06,0.9231217239370995,15.85,2949.8,118.67,0.018,0.00012048918609560956,0.00017968934134581128,0.01026762986244443,0.025122250000000002,0.014854620137555572,7.142857142857142e-07
2013-09-09,0.9286987522281641,15.63,2979.45,119.0,0.013,0.00023877745940778443,0.010001348281672295,0.011429711427240858,0.024429689999999997,0.01299997857275914,5.158730158730158e-07
2013-09-10,0.9019242706393544,14.53,3001.36,119.94,0.018,5.922942517837477e-05,0.007326799551994676,0.012062174257412276,0.021112089999999997,0.009049915742587721,7.142857142857142e-07
2013-09-11,0.8853299167200513,13.82,3010.94,120.68,0.018,0.0002361135706275926,0.0031868030895476325,0.012175959215888522,0.019099239999999996,0.006923280784111474,7.142857142857142e-07
2013-09-12,0.9015772870662461,14.29,3001.62,119.67,0.018,5.9155846076602834e-05,-0.00310017944590319,0.01217529405822661,0.02042041,0.00824511594177339,7.142857142857142e-07
2013-09-13,0.9019108280254777,14.16,3009.79,120.12,0.015,0.00011804284955444863,0.0027181659644862845,0.011958152244692606,0.020050560000000002,0.008092407755307396,5.952380952380952e-07
2013-09-16,0.9229781771501926,14.38,3026.94,118.84,0.008,0.00011738466956204842,0.005681899352518162,0.009498323955203771,0.020678440000000003,0.011180116044796231,3.174603174603175e-07
2013-09-17,0.9278416347381864,14.53,3039.75,121.59,0.008,0.00017532069076352824,0.004223066956809641,0.00934603299034357,0.021112089999999997,0.011766057009656427,3.174603174603175e-07
2013-09-18,0.8952569169960475,13.59,3076.81,114.22,0.008,5.7805138876793576e-05,0.012118070782711179,0.009906781858246498,0.01846881,0.0085620281417535,3.174603174603175e-07
2013-09-19,0.8761651131824235,13.16,3071.61,115.69,0.003,0.00023125397467780808,-0.0016914918759060897,0.010062042476578792,0.01731856,0.007256517523421208,1.1904761904761906e-07
2013-09-20,0.856396866840731,13.12,3049.47,115.87,0.013,0.00011715089034666009,-0.0072340490735199525,0.010381577592884675,0.017213439999999997,0.006831862407115322,5.158730158730158e-07
2013-09-23,0.8988693467336684,14.31,3035.09,119.08,0.01,0.00029462891488160603,-0.004726726919642466,0.010294474526027332,0.02047761,0.010183135473972668,3.9682539682539683e-07
2013-09-24,0.9002557544757033,14.08,3027.52,119.31,0.023,5.893620156192324e-05,-0.0024972755740908193,0.010360870569175732,0.01982464,0.009463769430824269,9.126984126984127e-07
2013-09-25,0.9003856041131105,14.01,3019.31,117.45,0.018,5.912786400585901e-05,-0.0027154740731614247,0.01021288517322511,0.01962801,0.009415124826774892,7.142857142857142e-07
2013-09-26,0.9123945489941596,14.06,3030.41,122.03,0.003,5.89223109329812e-05,0.0036695954377997404,0.006375593070923227,0.019768360000000002,0.013392766929076774,1.1904761904761906e-07
2013-09-27,0.9638403990024939,15.46,3018.24,124.48,0.015,0.00017741506253881624,-0.004024043851875788,0.006799822574757723,0.023901160000000005,0.01710133742524228,5.952380952380952e-07
2013-09-30,0.9880952380952381,16.6,3000.18,123.46,0.008,5.941947176101088e-05,-0.0060015931785232755,0.007507597450966875,0.027556000000000004,0.020048402549033128,3.174603174603175e-07
2013-10-01,0.9634221946683199,15.54,3024.38,123.74,0.018,5.901619994683175e-05,0.008033824930036945,0.00775546715878187,0.024149159999999996,0.016393692841218124,7.142857142857142e-07
2013-10-02,0.9875074360499704,16.6,3022.95,123.52,0.01,5.922240975996758e-05,-0.00047293599874795425,0.0077405186090942334,0.027556000000000004,0.01981548139090577,3.9682539682539683e-07
2013-10-03,0.9983050847457628,17.67,2995.81,122.31,0.023,0.00017916330735466055,-0.009018530046017856,0.00842594279791456,0.03122289000000001,0.02279694720208545,9.126984126984127e-07
2013-10-04,0.9726902963393375,16.74,3017.05,123.98,0.023,0.0002368405471016167,0.007064887040536349,0.008897021043095192,0.028022759999999997,0.019125738956904805,9.126984126984127e-07
2013-10-07,1.0178290508652335,19.41,2991.39,123.23,0.023,0.00017932394871335744,-0.008541370472847936,0.010008003543612781,0.037674809999999996,0.027666806456387215,9.126984126984127e-07
2013-10-08,1.0252016129032258,20.34,2955.41,120.72,0.048,0.0003021056765657314,-0.012100773202736642,0.010670899878803364,0.04137156,0.030700660121196637,1.904761904761905e-06
2013-10-09,1.0160705028512185,19.6,2957.4,122.62,0.043,6.045035514595331e-05,0.0006731148388453316,0.009908968285191411,0.038416000000000006,0.028507031714808596,1.7063492063492063e-06
2013-10-10,0.957582800697269,16.48,3022.43,120.25,0.048,0.00011834319526616455,0.0217506396453091,0.01586386639912842,0.027159040000000002,0.011295173600871584,1.904761904761905e-06
2013-10-11,0.9487024743512372,15.72,3041.43,130.97,0.058,5.868716805081914e-05,0.006266655951491608,0.01614212620316085,0.024711840000000002,0.008569713796839153,2.3015873015873014e-06
2013-10-14,0.9497635933806146,16.07,3053.84,129.14,0.058,0.00011700011700001059,0.004072015562176665,0.016235451374056183,0.025824490000000002,0.009589038625943819,2.3015873015873014e-06
2013-10-15,1.0135795763172188,18.66,3032.27,131.01,0.104,0.00017673569177296025,-0.007088301168903805,0.01658655462933346,0.03481955999999999,0.018233005370666532,4.126984126984127e-06
2013-10-16,0.9046740467404674,14.71,3074.54,125.24,0.089,0.00011640765962389739,0.01384378262499947,0.018700790679210738,0.021638410000000004,0.0029376193207892656,3.5317460317460317e-06
2013-10-17,0.873056994818653,13.48,3095.42,126.68,0.043,0.00023080030004050812,0.0067683031038165515,0.017483600056713417,0.01817104,0.0006874399432865823,1.7063492063492063e-06
2013-10-18,0.873994638069705,13.04,3115.77,131.35,0.025,0.00022967386311449509,0.0065527130278484145,0.017888131312540956,0.017004159999999997,-0.0008839713125409591,9.92063492063492e-07
2013-10-21,0.869220607661823,13.16,3116.09,130.67,0.028,5.736082829030834e-05,0.00010269807097118968,0.017070917304557454,0.01731856,0.0002476426954425466,1.1111111111111112e-06
2013-10-22,0.8874833555259654,13.33,3133.98,129.17,0.028,0.0001710035055718707,0.00572475151757536,0.016865762892919633,0.01776889,0.0009031271070803655,1.1111111111111112e-06
2013-10-23,0.8881535407015222,13.42,3119.2,134.47,0.033,5.724589976237745e-05,-0.0047272036062842426,0.01715156318429602,0.018009639999999997,0.0008580768157039759,1.3095238095238096e-06
2013-10-24,0.8859060402684563,13.2,3129.41,135.42,0.033,0.0002281021897809765,0.0032679296951987177,0.016957530920843584,0.017424000000000002,0.00046646907915641814,1.3095238095238096e-06
2013-10-25,0.8802958977807667,13.09,3143.16,135.06,0.033,5.686826466485203e-05,0.004384174915240073,0.016999026098667578,0.017134809999999997,0.00013578390133241885,1.3095238095238096e-06
2013-10-28,0.8950907868190989,13.31,3147.36,133.27,0.018,5.6697377746227665e-05,0.0013353429045927184,0.0165652901177662,0.01771561,0.0011503198822338002,7.142857142857142e-07
2013-10-29,0.8922155688622755,13.41,3165.11,127.58,0.038,5.6431816258115335e-05,0.005623803925193077,0.015844474410396013,0.01798281,0.0021383355896039853,1.5079365079365078e-06
2013-10-30,0.9021810971579642,13.65,3149.93,127.95,0.033,5.665561882094505e-05,-0.004807579758072906,0.016048178844843806,0.018632250000000003,0.002584071155156197,1.3095238095238096e-06
2013-10-31,0.9016393442622951,13.75,3138.09,132.33,0.038,0.00011364927832714075,-0.0037658957805077973,0.016378273190692665,0.018906250000000003,0.0025279768093073376,1.5079365079365078e-06
2013-11-01,0.8818061088977422,13.28,3147.21,129.84,0.038,0.00022729855665412,0.002902011487269867,0.014839595327009392,0.01763584,0.0027962446729906075,1.5079365079365078e-06
2013-11-04,0.8807901907356949,12.93,3158.47,125.57,0.038,0.00022624434389135768,0.0035713870568301223,0.01457076661419076,0.01671849,0.0021477233858092394,1.5079365079365078e-06
2013-11-05,0.8894101876675603,13.27,3149.96,122.98,0.048,5.6761742585607074e-05,-0.002697978787776605,0.013401552577813006,0.017609289999999996,0.00420773742218699,1.904761904761905e-06
2013-11-06,0.864256480218281,12.67,3165.13,118.69,0.048,0.00016941017025722755,0.0048043746580029465,0.010628100430080617,0.01605289,0.0054247895699193836,1.904761904761905e-06
2013-11-07,0.9055989583333334,13.91,3124.12,123.83,0.058,0.00011424001827846138,-0.013041485470581008,0.01378082368845392,0.01934881,0.005567986311546081,2.3015873015873014e-06
2013-11-08,0.8817498291182502,12.9,3166.11,126.37,0.053,0.0002822865208186951,0.013351061480281097,0.010576295468798562,0.016641,0.006064704531201438,2.103174603174603e-06
2013-11-11,0.8506449422946367,12.53,3168.41,125.55,0.053,0.00016923814627817753,0.0007261797582366709,0.010378484168799598,0.01570009,0.005321605831200402,2.103174603174603e-06
2013-11-12,0.8615591397849462,12.82,3161.1,129.66,0.058,5.648281510361392e-05,-0.002309816478702964,0.010525583448222079,0.016435240000000004,0.005909656551777925,2.3015873015873014e-06
2013-11-13,0.8442346594740391,12.52,3187.64,131.01,0.074,0.00022421524663672671,0.008360762797193614,0.00999010768018114,0.01567504,0.005684932319818861,2.9365079365079366e-06
2013-11-14,0.8313172043010751,12.37,3203.65,133.03,0.074,5.5780225909864205e-05,0.005009953698575472,0.008374451654656145,0.015301689999999998,0.006927238345343853,2.9365079365079366e-06
2013-11-15,0.8236486486486486,12.19,3217.2,133.46,0.071,0.00016676394563496007,0.004220631260553369,0.008143564842452943,0.014859609999999999,0.006716045157547056,2.817460317460317e-06
2013-11-18,0.8774279973208305,13.1,3205.46,137.06,0.068,0.00016722874104630085,-0.0036558102329475235,0.008181124964837302,0.017161000000000003,0.008979875035162701,2.6984126984126986e-06
2013-11-19,0.8780327868852459,13.39,3199.51,133.62,0.079,0.00022342624141216815,-0.0018579327339780585,0.008288949326592868,0.017929210000000004,0.009640260673407137,3.134920634920635e-06
2013-11-20,0.8939292861907939,13.4,3188.04,133.25,0.079,0.00016805310478111723,-0.003591365180153241,0.008281795079027309,0.017956000000000003,0.009674204920972694,3.134920634920635e-06
2013-11-21,0.871900826446281,12.66,3214.16,124.63,0.074,5.559107207377439e-05,0.008159740378392703,0.008475031481926014,0.016027559999999996,0.007552528518073982,2.9365079365079366e-06
2013-11-22,0.8664310954063604,12.26,3230.54,133.76,0.074,0.00022141038414712978,0.005083257644549441,0.008598743133944391,0.01503076,0.00643201686605561,2.9365079365079366e-06
2013-11-25,0.8863478863478863,12.79,3226.53,134.23,0.063,0.00011065006915619259,-0.0012420495721788545,0.008571733132582563,0.016358409999999997,0.007786676867417434,2.5e-06
2013-11-26,0.8804123711340206,12.81,3227.36,133.64,0.068,0.00011067456145210688,0.0002572092194245439,0.008583270537302255,0.016409609999999998,0.007826339462697743,2.6984126984126986e-06
2013-11-27,0.889041095890411,12.98,3236.14,133.82,0.063,0.00011052166224585673,0.002716795977540539,0.008360258805441726,0.016848039999999998,0.008487781194558272,2.5e-06
2013-11-29,0.9115103127079175,13.7,3233.72,130.82,0.058,5.525930428530879e-05,-0.0007480842283631873,0.007958087809584213,0.018768999999999994,0.010810912190415781,2.3015873015873014e-06
2013-12-02,0.9368005266622779,14.23,3225.06,131.64,0.053,5.539705841630517e-05,-0.0026816225942287142,0.007835139002573847,0.020249290000000003,0.012414150997426156,2.103174603174603e-06
2013-12-03,0.9393156875403487,14.55,3214.95,132.38,0.038,0.00027823377201515234,-0.0031397492567202022,0.008029533280523983,0.021170250000000005,0.013140716719476022,1.5079365079365078e-06
2013-12-04,0.9441233140655105,14.7,3211.59,131.63,0.048,0.00011126564673147043,-0.0010456638583608326,0.007987796102549858,0.021608999999999996,0.013621203897450139,1.904761904761905e-06
2013-12-05,0.9556400506970849,15.08,3197.76,128.01,0.058,5.58799698249243e-05,-0.0043155769194656544,0.008161549327261724,0.022740639999999996,0.014579090672738272,2.3015873015873014e-06
2013-12-06,0.9224080267558529,13.79,3233.99,132.32,0.058,0.0003867082838439997,0.011266104312897481,0.009328137236102561,0.019016409999999997,0.009688272763897436,2.3015873015873014e-06
2013-12-09,0.9035498995311454,13.49,3239.99,126.09,0.056,5.5125272180981256e-05,0.0018535743755367165,0.006710602098814241,0.018198009999999997,0.011487407901185756,2.2222222222222225e-06
2013-12-10,0.9139290407358738,13.91,3229.72,126.68,0.068,0.00011059500110584943,-0.0031747972092199643,0.005149977259074033,0.01934881,0.014198832740925968,2.6984126984126986e-06
2013-12-11,0.9643527204502814,15.42,3193.52,126.74,0.068,0.00016790261648244655,-0.011271689449453464,0.006944196089885757,0.023777640000000003,0.016833443910114244,2.6984126984126986e-06
2013-12-12,0.9640198511166252,15.54,3182.33,125.09,0.068,0.00022461814914640638,-0.003510123823271124,0.007042721769555123,0.024149159999999996,0.017106438230444873,2.6984126984126986e-06
2013-12-13,0.9686539643515674,15.76,3182.07,126.22,0.063,5.6175041429201625e-05,-8.170448122192312e-05,0.006187083303003235,0.024837759999999997,0.018650676696996764,2.5e-06
2013-12-16,0.9780353874313606,16.03,3202.22,128.21,0.063,5.5798900761604245e-05,0.006312390855834491,0.006374606592875951,0.025696089999999998,0.019321483407124047,2.5e-06
2013-12-17,0.9824242424242424,16.21,3192.33,128.75,0.063,0.00011204481792706897,-0.003093261569882282,0.006234699484928413,0.026276410000000007,0.020041710515071594,2.5e-06
2013-12-18,0.9206137424949967,13.8,3245.59,135.58,0.063,0.0001651754989675029,0.016546094108441795,0.009459102492357173,0.019044000000000002,0.009584897507642829,2.5e-06
2013-12-19,0.9260471204188482,14.15,3244.15,137.86,0.068,0.00022044640396799142,-0.00044377741593119196,0.009395776763898253,0.020022250000000005,0.010626473236101752,2.6984126984126986e-06
2013-12-20,0.9187208527648234,13.79,3259.79,143.2,0.058,0.0001100836635843804,0.004809401730808698,0.009342683571032706,0.019016409999999997,0.009673726428967291,2.3015873015873014e-06
2013-12-23,0.8980716253443526,13.04,3277.62,138.11,0.063,5.478101290103441e-05,0.0054547731319530045,0.008946519238101231,0.017004159999999997,0.008057640761898766,2.5e-06
2013-12-24,0.8764044943820225,12.48,3287.55,137.88,0.068,0.00010909884355231416,0.003025057255921066,0.008781991048413713,0.015575040000000002,0.006793048951586288,2.6984126984126986e-06
2013-12-26,0.8788310762651461,12.33,3303.15,136.65,0.063,-5.4393646822001714e-05,0.004733952124473223,0.008898047454110072,0.015202890000000002,0.00630484254588993,2.5e-06
2013-12-27,0.8912732474964234,12.46,3302.66,136.72,0.063,0.00010877250231131675,-0.00014835425205963313,0.008908814455382377,0.015525160000000001,0.0066163455446176245,2.5e-06
2013-12-30,0.9180771834800271,13.56,3302.3,134.36,0.063,0.00010885538562025924,-0.0001090089872932241,0.008889381076799055,0.01838736,0.009497978923200943,2.5e-06
2013-12-31,0.9289099526066351,13.72,3315.59,133.63,0.068,0.00027051153731712805,0.004016391286503578,0.008956257461093015,0.018823840000000005,0.00986758253890699,2.6984126984126986e-06
2014-01-02,0.9325032765399738,14.23,3286.69,133.73,0.063,0.00016395682470283444,-0.008754607372609958,0.009991431712854206,0.020249290000000003,0.010257858287145797,2.5e-06
2014-01-03,0.9118621603711067,13.76,3285.68,134.46,0.068,0.00016401060601919543,-0.0003073472759295975,0.009799258430238728,0.01893376,0.009134501569761273,2.6984126984126986e-06
2014-01-06,0.9143049932523617,13.55,3277.48,131.99,0.048,0.0002741152928922528,-0.002498797611737545,0.009900836150437107,0.01836025,0.008459413849562895,1.904761904761905e-06
2014-01-07,0.8965995836224844,12.92,3297.45,129.1,0.038,0.00010903341874290046,0.006074608067051108,0.009813135197452612,0.01669264,0.0068795048025473895,1.5079365079365078e-06
2014-01-08,0.900629811056683,12.87,3297.74,129.46,0.033,5.44588155207129e-05,8.794287964011794e-05,0.008550793943157109,0.016563689999999996,0.008012896056842887,1.3095238095238096e-06
2014-01-09,0.9020293911826452,12.89,3298.87,130.87,0.041,5.4443990744626795e-05,0.00034260021770364486,0.008543007100470647,0.016615210000000005,0.008072202899529358,1.626984126984127e-06
2014-01-10,0.8708751793400288,12.14,3306.49,126.15,0.038,0.00010861301183887386,0.0023072181925790124,0.008346573356443026,0.014737960000000001,0.006391386643556976,1.5079365079365078e-06
2014-01-13,0.8865153538050734,13.28,3265.27,130.59,0.028,0.00027492920572943087,-0.012544749220011055,0.008763517490946676,0.01763584,0.008872322509053324,1.1111111111111112e-06
2014-01-14,0.8474810213940648,12.28,3300.61,133.43,0.033,0.00010889687465959823,0.010764845312896527,0.009565514833017142,0.015079839999999999,0.005514325166982857,1.3095238095238096e-06
2014-01-15,0.8492392807745504,12.28,3317.75,132.69,0.038,5.418438947734228e-05,0.0051795424603145665,0.00965644817326356,0.015079839999999999,0.005423391826736439,1.5079365079365078e-06
2014-01-16,0.8529611980939414,12.53,3313.36,136.35,0.033,0.0001630124704539959,-0.0013240620774974468,0.009524116709131907,0.01570009,0.006175973290868093,1.3095238095238096e-06
2014-01-17,0.8503075871496923,12.44,3300.51,139.62,0.033,0.00016320757283138555,-0.003885778271662548,0.009625877870726105,0.015475359999999999,0.005849482129273893,1.3095238095238096e-06
2014-01-21,0.8803009575923393,12.87,3309.74,138.77,0.038,0.00021714347755274983,0.002792634468766412,0.006711121985666715,0.016563689999999996,0.00985256801433328,1.5079365079365078e-06
2014-01-22,0.8873531444367657,12.84,3312.04,138.92,0.033,5.4254943981721e-05,0.0006946772899413227,0.006687204514090789,0.016486559999999997,0.009799355485909208,1.3095238095238096e-06
2014-01-23,0.9192256341789051,13.77,3282.64,135.71,0.038,0.00010940919037204721,-0.008916337040570379,0.007625565590348726,0.01896129,0.011335724409651273,1.5079365079365078e-06
2014-01-24,1.042528735632184,18.14,3214.13,131.61,0.048,0.000279900355473356,-0.02109126216705217,0.01265535920610598,0.032905960000000005,0.020250600793894027,1.904761904761905e-06
2014-01-27,1.0169293636894339,17.42,3198.57,128.73,0.053,0.0002809383340357431,-0.004852879609855229,0.01261463655812151,0.030345640000000007,0.017731003441878498,2.103174603174603e-06
2014-01-28,0.9753086419753088,15.8,3218.21,128.3,0.048,0.0002231644722159788,0.0061214694378707085,0.012848949835866883,0.024964,0.012115050164133117,1.904761904761905e-06
2014-01-29,1.0063805104408354,17.35,3185.7,126.71,0.043,0.00022526327645431123,-0.010153259269389859,0.013774762548295414,0.030102250000000004,0.016327487451704592,1.7063492063492063e-06
2014-01-30,0.9953943580886585,17.29,3221.78,127.91,0.018,5.6011426330920575e-05,0.011261956756712117,0.01578710457029302,0.02989441,0.014107305429706979,7.142857142857142e-07
2014-01-31,1.0176893311221669,18.41,3200.95,128.37,0.023,0.00016825103053756842,-0.006486361105466801,0.015736667580875805,0.03389281,0.018156142419124197,9.126984126984127e-07
2014-02-03,1.0645481628599802,21.44,3127.87,126.17,0.028,0.00017255759109603483,-0.023095379029899936,0.02076281880129743,0.045967360000000006,0.025204541198702576,1.1111111111111112e-06
2014-02-04,1.0015723270440253,19.11,3151.94,127.26,0.053,0.00017152168319945765,0.007665874564341996,0.021937816332964922,0.036519209999999996,0.014581393667035075,2.103174603174603e-06
2014-02-05,1.0142348754448398,19.95,3146.49,127.79,0.058,5.716735743901287e-05,-0.0017305904360939608,0.021934832140926834,0.039800249999999995,0.01786541785907316,2.3015873015873014e-06
2014-02-06,0.9685216413715572,17.23,3187.25,124.68,0.068,0.0003950450069132491,0.012870930190728862,0.023862138164528066,0.02968729,0.005825151835471935,2.6984126984126986e-06
2014-02-07,0.9357405140758873,15.29,3229.64,129.01,0.084,5.559725349562675e-05,0.013212199878529295,0.02649350450192503,0.023378409999999995,-0.003115094501925035,3.3333333333333333e-06
2014-02-10,0.9350490196078431,15.26,3234.79,126.26,0.058,0.0001111172842936287,0.0015933349388986527,0.026554393261772606,0.023286759999999997,-0.0032676332617726095,2.3015873015873014e-06
2014-02-11,0.9212698412698412,14.51,3270.74,126.7,0.048,0.00027492920572943087,0.011052248147915698,0.02818640323644348,0.02105401,-0.00713239323644348,1.904761904761905e-06
2014-02-12,0.9137380191693291,14.3,3271.47,127.84,0.048,5.487721223756842e-05,0.0002231661787162561,0.02627290688607578,0.020449000000000005,-0.0058239068860757755,1.904761904761905e-06
2014-02-13,0.9122580645161291,14.14,3290.82,128.57,0.023,0.00021866287651009698,0.0058973486635474906,0.025247871585425772,0.019993959999999998,-0.005253911585425774,9.126984126984127e-07
2014-02-14,0.8945286750164799,13.57,3306.92,129.25,0.015,0.0001087015598674397,0.004880468753576976,0.02520884240187034,0.018414490000000006,-0.006794352401870336,5.952380952380952e-07
2014-02-18,0.9113009198423127,13.87,3311.27,124.25,0.018,5.4272611326644625e-05,0.0013145590037226616,0.02521470174576295,0.019237689999999998,-0.005977011745762952,7.142857142857142e-07
2014-02-19,0.9515039901780233,15.5,3289.83,129.12,0.051,5.461347314393012e-05,-0.00649590989127389,0.0255500671626998,0.024025,-0.0015250671626997996,2.0238095238095237e-06
2014-02-20,0.9408396946564884,14.79,3310.27,134.37,0.048,0.00010860711376600725,0.006193865349489694,0.025941475681741526,0.02187441,-0.004067065681741526,1.904761904761905e-06
2014-02-21,0.938618925831202,14.68,3304.36,138.79,0.038,5.436703183184769e-05,-0.0017869484982964352,0.025972411098935003,0.021550239999999995,-0.0044221710989350085,1.5079365079365078e-06
2014-02-24,0.9180645161290323,14.23,3324.84,134.47,0.038,5.402631081331697e-05,0.006178744088325806,0.025357061420100305,0.020249290000000003,-0.005107771420100302,1.5079365079365078e-06
2014-02-25,0.8819354838709678,13.67,3320.43,121.92,0.043,0.0,-0.0013272600353018515,0.01923693909375739,0.018686889999999998,-0.0005500490937573911,1.7063492063492063e-06
2014-02-26,0.9019484600879949,14.35,3321.15,132.22,0.043,0.00016244754298091855,0.00021681587899889744,0.01872742803557677,0.020592249999999996,0.0018648219644232245,1.7063492063492063e-06
2014-02-27,0.8982725527831094,14.04,3338.05,137.24,0.041,0.0002151925973746075,0.005075695663873969,0.01862642405015062,0.01971216,0.0010857359498493806,1.626984126984127e-06
2014-02-28,0.8860759493670886,14.0,3347.38,137.17,0.048,0.0001072041166379814,0.002791146136332432,0.016757212190045386,0.019600000000000003,0.0028427878099546167,1.904761904761905e-06
2014-03-03,0.9456264775413711,16.0,3322.85,129.12,0.048,0.0003245699448229679,-0.007355101873325232,0.01673879022940546,0.0256,0.008861209770594541,1.904761904761905e-06
2014-03-04,0.8986615678776291,14.1,3373.64,131.65,0.048,0.00026644640430583446,0.015169431730312868,0.018023987867498908,0.019880999999999996,0.0018570121325010881,1.904761904761905e-06
2014-03-05,0.8807863031071655,13.89,3374.1,129.49,0.053,0.00021302657506519702,0.00013634194581084078,0.009514755183196002,0.019293209999999998,0.009778454816803997,2.103174603174603e-06
2014-03-06,0.8976626658243841,14.21,3380.49,133.46,0.048,0.00010630381630705982,0.0018920473059848937,0.00932443552074908,0.02019241,0.010867974479250921,1.904761904761905e-06
2014-03-07,0.8890989287964713,14.11,3382.57,130.49,0.048,0.00010622477161664442,0.0006151061991412214,0.009091119493419885,0.01990921,0.010818090506580115,1.904761904761905e-06
2014-03-10,0.8891671884783969,14.2,3381.22,131.35,0.038,0.00021250597673055325,-0.0003991844861910938,0.008052226247853657,0.020163999999999998,0.012111773752146341,1.5079365079365078e-06
2014-03-11,0.9051987767584098,14.8,3364.17,130.08,0.043,5.347164665946222e-05,-0.00505531520374709,0.007269581639221772,0.021904000000000007,0.014634418360778235,1.7063492063492063e-06
2014-03-12,0.8998756218905474,14.47,3366.07,132.33,0.043,0.00010678056593705409,0.0005646158385066753,0.007291354796588583,0.02093809,0.013646735203411416,1.7063492063492063e-06
2014-03-13,0.9468768242848803,16.22,3327.11,127.66,0.046,0.00021600604816930576,-0.011641832440509663,0.008234306799022512,0.026308839999999993,0.01807453320097748,1.8253968253968254e-06
2014-03-14,0.9938650306748467,17.82,3317.81,126.26,0.048,0.00016258840744655522,-0.0027991325921863466,0.008388894836126,0.03175524,0.023366345163873998,1.904761904761905e-06
2014-03-17,0.9370880766926303,15.64,3349.71,131.87,0.048,0.00016101763143064777,0.009568848208695612,0.009034317210034757,0.024460960000000004,0.015426642789965247,1.904761904761905e-06
2014-03-18,0.8990712074303406,14.52,3373.98,129.37,0.048,0.0002665458325559686,0.007219281498288736,0.00933782298520262,0.021083039999999997,0.011745217014797377,1.904761904761905e-06
2014-03-19,0.9230769230769231,15.12,3353.29,132.74,0.053,0.00010723285614717835,-0.006151102969152662,0.009939197237590793,0.02286144,0.012922242762409207,2.103174603174603e-06
2014-03-20,0.9155107187894074,14.52,3373.6,134.02,0.056,0.00015968913847710397,0.006038469995434066,0.009583013369171636,0.021083039999999997,0.011500026630828362,2.2222222222222225e-06
2014-03-21,0.927070457354759,15.0,3363.72,132.82,0.048,0.0001611387135759427,-0.0029329190486199175,0.009433420298930763,0.0225,0.013066579701069236,1.904761904761905e-06
2014-03-24,0.9372670807453415,15.09,3347.36,132.7,0.048,0.00032358968827527927,-0.004875528948391886,0.009746340952615359,0.022770810000000002,0.013024469047384643,1.904761904761905e-06
2014-03-25,0.9027688345138442,14.02,3362.44,121.81,0.048,0.00016094852329730485,0.004494925449381618,0.009544310453338752,0.019656039999999996,0.010111729546661244,1.904761904761905e-06
2014-03-26,0.9284825870646767,14.93,3339.0,119.05,0.043,0.000162350840165604,-0.006995539941065373,0.010195940047238157,0.022290489999999996,0.01209454995276184,1.7063492063492063e-06
2014-03-27,0.9212350346565847,14.62,3333.23,117.96,0.033,0.00021670820240541795,-0.0017295571160914304,0.010243792012329432,0.021374439999999998,0.011130647987670566,1.3095238095238096e-06
2014-03-28,0.9320827943078913,14.41,3348.83,124.98,0.038,5.388366516685564e-05,0.004669227256917053,0.010195555156413504,0.02076481,0.010569254843586498,1.5079365079365078e-06
2014-03-31,0.9204244031830239,13.88,3375.51,123.25,0.033,0.00010706064985804727,0.00793539291712729,0.01085504127488125,0.01926544,0.008410398725118751,1.3095238095238096e-06
2014-04-01,0.9097222222222222,13.1,3399.51,128.08,0.038,0.0001062134891131717,0.00708487956964059,0.010535759446421928,0.017161000000000003,0.006625240553578075,1.5079365079365078e-06
2014-04-02,0.9058823529411765,13.09,3409.8,127.3,0.018,5.296750443613086e-05,0.0030223349598828696,0.007995383989824965,0.017134809999999997,0.009139426010175032,7.142857142857142e-07
2014-04-03,0.9220689655172414,13.37,3406.0,128.13,0.018,0.0001588772673110083,-0.0011150563084972283,0.008025886311823233,0.017875689999999996,0.009849803688176763,7.142857142857142e-07
2014-04-04,0.9331550802139037,13.96,3363.41,126.61,0.025,0.0001608449722542484,-0.01258324195650464,0.010013572688943545,0.01948816,0.009474587311056456,9.92063492063492e-07
2014-04-07,0.9792452830188679,15.57,3327.27,123.92,0.025,5.424611462199086e-05,-0.010803192347508914,0.011331706912485721,0.024242490000000002,0.012910783087514281,9.92063492063492e-07
2014-04-08,0.9587894397939473,14.89,3340.84,124.34,0.028,0.0001621402513173957,0.004070124438043577,0.011614849303257733,0.02217121,0.010556360696742267,1.1111111111111112e-06
2014-04-09,0.9318948078219825,13.82,3377.61,130.79,0.033,0.00010694043417821748,0.01094608641515087,0.01287960102779025,0.019099239999999996,0.006219638972209746,1.3095238095238096e-06
2014-04-10,0.9887990043559428,15.89,3307.08,125.11,0.033,5.458664264849426e-05,-0.02110273397285476,0.018308667057487217,0.025249210000000005,0.0069405429425127875,1.3095238095238096e-06
2014-04-11,1.014294222751638,17.03,3276.04,122.59,0.038,0.00011005337588736164,-0.009430248888331256,0.017765460438647775,0.02900209,0.011236629561352227,1.5079365079365078e-06
2014-04-14,0.9859241126070991,16.11,3302.98,123.76,0.033,0.00010928364570247654,0.008189715360405986,0.01864336449232811,0.025953209999999997,0.007309845507671886,1.3095238095238096e-06
2014-04-15,0.9762351469668542,15.61,3325.3,129.24,0.033,0.0002709513100496457,0.006734804312748363,0.01804112378607942,0.024367209999999997,0.006326086213920577,1.3095238095238096e-06
2014-04-16,0.9310571240971766,14.18,3360.27,125.43,0.028,5.3816968490116e-05,0.010461432287861882,0.018785548706625195,0.020107240000000002,0.001321691293374807,1.1111111111111112e-06
2014-04-17,0.9002695417789757,13.36,3365.0,127.93,0.025,5.3652386189827e-05,0.0014066352071834263,0.01833640092399493,0.01784896,-0.0004874409239949279,9.92063492063492e-07
2014-04-21,0.8983050847457628,13.25,3377.75,119.11,0.03,0.0001069461526122145,0.0037818442612402876,0.01806355970029803,0.017556250000000002,-0.0005073097002980288,1.1904761904761904e-06
2014-04-22,0.9028062970568104,13.19,3391.58,126.51,0.028,5.320705525547849e-05,0.004086082150585689,0.018125630087314562,0.017397609999999997,-0.0007280200873145647,1.1111111111111112e-06
2014-04-23,0.8948078219824679,13.27,3384.5,126.11,0.018,0.0002663328628118515,-0.002089704541991916,0.01784890997376978,0.017609289999999996,-0.0002396199737697835,7.142857142857142e-07
2014-04-24,0.9018280297901151,13.32,3390.39,124.79,0.008,0.00015971464317087413,0.0017387740565391761,0.017664365647117358,0.017742240000000003,7.787435288264533e-05,3.174603174603175e-07
2014-04-25,0.9262187088274045,14.06,3362.95,121.95,0.013,0.0001072041166379814,-0.008126394053125747,0.017890300715401628,0.019768360000000002,0.001878059284598374,5.158730158730158e-07
2014-04-28,0.9356999330207636,13.97,3374.04,123.69,0.01,5.344021376080644e-05,0.0032922744481160156,0.01793098003504476,0.019516090000000007,0.0015851099649552454,3.9682539682539683e-07
2014-04-29,0.9244774106540796,13.71,3390.16,123.44,0.013,0.00021307196505615533,0.004766278500648543,0.017941095327003106,0.01879641,0.0008553146729968937,5.158730158730158e-07
2014-04-30,0.9122448979591837,13.41,3400.46,124.53,0.028,0.00015918919635987976,0.003033598669635765,0.017321356253205255,0.01798281,0.0006614537467947434,1.1111111111111112e-06
2014-05-01,0.9032038173142468,13.25,3400.2,124.9,0.023,0.0002654984733836875,-7.646316684761994e-05,0.016721481357103142,0.017556250000000002,0.0008347686428968604,9.126984126984127e-07
2014-05-02,0.8794277929155314,12.91,3395.61,124.13,0.018,5.3190074732006625e-05,-0.001350832556521117,0.01661896866478848,0.016666809999999997,4.784133521151812e-05,7.142857142857142e-07
2014-05-05,0.9010169491525423,13.29,3402.23,123.56,0.018,0.00010626427926258028,0.0019476781132594832,0.0166607984358201,0.017662409999999996,0.0010016115641798967,7.142857142857142e-07
2014-05-06,0.9126984126984128,13.8,3371.72,121.18,0.023,0.00010696903246500407,-0.009008099059792697,0.01568525990962519,0.019044000000000002,0.0033587400903748107,9.126984126984127e-07
2014-05-07,0.9165526675786595,13.4,3392.1,123.27,0.028,0.00010637732035535467,0.006026198708735105,0.014452524752199214,0.017956000000000003,0.0035034752478007893,1.1111111111111112e-06
2014-05-08,0.9211248285322359,13.43,3388.29,123.93,0.028,0.00010650761529439669,-0.0011238292785518563,0.014363795244115967,0.018036490000000002,0.003672694755884035,1.1111111111111112e-06
2014-05-09,0.8984700973574409,12.92,3394.05,125.6,0.023,5.320988639684415e-05,0.0016985292346892477,0.012995647131949466,0.01669264,0.0036969928680505356,9.126984126984127e-07
2014-05-12,0.8811239193083573,12.23,3427.01,125.28,0.023,0.0002106926520937163,0.009664262308990361,0.007814128415176237,0.014957290000000002,0.007143161584823764,9.126984126984127e-07
2014-05-13,0.8639601139601141,12.13,3429.3,124.3,0.025,0.00010527423939367423,0.0006679978254057752,0.006206382973916148,0.014713690000000001,0.008507307026083853,9.92063492063492e-07
2014-05-14,0.8582510578279267,12.17,3413.84,122.75,0.025,0.00010575855322304601,-0.0045184012902089775,0.006218856143823729,0.01481089,0.008592033856176271,9.92063492063492e-07
2014-05-15,0.8862718707940781,13.17,3382.52,123.6,0.023,0.00010676916506518382,-0.009216763595770252,0.007196957565302228,0.01734489,0.010147932434697773,9.126984126984127e-07
2014-05-16,0.8681088625261688,12.44,3395.21,127.23,0.018,0.00015950235265970778,0.003744620936053267,0.006105119463939348,0.015475359999999999,0.009370240536060651,7.142857142857142e-07
2014-05-19,0.8802267895109851,12.42,3408.52,128.18,0.023,0.0,0.0039125647194403965,0.0062381973947605845,0.015425640000000001,0.009187442605239416,9.126984126984127e-07
2014-05-20,0.8993754337265788,12.96,3386.48,127.47,0.03,5.336321673480791e-05,-0.006487145634288936,0.006683313570448438,0.016796160000000004,0.010112846429551566,1.1904761904761904e-06
2014-05-21,0.8586878154289834,11.91,3414.45,123.89,0.033,0.0002644313404025246,0.008225392026439076,0.0073023205268679895,0.014184809999999999,0.00688248947313201,1.3095238095238096e-06
2014-05-22,0.8698481561822126,12.03,3422.99,123.68,0.033,5.274678903916926e-05,0.002498012250446329,0.0072762962602171445,0.014472089999999998,0.007195793739782854,1.3095238095238096e-06
2014-05-23,0.8340675477239354,11.36,3437.58,125.13,0.033,0.00015767482195885285,0.004253297319340124,0.007428227481229111,0.012904959999999998,0.005476732518770887,1.3095238095238096e-06
2014-05-27,0.8438416422287389,11.51,3458.19,123.64,0.028,5.2217957755624685e-05,0.005977595357462831,0.0066930628310276005,0.01324801,0.006554947168972399,1.1111111111111112e-06
2014-05-28,0.8482207697893972,11.68,3454.88,124.18,0.033,0.00010442773600673681,-0.0009576064622351646,0.006699630485791331,0.01364224,0.006942609514208669,1.3095238095238096e-06
2014-05-29,0.8439095550692924,11.57,3473.86,125.81,0.033,0.00015596163343818012,0.005478643295763198,0.0067710424448626195,0.01338649,0.00661544755513738,1.3095238095238096e-06
2014-05-30,0.8290909090909091,11.4,3480.29,124.23,0.033,0.00010383137784228954,0.001849256007539331,0.006731997657919675,0.012996,0.006264002342080325,1.3095238095238096e-06
2014-06-02,0.8342939481268011,11.58,3483.14,123.33,0.028,5.187394631041839e-05,0.000818562162363995,0.006714963127431474,0.01340964,0.006694676872568526,1.1111111111111112e-06
2014-06-03,0.8589001447178002,11.87,3482.0,121.79,0.033,5.1868565056247966e-05,-0.00032734446405371237,0.006663093731221573,0.014089689999999997,0.007426596268778424,1.3095238095238096e-06
2014-06-04,0.8772694262890341,12.08,3489.21,121.48,0.033,0.000155283521830281,0.0020685082132947496,0.006665556652846321,0.01459264,0.007927083347153679,1.3095238095238096e-06
2014-06-05,0.8600883652430044,11.68,3512.21,122.21,0.033,0.00010284891494399997,0.006570119414539647,0.005569495395092243,0.01364224,0.008072744604907757,1.3095238095238096e-06
2014-06-06,0.8363211223694467,10.73,3528.98,122.88,0.033,0.00010230179028123688,0.004763408375387003,0.005458723729371194,0.01151329,0.006054566270628807,1.3095238095238096e-06
2014-06-09,0.8563748079877113,11.15,3532.47,124.67,0.033,0.0001022547164987055,0.0009884656222624026,0.005352169914043684,0.01243225,0.007080080085956317,1.3095238095238096e-06
2014-06-10,0.8447348193697156,10.99,3531.62,125.38,0.033,5.1112985254002544e-05,-0.000240653786716237,0.005411263855848853,0.01207801,0.006666746144151147,1.3095238095238096e-06
2014-06-11,0.872836719337848,11.6,3519.52,126.71,0.038,5.130967957115025e-05,-0.003432072509488859,0.0049043827414703076,0.013455999999999997,0.00855161725852969,1.5079365079365078e-06
2014-06-12,0.890148830616584,12.56,3495.57,127.82,0.038,5.163022433327777e-05,-0.006828164158496403,0.005692110518424365,0.015775360000000006,0.01008324948157564,1.5079365079365078e-06
2014-06-13,0.883248730964467,12.18,3506.58,127.78,0.033,0.00010299191513456825,0.0031447509903606364,0.005348232401414022,0.014835239999999998,0.009487007598585975,1.3095238095238096e-06
2014-06-16,0.905511811023622,12.65,3509.54,127.67,0.03,5.147872641626164e-05,0.000843771251237061,0.003902531936779989,0.01600225,0.01209971806322001,1.1904761904761904e-06
2014-06-17,0.8828696925329429,12.06,3517.23,130.18,0.033,0.00020538098172105177,0.002188773240068441,0.0038535888608011593,0.01454436,0.01069077113919884,1.3095238095238096e-06
2014-06-18,0.840729001584786,10.61,3544.42,129.53,0.018,0.0002037697401935407,0.007700787880628163,0.00423879641263314,0.01125721,0.00701841358736686,7.142857142857142e-07
2014-06-19,0.8362204724409449,10.62,3549.44,138.61,0.013,0.00010181744132775152,0.0014153086860927008,0.0033255710439610633,0.011278439999999997,0.007952868956038934,5.158730158730158e-07
2014-06-20,0.8430458430458431,10.85,3555.6,143.26,0.013,0.00010213461342054046,0.001733980820215906,0.0028517994753889664,0.01177225,0.008920450524611033,5.158730158730158e-07
2014-06-23,0.8498452012383901,10.98,3555.14,139.41,0.008,5.107121881459056e-05,-0.00012938175229065547,0.0028969583319498953,0.012056040000000002,0.009159081668050108,3.174603174603175e-07
2014-06-24,0.906576980568012,12.13,3532.57,134.65,0.023,0.00010265886459301012,-0.006368792258542567,0.0035952331407459828,0.014713690000000001,0.01111845685925402,9.126984126984127e-07
2014-06-25,0.8840579710144928,11.59,3549.96,131.82,0.023,0.00010233843319864008,0.004910684443661079,0.0034830762936335765,0.01343281,0.009949733706366422,9.126984126984127e-07
2014-06-26,0.8898240244835501,11.63,3546.38,132.81,0.03,0.00010237510237515475,-0.001008970907174652,0.0034859618075247767,0.013525690000000003,0.010039728192475226,1.1904761904761904e-06
2014-06-27,0.8783151326053041,11.26,3553.35,135.36,0.023,0.00010220768601804084,0.0019634555790723966,0.0032591900534955807,0.012678759999999999,0.00941956994650442,9.126984126984127e-07
2014-06-30,0.8893159108378171,11.57,3552.18,139.35,0.023,5.103993875217214e-05,-0.0003293209684778486,0.0032737669463376363,0.01338649,0.010112723053662363,9.126984126984127e-07
2014-07-01,0.8751962323390895,11.15,3576.55,139.36,0.023,5.0742103260278207e-05,0.0068371490951391,0.0036849312785677377,0.01243225,0.008747318721432263,9.126984126984127e-07
2014-07-02,0.866293034427542,10.82,3579.11,140.37,0.018,0.0001520873995589523,0.0007155175369481815,0.003656260820649118,0.01170724,0.008050979179350883,7.142857142857142e-07
2014-07-03,0.8431372549019608,10.32,3598.73,142.28,0.008,5.0475733790934076e-05,0.005466839289849966,0.0038598126625797205,0.01065024,0.006790427337420279,3.174603174603175e-07
2014-07-07,0.8803418803418804,11.33,3584.75,137.76,0.013,5.061112938730625e-05,-0.0038922688305561845,0.0038291415097547006,0.01283689,0.009007748490245299,5.158730158730158e-07
2014-07-08,0.906888720666162,11.98,3560.53,134.2,0.023,0.00015266787104654405,-0.006779326425570159,0.004325558147597372,0.014352040000000002,0.01002648185240263,9.126984126984127e-07
2014-07-09,0.8968437259430331,11.65,3577.28,135.8,0.023,0.00010141473556112892,0.004693324912382433,0.004542985246083986,0.013572250000000001,0.009029264753916015,9.126984126984127e-07
2014-07-10,0.9223443223443223,12.59,3562.49,134.43,0.018,5.094892370394041e-05,-0.004142996526538655,0.004808418926584659,0.015850810000000003,0.011042391073415345,7.142857142857142e-07
2014-07-11,0.9096385542168676,12.08,3568.08,138.74,0.018,0.00010166734444887052,0.0015678974177826635,0.00462375880034768,0.01459264,0.009968881199652321,7.142857142857142e-07
2014-07-14,0.91415313225058,11.82,3585.37,139.94,0.018,5.0613691003514246e-05,0.004834040545276879,0.0040573616295783,0.01397124,0.0099138783704217,7.142857142857142e-07
2014-07-15,0.9088145896656535,11.96,3578.46,136.92,0.018,5.0695799852936076e-05,-0.0019291362701241595,0.004118639935096103,0.014304160000000003,0.0101855200649039,7.142857142857142e-07
2014-07-16,0.8709422011084719,11.0,3593.91,134.86,0.018,0.0002020712301085731,0.004308206045370035,0.004251974420827626,0.0121,0.007848025579172375,7.142857142857142e-07
2014-07-17,0.9712758851035403,14.54,3551.73,131.65,0.013,0.00010210854137939352,-0.011805937584354095,0.006229236313910249,0.02114116,0.01491192368608975,5.158730158730158e-07
2014-07-18,0.9026946107784432,12.06,3588.21,141.19,0.013,0.00015175658244176917,0.010218662184685173,0.006764438378581189,0.01454436,0.00777992162141881,5.158730158730158e-07
2014-07-21,0.9282608695652174,12.81,3579.99,138.75,0.018,0.00020289119959417725,-0.0022934637993035113,0.006851869771026389,0.016409609999999998,0.00955774022897361,7.142857142857142e-07
2014-07-22,0.9066666666666667,12.24,3597.95,136.37,0.023,0.00015146542801606108,0.005004231709937005,0.007089470282037794,0.014981760000000002,0.007892289717962207,9.126984126984127e-07
2014-07-23,0.8609865470852017,11.52,3604.3,132.55,0.025,5.035880649638337e-05,0.0017633383027168277,0.007099395184330509,0.01327104,0.006171644815669491,9.92063492063492e-07
2014-07-24,0.8802973977695168,11.84,3606.1,133.8,0.025,0.0001007252215953959,0.0004992788298545638,0.006449974612456566,0.014018560000000001,0.007568585387543435,9.92063492063492e-07
2014-07-25,0.9064285714285714,12.69,3588.68,135.26,0.028,5.06008855154505e-05,-0.004842409091038392,0.006625621194257757,0.016103609999999997,0.00947798880574224,1.1111111111111112e-06
2014-07-28,0.9022988505747127,12.56,3589.73,135.02,0.03,0.00015168752370118134,0.00029254389411820345,0.006595913308724841,0.015775360000000006,0.009179446691275165,1.1904761904761904e-06
2014-07-29,0.9338959212376933,13.28,3573.65,132.35,0.018,5.0809135482513555e-05,-0.004489508307142266,0.0068703968197263935,0.01763584,0.010765443180273606,7.142857142857142e-07
2014-07-30,0.9347826086956522,13.33,3574.45,130.54,0.033,0.00015227266959369154,0.00022383570552727232,0.006865696645990043,0.01776889,0.010903193354009955,1.3095238095238096e-06
2014-07-31,1.034798534798535,16.95,3503.19,128.71,0.023,0.0002069215250117452,-0.02013733618861233,0.011151873534052729,0.028730249999999995,0.017578376465947267,9.126984126984127e-07
2014-08-01,1.0148986889153755,17.03,3493.18,128.93,0.023,5.198450861638502e-05,-0.0028614858362952028,0.011151957230813964,0.02900209,0.01785013276918604,9.126984126984127e-07
2014-08-04,0.9563567362428842,15.12,3518.31,126.86,0.018,5.161423520602289e-05,0.007168264550502893,0.011470708121411622,0.02286144,0.011390731878588379,7.142857142857142e-07
2014-08-05,0.9842473745624271,16.87,3484.56,124.62,0.023,5.211454777596428e-05,-0.009638979820781763,0.012274819028381193,0.028459690000000006,0.016184870971618814,9.126984126984127e-07
2014-08-06,0.9669226225634968,16.37,3485.67,124.41,0.023,5.207926464088393e-05,0.00031849738369702863,0.011908224993496795,0.026797690000000002,0.014889465006503207,9.126984126984127e-07
2014-08-07,0.967479674796748,16.66,3467.14,124.68,0.023,0.00010465177123128162,-0.005330231624873614,0.0116727910191978,0.02775556,0.0160827689808022,9.126984126984127e-07
2014-08-08,0.9448771719592569,15.77,3507.21,120.36,0.023,0.00015547666554378554,0.011490802984583603,0.013560248813088163,0.024869290000000002,0.011309041186911839,9.126984126984127e-07
2014-08-11,0.9029187817258884,14.23,3517.53,124.24,0.03,5.159293176844745e-05,0.002938189149873327,0.013662638631646209,0.020249290000000003,0.006586651368353794,1.1904761904761904e-06
2014-08-12,0.9000000000000001,14.13,3511.96,123.69,0.028,5.1651558585880144e-05,-0.0015847525683163547,0.013265221488345807,0.01996569,0.006700468511654194,1.1111111111111112e-06
2014-08-13,0.8686868686868687,12.9,3536.42,126.93,0.033,5.127284846304974e-05,0.006940629815989563,0.013998288385319153,0.016641,0.002642711614680847,1.3095238095238096e-06
2014-08-14,0.8607068607068608,12.42,3551.97,132.46,0.028,5.1042543960344565e-05,0.004387463145951811,0.014008092411517561,0.015425640000000001,0.0014175475884824398,1.1111111111111112e-06
2014-08-15,0.9119278779472955,13.15,3552.17,135.43,0.028,0.0001531901856154474,5.630519670306892e-05,0.012334606663784177,0.017292250000000002,0.0049576433362158254,1.1111111111111112e-06
2014-08-18,0.8856937455068297,12.32,3582.7,138.46,0.028,0.0002534019207866172,0.00855802175340777,0.011940314244767459,0.01517824,0.0032379257552325423,1.1111111111111112e-06
2014-08-19,0.8854242204496012,12.21,3601.33,138.69,0.028,0.0002521495751278799,0.005186515580292529,0.012193201745385834,0.014908410000000004,0.0027152082546141702,1.1111111111111112e-06
2014-08-20,0.8561046511627907,11.78,3610.49,135.46,0.023,0.00010055809744084787,0.0025402755270623138,0.01197290605748252,0.013876839999999998,0.0019039339425174773,9.126984126984127e-07
2014-08-21,0.869179600886918,11.76,3621.23,135.75,0.013,5.011652091107277e-05,0.0029702499256148074,0.01203897717262501,0.01382976,0.0017907828273749891,5.158730158730158e-07
2014-08-22,0.8490007401924501,11.47,3614.5,135.1,0.02,0.00015048531514133648,-0.001860213673175944,0.01208936528535385,0.013156090000000002,0.0010667247146461528,7.936507936507937e-07
2014-08-25,0.8621960206337509,11.7,3631.86,135.42,0.018,9.996501224576515e-05,0.00479138028239945,0.012000587511523681,0.013688999999999998,0.001688412488476317,7.142857142857142e-07
2014-08-26,0.8482859226841721,11.63,3635.71,133.54,0.023,4.989148601786567e-05,0.0010595014179839493,0.012002292485837278,0.013525690000000003,0.0015233975141627255,9.126984126984127e-07
2014-08-27,0.8462643678160919,11.78,3636.64,135.41,0.028,4.99238661041457e-05,0.00025576326911368874,0.01166317042026757,0.013876839999999998,0.0022136695797324284,1.1111111111111112e-06
2014-08-28,0.8527954706298655,12.05,3630.98,137.95,0.028,4.9936331177702955e-05,-0.0015575941351666873,0.011728555546355532,0.014520250000000002,0.00279169445364447,1.1111111111111112e-06
2014-08-29,0.8395234758234058,11.98,3643.34,127.01,0.023,0.00014958490189724083,0.00339825905228451,0.005989088837284725,0.014352040000000002,0.008362951162715276,9.126984126984127e-07
2014-09-02,0.84716459197787,12.25,3641.52,131.72,0.018,4.985914790711692e-05,-0.000499666441871534,0.005774541531953804,0.015006249999999999,0.009231708468046194,7.142857142857142e-07
2014-09-03,0.8589298123697011,12.36,3639.35,131.55,0.023,0.00024942009827157543,-0.0005960826286563669,0.005482899579871161,0.015276959999999997,0.009794060420128836,9.126984126984127e-07
2014-09-04,0.8693259972489684,12.64,3633.87,130.15,0.023,9.98153416179159e-05,-0.0015068981928148422,0.003971092647013302,0.015976960000000002,0.012005867352986699,9.126984126984127e-07
2014-09-05,0.8586647727272727,12.09,3652.26,137.49,0.028,0.00019881703862031146,0.0050479579834466085,0.004039348047408595,0.01461681,0.010577461952591405,1.1111111111111112e-06
2014-09-08,0.8797776233495482,12.66,3641.66,132.91,0.023,4.984175243597032e-05,-0.0029065324166807184,0.0036485011074691414,0.016027559999999996,0.012379058892530855,9.126984126984127e-07
2014-09-09,0.9097035040431267,13.5,3617.89,136.88,0.013,0.0001503344942497113,-0.006548638675212638,0.003393000462993841,0.018225,0.01483199953700616,5.158730158730158e-07
2014-09-10,0.8803827751196173,12.88,3631.45,130.53,0.018,4.997126652170454e-05,0.0037410345810046197,0.003430246350602454,0.01658944,0.013159193649397546,7.142857142857142e-07
2014-09-11,0.8719346049046323,12.8,3635.66,132.72,0.015,0.00014980151299528693,0.0011586450379803823,0.0033060731298820267,0.016384,0.013077926870117973,5.952380952380952e-07
2014-09-12,0.8849734042553192,13.31,3614.06,127.37,0.013,5.0227278434872325e-05,-0.005958868456868929,0.003582506276806171,0.01771561,0.014133103723193829,5.158730158730158e-07
2014-09-15,0.9062901155327342,14.12,3611.52,127.09,0.013,5.024241967488585e-05,-0.000703057776572855,0.003463298664846325,0.019937439999999997,0.016474141335153673,5.158730158730158e-07
2014-09-16,0.8572390572390572,12.73,3638.6,126.81,0.013,9.972575417606697e-05,0.007470255921982615,0.003985497845050497,0.01620529,0.012219792154949505,5.158730158730158e-07
2014-09-17,0.8652530779753763,12.65,3643.4,138.13,0.018,4.981444120646046e-05,0.001318319334025303,0.0032619811731430066,0.01600225,0.012740268826856992,7.142857142857142e-07
2014-09-18,0.8453970484891075,12.03,3661.73,142.1,0.01,9.907856930550991e-05,0.005018401717447063,0.0032437371037667743,0.014472089999999998,0.011228352896233224,3.9682539682539683e-07
2014-09-19,0.8421418636995827,12.11,3660.03,146.08,0.013,0.0,-0.00046436923104518934,0.003219699296095643,0.01466521,0.011445510703904357,5.158730158730158e-07
2014-09-22,0.8971166448230669,13.69,3630.7,139.85,0.003,0.0,-0.00804587694942352,0.004031550839751642,0.01874161,0.014710059160248357,1.1904761904761906e-07
2014-09-23,0.9290603609209708,14.93,3610.1,132.46,0.013,0.00010115826210110887,-0.0056899943594164604,0.004399090360902239,0.022290489999999996,0.017891399639097756,5.158730158730158e-07
2014-09-24,0.8718791064388961,13.27,3638.44,126.9,0.013,5.012154474610595e-05,0.007819545564942094,0.004879183071419054,0.017609289999999996,0.012730106928580943,5.158730158730158e-07
2014-09-25,0.9427365883062087,15.64,3579.61,132.24,0.008,0.00010172422562438447,-0.016301162426207303,0.00807008447348103,0.024460960000000004,0.016390875526518973,3.174603174603175e-07
2014-09-26,0.9269662921348315,14.85,3610.98,130.49,0.013,5.048592704793299e-05,0.008725347717136038,0.009143527388541699,0.02205225,0.0129087226114583,5.158730158730158e-07
2014-09-29,0.9500594530321046,15.98,3602.09,131.67,0.008,5.0657278184397074e-05,-0.0024649710875851425,0.009181313038258872,0.02553604,0.016354726961741128,3.174603174603175e-07
2014-09-30,0.9549180327868853,16.31,3592.25,127.73,0.018,5.077817554010666e-05,-0.0027354854332603947,0.009048718556559263,0.026601609999999998,0.017552891443440737,7.142857142857142e-07
2014-10-01,0.9483541430192962,16.71,3544.98,123.17,0.013,0.0003596845053053114,-0.013246228907945025,0.010942906538809808,0.027922409999999998,0.01697950346119019,5.158730158730158e-07
2014-10-02,0.937354988399072,16.16,3545.3,125.35,0.013,0.00010288595092345405,9.026441839175484e-05,0.010960379062782799,0.02611456,0.0151541809372172,5.158730158730158e-07
2014-10-03,0.9071072319201996,14.55,3584.94,122.53,0.008,5.0868581020886156e-05,0.011118954872229138,0.0127905618195824,0.021170250000000005,0.008379688180417604,3.174603174603175e-07
2014-10-06,0.9341389728096677,15.46,3579.42,126.96,0.008,5.098789037598932e-05,-0.001540961395658063,0.01236617440529356,0.023901160000000005,0.011534985594706445,3.174603174603175e-07
2014-10-07,0.9728506787330317,17.2,3525.29,120.85,0.008,0.00041377883521249656,-0.015238073730368736,0.014796088086084612,0.029583999999999996,0.014787911913915383,3.174603174603175e-07
2014-10-08,0.9281326781326781,15.11,3588.07,128.08,0.003,5.0845303165218385e-05,0.017651751098445516,0.01877345326190405,0.022831209999999994,0.004057756738095945,1.1904761904761906e-07
2014-10-09,1.0370370370370372,18.76,3514.12,123.58,0.008,0.0002072324111490625,-0.020825315182621595,0.023455560995782426,0.035193760000000004,0.011738199004217579,3.174603174603175e-07
2014-10-10,1.065730055193176,21.24,3474.23,130.82,0.008,0.00021044878202763215,-0.011416266569790615,0.02449034580959692,0.04511375999999999,0.020623414190403068,3.174603174603175e-07
2014-10-13,1.1139240506329113,24.64,3417.01,130.36,0.008,5.3428792776378626e-05,-0.016606972057237077,0.026869551468603384,0.06071296,0.03384340853139662,3.174603174603175e-07
2014-10-14,1.0664482919981282,22.79,3422.43,127.78,0.008,5.3170277814804345e-05,0.0015849254133616134,0.0270457669361695,0.05193841,0.0248926430638305,3.174603174603175e-07
2014-10-15,1.102015113350126,26.25,3395.03,111.31,0.018,5.399130739945957e-05,-0.008038227590067915,0.026011628057870693,0.06890625,0.04289462194212931,7.142857142857142e-07
2014-10-16,1.1028446389496718,25.2,3395.64,127.97,0.03,0.0001615813427409643,0.00017965826689858377,0.025894685985640434,0.063504,0.037609314014359574,1.1904761904761904e-06
2014-10-17,1.0348235294117647,21.99,3439.39,131.71,0.023,5.29955748694502e-05,0.01280187431705499,0.028263784050196066,0.04835600999999999,0.020092225949803925,9.126984126984127e-07
2014-10-20,0.9440772750381291,18.57,3470.89,120.62,0.023,0.00010492628928183322,0.009116915142315517,0.029973499168244967,0.03448449,0.004510990831755032,9.126984126984127e-07
2014-10-21,0.8998321208729713,16.08,3538.9,129.18,0.013,0.00010287536649339957,0.01940489917226218,0.035198083862606436,0.02585663999999999,-0.009341443862606446,5.158730158730158e-07
2014-10-22,0.9375655823714587,17.87,3513.47,127.04,0.018,5.177993527503381e-05,-0.0072117912751662105,0.03539731446138832,0.03193369,-0.003463624461388322,7.142857142857142e-07
2014-10-23,0.9072447859495062,16.53,3556.7,128.77,0.008,0.0002561934773141258,0.01222899555357916,0.03664308784506623,0.027324090000000002,-0.009318997845066228,3.174603174603175e-07
2014-10-24,0.8989955357142856,16.11,3581.82,125.57,0.008,0.0001017656337453916,0.007037902446739591,0.03422856190178732,0.025953209999999997,-0.008275351901787326,3.174603174603175e-07
2014-10-27,0.8980963045912653,16.04,3576.47,123.77,0.008,5.0943732647389524e-05,-0.0014947706773944924,0.03324235412634246,0.025728159999999996,-0.007514194126342463,3.174603174603175e-07
2014-10-28,0.8742405832320778,14.39,3619.16,127.56,0.013,0.00020147073637550135,0.011865674270156598,0.03498172159988067,0.02070721,-0.014274511599880673,5.158730158730158e-07
2014-10-29,0.8969804618117229,15.15,3614.53,124.18,0.013,0.00010109179134645071,-0.0012801213854254372,0.034898557541549594,0.02295225,-0.011946307541549593,5.158730158730158e-07
2014-10-30,0.867383512544803,14.52,3637.3,121.02,0.008,0.00010028078620127262,0.006279814841192411,0.03281098628327479,0.021083039999999997,-0.011727946283274795,3.174603174603175e-07
2014-10-31,0.8497880072683222,14.03,3679.99,124.75,0.008,4.962902305263607e-05,0.011668386617712018,0.03408876143955269,0.019684089999999994,-0.014404671439552694,3.174603174603175e-07
2014-11-03,0.8762641284949436,14.73,3679.58,124.64,0.008,4.95921049369899e-05,-0.0001114195531597678,0.03295799225372766,0.021697290000000004,-0.011260702253727658,3.174603174603175e-07
2014-11-04,0.8795038393384526,14.89,3669.18,124.19,0.023,0.00014920548081466759,-0.0028304113736369084,0.03306833549163323,0.02217121,-0.010897125491633231,9.126984126984127e-07
2014-11-05,0.8551599275799637,14.17,3691.38,125.66,0.023,4.939857238121325e-05,0.006032168018738844,0.02969748138635633,0.02007889,-0.009618591386356332,9.126984126984127e-07
2014-11-06,0.8407134071340713,13.67,3706.45,124.93,0.023,0.0001475107559924903,0.004074173330674337,0.026620150661628796,0.018686889999999998,-0.007933260661628798,9.126984126984127e-07
2014-11-07,0.8288060644346178,13.12,3708.46,127.08,0.023,9.845426799256785e-05,0.0005421508957582559,0.02005306381377176,0.017213439999999997,-0.0028396238137717647,9.126984126984127e-07
2014-11-10,0.8424202127659575,12.67,3720.25,130.51,0.023,4.902801951310717e-05,0.0031741742238050813,0.017467671301080196,0.01605289,-0.0014147813010801959,9.126984126984127e-07
2014-11-11,0.8411458333333334,12.92,3722.84,127.11,0.018,4.897999167335687e-05,0.0006959475445111956,0.012398568888308849,0.01669264,0.004294071111691153,7.142857142857142e-07
2014-11-12,0.8271918678526048,13.02,3721.3,125.71,0.013,4.899679071016392e-05,-0.0004137482696373195,0.012572271750575901,0.016952039999999995,0.004379768249424093,5.158730158730158e-07
2014-11-13,0.8678414096916298,13.79,3723.58,128.96,0.008,0.00024516413739003834,0.0006125014966741777,0.010848862432017456,0.019016409999999997,0.008167547567982542,3.174603174603175e-07
2014-11-14,0.8339598997493735,13.31,3724.92,128.68,0.008,9.789046057452797e-05,0.000359803991261748,0.010830098735961274,0.01771561,0.006885511264038725,3.174603174603175e-07
2014-11-17,0.8782172002510986,13.99,3727.86,123.69,0.008,9.780907668236614e-05,0.0007889673792879761,0.010020565679297454,0.019572009999999997,0.009551444320702544,3.174603174603175e-07
2014-11-18,0.8828025477707007,13.86,3747.74,132.03,0.013,0.00014606714219636847,0.005318649168979619,0.009688145942111861,0.01920996,0.00952181405788814,5.158730158730158e-07
2014-11-19,0.8741390106449594,13.96,3742.35,124.66,0.003,0.00014615253452854182,-0.0014392352910052328,0.006628570725151491,0.01948816,0.01285958927484851,1.1904761904761906e-07
2014-11-20,0.8482198625858838,13.58,3749.87,136.35,0.003,0.00014583282696935634,0.002007416366655429,0.005354623526390848,0.018441640000000002,0.013087016473609155,1.1904761904761906e-07
2014-11-21,0.8169727675744143,12.9,3770.03,138.46,0.008,0.00014516948537417987,0.00536178627318992,0.004340860319296042,0.016641,0.012300139680703957,3.174603174603175e-07
2014-11-24,0.8115755627009645,12.62,3780.88,140.18,0.008,4.824741273258547e-05,0.0028738277816603213,0.004101482352247784,0.015926439999999993,0.01182495764775221,3.174603174603175e-07
2014-11-25,0.7949383517196625,12.25,3776.94,140.11,0.023,4.824275755597803e-05,-0.0010426287889690532,0.004057558847102237,0.015006249999999999,0.010948691152897762,9.126984126984127e-07
2014-11-26,0.7878590078328982,12.07,3788.42,139.86,0.01,4.813130219247384e-05,0.003034887648814696,0.002930749599037419,0.01456849,0.011637740400962581,3.9682539682539683e-07
2014-11-28,0.8367859384808538,13.33,3778.96,131.89,0.013,0.0001449590490686436,-0.002500206128909992,0.003054891495187797,0.01776889,0.014713998504812201,5.158730158730158e-07
2014-12-01,0.8536439665471924,14.29,3753.31,127.95,0.013,4.8632218844940574e-05,-0.006810722172694976,0.003738473022875778,0.02042041,0.016681936977124223,5.158730158730158e-07
2014-12-02,0.8051378446115287,12.85,3777.47,121.64,0.015,4.827769329177061e-05,0.0064163560449570795,0.0027230285576817456,0.01651225,0.013789221442318254,5.952380952380952e-07
2014-12-03,0.8019292604501608,12.47,3792.69,134.44,0.008,0.0,0.004021056492212586,0.002786704283864944,0.01555009,0.012763385716135056,3.174603174603175e-07
2014-12-04,0.7915601023017903,12.38,3788.34,128.73,0.018,4.813130219247384e-05,-0.0011476014413367547,0.0026395174057129997,0.015326440000000002,0.012686922594287001,7.142857142857142e-07
2014-12-05,0.760128617363344,11.82,3794.68,131.41,0.013,9.607070804116741e-05,0.001672157393038125,0.002372079424248796,0.01397124,0.011599160575751204,5.158730158730158e-07
2014-12-08,0.8468414779499404,14.21,3767.7,137.62,0.008,0.0001452678982156315,-0.007135350106658255,0.003100303536632274,0.02019241,0.017092106463367725,3.174603174603175e-07
2014-12-09,0.881586737714624,14.89,3766.83,136.69,0.03,0.00024238311074489843,-0.0002309367681504952,0.003112118695697313,0.02217121,0.019059091304302687,1.1904761904761904e-06
2014-12-10,0.9681295715778475,18.53,3705.51,130.88,0.03,9.842035332911881e-05,-0.01641289784513324,0.006516277347168334,0.03433609000000001,0.027819812652831673,1.1904761904761904e-06
2014-12-11,0.9691119691119691,20.08,3723.32,130.73,0.023,4.9112295263074454e-05,0.004794842289226944,0.006809301504396258,0.04032063999999999,0.03351133849560373,9.126984126984127e-07
2014-12-12,1.0038095238095237,21.08,3663.1,131.47,0.018,9.980039920164788e-05,-0.016305959934658585,0.01000820834946833,0.04443663999999999,0.034428431650531666,7.142857142857142e-07
2014-12-15,0.969610636277303,20.42,3639.97,135.12,0.008,5.0093926111413424e-05,-0.006334343594894346,0.010348681285751718,0.04169764000000001,0.03134895871424829,3.174603174603175e-07
2014-12-17,0.9515418502202644,19.44,3682.7,125.48,0.023,4.951107810368068e-05,0.01167073895349373,0.012294732595876214,0.03779136000000001,0.025496627404123798,9.126984126984127e-07
2014-12-18,0.9096320346320346,16.81,3771.72,126.24,0.038,0.0002897291032884363,0.023884952028908765,0.019470951331611686,0.02825761,0.008786658668388313,1.5079365079365078e-06
2014-12-19,0.8927991337303736,16.49,3788.97,138.63,0.03,0.0001936952205703939,0.004563083509898637,0.01938713868077694,0.027192009999999996,0.007804871319223056,1.1904761904761904e-06
2014-12-22,0.8669698692438885,15.25,3803.94,136.61,0.023,9.649249770835256e-05,0.003943157339343178,0.019468899996652585,0.02325625,0.0037873500033474145,9.126984126984127e-07
2014-12-23,0.8249721293199553,14.8,3810.78,136.93,0.013,9.6176965616784e-05,0.0017965209067879462,0.019462896265084753,0.021904000000000007,0.0024411037349152537,5.158730158730158e-07
2014-12-24,0.832560834298957,14.37,3810.39,135.65,0.003,0.000144352219415379,-0.00010234649019528263,0.019188530372531366,0.02064969,0.0014611596274686327,1.1904761904761906e-07
2014-12-26,0.844988344988345,14.5,3823.0,135.03,0.003,4.7974285782776775e-05,0.003303908609594661,0.019216400954396112,0.021025,0.0018085990456038863,1.1904761904761906e-07
2014-12-29,0.8720324261725536,15.06,3826.95,127.6,0.003,4.789616112264245e-05,0.0010326865799219441,0.019185966739682613,0.022680360000000004,0.003494393260317391,1.1904761904761906e-07
2014-12-30,0.8834628190899001,15.92,3808.69,136.39,0.01,4.8105832832187154e-05,-0.004782843300367574,0.019444877344449208,0.02534464,0.005899762655550794,3.9682539682539683e-07
2014-12-31,0.9726443768996961,19.2,3769.44,133.84,0.041,9.729519361734681e-05,-0.010358848681292967,0.0207314346396383,0.036864,0.0161325653603617,1.626984126984127e-06
2015-01-02,0.9141829393627954,17.79,3768.68,128.66,0.018,0.00019514098936477723,-0.00020164178935211572,0.02014128099745241,0.03164841,0.011507129002547592,7.142857142857142e-07
2015-01-05,0.9581529581529583,19.92,3700.03,127.79,0.013,0.00014853323431118274,-0.01838387979776865,0.023633518420724028,0.03968064,0.016047121579275975,5.158730158730158e-07
2015-01-06,0.9859943977591036,21.12,3667.14,125.27,0.028,5.003627630041443e-05,-0.008928861017579084,0.024011813117001853,0.044605439999999996,0.020593626882998144,1.1111111111111112e-06
2015-01-07,0.9616533864541833,19.31,3710.94,123.56,0.025,9.882887779800271e-05,0.01187314709117042,0.026195725740830404,0.03728761,0.011091884259169595,9.92063492063492e-07
2015-01-08,0.9115755627009647,17.01,3777.4,124.77,0.018,4.8596768314862856e-05,0.017750728480600907,0.03037378226302532,0.02893401000000001,-0.0014397722630253088,7.142857142857142e-07
2015-01-09,0.9083850931677019,17.55,3745.67,121.69,0.018,9.8058442831978e-05,-0.008435436105111285,0.030620713944283496,0.030800250000000005,0.00017953605571650877,7.142857142857142e-07
2015-01-12,0.95703125,19.6,3715.36,121.09,0.018,4.933764215403658e-05,-0.008124928258253379,0.03135888447501348,0.038416000000000006,0.007057115524986529,7.142857142857142e-07
2015-01-13,0.9666196520921485,20.56,3706.15,122.2,0.028,4.949882440287541e-05,-0.002481975966604312,0.028155829828839938,0.042271359999999994,0.014115530171160056,1.1111111111111112e-06
2015-01-14,1.0262780697563307,21.48,3684.72,132.66,0.03,4.9695614361987354e-05,-0.005799062913023577,0.0282247334120779,0.04613904,0.017914306587922098,1.1904761904761904e-06
2015-01-15,1.0126639529624604,22.39,3650.74,120.77,0.028,0.0002006621852112996,-0.009264652265109604,0.02601440318894717,0.05013121000000001,0.02411680681105284,1.1111111111111112e-06
2015-01-16,0.9905437352245863,20.95,3699.79,131.39,0.018,4.9572437724580024e-05,0.013346174511189779,0.027600586717400174,0.04389025,0.016289663282599825,7.142857142857142e-07
2015-01-20,0.953042644944897,19.89,3705.64,123.63,0.01,0.00014848912317173328,0.001579922088757906,0.026052129945796997,0.03956121,0.013509080054203003,3.9682539682539683e-07
2015-01-21,0.94061876247505,18.85,3723.62,134.3,0.023,4.9238041310671875e-05,0.004840330020521665,0.0190834444782577,0.03553225,0.016448805521742303,9.126984126984127e-07
2015-01-22,0.8817204301075268,16.4,3780.51,139.13,0.018,4.854251110405527e-05,0.01516260777347102,0.021813731166735285,0.026895999999999993,0.005082268833264708,7.142857142857142e-07
2015-01-23,0.8768421052631579,16.66,3759.76,132.09,0.018,0.00014647364694969186,-0.0055037955880851315,0.02192060944210439,0.02775556,0.00583495055789561,7.142857142857142e-07
2015-01-26,0.8607875762617858,15.52,3769.45,135.02,0.008,4.860621673521436e-05,0.002573976645617222,0.0219739588366724,0.02408704,0.0021130811633276007,3.174603174603175e-07
2015-01-27,0.9010989010989011,17.22,3718.99,128.43,0.018,4.917025199749677e-05,-0.013476976178525155,0.023980005358046078,0.029652839999999996,0.005672834641953919,7.142857142857142e-07
2015-01-28,0.9533582089552238,20.44,3669.1,123.76,0.018,0.0001502742505071813,-0.013505725659791733,0.02548147231976373,0.04177936000000001,0.016297887680236278,7.142857142857142e-07
2015-01-29,0.9380000000000001,18.76,3704.35,130.45,0.008,4.941810185080342e-05,0.0095614043757463,0.026996813794077517,0.035193760000000004,0.008196946205922487,3.174603174603175e-07
2015-01-30,0.9610449129239229,20.97,3656.28,125.36,0.003,0.000200440970134398,-0.013061567667835356,0.02849360666082593,0.04397409,0.01548048333917407,1.1904761904761906e-07
2015-02-02,0.929220468675275,19.43,3703.77,129.98,0.008,9.893643334162866e-05,0.01290498273098643,0.030055304482442407,0.03775249,0.007697185517557593,3.174603174603175e-07
2015-02-03,0.8891739353514623,17.33,3757.34,129.78,0.018,4.886988393398121e-05,0.014360040411156011,0.03283293209214577,0.030032889999999993,-0.0028000420921457797,7.142857142857142e-07
2015-02-04,0.8972099853157122,18.33,3742.84,126.2,0.008,4.912918519255853e-05,-0.0038665786861380573,0.028688969929685205,0.03359889,0.004909920070314794,3.174603174603175e-07
2015-02-05,0.8744161909704204,16.85,3782.11,127.54,0.01,4.854722431254376e-05,0.01043737340486168,0.028564697013297388,0.028392250000000004,-0.0001724470132973832,3.9682539682539683e-07
2015-02-06,0.8697183098591549,17.29,3770.2,125.62,0.018,4.858496295405965e-05,-0.0031540045027639977,0.027334972578156272,0.02989441,0.002559437421843728,7.142857142857142e-07
2015-02-09,0.8974358974358974,18.55,3754.36,129.85,0.008,4.88436271278449e-05,-0.004210219175138739,0.02371634464997893,0.034410249999999996,0.010693905350021068,3.174603174603175e-07
2015-02-10,0.8732894069944247,17.23,3794.62,126.51,0.008,0.00019350781287790647,0.010666442806232893,0.024174623372067675,0.02968729,0.005512666627932327,3.174603174603175e-07
2015-02-11,0.8604769152714358,16.96,3795.82,128.39,0.008,4.8289349783861236e-05,0.00031618720653813176,0.023169832423868164,0.02876416,0.005594327576131836,3.174603174603175e-07
2015-02-12,0.836423118865867,15.34,3833.35,129.95,0.013,4.7868648428668076e-05,0.009838633229422767,0.023904037928140425,0.023531560000000003,-0.0003724779281404217,5.158730158730158e-07
2015-02-13,0.8102592388306674,14.69,3849.29,126.04,0.008,4.7665578302720874e-05,0.004149621190902554,0.02323502108383167,0.021579610000000003,-0.0016554110838316663,3.174603174603175e-07
2015-02-17,0.8596300326441786,15.8,3856.04,127.42,0.01,4.760657922920618e-05,0.001752034429846205,0.021541734209072762,0.024964,0.0034222657909272376,3.9682539682539683e-07
2015-02-18,0.8279742765273311,15.45,3855.0,135.0,0.018,4.76156465015324e-05,-0.000269743123185968,0.02008102469202356,0.02387025,0.0037892253079764397,7.142857142857142e-07
2015-02-19,0.8489727928928372,15.29,3851.53,131.3,0.018,4.76156465015324e-05,-0.0009005350616953099,0.020178420794650355,0.023378409999999995,0.0031999892053496404,7.142857142857142e-07
2015-02-20,0.8270676691729324,14.3,3875.6,125.24,0.018,4.73473639356044e-05,0.00623001757511441,0.020306710052610494,0.020449000000000005,0.0001422899473895109,7.142857142857142e-07
2015-02-23,0.830102622576967,14.56,3874.46,134.66,0.018,4.735633272555066e-05,-0.0002941912728990504,0.018009657896990796,0.02119936,0.0031897021030092045,7.142857142857142e-07
2015-02-24,0.8192698982645122,13.69,3885.27,136.26,0.018,4.7208780833326226e-05,0.0027861812184168644,0.017440362146452944,0.01874161,0.0013012478535470544,7.142857142857142e-07
2015-02-25,0.8203912270302312,13.84,3882.95,136.33,0.018,4.7280206141655776e-05,-0.0005973054493761672,0.017480307610478113,0.019154559999999998,0.0016742523895218846,7.142857142857142e-07
2015-02-26,0.8255192878338279,13.91,3877.85,126.2,0.018,9.458500827623662e-05,-0.0013142976842943784,0.014691807482098865,0.01934881,0.0046570025179011355,7.142857142857142e-07
2015-02-27,0.7898164594434577,13.34,3866.42,126.4,0.013,4.73922418899595e-05,-0.00295186203466496,0.011906722832980861,0.01779556,0.005888837167019137,5.158730158730158e-07
2015-03-02,0.7922235722964762,13.04,3890.32,126.01,0.013,4.7182051947396285e-05,0.006162402151907406,0.011440039056491467,0.017004159999999997,0.0055641209435085305,5.158730158730158e-07
2015-03-03,0.8259833134684147,13.86,3872.71,123.09,0.013,4.739448802100005e-05,-0.004536896084690498,0.00900508783730645,0.01920996,0.010204872162693552,5.158730158730158e-07
2015-03-04,0.8415138971023064,14.23,3856.51,127.89,0.01,4.758392614970334e-05,-0.0041918909597928634,0.008132580678512342,0.020249290000000003,0.012116709321487661,3.9682539682539683e-07
2015-03-05,0.8437499999999999,14.04,3861.29,127.26,0.008,4.750932370486888e-05,0.0012386951232706415,0.006086658750750463,0.01971216,0.013625501249249536,3.174603174603175e-07
2015-03-06,0.8680753854940033,15.2,3807.04,124.65,0.008,4.815679853598953e-05,-0.014149340230564755,0.008694151125885308,0.023104,0.014409848874114691,3.174603174603175e-07
2015-03-09,0.8700173310225304,15.06,3822.42,124.16,0.008,4.7999616003028316e-05,0.004031745584471528,0.007632447058956712,0.022680360000000004,0.015047912941043292,3.174603174603175e-07
2015-03-10,0.9140197152245345,16.69,3757.83,123.53,0.013,4.883885619394352e-05,-0.0170420667505383,0.011227506274457675,0.027855610000000006,0.016628103725542333,5.158730158730158e-07
2015-03-11,0.9104155423637345,16.87,3751.2,123.72,0.018,4.888660751382711e-05,-0.0017658743467178623,0.011049504878557803,0.028459690000000006,0.017410185121442205,7.142857142857142e-07
2015-03-12,0.8867165037377803,15.42,3799.43,121.53,0.023,0.0,0.012775266687975451,0.011671841362623859,0.023777640000000003,0.012105798637376144,9.126984126984127e-07
2015-03-13,0.8943543879262157,16.0,3776.44,120.6,0.023,4.864168105645307e-05,-0.0060692885627916535,0.012119960829752457,0.0256,0.013480039170247544,9.126984126984127e-07
2015-03-16,0.8971264367816092,15.61,3827.62,122.83,0.033,0.0,0.013461433197291758,0.013197923475712425,0.024367209999999997,0.011169286524287572,1.3095238095238096e-06
2015-03-17,0.8958810068649885,15.66,3814.91,125.44,0.048,4.806883457106211e-05,-0.0033261267453800706,0.013073403291040963,0.024523559999999996,0.011450156708959033,1.904761904761905e-06
2015-03-18,0.8502738892270237,13.97,3861.39,128.51,0.03,4.747999905035684e-05,0.012110148911597647,0.014929728761209076,0.019516090000000007,0.00458636123879093,1.1904761904761904e-06
2015-03-19,0.8291101944608132,14.07,3842.62,127.95,0.008,0.0,-0.004872796670769948,0.015222933770785407,0.019796489999999996,0.0045735562292145895,3.174603174603175e-07
2015-03-20,0.7791741472172351,13.02,3877.26,131.09,0.003,4.753190579171949e-05,0.008974292990528219,0.016207102097446448,0.016952039999999995,0.0007449379025535469,1.1904761904761906e-07
2015-03-23,0.8112522686025407,13.41,3870.49,127.12,0.003,4.76405993186961e-05,-0.0017476045879213926,0.015782093630852468,0.01798281,0.0022007163691475304,1.1904761904761906e-07
2015-03-24,0.8209764918625678,13.62,3847.05,126.82,0.018,0.00014359219815723888,-0.0060744931874444795,0.01621673760927913,0.018550439999999998,0.002333702390720869,7.142857142857142e-07
2015-03-25,0.8787706317586795,15.44,3791.13,122.96,0.03,4.857080408961753e-05,-0.014642493136472373,0.018489658309605157,0.023839359999999993,0.005349701690394837,1.1904761904761904e-06
2015-03-26,0.8992601024473534,15.8,3782.21,122.86,0.03,0.00014610271020527987,-0.0023556328184818577,0.018501470759222406,0.024964,0.006462529240777594,1.1904761904761904e-06
2015-03-27,0.8665899942495687,15.07,3791.9,121.8,0.038,9.719589833314007e-05,0.0025587178656586705,0.018675368769879026,0.02271049,0.0040351212301209735,1.5079365079365078e-06
2015-03-30,0.8575650118203308,14.51,3838.65,122.69,0.018,4.806421378957922e-05,0.012253529550022605,0.02072770390997568,0.02105401,0.00032630609002431976,7.142857142857142e-07
2015-03-31,0.8717217787913341,15.29,3805.27,120.35,0.023,0.00029075402209717896,-0.00873379422676621,0.020948344819944332,0.023378409999999995,0.0024300651800556634,9.126984126984127e-07
2015-04-01,0.8713956170703575,15.11,3790.66,120.76,0.018,0.0002428776139702375,-0.003846801646781421,0.020893466242589913,0.022831209999999994,0.0019377437574100813,7.142857142857142e-07
2015-04-02,0.8519163763066203,14.67,3804.14,119.92,0.015,4.843201356091975e-05,0.0035498009572912624,0.020993813275719156,0.02152089,0.000527076724280845,5.952380952380952e-07
2015-04-06,0.8763376932223543,14.74,3829.31,120.05,0.008,4.812203748702343e-05,0.0065946829336355145,0.02159311718956327,0.02172676,0.0001336428104367314,3.174603174603175e-07
2015-04-07,0.8797619047619046,14.78,3821.49,121.34,0.018,4.824043030473155e-05,-0.002044231380571467,0.019156092047654654,0.021844839999999997,0.0026887479523453432,7.142857142857142e-07
2015-04-08,0.852439024390244,13.98,3833.2,124.24,0.025,4.805035677385534e-05,0.0030595645636103943,0.01907307972788953,0.019544040000000002,0.0004709602721104725,9.92063492063492e-07
2015-04-09,0.817103620474407,13.09,3850.29,125.87,0.023,4.783430197790488e-05,0.00444850665078649,0.015313246281904455,0.017134809999999997,0.0018215637180955414,9.126984126984127e-07
2015-04-10,0.8137128072445019,12.58,3870.31,127.22,0.018,4.7604312950710045e-05,0.0051861370545041195,0.015381069652415723,0.01582564,0.00044457034758427563,7.142857142857142e-07
2015-04-13,0.8541666666666666,13.94,3852.93,117.46,0.013,4.78091458895652e-05,-0.004500709375336712,0.014048842679924298,0.01943236,0.005383517320075701,5.158730158730158e-07
2015-04-14,0.8624605678233439,13.67,3859.22,123.64,0.018,4.770423375070199e-05,0.0016311927010488792,0.013453443721613155,0.018686889999999998,0.005233446278386842,7.142857142857142e-07
2015-04-15,0.8183556405353729,12.84,3879.1,119.71,0.013,9.500736307068659e-05,0.005138077447227627,0.011677840057668115,0.016486559999999997,0.004808719942331882,5.158730158730158e-07
2015-04-16,0.821917808219178,12.6,3876.17,120.37,0.018,4.749352900662965e-05,-0.000755615249864363,0.011500463923454874,0.015876,0.004375536076545127,7.142857142857142e-07
2015-04-17,0.8605947955390335,13.89,3832.33,122.24,0.018,4.805035677385534e-05,-0.011374579404840879,0.011400831429949503,0.019293209999999998,0.007892378570050495,7.142857142857142e-07
2015-04-20,0.853658536585366,13.3,3867.82,124.16,0.013,4.771106180963718e-05,0.009218067519881572,0.012180915663061091,0.017689000000000003,0.005508084336938912,5.158730158730158e-07
2015-04-21,0.8537371134020619,13.25,3862.15,122.77,0.023,9.540619186176507e-05,-0.0014670175995214385,0.0112097430736824,0.017556250000000002,0.0063465069263176025,9.126984126984127e-07
2015-04-22,0.8221216041397154,12.71,3881.93,124.07,0.023,4.749352900662965e-05,0.005108429410587623,0.011503993129939712,0.016154410000000004,0.004650416870060292,9.126984126984127e-07
2015-04-23,0.8226763348714569,12.48,3891.46,123.26,0.023,9.469696969701815e-05,0.0024519559097380566,0.011040994618884872,0.015575040000000002,0.0045340453811151295,9.126984126984127e-07
2015-04-24,0.8053735255570118,12.29,3900.24,119.95,0.02,9.44777741035562e-05,0.002253681152044469,0.00799951291919839,0.015104409999999999,0.007104897080801609,7.936507936507937e-07
2015-04-27,0.8236032642812303,13.12,3884.1,122.84,0.013,4.740347467478528e-05,-0.004146792953151456,0.00820532549930988,0.017213439999999997,0.009008114500690117,5.158730158730158e-07
2015-04-28,0.8105813193990855,12.41,3895.21,124.02,0.013,4.7246698636889776e-05,0.0028562963947559284,0.008216083341153344,0.015400810000000001,0.007184726658846657,5.158730158730158e-07
2015-04-29,0.8384470882905448,13.39,3880.9,125.36,-0.003,4.7534165181180775e-05,-0.00368050764553588,0.006856526885055825,0.017929210000000004,0.011072683114944179,-1.1904761904761906e-07
2015-04-30,0.8828883495145631,14.55,3841.78,115.96,0.003,0.00023959556269023346,-0.010131284635741424,0.007205895450337644,0.021170250000000005,0.01396435454966236,1.1904761904761906e-07
2015-05-01,0.8257477243172952,12.7,3883.75,122.37,0.003,9.492168960612356e-05,0.01086538086106723,0.008208503694787782,0.016129,0.00792049630521222,1.1904761904761906e-07
2015-05-04,0.8327932598833441,12.85,3895.16,121.68,0.003,9.458500827623662e-05,0.0029335750594208635,0.00817587636308542,0.01651225,0.00833637363691458,1.1904761904761906e-07
2015-05-05,0.8768382352941176,14.31,3849.41,122.22,0.008,0.00023926306974523924,-0.011814866981578348,0.00970575341404745,0.02047761,0.01077185658595255,3.174603174603175e-07
2015-05-06,0.9061004784688996,15.15,3833.7,119.74,0.01,4.806652406940482e-05,-0.0040894955023324095,0.009874160690186515,0.02295225,0.013078089309813485,3.9682539682539683e-07
2015-05-07,0.9038231780167265,15.13,3849.13,120.73,0.008,9.570293808024802e-05,0.004016754437111465,0.009955291444392106,0.022891690000000006,0.0129363985556079,3.174603174603175e-07
2015-05-08,0.826478149100257,12.86,3901.01,122.93,0.008,4.7313761207538624e-05,0.013388345228762704,0.011872026880518234,0.016537959999999997,0.004665933119481764,3.174603174603175e-07
2015-05-11,0.8602484472049688,13.85,3881.93,115.96,0.008,0.00014260927435648106,-0.0049030413245610815,0.011933408587920987,0.019182249999999994,0.007248841412079007,3.174603174603175e-07
2015-05-12,0.8451219512195123,13.86,3870.69,123.92,0.013,4.7602046888108186e-05,-0.0028996669191978376,0.011776822182693058,0.01920996,0.007433137817306944,5.158730158730158e-07
2015-05-13,0.8446899938612646,13.76,3870.36,126.04,0.018,4.760657922920618e-05,-8.525975163572899e-05,0.011751092627115215,0.01893376,0.007182667372884786,7.142857142857142e-07
2015-05-14,0.8007542426147077,12.74,3912.52,127.63,0.013,9.419743782973923e-05,0.010834141703182781,0.01285825600429398,0.016230760000000004,0.0033725039957060235,5.158730158730158e-07
2015-05-15,0.7951188182402056,12.38,3915.99,127.56,0.013,9.413979759948333e-05,0.0008865033645616931,0.012842441941301633,0.015326440000000002,0.0024839980586983685,5.158730158730158e-07
2015-05-18,0.8358502954694682,12.73,3928.15,126.91,0.008,4.6916418400709975e-05,0.003100406096954738,0.011030111268426677,0.01620529,0.0051751787315733235,3.174603174603175e-07
2015-05-19,0.8409685863874345,12.85,3926.41,126.28,0.013,9.390112211845735e-05,-0.00044305474233145316,0.010192230057541706,0.01651225,0.006320019942458293,5.158730158730158e-07
2015-05-20,0.8501650165016502,12.88,3923.18,125.01,0.018,4.6991377082262657e-05,-0.0008229729660535767,0.010161778541552853,0.01658944,0.006427661458447148,7.142857142857142e-07
2015-05-21,0.8288843258042436,12.11,3932.9,121.11,0.013,4.6861454111011636e-05,0.0024745178154558173,0.009955513630647405,0.01466521,0.004709696369352595,5.158730158730158e-07
2015-05-22,0.8377071823204421,12.13,3924.16,124.86,0.013,0.0,-0.002224751651355709,0.01000220933656219,0.014713690000000001,0.004711480663437812,5.158730158730158e-07
2015-05-26,0.9082687338501292,14.06,3883.88,123.06,0.013,4.736979228355238e-05,-0.010317661623258464,0.011310946923535325,0.019768360000000002,0.008457413076464677,5.158730158730158e-07
2015-05-27,0.8852568378919279,13.27,3920.11,123.6,0.008,4.702894631641501e-05,0.009285060664886493,0.012140057421659698,0.017609289999999996,0.0054692325783402985,3.174603174603175e-07
2015-05-28,0.8867421718854098,13.31,3915.82,125.37,0.003,4.700462995600792e-05,-0.0010949562920080018,0.012086756858479217,0.01771561,0.005628853141520783,1.1904761904761906e-07
2015-05-29,0.8998699609882964,13.84,3891.18,122.5,0.003,4.7313761207538624e-05,-0.006312304807328461,0.012430635257452662,0.019154559999999998,0.006723924742547335,1.1904761904761906e-07
2015-06-01,0.9065541855937703,13.97,3899.59,122.43,0.003,4.727350083906164e-05,0.002158965870299863,0.011066419806229095,0.019516090000000007,0.008449670193770912,1.1904761904761906e-07
2015-06-02,0.9064290260980267,14.24,3895.85,121.17,0.008,4.733391711840261e-05,-0.0009595353917044538,0.00971854655279134,0.02027776,0.010559213447208659,3.174603174603175e-07
2015-06-03,0.8893229166666667,13.66,3904.83,124.59,0.013,4.7124243066936815e-05,0.0023023644007513122,0.009679020948759437,0.01865956,0.008980539051240561,5.158730158730158e-07
2015-06-04,0.9035626535626535,14.71,3871.23,121.98,0.013,4.749804070577769e-05,-0.008641962411190212,0.008845704576129763,0.021638410000000004,0.01279270542387024,5.158730158730158e-07
2015-06-05,0.8903508771929824,14.21,3865.83,119.62,0.018,4.765649200558012e-05,-0.0013958792814882405,0.008636909541178326,0.02019241,0.011555500458821675,7.142857142857142e-07
2015-06-08,0.9210843373493974,15.29,3841.45,118.33,0.013,4.7960480563971634e-05,-0.006326507228693357,0.008977328449019316,0.023378409999999995,0.014401081550980679,5.158730158730158e-07
2015-06-09,0.8904615384615385,14.47,3843.16,119.4,0.013,4.792829926439324e-05,0.00044504536423426713,0.006589763342503336,0.02093809,0.014348326657496663,5.158730158730158e-07
2015-06-10,0.8623613829093282,13.22,3889.7,120.83,0.018,9.465663306361035e-05,0.012037088977744253,0.008244027732201311,0.017476840000000004,0.009232812267798693,7.142857142857142e-07
2015-06-11,0.8509933774834437,12.85,3897.59,125.32,0.013,4.726903169384276e-05,0.0020263795748806258,0.008163444774694634,0.01651225,0.008348805225305365,5.158730158730158e-07
2015-06-12,0.8827674567584881,13.78,3870.56,119.26,0.01,9.525170262409778e-05,-0.00695921399302862,0.008802356480125477,0.01898884,0.010186483519874523,3.9682539682539683e-07
2015-06-15,0.9259927797833934,15.39,3852.75,119.25,0.008,4.784574531705416e-05,-0.004612020382271334,0.007449204443981939,0.02368521,0.016236005556018063,3.174603174603175e-07
2015-06-16,0.9141975308641976,14.81,3874.73,120.23,0.008,0.0,0.005688803925021491,0.007921947127004917,0.021933610000000003,0.014011662872995085,3.174603174603175e-07
2015-06-17,0.8939580764488286,14.5,3882.49,119.09,0.003,4.753868460468886e-05,0.0020007174190036932,0.007836562244754517,0.021025,0.013188437755245482,1.1904761904761906e-07
2015-06-18,0.8542746113989638,13.19,3921.43,120.17,0.003,9.394081728515845e-05,0.009979682821509654,0.009170027729044739,0.017397609999999997,0.008227582270955259,1.1904761904761906e-07
2015-06-19,0.8774355751099938,13.96,3900.64,119.5,0.003,0.0,-0.005315740962534544,0.009498580113156461,0.01948816,0.00998957988684354,1.1904761904761906e-07
2015-06-22,0.8498999332888593,12.74,3924.41,120.52,0.003,0.0,0.006075379227729984,0.009903613915234479,0.016230760000000004,0.006327146084765525,1.1904761904761906e-07
2015-06-23,0.8328748280605227,12.11,3927.23,122.78,0.008,-4.716647407032204e-05,0.0007183212988003848,0.00985018651293534,0.01466521,0.004815023487064659,3.174603174603175e-07
2015-06-24,0.8735177865612648,13.26,3898.47,119.52,0.003,4.750932370486888e-05,-0.007350174292382538,0.009181511738961808,0.01758276,0.008401248261038191,1.1904761904761906e-07
2015-06-25,0.9027061855670103,14.01,3887.04,122.68,0.003,4.766103472102045e-05,-0.0029362259407293124,0.008169238798247585,0.01962801,0.011458771201752416,1.1904761904761906e-07
2015-06-26,0.9068564036222508,14.02,3886.21,123.07,0.003,-4.765422097257931e-05,-0.00021355289052956563,0.008163201245573204,0.019656039999999996,0.011492838754426792,1.1904761904761906e-07
2015-06-29,1.0069444444444446,18.85,3805.5,124.54,0.003,-4.867956675194999e-05,-0.02098700091393022,0.012948003191032158,0.03553225,0.022584246808967843,1.1904761904761906e-07
2015-06-30,0.9870059556036818,18.23,3815.85,123.88,0.008,0.0,0.0027160559120435477,0.012996920765215369,0.033233290000000006,0.020236369234784637,3.174603174603175e-07
2015-07-01,0.9583085169743896,16.09,3843.26,120.14,0.018,4.8189287521477136e-05,0.0071575201343169895,0.013802732882260773,0.025888809999999995,0.012086077117739222,7.142857142857142e-07
2015-07-02,0.9496606334841629,16.79,3842.06,121.52,0.003,0.0,-0.00031228368103150463,0.01369042614112012,0.02819041,0.01449998385887988,1.1904761904761906e-07
2015-07-06,0.9429046563192905,17.01,3827.35,118.68,0.013,-4.8375783082944657e-05,-0.0038360233807360907,0.01301442514271885,0.02893401000000001,0.01591958485728116,5.158730158730158e-07
2015-07-07,0.945358401880141,16.09,3850.66,117.37,0.013,4.808039041286307e-05,0.006071904469020662,0.013523106682834424,0.025888809999999995,0.01236570331716557,5.158730158730158e-07
2015-07-08,1.0212987012987014,19.66,3787.67,118.25,0.013,-9.779951100235603e-05,-0.016493507862265038,0.016336455821957814,0.03865156,0.022315104178042187,5.158730158730158e-07
2015-07-09,1.0096056622851364,19.97,3796.26,120.34,0.013,-9.76228828036404e-05,0.0022653172361597703,0.016427427585437013,0.03988008999999999,0.02345266241456298,5.158730158730158e-07
2015-07-10,0.9492385786802029,16.83,3843.1,118.52,0.008,0.0,0.012262961028836783,0.016499882685292355,0.02832488999999999,0.011825007314707637,3.174603174603175e-07
2015-07-13,0.8720200752823087,13.9,3885.97,121.57,-0.008,0.0,0.011093298323207608,0.018080527985657995,0.019321000000000005,0.0012404720143420096,-3.174603174603175e-07
2015-07-14,0.8648124191461836,13.37,3903.31,123.11,0.01,4.7464223841236465e-05,0.004452280222032216,0.017682822314410714,0.017875689999999996,0.0001928676855892826,3.9682539682539683e-07
2015-07-15,0.8480769230769232,13.23,3900.5,123.06,0.013,4.747774480707848e-05,-0.0007201610806634469,0.017372907891413946,0.01750329,0.00013038210858605515,5.158730158730158e-07
2015-07-16,0.822131704005431,12.11,3931.85,124.67,0.018,0.0,0.008005302986092184,0.01773514988175341,0.01466521,-0.003069939881753409,7.142857142857142e-07
2015-07-17,0.8179329226557153,11.95,3936.22,127.91,0.018,4.707100661343362e-05,0.0011108189045984812,0.017715413345242226,0.01428025,-0.003435163345242227,7.142857142857142e-07
2015-07-20,0.8249158249158249,12.25,3939.35,125.06,0.023,0.0,0.0007948631438223037,0.016569357583920953,0.015006249999999999,-0.0015631075839209543,9.126984126984127e-07
2015-07-21,0.8284745762711865,12.22,3922.7,124.9,0.028,4.722661692125389e-05,-0.004235542865155409,0.01643274977270022,0.014932840000000001,-0.0014999097727002187,1.1111111111111112e-06
2015-07-22,0.8183659689399054,12.12,3913.75,130.42,0.033,4.731823881510826e-05,-0.00228419855710995,0.01604806571794665,0.014689439999999996,-0.001358625717946654,1.3095238095238096e-06
2015-07-23,0.8471849865951743,12.64,3891.79,123.18,0.033,4.758166202741134e-05,-0.005626787624974547,0.016395622720303253,0.015976960000000002,-0.0004186627203032513,1.3095238095238096e-06
2015-07-24,0.8779552715654952,13.74,3850.15,126.32,0.033,-4.8085014305248024e-05,-0.01075709745381155,0.017128892428034934,0.018878759999999998,0.0017498675719650643,1.3095238095238096e-06
2015-07-27,0.9296781883194278,15.6,3827.93,126.67,0.033,0.0,-0.005787921467570985,0.01739480381968786,0.024336,0.00694119618031214,1.3095238095238096e-06
2015-07-28,0.8710304601425793,13.44,3875.37,123.52,0.048,0.0,0.012316955005862,0.019441951343538915,0.018063359999999997,-0.001378591343538918,1.904761904761905e-06
2015-07-29,0.8378016085790885,12.5,3904.21,121.03,0.051,0.0,0.007414315969786157,0.0141960939643097,0.015625,0.0014289060356903003,2.0238095238095237e-06
2015-07-30,0.8246091094493542,12.13,3904.64,122.06,0.069,4.7441706003704746e-05,0.00011013145352637097,0.014179301824252385,0.014713690000000001,0.0005343881757476163,2.7380952380952382e-06
2015-07-31,0.8134228187919462,12.12,3895.8,124.2,0.064,0.0,-0.002266539780936782,0.01380537195331378,0.014689439999999996,0.0008840680466862157,2.53968253968254e-06
2015-08-03,0.8463611859838275,12.56,3885.07,119.32,0.069,-4.767466806508024e-05,-0.002758048085052758,0.013936250734119436,0.015775360000000006,0.0018391092658805695,2.7380952380952382e-06
2015-08-04,0.8592200925313945,13.0,3876.44,119.79,0.079,9.553379508005841e-05,-0.0022237949977437685,0.013790054133107773,0.016900000000000002,0.0031099458668922293,3.134920634920635e-06
2015-08-05,0.8407258064516129,12.51,3889.99,119.1,0.074,0.0,0.0034893802554006163,0.013514425860522108,0.01565001,0.0021355841394778904,2.9365079365079366e-06
2015-08-06,0.8855305466237942,13.77,3860.92,126.09,0.038,0.0,-0.007501089886246473,0.010637555206278456,0.01896129,0.008323734793721543,1.5079365079365078e-06
2015-08-07,0.8683527885862516,13.39,3849.96,117.82,0.064,4.809426475902044e-05,-0.002842738411385776,0.010776473911653425,0.017929210000000004,0.00715273608834658,2.53968253968254e-06
2015-08-10,0.8158772515010007,12.23,3899.36,121.54,0.069,4.74867630647525e-05,0.012749678469868391,0.010921521336858359,0.014957290000000002,0.004035768663141643,2.7380952380952382e-06
2015-08-11,0.8601003764115434,13.71,3862.81,124.37,0.104,-4.793059649622981e-05,-0.009417539202232086,0.010593730627426075,0.01879641,0.008202679372573924,4.126984126984127e-06
2015-08-12,0.8575929426591052,13.61,3867.37,119.97,0.099,4.787323168246119e-05,0.0011797915517943842,0.010331601414461431,0.01852321,0.008191608585538567,3.928571428571429e-06
2015-08-13,0.8565079365079366,13.49,3863.03,119.96,0.091,4.793289394842854e-05,-0.0011228398157864339,0.01033638521288779,0.018198009999999997,0.007861624787112206,3.611111111111111e-06
2015-08-14,0.8272082527401676,12.83,3878.16,119.37,0.084,-4.775435161524751e-05,0.003908964710990099,0.009663925994123697,0.01646089,0.006796964005876302,3.3333333333333333e-06
2015-08-17,0.8560157790927021,13.02,3899.1,120.27,0.063,4.748901816464123e-05,0.005384942923550262,0.010073306768803162,0.016952039999999995,0.006878733231196832,2.5e-06
2015-08-18,0.8834080717488789,13.79,3889.6,124.34,0.069,4.7626985449912625e-05,-0.002439432693793556,0.010097275686435675,0.019016409999999997,0.008919134313564323,2.7380952380952382e-06
2015-08-19,0.9242424242424242,15.25,3857.74,122.14,0.043,0.0,-0.008224804798468049,0.010653201400654457,0.02325625,0.012603048599345542,1.7063492063492063e-06
2015-08-20,1.0164630908125334,19.14,3776.36,118.76,0.018,4.904004119359e-05,-0.021320937059420692,0.015716293445357233,0.03663396000000001,0.020917666554642774,7.142857142857142e-07
2015-08-21,1.194290583723903,28.03,3656.67,118.76,0.023,5.062137740777709e-05,-0.0322076855261912,0.026824007570454302,0.07856809,0.05174408242954569,9.126984126984127e-07
2015-08-24,1.3082851637764934,40.74,3512.65,129.46,0.02,5.2777411267929305e-05,-0.0401821588212599,0.042990136922488674,0.16597476000000003,0.12298462307751135,7.936507936507937e-07
2015-08-25,1.217714672075727,36.02,3465.19,126.78,0.056,0.0,-0.01360327318101331,0.04400261727891624,0.12974404,0.08574142272108376,2.2222222222222225e-06
2015-08-26,1.182066276803119,30.32,3600.73,124.35,0.056,5.140198925708358e-05,0.03836913748983872,0.06334588138776107,0.09193024000000001,0.028584358612238944,2.2222222222222225e-06
2015-08-27,1.0498793242156075,26.1,3688.6,126.31,0.053,-5.0176873479110495e-05,0.024110379583361163,0.07128317288485495,0.068121,-0.003162172884854944,2.103174603174603e-06
2015-08-28,1.0280189423835833,26.05,3691.3,130.38,0.056,5.0179391323937605e-05,0.000731717264588334,0.07133190801787469,0.06786025000000001,-0.0034716580178746764,2.2222222222222225e-06
2015-08-31,1.0716170373162457,28.43,3660.75,129.36,0.003,0.0,-0.008310655077927285,0.0717079844644559,0.08082649,0.009118505535544094,1.1904761904761906e-07
2015-09-01,1.0633254317643075,31.4,3552.65,125.35,0.038,5.2193428847260654e-05,-0.029974240569443665,0.08045581074451456,0.098596,0.01814018925548544,1.5079365079365078e-06
2015-09-02,0.9961817487590683,26.09,3618.25,125.35,0.013,0.0,0.018296679651791003,0.08656152816062486,0.06806881000000001,-0.018492718160624852,5.158730158730158e-07
2015-09-03,0.9774809160305343,25.61,3622.66,132.43,0.018,-0.00010228609420539974,0.0012180790937232875,0.08623584893024154,0.06558720999999999,-0.020648638930241547,7.142857142857142e-07
2015-09-04,0.9903811898824367,27.8,3567.41,142.19,0.028,-5.1927820329842025e-05,-0.015368720329196386,0.08779365078273353,0.07728400000000002,-0.010509650782733512,1.1111111111111112e-06
2015-09-08,0.9692487349163097,24.9,3657.32,132.37,0.028,-0.00020254190085569924,0.024890796457042032,0.097668014911365,0.062001,-0.035667014911364994,1.1111111111111112e-06
2015-09-09,0.9969593310528317,26.23,3606.8,137.03,0.028,5.133865544056732e-05,-0.0139096861135311,0.09598905968128345,0.06880128999999999,-0.02718776968128346,1.1111111111111112e-06
2015-09-10,0.9500974658869397,24.37,3626.14,131.42,0.018,-0.0001021137547228134,0.005347768982306413,0.09648298126505475,0.05938969,-0.03709329126505475,7.142857142857142e-07
2015-09-11,0.940032414910859,23.2,3643.54,118.18,0.028,-5.0824629615465456e-05,0.004787014896798655,0.09702005656010432,0.05382399999999999,-0.04319605656010433,1.1111111111111112e-06
2015-09-14,1.0232067510548524,24.25,3628.87,142.93,0.025,-0.0002040608101213756,-0.004034431474073593,0.09699586682291947,0.05880625,-0.03818961682291947,9.92063492063492e-07
2015-09-15,0.9749134948096885,22.54,3675.48,136.0,0.058,5.038164093014246e-05,0.012762431332015454,0.09947292657713101,0.050805159999999995,-0.04866776657713102,2.3015873015873014e-06
2015-09-16,0.9561128526645769,21.35,3707.62,142.16,0.053,9.990509016425302e-05,0.008706424949499848,0.10026998540744182,0.04558225000000001,-0.05468773540744181,2.103174603174603e-06
2015-09-17,1.0,21.14,3698.74,137.49,-0.003,5.005881911255389e-05,-0.0023979402176201405,0.10026996262479294,0.04468996,-0.05558000262479294,-1.1904761904761906e-07
2015-09-18,0.960344827586207,22.28,3638.99,119.47,-0.013,-0.00020466639377824633,-0.016286050493988465,0.10223386833216626,0.04963984,-0.05259402833216626,-5.158730158730158e-07
2015-09-21,0.9328392774432608,20.14,3655.64,135.45,-0.013,0.0,0.004565009853697716,0.09817997808015999,0.04056196,-0.05761801808015999,-5.158730158730158e-07
2015-09-22,0.9639175257731959,22.44,3610.7,135.94,-0.003,5.1576965727059365e-05,-0.012369521107589305,0.08757472511709856,0.05035536000000001,-0.03721936511709855,-1.1904761904761906e-07
2015-09-23,0.9672202797202797,22.13,3603.49,136.71,0.008,-0.00010331112144212929,-0.0019988390659363736,0.06698593240679679,0.04897369,-0.01801224240679679,3.174603174603175e-07
2015-09-24,1.0004262574595055,23.47,3591.37,134.03,0.003,-5.183361409884321e-05,-0.003369074996364244,0.0644209291317132,0.055084089999999995,-0.009336839131713202,1.1904761904761906e-07
2015-09-25,0.968032786885246,23.62,3589.71,135.16,-0.018,0.0,-0.0004623260093378431,0.04663591822155688,0.05579044000000001,0.009154521778443128,-7.142857142857142e-07
2015-09-28,1.0473843821076574,27.63,3498.61,134.18,-0.003,5.32127178396665e-05,-0.02570567253690741,0.04596503747082303,0.07634168999999999,0.030376652529176963,-1.1904761904761906e-07
2015-09-29,1.031923076923077,26.83,3503.13,136.71,-0.008,5.317593257286913e-05,0.0012911078183102177,0.04601460475694888,0.07198489,0.025970285243051117,-3.174603174603175e-07
2015-09-30,0.98989898989899,24.5,3570.17,113.9,-0.015,5.2171644711200346e-05,0.018956359130990644,0.050937988008826714,0.060024999999999995,0.009087011991173281,-5.952380952380952e-07
2015-10-01,0.9462861938732691,22.55,3577.47,124.81,-0.023,0.0,0.002042632963657587,0.040017590082798794,0.05085025,0.010832659917201205,-9.126984126984127e-07
2015-10-02,0.9265486725663716,20.94,3629.04,115.75,-0.003,5.1288626746972207e-05,0.014312303821312771,0.038404278991704635,0.04384836,0.005444081008295368,-1.1904761904761906e-07
2015-10-05,0.916080637599625,19.54,3695.61,132.83,-0.008,5.037910274813423e-05,0.018177478240959964,0.04231571311052376,0.03818116,-0.004134553110523763,-3.174603174603175e-07
2015-10-06,0.8985641500694765,19.4,3682.33,129.32,-0.003,0.0,-0.003599924732865111,0.03913824793217421,0.03763599999999999,-0.001502247932174218,-1.1904761904761906e-07
2015-10-07,0.888459681313375,18.4,3713.36,132.39,-0.003,0.0,0.008391423135307345,0.03268355190656725,0.033856,0.0011724480934327472,-1.1904761904761906e-07
2015-10-08,0.8670980587356895,17.42,3746.12,136.69,0.003,0.0,0.00878351054480635,0.030494713294759626,0.030345640000000007,-0.00014907329475961906,1.1904761904761906e-07
2015-10-09,0.8604534005037782,17.08,3748.96,134.66,0.003,-0.00014896839387243906,0.0007578305063906109,0.030337714932965144,0.029172639999999993,-0.0011650749329651516,1.1904761904761906e-07
2015-10-12,0.839563862928349,16.17,3753.73,137.25,0.003,-9.922111425316383e-05,0.0012715441108955038,0.03020245568248194,0.026146890000000002,-0.004055565682481936,1.1904761904761906e-07
2015-10-13,0.8619512195121952,17.67,3728.48,133.81,0.003,4.994630771915643e-05,-0.006749368395990032,0.030663995087182924,0.03122289000000001,0.0005588949128170866,1.1904761904761906e-07
2015-10-14,0.8664103796251803,18.03,3711.11,135.82,-0.003,0.0,-0.0046696206546981275,0.02927059122123243,0.03250809,0.003237498778767573,-1.1904761904761906e-07
2015-10-15,0.8260422027792075,16.05,3766.43,144.72,-0.003,-4.9422986631037167e-05,0.014796579972581117,0.030981358549135585,0.025760250000000002,-0.005221108549135583,-1.1904761904761906e-07
2015-10-16,0.8061060524906266,15.05,3783.64,135.04,0.003,4.922592237081557e-05,0.00455890602528744,0.031010362553622065,0.022650249999999997,-0.008360112553622068,1.1904761904761906e-07
2015-10-19,0.8387458006718925,14.98,3784.72,139.92,-0.003,0.0,0.0002853986880461732,0.027053361853505358,0.022440040000000005,-0.004613321853505353,-1.1904761904761906e-07
2015-10-20,0.846774193548387,15.75,3779.44,140.7,0.013,-4.9242890557770906e-05,-0.0013960574227804103,0.02707490183497545,0.024806250000000002,-0.0022686518349754464,5.158730158730158e-07
2015-10-21,0.8581706063720451,16.7,3757.91,133.07,0.003,0.0,-0.00571289871282766,0.025265644733883152,0.027888999999999994,0.002623355266116841,1.1904761904761906e-07
2015-10-22,0.842074592074592,14.45,3820.49,121.02,0.003,0.0,0.016515734848111283,0.027558685666174157,0.020880249999999996,-0.006678435666174161,1.1904761904761906e-07
2015-10-23,0.8272311212814646,14.46,3862.65,135.62,0.003,4.81916098406829e-05,0.010974789777652188,0.02780331522749749,0.020909160000000003,-0.006894155227497489,1.1904761904761906e-07
2015-10-26,0.8499166203446359,15.29,3855.29,132.29,0.018,4.8315013890522556e-05,-0.0019072452574266428,0.027971465282955247,0.023378409999999995,-0.004593055282955252,7.142857142857142e-07
2015-10-27,0.850606394707828,15.43,3845.45,132.17,0.018,4.84085683166856e-05,-0.0025555999437701094,0.017423554855231012,0.023808489999999998,0.006384935144768986,7.142857142857142e-07
2015-10-28,0.8193253287592911,14.33,3891.34,134.43,0.041,4.7854903931236834e-05,0.011862940100796074,0.01790952129675734,0.020534890000000004,0.002625368703242665,1.626984126984127e-06
2015-10-29,0.8203256597417181,14.61,3890.04,134.64,0.064,4.787552363849626e-05,-0.0003341309670251328,0.015592766059502102,0.021345210000000003,0.005752443940497901,2.53968253968254e-06
2015-10-30,0.8190217391304349,15.07,3871.33,125.77,0.074,0.0,-0.004821323102251054,0.01651157929625686,0.02271049,0.006198910703743139,2.9365079365079366e-06
2015-11-02,0.8122847301951779,14.15,3917.3,138.78,0.056,4.7536424785448644e-05,0.011804523725751944,0.015920129465940774,0.020022250000000005,0.004102120534059232,2.2222222222222225e-06
2015-11-03,0.8322839152833429,14.54,3928.05,137.4,0.053,4.740347467478528e-05,0.002740478558103065,0.013124379731741648,0.02114116,0.00801678026825835,2.103174603174603e-06
2015-11-04,0.8470780993992354,15.51,3915.52,134.44,0.041,0.0,-0.0031949764351489793,0.013059970391657745,0.024056009999999996,0.01099603960834225,1.626984126984127e-06
2015-11-05,0.845030881527232,15.05,3911.89,135.21,0.041,4.759298479399807e-05,-0.0009275099324637429,0.012818109232501988,0.022650249999999997,0.00983214076749801,1.626984126984127e-06
2015-11-06,0.8212034383954155,14.33,3910.98,137.75,0.079,4.76156465015324e-05,-0.00023265118916823943,0.012361437776416713,0.020534890000000004,0.00817345222358329,3.134920634920635e-06
2015-11-09,0.876392572944297,16.52,3873.37,134.34,0.079,4.806421378957922e-05,-0.00966305283063379,0.014004124180339287,0.027291039999999996,0.013286915819660709,3.134920634920635e-06
2015-11-10,0.8485016648168702,15.29,3880.23,132.24,0.13,0.0,0.0017695010807793035,0.01400354786589514,0.023378409999999995,0.009374862134104855,5.158730158730158e-06
2015-11-11,0.870460704607046,16.06,3867.71,132.44,0.13,4.8145205941211466e-05,-0.003231829595305358,0.013413843321772952,0.025792359999999997,0.012378516678227045,5.158730158730158e-06
2015-11-12,0.910758552305404,18.37,3814.29,136.93,0.13,-4.8812632709300784e-05,-0.013908060687735257,0.01593159602119953,0.03374569,0.01781409397880047,5.158730158730158e-06
2015-11-13,0.9304911955514366,20.08,3771.59,139.5,0.119,4.937174455068911e-05,-0.011257876734528185,0.015219993709005066,0.04032063999999999,0.025100646290994927,4.7222222222222214e-06
2015-11-16,0.9089089089089089,18.16,3828.46,131.77,0.104,4.863694949062195e-05,0.014965970349105552,0.017698189760523446,0.032978560000000004,0.015280370239476558,4.126984126984127e-06
2015-11-17,0.9221732745961821,18.84,3824.14,136.97,0.119,-4.8689047398743365e-05,-0.0011290281626882227,0.017732012135732795,0.03549456,0.017762547864267206,4.7222222222222214e-06
2015-11-18,0.876690946930281,16.85,3886.26,136.86,0.114,4.79122248041152e-05,0.01611365016451606,0.02057737125929902,0.028392250000000004,0.007814878740700984,4.5238095238095235e-06
2015-11-19,0.8650712830957229,16.99,3882.06,139.17,0.094,4.795358093361261e-05,-0.0010813149842527415,0.020013097406171246,0.028866009999999998,0.008852912593828751,3.73015873015873e-06
2015-11-20,0.8167898627243928,15.47,3897.45,126.86,0.099,0.0,0.003956552553218654,0.01716865933643725,0.02393209,0.006763430663562751,3.928571428571429e-06
2015-11-23,0.8384326355340848,15.62,3892.8,139.51,0.109,4.783430197790488e-05,-0.001193800084014888,0.015871377455126335,0.02439844,0.008527062544873665,4.3253968253968256e-06
2015-11-24,0.8514163548904329,15.93,3897.67,138.17,0.16,4.775891300709652e-05,0.0012502456551051928,0.015809797069351043,0.025376489999999998,0.009566692930648955,6.349206349206349e-06
2015-11-25,0.8350742166025288,15.19,3897.57,139.45,0.175,0.0,-2.5656682797562546e-05,0.015690482292524635,0.02307361,0.007383127707475366,6.944444444444444e-06
2015-11-27,0.8714697406340056,15.12,3900.74,137.66,0.17,9.545628102334018e-05,0.0008129967068773168,0.014030873737447418,0.02286144,0.008830566262552582,6.746031746031747e-06
2015-11-30,0.8723634396971336,16.13,3882.84,127.25,0.17,4.792140888951396e-05,-0.004599434079405408,0.014297450859530625,0.02601769,0.011720239140469374,6.746031746031747e-06
2015-12-01,0.8344709897610922,14.67,3924.63,135.57,0.201,4.745296225126024e-05,0.010705234628086053,0.01533842062261671,0.02152089,0.006182469377383291,7.976190476190477e-06
2015-12-02,0.8679759956355702,15.91,3882.38,132.66,0.209,0.0,-0.010823711632095667,0.015122854567595191,0.025312809999999998,0.010189955432404807,8.293650793650793e-06
2015-12-03,0.9005469915464943,18.11,3826.74,135.26,0.206,0.0,-0.014435101840136681,0.017292160894845983,0.03279720999999999,0.01550504910515401,8.174603174603173e-06
2015-12-04,0.8150798018712162,14.81,3905.31,136.31,0.216,0.0,0.02032389974136963,0.022773680257300345,0.021933610000000003,-0.0008400702573003425,8.571428571428571e-06
2015-12-07,0.8493297587131368,15.84,3878.31,136.77,0.231,4.8008833625479856e-05,-0.006937673806115527,0.02332879127572992,0.025090559999999994,0.0017617687242700748,9.166666666666666e-06
2015-12-08,0.8773678963110669,17.6,3853.48,131.25,0.272,4.831968302297276e-05,-0.0064228556025001035,0.02376086688273622,0.030976000000000007,0.0072151331172637875,1.0793650793650794e-05
2015-12-09,0.9315914489311163,19.61,3823.9,134.26,0.252,4.869616030785384e-05,-0.007705791915902199,0.023365014414488173,0.03845521,0.015090195585511824,1e-05
2015-12-10,0.9315992292870905,19.34,3832.93,134.94,0.231,0.0,0.0023586795544460106,0.023404540318977686,0.037403559999999995,0.01399901968102231,9.166666666666666e-06
2015-12-11,1.0004101722723544,24.39,3759.09,146.53,0.221,0.0,-0.019452616940720247,0.027644226976115075,0.059487210000000006,0.03184298302388493,8.76984126984127e-06
2015-12-14,0.9755364806866953,22.73,3777.22,140.92,0.206,4.926229710086901e-05,0.004811382486886515,0.025928272177814175,0.05166529,0.025737017822185827,8.174603174603173e-06
2015-12-15,0.9583714547118024,20.95,3817.36,143.35,0.247,0.0,0.010570794902498055,0.025709222913578533,0.04389025,0.018181027086421466,9.801587301587301e-06
2015-12-16,0.9126213592233009,17.86,3873.12,135.5,0.252,4.80827022478226e-05,0.014501299563452504,0.02554329292658043,0.031897959999999996,0.006354667073419567,1e-05
2015-12-17,0.9297987236131566,18.94,3815.46,131.2,0.221,0.0,-0.014999149647495805,0.028439516708081113,0.035872360000000006,0.007432843291918893,8.76984126984127e-06
2015-12-18,0.9736594543744119,20.7,3747.56,140.84,0.175,5.001125253191632e-05,-0.01795627259844448,0.028441160360363985,0.042849,0.014407839639636013,6.944444444444444e-06
2015-12-21,0.8858360966366651,18.7,3777.15,125.18,0.16,9.91768322918864e-05,0.007864795460285637,0.029547927882231956,0.034969,0.005421072117768044,6.349206349206349e-06
2015-12-22,0.8366935483870969,16.6,3810.85,133.63,0.191,4.913884179745414e-05,0.008882504368496103,0.03049219327217947,0.027556000000000004,-0.0029361932721794666,7.5793650793650795e-06
2015-12-23,0.8054837040869116,15.57,3858.47,134.69,0.196,4.8537798810779784e-05,0.012418470474169632,0.03267325692892442,0.024242490000000002,-0.00843076692892442,7.777777777777777e-06
2015-12-24,0.7993905535804977,15.74,3852.31,128.78,0.201,4.8646413543117286e-05,-0.0015977634715196136,0.032650587817412126,0.024774760000000003,-0.007875827817412123,7.976190476190477e-06
2015-12-28,0.8592479674796748,16.91,3843.94,136.29,0.196,4.873413094856554e-05,-0.002175086126326979,0.032677224702033936,0.028594810000000002,-0.004082414702033934,7.777777777777777e-06
2015-12-29,0.8418848167539266,16.08,3885.55,139.26,0.196,9.641806874613233e-05,0.010766661695740566,0.03423555035253004,0.02585663999999999,-0.008378910352530054,7.777777777777777e-06
2015-12-30,0.8825931597753955,17.29,3857.9,143.0,0.147,4.855901133848498e-05,-0.007141549959359141,0.03459584201513095,0.02989441,-0.004701432015130947,5.833333333333333e-06
2015-12-31,0.9196969696969697,18.21,3821.6,124.43,0.165,0.0,-0.00945381088810003,0.03387826088833236,0.03316041,-0.0007178508883323581,6.547619047619047e-06
2016-01-04,0.9404815992730576,20.7,3763.99,140.0,0.165,4.975248140496482e-05,-0.015189618122151262,0.03515845353767887,0.042849,0.007690546462321125,6.547619047619047e-06
2016-01-05,0.942495126705653,19.34,3771.57,135.07,0.201,4.964380569409936e-05,0.0020117954223861645,0.03303286910064569,0.037403559999999995,0.004370690899354303,7.976190476190477e-06
2016-01-06,0.9680300893276916,20.59,3723.44,128.31,0.201,5.030307603319664e-05,-0.01284338822647401,0.028668680721241336,0.04239481,0.013726129278758662,7.976190476190477e-06
2016-01-07,1.0150284321689682,24.99,3635.29,135.94,0.201,5.15424065150598e-05,-0.023959084446672423,0.03414717961882785,0.06245000999999999,0.028302830381172144,7.976190476190477e-06
2016-01-08,1.0297369424323295,27.01,3595.91,138.83,0.196,-0.00010421551769048934,-0.010891799233206694,0.03476313662174694,0.07295401,0.03819087337825306,7.777777777777777e-06
2016-01-11,0.9826122118883946,24.3,3598.97,142.52,0.191,5.206570692208838e-05,0.0008506049258638585,0.03469046083728884,0.059049,0.024358539162711156,7.5793650793650795e-06
2016-01-12,0.9973368841544606,22.47,3627.06,138.67,0.211,-5.1651558585880144e-05,0.007774709347765339,0.03575838743531441,0.050490089999999994,0.014731702564685582,8.373015873015873e-06
2016-01-13,1.013258336681398,25.22,3536.92,145.88,0.221,0.0,-0.02516611083145912,0.038572393609081525,0.06360484,0.02503244639091847,8.76984126984127e-06
2016-01-14,1.0178495537611558,23.95,3596.03,138.79,0.247,5.211454777596428e-05,0.016574167247800052,0.04251886663600867,0.057360249999999995,0.014841383363991323,9.801587301587301e-06
2016-01-15,1.0052083333333333,27.02,3518.51,145.03,0.231,0.00010650761529439669,-0.021792854636817162,0.044557464790102294,0.07300804,0.028450575209897702,9.166666666666666e-06
2016-01-19,0.985249621785174,26.05,3520.4,137.9,0.242,0.00010636600542456953,0.0005370149768701126,0.040428405843364226,0.06786025000000001,0.027431844156635785,9.603174603174603e-06
2016-01-20,0.992089176555196,27.59,3479.75,134.82,0.262,0.0,-0.011614167392146768,0.03967431348688506,0.07612080999999998,0.03644649651311492,1.0396825396825397e-05
2016-01-21,0.9992512167727443,26.69,3497.94,132.99,0.282,-5.3569037096661715e-05,0.005213771665266857,0.03819289963712381,0.07123561000000002,0.03304271036287621,1.1190476190476188e-05
2016-01-22,0.9200988467874793,22.34,3568.9,133.64,0.298,0.0,0.02008320127188649,0.0434166420125953,0.04990756,0.0064909179874046985,1.1825396825396825e-05
2016-01-25,0.9564356435643564,24.15,3513.11,132.27,0.287,5.3286441264971656e-05,-0.015755740000338924,0.04350940559431497,0.05832225,0.014812844405685026,1.1388888888888888e-05
2016-01-26,0.9660798626019751,22.5,3562.81,129.53,0.313,5.258314710145564e-05,0.014047874290634317,0.04421024312355613,0.050625,0.006414756876443876,1.242063492063492e-05
2016-01-27,0.9444217409072334,23.11,3524.33,129.06,0.318,5.3156146179353646e-05,-0.010859212076342469,0.04472643566429901,0.05340721,0.00868077433570099,1.261904761904762e-05
2016-01-28,0.9333888426311409,22.42,3544.13,129.23,0.328,5.2872286990725704e-05,0.005602366509173191,0.04585647158440273,0.05026564000000001,0.004409168415597277,1.3015873015873016e-05
2016-01-29,0.8914386584289496,20.2,3631.96,120.86,0.313,5.1627558790835617e-05,0.024479733676889423,0.05316996745884476,0.04080399999999999,-0.012365967458844766,1.242063492063492e-05
2016-02-01,0.9077691958200818,19.98,3630.46,126.38,0.303,0.0,-0.0004130854512214553,0.053047274116421794,0.039920040000000004,-0.01312723411642179,1.2023809523809523e-05
2016-02-02,0.9389149935924819,21.98,3562.52,119.83,0.338,5.25942093774997e-05,-0.018891202397222424,0.0556762329251002,0.04831204,-0.007364192925100196,1.3412698412698413e-05
2016-02-03,0.9331896551724138,21.65,3581.53,122.04,0.333,5.2302622976494706e-05,0.005321923801801662,0.05460145591290477,0.04687225,-0.0077292059129047755,1.3214285714285714e-05
2016-02-04,0.923076923076923,21.84,3587.71,122.69,0.293,0.0,0.0017240325420066832,0.05457070227145818,0.04769856000000001,-0.006872142271458173,1.1626984126984127e-05
2016-02-05,0.9550653594771241,23.38,3521.6,119.01,0.292,0.0,-0.018598684167846175,0.056485743852814685,0.05466243999999999,-0.0018233038528146922,1.1587301587301586e-05
2016-02-08,1.0007698229407236,26.0,3472.08,120.25,0.267,-0.00010788068396359152,-0.014161593782752774,0.05237746014956286,0.06760000000000001,0.015222539850437145,1.0595238095238096e-05
2016-02-09,0.9902985074626866,26.54,3470.5,120.74,0.308,0.0,-0.0004551622098060242,0.051395251157230114,0.07043715999999998,0.01904190884276987,1.222222222222222e-05
2016-02-10,0.9839071856287426,26.29,3471.04,120.36,0.308,5.397090967963357e-05,0.00015558507221421176,0.05135654334624319,0.06911640999999999,0.017759866653756798,1.222222222222222e-05
2016-02-11,1.0151515151515151,28.14,3428.99,122.38,0.282,-0.00038252411268063704,-0.012188503695313685,0.05136061108848068,0.07918595999999999,0.027825348911519304,1.1190476190476188e-05
2016-02-12,0.9683568433091879,25.4,3496.28,117.75,0.282,5.357764740560598e-05,0.019433788944912243,0.04995128900189114,0.064516,0.014564710998108861,1.1190476190476188e-05
2016-02-16,0.964014394242303,24.11,3555.2,125.77,0.282,5.269397971276989e-05,0.016711774343859523,0.05001089879894206,0.058129209999999994,0.00811831120105793,1.1190476190476188e-05
2016-02-17,0.9473460721868364,22.31,3614.16,124.99,0.303,5.18470511989159e-05,0.01644814300136273,0.04708221204329321,0.049773609999999996,0.0026913979567067883,1.2023809523809523e-05
2016-02-18,0.9327586206896552,21.64,3597.49,125.33,0.293,0.0,-0.004623083397144888,0.04749798508004678,0.04682896,-0.0006690250800467784,1.1626984126984127e-05
2016-02-19,0.900438596491228,20.53,3597.92,123.61,0.292,0.0,0.00011952063899404422,0.04541095066278882,0.042148090000000006,-0.0032628606627888163,1.1587301587301586e-05
2016-02-22,0.8963922294172062,19.38,3649.92,117.46,0.303,0.00010267994660633437,0.014349348839596512,0.04724664836726452,0.03755844,-0.009688208367264521,1.2023809523809523e-05
2016-02-23,0.9349376114081996,20.98,3604.68,119.67,0.323,5.1987211146158536e-05,-0.012472248352297958,0.045150271257848484,0.044016040000000006,-0.0011342312578484781,1.2817460317460318e-05
2016-02-24,0.927484333034915,20.72,3620.87,119.46,0.333,5.175849486306942e-05,0.004481327260721462,0.041787467020238896,0.04293184,0.0011443729797611032,1.3214285714285714e-05
2016-02-25,0.8997175141242938,19.11,3662.84,122.02,0.323,-5.114173933050812e-05,0.011524474344590818,0.0410620640752174,0.036519209999999996,-0.004542854075217401,1.2817460317460318e-05
2016-02-26,0.9062214089661482,19.81,3656.42,118.65,0.313,5.124657288539168e-05,-0.00175427615536387,0.03926274658927869,0.03924361,-1.9136589278691274e-05,1.242063492063492e-05
2016-02-29,0.9178204555605181,20.55,3627.06,117.68,0.318,0.0001550587931257327,-0.008062123882506727,0.04017754683372039,0.042230250000000004,0.002052703166279611,1.261904761904762e-05
2016-03-01,0.8727810650887573,17.7,3713.7,119.81,0.328,-5.0462998006665684e-05,0.023606281462611466,0.039672121757487,0.031328999999999996,-0.008343121757487006,1.3015873015873016e-05
2016-03-02,0.8579317269076304,17.09,3729.59,122.35,0.298,-5.024999371870509e-05,0.0042696238193426364,0.039761445718773464,0.02920681,-0.010554635718773464,1.1825396825396825e-05
2016-03-03,0.8568496664956389,16.7,3743.02,125.27,0.277,0.0,0.003594464172444005,0.034397331731168504,0.027888999999999994,-0.00650833173116851,1.0992063492063494e-05
2016-03-04,0.858889454915945,16.86,3755.47,121.65,0.267,4.9903934925223475e-05,0.003320671612648715,0.03429569229826025,0.02842596,-0.005869732298260252,1.0595238095238096e-05
2016-03-07,0.8718592964824122,17.35,3759.05,124.01,0.277,-9.9690958030016e-05,0.0009528220753550521,0.03431321183864387,0.030102250000000004,-0.004210961838643869,1.0992063492063494e-05
2016-03-08,0.8873574144486693,18.67,3717.49,123.53,0.303,5.04121190733794e-05,-0.01111755653479763,0.031059700183194552,0.03485689,0.003797189816805449,1.2023809523809523e-05
2016-03-09,0.883855421686747,18.34,3736.92,123.47,0.303,0.0,0.005213033359312247,0.027391374721234332,0.03363556,0.00624418527876567,1.2023809523809523e-05
2016-03-10,0.8715596330275229,18.05,3737.74,130.04,0.313,5.0119032702623255e-05,0.000219407973951907,0.027329594392315144,0.03258025,0.005250655607684854,1.242063492063492e-05
2016-03-11,0.8474576271186441,16.5,3800.07,128.99,0.318,0.0,0.0165383369133123,0.029156185967208897,0.027225000000000003,-0.0019311859672088948,1.261904761904762e-05
2016-03-14,0.8712667353244078,16.92,3795.53,133.3,0.318,4.938393540576757e-05,-0.001195429074900592,0.02603512379580299,0.028628640000000007,0.0025935162041970175,1.261904761904762e-05
2016-03-15,0.8711846870150026,16.84,3788.62,132.45,0.333,4.94645462864042e-05,-0.0018222218474187035,0.023637671299077966,0.028358559999999998,0.004720888700922032,1.3214285714285714e-05
2016-03-16,0.8111471861471862,14.99,3810.09,125.42,0.298,4.9165417045745114e-05,0.005650974213870749,0.02151350698144391,0.022470010000000002,0.0009565030185560916,1.1825396825396825e-05
2016-03-17,0.7960308710033076,14.44,3835.26,126.65,0.282,9.772782799907273e-05,0.006584418224445225,0.019412151702445344,0.02085136,0.0014392082975546554,1.1190476190476188e-05
2016-03-18,0.7819297267150028,14.02,3852.15,126.75,0.29,4.89153031525468e-05,0.004394204856371577,0.018694848411744066,0.019656039999999996,0.0009611915882559302,1.1507936507936508e-05
2016-03-21,0.7839681637293917,13.79,3855.97,129.35,0.303,-4.886033273882152e-05,0.0009911626473721959,0.018635051642726004,0.019016409999999997,0.0003813583572739934,1.2023809523809523e-05
2016-03-22,0.7983098591549296,14.17,3853.18,130.99,0.298,4.8877049781230746e-05,-0.0007238152382061599,0.017163826619338896,0.02007889,0.0029150633806611023,1.1825396825396825e-05
2016-03-23,0.8163934426229508,14.94,3828.58,129.67,0.303,0.0,-0.0064048041318786435,0.015304011980062798,0.02232036,0.007016348019937203,1.2023809523809523e-05
2016-03-24,0.8067870826491517,14.74,3827.14,119.02,0.282,0.0,-0.0003761893112553966,0.015389863354797003,0.02172676,0.0063368966452029985,1.1190476190476188e-05
2016-03-28,0.8327868852459016,15.24,3829.26,127.74,0.267,4.920170237885756e-05,0.0005537850828535581,0.014377440636286567,0.02322576,0.008848319363713435,1.0595238095238096e-05
2016-03-29,0.8016241299303946,13.82,3863.8,132.61,0.226,9.746113737152299e-05,0.008979582139756694,0.014713187309928658,0.019099239999999996,0.004386052690071338,8.968253968253968e-06
2016-03-30,0.801418439716312,13.56,3881.01,128.67,0.196,-4.853073208604938e-05,0.00444427386263432,0.013221315341999051,0.01838736,0.005166044658000947,7.777777777777777e-06
2016-03-31,0.816744730679157,13.95,3873.11,122.03,0.201,4.8651146950883386e-05,-0.0020376271539130283,0.007940112433597882,0.019460249999999995,0.011520137566402112,7.976190476190477e-06
2016-04-01,0.793939393939394,13.1,3897.66,124.03,0.226,4.833836858001646e-05,0.006318571178530383,0.008107607625521266,0.017161000000000003,0.009053392374478737,8.968253968253968e-06
2016-04-04,0.8195008705745792,14.12,3886.0,125.23,0.196,0.0,-0.0029960221083199603,0.008380447274141925,0.019937439999999997,0.011556992725858072,7.777777777777777e-06
2016-04-05,0.8389553862894451,15.42,3846.59,120.27,0.216,4.897279561199297e-05,-0.010193309417932955,0.010049044759056705,0.023777640000000003,0.013728595240943298,8.571428571428571e-06
2016-04-06,0.8153935185185185,14.09,3888.41,125.06,0.231,4.844609161151518e-05,0.010813292176031783,0.011168882968582433,0.01985281,0.008683927031417566,9.166666666666666e-06
2016-04-07,0.8568398727465536,16.16,3841.98,125.13,0.231,4.902801951310717e-05,-0.01201247500260347,0.011465550523728097,0.02611456,0.014649009476271901,9.166666666666666e-06
2016-04-08,0.8384279475982532,15.36,3852.72,113.84,0.226,4.889855993736537e-05,0.002791533646387791,0.011313520381522597,0.023592959999999996,0.0122794396184774,8.968253968253968e-06
2016-04-11,0.860772895712017,16.26,3842.17,119.13,0.216,4.902561588425496e-05,-0.0027420812020604443,0.01151084431269519,0.026438760000000006,0.014927915687304815,8.571428571428571e-06
2016-04-12,0.8263772954924875,14.85,3879.42,126.17,0.226,0.0,0.009648346770101707,0.009436827637856372,0.02205225,0.012615422362143627,8.968253968253968e-06
2016-04-13,0.8018539976825028,13.84,3918.95,127.13,0.226,4.807345624122937e-05,0.010138102854209425,0.010355729621990903,0.019154559999999998,0.008798830378009095,8.968253968253968e-06
2016-04-14,0.7958236658932716,13.72,3920.03,126.23,0.221,4.807345624122937e-05,0.0002755460549290224,0.010231654163904126,0.018823840000000005,0.008592185836095879,8.76984126984127e-06
2016-04-15,0.7937062937062936,13.62,3916.17,123.1,0.221,0.0,-0.000985171463770205,0.01008662891206207,0.018550439999999998,0.008463811087937928,8.76984126984127e-06
2016-04-18,0.8086008479709266,13.35,3941.86,120.55,0.206,4.779086716524125e-05,0.006538557762294208,0.010080555912621586,0.01782225,0.007741694087378416,8.174603174603173e-06
2016-04-19,0.803885853066181,13.24,3954.01,126.19,0.211,-4.764513900464972e-05,0.003077560696863241,0.009998877002576605,0.01752976,0.007530882997423393,8.373015873015873e-06
2016-04-20,0.7999999999999999,13.28,3957.25,126.2,0.226,4.7604312950710045e-05,0.0008190857540122062,0.010000323516702686,0.01763584,0.007635516483297314,8.968253968253968e-06
2016-04-21,0.8138856476079346,13.95,3936.8,127.06,0.231,9.570751782543815e-05,-0.005181129014079258,0.010458713669209635,0.019460249999999995,0.00900153633079036,9.166666666666666e-06
2016-04-22,0.7944711538461539,13.22,3937.0,123.25,0.231,4.78571941328005e-05,5.080139196899212e-05,0.009750552381580417,0.017476840000000004,0.0077262876184195865,9.166666666666666e-06
2016-04-25,0.8176538908246226,14.08,3929.88,126.78,0.252,0.0,-0.0018101208977583645,0.009836871035629541,0.01982464,0.00998776896437046,1e-05
2016-04-26,0.8250591016548463,13.96,3937.23,127.4,0.247,-4.7854903931236834e-05,0.0018685393082100883,0.009834166732204618,0.01948816,0.009653993267795383,9.801587301587301e-06
2016-04-27,0.8211091234347049,13.77,3944.02,126.09,0.237,4.776803840545944e-05,0.0017230773493942717,0.009066135481343962,0.01896129,0.009895154518656036,9.404761904761904e-06
2016-04-28,0.8560179977502812,15.22,3907.88,125.44,0.211,-9.639947944272334e-05,-0.009205480255959176,0.010109803477157077,0.02316484,0.013055036522842923,8.373015873015873e-06
2016-04-29,0.8509485094850948,15.7,3888.13,126.49,0.211,-0.00029075402209717896,-0.005066705212280459,0.010400524269324616,0.024649,0.014248475730675385,8.373015873015873e-06
2016-05-02,0.8256467941507311,14.68,3918.53,127.67,0.191,9.616309260510736e-05,0.0077882612190815345,0.01065363377334025,0.021550239999999995,0.010896606226659744,7.5793650793650795e-06
2016-05-03,0.840064620355412,15.6,3884.63,125.94,0.201,4.8500133375322674e-05,-0.008688842283350819,0.011508819761545191,0.024336,0.012827180238454809,7.976190476190477e-06
2016-05-04,0.8487572712850344,16.05,3862.4,124.31,0.191,0.0,-0.005738989267862026,0.01060460870056935,0.025760250000000002,0.015155641299430651,7.5793650793650795e-06
2016-05-05,0.8409090909090908,15.91,3862.4,123.74,0.191,0.0,0.0,0.009114392094498786,0.025312809999999998,0.016198417905501212,7.5793650793650795e-06
2016-05-06,0.8056923918992885,14.72,3875.18,120.82,0.196,0.0,0.003303361418295347,0.007416318650206379,0.02166784,0.01425152134979362,7.777777777777777e-06
2016-05-09,0.807202216066482,14.57,3878.14,123.17,0.216,4.856844508132459e-05,0.0007635439124932597,0.0073439484868686325,0.02122849,0.013884541513131368,8.571428571428571e-06
2016-05-10,0.7933643771827708,13.63,3926.63,124.1,0.247,4.7978889288805694e-05,0.012425894399087888,0.008936946058964662,0.01857769,0.009640743941035338,9.801587301587301e-06
2016-05-11,0.8152053274139844,14.69,3891.13,122.19,0.257,-9.682885499883917e-05,-0.009081947772315893,0.009081511800965116,0.021579610000000003,0.012498098199034887,1.0198412698412699e-05
2016-05-12,0.811830985915493,14.41,3890.85,123.52,0.267,0.0,-7.196112046578909e-05,0.00776091467074238,0.02076481,0.013003895329257623,1.0595238095238096e-05
2016-05-13,0.8241095890410959,15.04,3858.17,121.46,0.267,-9.768009768000884e-05,-0.00843466496342349,0.008535630714830468,0.022620159999999993,0.014084529285169525,1.0595238095238096e-05
2016-05-16,0.8293785310734464,14.68,3896.36,124.13,0.267,4.8359407113624803e-05,0.009849806180762888,0.00988221263317442,0.021550239999999995,0.011668027366825574,1.0595238095238096e-05
2016-05-17,0.8448182311448725,15.57,3860.88,122.96,0.287,4.880786782824953e-05,-0.009147647207484514,0.010154794677368536,0.024242490000000002,0.014087695322631466,1.1388888888888888e-05
2016-05-18,0.860302049622438,15.95,3862.25,122.22,0.298,4.879119806796286e-05,0.0003547784419970148,0.009964771131635058,0.02544025,0.015475478868364943,1.1825396825396825e-05
2016-05-19,0.8700053276505061,16.33,3847.97,123.66,0.303,0.0,-0.003704178694749233,0.009989476324723714,0.02666688999999999,0.016677413675276278,1.2023809523809523e-05
2016-05-20,0.8421052631578947,15.2,3871.75,125.61,0.308,4.867008979627141e-05,0.006160864698873895,0.010433445025137555,0.023104,0.012670554974862445,1.222222222222222e-05
2016-05-23,0.8716253443526172,15.82,3863.82,124.74,0.323,0.0,-0.0020502697998680663,0.010441720573066308,0.025027240000000003,0.014585519426933695,1.2817460317460318e-05
2016-05-24,0.8442622950819673,14.42,3916.77,124.74,0.349,4.811046161997222e-05,0.013611003138478376,0.012939228028425445,0.02079364,0.007854411971574554,1.3849206349206347e-05
2016-05-25,0.828861061419201,13.9,3944.33,127.13,0.328,4.7795435535862853e-05,0.007011770086969925,0.013519465865913547,0.019321000000000005,0.005801534134086458,1.3015873015873016e-05
2016-05-26,0.8109903381642513,13.43,3944.05,129.28,0.29,0.0,-7.099049490960036e-05,0.013484067604938508,0.018036490000000002,0.004552422395061494,1.1507936507936508e-05
2016-05-27,0.8044144696505212,13.12,3961.67,129.61,0.313,-9.513842641034064e-05,0.004457539395594836,0.01255455879236222,0.017213439999999997,0.004658881207637777,1.242063492063492e-05
2016-05-31,0.8532772098616958,14.19,3957.95,127.7,0.287,4.76405993186961e-05,-0.0009394390825795259,0.012164290578003752,0.020135609999999998,0.007971319421996246,1.1388888888888888e-05
2016-06-01,0.8502994011976048,14.2,3963.1,132.46,0.292,4.755903264936783e-05,0.001300332841141734,0.011534626932885567,0.020163999999999998,0.008629373067114431,1.1587301587301586e-05
2016-06-02,0.8326206475259621,13.63,3974.76,134.15,0.276,4.741471278533418e-05,0.0029378216260441668,0.01045322144438699,0.01857769,0.008124468555613011,1.0952380952380953e-05
2016-06-03,0.8168587022437842,13.47,3963.23,125.04,0.282,0.0,-0.0029050195600157126,0.010061740138384677,0.018144090000000005,0.008082349861615329,1.1190476190476188e-05
2016-06-06,0.8302919708029196,13.65,3982.74,125.57,0.261,-4.731152272131576e-05,0.004910675274766668,0.010199255675414501,0.018632250000000003,0.008432994324585502,1.0357142857142857e-05
2016-06-07,0.8448586891160554,14.05,3987.96,128.54,0.266,-9.448223733942853e-05,0.0013097973192498949,0.010154391688996475,0.019740250000000004,0.00958585831100353,1.0555555555555555e-05
2016-06-08,0.8385944014294223,14.08,4001.98,129.23,0.236,4.709317384440842e-05,0.0035094166887853296,0.010203176318863019,0.01982464,0.009621463681136982,9.365079365079364e-06
2016-06-09,0.8452655889145497,14.64,3995.28,129.31,0.251,0.0,-0.0016755742760765316,0.00870567625263955,0.02143296,0.01272728374736045,9.96031746031746e-06
2016-06-10,0.899155227032735,17.03,3958.68,133.67,0.246,0.0,-0.009203028006576698,0.008736081507207429,0.02900209,0.020266008492792573,9.761904761904762e-06
2016-06-13,0.9588477366255143,20.97,3927.73,137.49,0.256,4.7974285782776775e-05,-0.007848985506322282,0.009636590563405127,0.04397409,0.03433749943659487,1.015873015873016e-05
2016-06-14,0.93436645396536,20.5,3920.93,138.02,0.267,4.805959389652446e-05,-0.001732780296619349,0.008675193474309735,0.04202499999999999,0.03334980652569026,1.0595238095238096e-05
2016-06-15,0.9234296194406236,20.14,3914.02,140.91,0.257,-9.626492106281398e-05,-0.0017638917393469787,0.007635910714405348,0.04056196,0.03292604928559465,1.0198412698412699e-05
2016-06-16,0.915406427221172,19.37,3926.93,142.5,0.257,0.0,0.0032929713021939,0.00655780769306887,0.03751969,0.03096188230693113,1.0198412698412699e-05
2016-06-17,0.9108399812294697,19.41,3914.15,137.94,0.257,-9.682416731207306e-05,-0.003259757920263782,0.006755845955865979,0.037674809999999996,0.030918964044134016,1.0198412698412699e-05
2016-06-20,0.9273094396769309,18.37,3936.91,137.81,0.252,4.810814711467012e-05,0.005797959449792562,0.006800148936013036,0.03374569,0.026945541063986965,1e-05
2016-06-21,0.9385474860335196,18.48,3947.94,135.92,0.271,-4.798579620441626e-05,0.0027977722327763455,0.006505958445175555,0.034151039999999994,0.02764508155482444,1.0753968253968255e-05
2016-06-22,1.0042694497153701,21.17,3941.45,136.48,0.266,4.806652406940482e-05,-0.0016452479758130923,0.006477529426984507,0.04481689000000001,0.038339360573015506,1.0555555555555555e-05
2016-06-23,0.9364820846905536,17.25,3994.18,145.7,0.287,0.0,0.01328962566796278,0.00637620877240819,0.029756249999999995,0.023380041227591804,1.1388888888888888e-05
2016-06-24,1.0764730463852905,25.76,3850.7,142.92,0.251,4.9206544470369814e-05,-0.03658335162492311,0.022503352791763315,0.06635776,0.04385440720823669,9.96031746031746e-06
2016-06-27,1.0071790540540542,23.85,3781.02,136.43,0.246,-0.00015032696114048623,-0.018261135453858417,0.025982067298113972,0.05688225000000001,0.030900182701886037,9.761904761904762e-06
2016-06-28,0.9254689042448173,18.75,3849.05,153.66,0.256,4.9221076464897526e-05,0.017832550103618,0.030308713143233825,0.03515625,0.004847536856766175,1.015873015873016e-05
2016-06-29,0.8884143085958356,16.64,3915.1,136.46,0.261,9.677263269952209e-05,0.017014507296370295,0.0343731389861144,0.02768896,-0.006684178986114404,1.0357142857142857e-05
2016-06-30,0.8640132669983417,15.63,3968.21,140.58,0.261,-0.00019094901661252645,0.01347423950861166,0.03670952689414069,0.024429689999999997,-0.012279836894140694,1.0357142857142857e-05
2016-07-01,0.8368271954674221,14.77,3976.68,128.53,0.256,-4.765649200558012e-05,0.0021321889186332837,0.036658917663323076,0.02181529,-0.014843627663323075,1.015873015873016e-05
2016-07-05,0.8541666666666667,15.58,3949.72,125.35,0.246,4.79765874252928e-05,-0.006802610003418863,0.03712879984825271,0.02427364,-0.012855159848252709,9.761904761904762e-06
2016-07-06,0.8432919954904172,14.96,3972.26,123.14,0.271,-0.00028610938915646497,0.0056905119235389915,0.037235797060800276,0.022380160000000003,-0.014855637060800272,1.0753968253968255e-05
2016-07-07,0.831081081081081,14.76,3969.19,124.72,0.287,9.545628102334018e-05,-0.0007731585926829008,0.03721252376036671,0.02178576,-0.01542676376036671,1.1388888888888888e-05
2016-07-08,0.8004851425106125,13.2,4029.75,127.2,0.276,0.0,0.015142295639503018,0.03993104825737046,0.017424000000000002,-0.02250704825737046,1.0952380952380953e-05
2016-07-11,0.8211036992116435,13.54,4043.49,125.03,0.284,-9.372510426922646e-05,0.0034038411507947394,0.039984028554394375,0.018333159999999998,-0.021650868554394378,1.1269841269841269e-05
2016-07-12,0.8379715522572665,13.55,4071.85,126.1,0.293,0.0,0.006989261188859728,0.03914199300732729,0.01836025,-0.02078174300732729,1.1626984126984127e-05
2016-07-13,0.8165309956167813,13.04,4072.77,127.29,0.303,4.653002349761955e-05,0.0002259160044085858,0.03805414402842801,0.017004159999999997,-0.02104998402842801,1.2023809523809523e-05
2016-07-14,0.8083228247162674,12.82,4094.28,128.28,0.313,-0.00013883425503853178,0.005267520031359584,0.03803190752070729,0.016435240000000004,-0.02159666752070729,1.242063492063492e-05
2016-07-15,0.7923702313946216,12.67,4090.49,129.76,0.303,0.0,-0.0009261103906119699,0.03795959768743953,0.01605289,-0.021906707687439526,1.2023809523809523e-05
2016-07-18,0.7888395688015218,12.44,4100.4,125.38,0.298,-4.6211788627368136e-05,0.0024197626473950514,0.03794249622180849,0.015475359999999999,-0.022467136221808487,1.1825396825396825e-05
2016-07-19,0.7604828462515884,11.97,4094.61,129.92,0.312,-4.6263098239647036e-05,-0.0014130552527499786,0.03773592893054201,0.01432809,-0.023407838930542012,1.2380952380952381e-05
2016-07-20,0.7623056994818653,11.77,4112.61,128.49,0.322,0.0,0.004386388779781671,0.03762994567632938,0.013853289999999999,-0.023776655676329382,1.2777777777777779e-05
2016-07-21,0.7913043478260869,12.74,4097.82,128.01,0.312,-4.624384378825362e-05,-0.003602738467414476,0.03800563211524545,0.016230760000000004,-0.021774872115245446,1.2380952380952381e-05
2016-07-22,0.760759493670886,12.02,4116.5,128.36,0.317,0.0,0.004548162769616978,0.03793222309564712,0.01444804,-0.02348418309564712,1.2579365079365079e-05
2016-07-25,0.7910264290104486,12.87,4104.13,129.65,0.307,4.6154201186121e-05,-0.0030095039763068407,0.03651153428560964,0.016563689999999996,-0.019947844285609643,1.2182539682539682e-05
2016-07-26,0.7996323529411765,13.05,4105.57,130.02,0.307,4.614142346287187e-05,0.0003508045396950223,0.01762794360744561,0.01703025,-0.000597693607445611,1.2182539682539682e-05
2016-07-27,0.7968944099378882,12.83,4100.81,125.68,0.282,0.0,-0.0011600731464594888,0.01195252117016775,0.01646089,0.0045083688298322485,1.1190476190476188e-05
2016-07-28,0.795,12.72,4107.75,128.51,0.241,0.0,0.0016909181765310402,0.00939807823842531,0.01617984,0.006781761761574691,9.563492063492062e-06
2016-07-29,0.7697795071335927,11.87,4114.51,128.25,0.256,4.605429801732059e-05,0.0016443171398445883,0.006842562494512401,0.014089689999999997,0.007247127505487596,1.015873015873016e-05
2016-08-01,0.7923566878980892,12.44,4109.28,128.01,0.256,4.610525830479876e-05,-0.0012719198094997706,0.005323969541628509,0.015475359999999999,0.01015139045837149,1.015873015873016e-05
2016-08-02,0.8157413056741915,13.37,4083.25,129.25,0.271,-4.6387568131830346e-05,-0.006354590729036476,0.00608802971472511,0.017875689999999996,0.011787660285274885,1.0753968253968255e-05
2016-08-03,0.7997512437810945,12.86,4097.3,129.99,0.266,0.0,0.003434980243324694,0.005265850718835731,0.016537959999999997,0.011272109281164266,1.0555555555555555e-05
2016-08-04,0.7905792488860598,12.42,4099.21,127.06,0.256,0.0,0.0004660520232565586,0.005074180196612383,0.015425640000000001,0.010351459803387617,1.015873015873016e-05
2016-08-05,0.7523117569352709,11.39,4134.56,130.6,0.261,0.0,0.008586641889987014,0.005589747259315821,0.01297321,0.007383462740684179,1.0357142857142857e-05
2016-08-08,0.758575197889182,11.5,4131.19,132.94,0.261,4.586419611526088e-05,-0.0008154130446061485,0.0033379437947478672,0.013225,0.009887056205252133,1.0357142857142857e-05
2016-08-09,0.7716743878226341,11.66,4132.96,135.56,0.282,-9.166743056196824e-05,0.00042835621983272816,0.0032777271693895616,0.01359556,0.010317832830610437,1.1190476190476188e-05
2016-08-10,0.781959766385464,12.05,4122.65,133.25,0.282,0.0,-0.00249769680493678,0.0029359777811658657,0.014520250000000002,0.011584272218834136,1.1190476190476188e-05
2016-08-11,0.7633986928104575,11.68,4142.72,131.28,0.282,4.573623910914646e-05,0.004856416456984121,0.003150743291451145,0.01364224,0.010491496708548854,1.1190476190476188e-05
2016-08-12,0.7568807339449541,11.55,4139.63,132.13,0.277,0.0,-0.0007461650723203933,0.0029093406186576484,0.013340250000000001,0.010430909381342352,1.0992063492063494e-05
2016-08-15,0.7678803641092328,11.81,4151.69,134.45,0.287,0.0,0.0029090684004455278,0.0029456425902503933,0.013947610000000003,0.011001967409749609,1.1388888888888888e-05
2016-08-16,0.7890137328339576,12.64,4129.68,132.27,0.276,0.0,-0.005315558132203826,0.0033298303402284984,0.015976960000000002,0.012647129659771503,1.0952380952380953e-05
2016-08-17,0.7854381443298969,12.19,4138.42,136.71,0.297,0.0,0.0021141503502332144,0.003323407313717256,0.014859609999999999,0.011536202686282743,1.1785714285714286e-05
2016-08-18,0.753957783641161,11.43,4147.64,134.87,0.297,4.568817818385337e-05,0.0022254253059196395,0.003168175975925799,0.01306449,0.0098963140240742,1.1785714285714286e-05
2016-08-19,0.7495042961004627,11.34,4142.23,136.58,0.302,0.0,-0.0013052076252161825,0.0029995450226290347,0.01285956,0.009860014977370966,1.1984126984126985e-05
2016-08-22,0.7916129032258065,12.27,4139.97,135.2,0.292,-4.5765543122541387e-05,-0.0005457487276551198,0.002792977917518016,0.015055289999999997,0.01226231208248198,1.1587301587301586e-05
2016-08-23,0.8028534370946823,12.38,4148.16,131.79,0.302,4.567357098810617e-05,0.00197632099538458,0.0026791420356370495,0.015326440000000002,0.012647297964362952,1.1984126984126985e-05
2016-08-24,0.840625,13.45,4126.65,130.43,0.317,-0.00013767467474358616,-0.005198922621569837,0.0030707404734837403,0.018090249999999995,0.015019509526516255,1.2579365079365079e-05
2016-08-25,0.8450092994420336,13.63,4121.09,131.06,0.322,-0.000367528828042507,-0.0013482483303873891,0.003077822929629968,0.01857769,0.015499867070370033,1.2777777777777779e-05
2016-08-26,0.8405172413793105,13.65,4114.68,132.4,0.317,4.6030978848723354e-05,-0.001556624649383919,0.0030852246884092937,0.018632250000000003,0.015547025311590709,1.2579365079365079e-05
2016-08-29,0.8123038292529817,12.94,4136.75,131.3,0.312,0.0,0.005349388561616727,0.003395987141948256,0.016744359999999996,0.01334837285805174,1.2380952380952381e-05
2016-08-30,0.8184653774173424,13.12,4129.34,136.14,0.327,-9.175153683828897e-05,-0.0017928674826612442,0.00341931132225887,0.017213439999999997,0.013794128677741126,1.2976190476190478e-05
2016-08-31,0.8314745972738538,13.42,4120.29,129.25,0.332,-9.201324990803382e-05,-0.0021940386733494237,0.0029364677299033096,0.018009639999999997,0.015073172270096687,1.3174603174603175e-05
2016-09-01,0.8264868179031271,13.48,4120.17,129.83,0.327,-9.199632014724119e-05,-2.91245877070421e-05,0.00281814820516604,0.01817104,0.01535289179483396,1.2976190476190478e-05
2016-09-02,0.7654952076677316,11.98,4137.7,128.4,0.322,0.0,0.004245653257401151,0.003008716759395157,0.014352040000000002,0.011343323240604844,1.2777777777777779e-05
2016-09-06,0.7724935732647814,12.02,4150.11,131.16,0.312,4.5646468104618635e-05,0.0029947620119247106,0.0022366691094342105,0.01444804,0.01221137089056579,1.2380952380952381e-05
2016-09-07,0.7708198837959974,11.94,4150.51,130.94,0.338,-4.5646468104618635e-05,9.637834289727021e-05,0.0022238022530796093,0.014256359999999997,0.012032557746920388,1.3412698412698413e-05
2016-09-08,0.7912713472485768,12.51,4141.46,129.74,0.343,0.0,-0.002182835585133943,0.0022920551134719314,0.01565001,0.013357954886528068,1.3611111111111113e-05
2016-09-09,0.9293680297397771,17.5,4039.95,125.25,0.338,-4.688562252381042e-05,-0.02481606701433959,0.00972915724251558,0.030624999999999996,0.020895842757484417,1.3412698412698413e-05
2016-09-12,0.8778228141285467,15.16,4099.47,134.18,0.364,4.622460535738972e-05,0.014625381402864741,0.012307439989227885,0.022982560000000003,0.010675120010772117,1.4444444444444444e-05
2016-09-13,0.937007874015748,17.85,4039.92,131.56,0.353,-0.0001407096456462144,-0.014632807264914506,0.014707735125738069,0.03186225000000001,0.01715451487426194,1.4007936507936507e-05
2016-09-14,0.9374677002583979,18.14,4037.83,127.4,0.322,-4.6920821114326826e-05,-0.0005174708419145916,0.014497181556087339,0.032905960000000005,0.018408778443912664,1.2777777777777779e-05
2016-09-15,0.8960967564595932,16.3,4079.32,130.57,0.287,0.0,0.010222888904087055,0.015831607430725435,0.026569000000000002,0.010737392569274567,1.1388888888888888e-05
2016-09-16,0.8596196868008948,15.37,4063.97,125.25,0.282,0.0,-0.0037699794998007404,0.015846961668908983,0.023623690000000003,0.007776728331091019,1.1190476190476188e-05
2016-09-19,0.873453318335208,15.53,4063.94,125.81,0.251,-4.6861454111011636e-05,-7.381971503108392e-06,0.01573292879995667,0.02411809,0.008385161200043328,9.96031746031746e-06
2016-09-20,0.8849360755975543,15.92,4065.2,126.85,0.292,4.68548670494053e-05,0.0003099958938067851,0.015750623470401747,0.02534464,0.009594016529598254,1.1587301587301586e-05
2016-09-21,0.7983193277310925,13.3,4109.63,122.13,0.205,0.0,0.010870057843335553,0.01741461915800735,0.017689000000000003,0.00027438084199265383,8.134920634920634e-06
2016-09-22,0.7540777917189461,12.02,4136.41,124.29,0.17,-4.6047935901231346e-05,0.006495261762115281,0.01792461428578458,0.01444804,-0.003476574285784578,6.746031746031747e-06
2016-09-23,0.7657320872274143,12.29,4112.69,125.13,0.17,-4.62973679945874e-05,-0.005750946254747174,0.01799871419172373,0.015104409999999999,-0.002894304191723731,6.746031746031747e-06
2016-09-26,0.8391203703703703,14.5,4077.71,121.72,0.185,0.0,-0.008541759299413029,0.0188348277729185,0.021025,0.0021901722270815,7.3412698412698415e-06
2016-09-27,0.7963525835866262,13.1,4104.18,123.74,0.256,0.0,0.006470410223020326,0.019395083015765383,0.017161000000000003,-0.00223408301576538,1.015873015873016e-05
2016-09-28,0.7738913179262961,12.39,4126.83,126.85,0.276,0.0,0.005503591216978909,0.019416628387171782,0.015351210000000002,-0.00406541838717178,1.0952380952380953e-05
2016-09-29,0.8310610551274451,14.02,4088.47,122.67,0.256,4.657987283690479e-05,-0.0093387408341863,0.02041909512379873,0.019656039999999996,-0.0007630551237987337,1.015873015873016e-05
2016-09-30,0.8118509468540012,13.29,4121.06,124.58,0.276,0.0,0.007939594885032387,0.021212051476445372,0.017662409999999996,-0.0035496414764453754,1.0952380952380953e-05
2016-10-03,0.827439024390244,13.57,4108.13,122.86,0.302,4.636391033215525e-05,-0.003142474688388455,0.02133134999599303,0.018414490000000006,-0.002916859995993025,1.1984126984126985e-05
2016-10-04,0.8275652701882211,13.63,4088.17,119.67,0.323,-9.315323707503602e-05,-0.0048704999712541825,0.02132124557558257,0.01857769,-0.0027435555755825694,1.2817460317460318e-05
2016-10-05,0.8008631319358817,12.99,4107.4,121.54,0.323,0.0,0.004692787759888258,0.02150853014146341,0.016874010000000005,-0.004634520141463403,1.2817460317460318e-05
2016-10-06,0.7990043559427504,12.84,4109.49,120.48,0.323,0.0,0.0005087082935444779,0.021516690246698278,0.016486559999999997,-0.005030130246698281,1.2817460317460318e-05
2016-10-07,0.8199513381995134,13.48,4096.25,119.95,0.318,-0.00018602055527145266,-0.0032270121865129284,0.021574766131666024,0.01817104,-0.0034037261316660246,1.261904761904762e-05
2016-10-10,0.8388714733542321,13.38,4115.12,123.84,0.318,-0.0001388085598610652,0.004596074276842691,0.01394974381770283,0.017902440000000002,0.0039526961822971725,1.261904761904762e-05
2016-10-11,0.9067296340023612,15.36,4063.92,119.79,0.333,-9.368997985656912e-05,-0.012519970264672239,0.013388036571706605,0.023592959999999996,0.010204923428293391,1.3214285714285714e-05
2016-10-12,0.9347826086956522,15.91,4068.92,122.34,0.342,0.0,0.0012295829328863128,0.010724004381582518,0.025312809999999998,0.01458880561841748,1.3571428571428572e-05
2016-10-13,0.9488345650938034,16.69,4056.45,123.32,0.287,4.694064355618046e-05,-0.003069401095635008,0.010857334290643878,0.027855610000000006,0.01699827570935613,1.1388888888888888e-05
2016-10-14,0.9253731343283582,16.12,4057.28,121.86,0.292,4.6929629021239905e-05,0.00020459147713704294,0.00953615843644811,0.025985440000000002,0.016449281563551892,1.1587301587301586e-05
2016-10-17,0.9278763594733831,16.21,4045.07,124.08,0.302,-4.707765459120545e-05,-0.003013942681522423,0.009476106409159754,0.026276410000000007,0.016800303590840254,1.1984126984126985e-05
2016-10-18,0.9030732860520093,15.28,4069.99,122.76,0.337,4.679785665812249e-05,0.006141686773104359,0.009963091540740996,0.023347839999999998,0.013384748459259002,1.3373015873015874e-05
2016-10-19,0.8754556500607533,14.41,4079.5,122.56,0.332,-9.334453467754239e-05,0.0023338894376897924,0.010024442845327525,0.02076481,0.010740367154672477,1.3174603174603175e-05
2016-10-20,0.8471965495995071,13.75,4074.18,123.91,0.332,0.0,-0.001304932436624817,0.008519470542960032,0.018906250000000003,0.01038677945703997,1.3174603174603175e-05
2016-10-21,0.8316708229426434,13.34,4073.85,123.0,0.327,4.674098483250791e-05,-8.100117456125531e-05,0.007893662563847565,0.01779556,0.009901897436152433,1.2976190476190478e-05
2016-10-24,0.8340807174887892,13.02,4093.22,124.6,0.322,4.654085123212671e-05,0.004743448095637825,0.007886280837491105,0.016952039999999995,0.00906575916250889,1.2777777777777779e-05
2016-10-25,0.851359898798229,13.46,4077.8,122.83,0.332,0.0,-0.003774319070432532,0.007159967952574175,0.01811716,0.010957192047425825,1.3174603174603175e-05
2016-10-26,0.8763076923076923,14.24,4070.76,123.31,0.327,-4.6782531402731653e-05,-0.0017279130917858213,0.006629962970889634,0.02027776,0.013647797029110365,1.2976190476190478e-05
2016-10-27,0.9072652096869462,15.36,4058.75,122.35,0.287,4.690981587906333e-05,-0.0029546697740325057,0.006232400432554598,0.023592959999999996,0.017360559567445397,1.1388888888888888e-05
2016-10-28,0.9320667818077145,16.19,4046.36,126.35,0.282,-0.00023523323375131786,-0.003057332880385166,0.005353016148355552,0.026211610000000007,0.020858593851644455,1.1190476190476188e-05
2016-10-31,0.9557422969187673,17.06,4045.89,126.12,0.302,0.0,-0.00011616052408879854,0.004419898241334588,0.029104359999999992,0.024684461758665406,1.1984126984126985e-05
2016-11-01,0.9903948772678762,18.56,4018.47,124.46,0.354,4.738999597194193e-05,-0.006800317859866492,0.004789317895871467,0.034447359999999996,0.029658042104128528,1.4047619047619047e-05
2016-11-02,1.0072992700729928,19.32,3992.76,126.15,0.364,4.7688309210953556e-05,-0.006418512079954902,0.004967080305671403,0.037326240000000004,0.0323591596943286,1.4444444444444444e-05
2016-11-03,1.0666666666666667,22.08,3976.56,141.18,0.369,0.0,-0.0040655971436088295,0.0046036485666941605,0.04875264,0.04414899143330584,1.4642857142857144e-05
2016-11-04,1.065309985802177,22.51,3970.02,133.03,0.369,-4.795588058981371e-05,-0.001645991477229639,0.004548034100199415,0.05067001000000001,0.04612197589980059,1.4642857142857144e-05
2016-11-07,1.0308539944903583,18.71,4058.3,134.91,0.405,-9.384384384375849e-05,0.021993034244666167,0.011174682280833506,0.03500641000000001,0.0238317277191665,1.6071428571428575e-05
2016-11-08,1.0353591160220992,18.74,4075.61,135.6,0.419,-4.671478289300402e-05,0.004256262026992032,0.011132915063512435,0.03511875999999999,0.023985844936487557,1.6626984126984128e-05
2016-11-09,0.8832923832923832,14.38,4121.03,134.61,0.429,-4.6207517963130584e-05,0.011082703375199333,0.010644479279139024,0.020678440000000003,0.010033960720860978,1.702380952380952e-05
2016-11-10,0.88,14.74,4129.46,127.0,0.469,-0.00036883356385423733,0.0020435157023667478,0.0106640190006544,0.02172676,0.0110627409993456,1.861111111111111e-05
2016-11-11,0.8593086719223773,14.17,4123.69,121.71,0.469,0.0,-0.0013982542278002234,0.01053865291660839,0.02007889,0.009540237083391608,1.861111111111111e-05
2016-11-14,0.8670658682634731,14.48,4123.81,122.71,0.515,0.0,2.9099727192262465e-05,0.01054157984169042,0.020967040000000003,0.010425460158309583,2.0436507936507937e-05
2016-11-15,0.8488888888888888,13.37,4155.62,119.79,0.485,-4.582216418090282e-05,0.007684141667008161,0.01089363264379542,0.017875689999999996,0.006982057356204576,1.9246031746031746e-05
2016-11-16,0.8537647790914749,13.72,4150.21,123.77,0.459,-4.5887346564273606e-05,-0.0013026996134222913,0.010647353471558587,0.018823840000000005,0.008176486528441418,1.8214285714285715e-05
2016-11-17,0.8535805626598465,13.35,4169.87,123.06,0.429,-4.567357098810617e-05,0.004725924892819058,0.0108006742558424,0.01782225,0.0070215757441576005,1.702380952380952e-05
2016-11-18,0.8279639175257731,12.85,4160.58,126.38,0.434,4.576344873358501e-05,-0.0022303726332046645,0.010865716130559163,0.01651225,0.005646533869440836,1.7222222222222224e-05
2016-11-21,0.8107049608355091,12.42,4191.68,124.01,0.434,0.0,0.007447120595545961,0.011340847858554725,0.015425640000000001,0.004084792141445276,1.7222222222222224e-05
2016-11-22,0.8084690553745929,12.41,4200.95,127.98,0.485,0.0,0.002209081961157059,0.011201694009098939,0.015400810000000001,0.004199115990901062,1.9246031746031746e-05
2016-11-23,0.8055735580038885,12.43,4204.49,125.33,0.495,-4.530729674009879e-05,0.0008423116955921562,0.010874431377051892,0.015450489999999999,0.004576058622948107,1.964285714285714e-05
2016-11-25,0.7956157317859446,12.34,4221.02,126.27,0.495,4.5137556704142845e-05,0.003923803118933666,0.010804139485489068,0.01522756,0.004423420514510931,1.964285714285714e-05
2016-11-28,0.8208489388264669,13.15,4199.39,125.75,0.464,0.0,-0.005137528356818857,0.01111879525463071,0.017292250000000002,0.006173454745369292,1.841269841269841e-05
2016-11-29,0.8113207547169812,12.9,4205.99,128.31,0.48,0.0,0.001570423075797946,0.010830075133430973,0.016641,0.005810924866569027,1.9047619047619046e-05
2016-11-30,0.8279503105590061,13.33,4195.73,126.39,0.48,0.0,-0.0024423582552553793,0.011009825093310815,0.01776889,0.006759064906689184,1.9047619047619046e-05
2016-12-01,0.8440311937612477,14.07,4181.15,128.37,0.469,-9.110372158694398e-05,-0.0034810131511258885,0.010428364888238112,0.019796489999999996,0.009368125111761884,1.861111111111111e-05
2016-12-02,0.8414779499404051,14.12,4182.81,128.99,0.464,-9.104151493085502e-05,0.0003969411670541553,0.009558827692402063,0.019937439999999997,0.010378612307597934,1.841269841269841e-05
2016-12-05,0.7698161065313888,12.14,4207.57,128.35,0.464,4.526218118447012e-05,0.005902014419762872,0.009173655584980327,0.014737960000000001,0.005564304415019674,1.841269841269841e-05
2016-12-06,0.7616279069767441,11.79,4222.04,130.92,0.49,0.0,0.0034331396618560335,0.0089283782295221,0.013900409999999998,0.0049720317704778985,1.9444444444444445e-05
2016-12-07,0.789405684754522,12.22,4278.44,123.61,0.5,-4.453053681558081e-05,0.013270033607135755,0.005651219238551395,0.014932840000000001,0.009281620761448606,1.984126984126984e-05
2016-12-08,0.8040712468193384,12.64,4288.1,119.08,0.505,4.441779376814314e-05,0.0022552872208589174,0.005611485968151147,0.015976960000000002,0.010365474031848855,2.0039682539682537e-05
2016-12-09,0.7720105124835742,11.75,4313.61,119.51,0.536,0.0,0.005931396150271605,0.004805407046181887,0.013806249999999999,0.009000842953818113,2.126984126984127e-05
2016-12-12,0.803560076287349,12.64,4308.94,123.28,0.505,-4.420768771697941e-05,-0.0010832063500063114,0.0049330726054042885,0.015976960000000002,0.011043887394595713,2.0039682539682537e-05
2016-12-13,0.8101910828025478,12.72,4337.86,119.34,0.536,-4.391839961347814e-05,0.0066892047547019926,0.005020086851192198,0.01617984,0.011159753148807803,2.126984126984127e-05
2016-12-14,0.8311279143037177,13.19,4302.93,125.43,0.536,0.0,-0.008084952943116211,0.006297195033900276,0.017397609999999997,0.01110041496609972,2.126984126984127e-05
2016-12-15,0.812063492063492,12.79,4319.84,129.44,0.5,-0.00013228388120907969,0.003922178529147345,0.005930500005197322,0.016358409999999997,0.010427909994802675,1.984126984126984e-05
2016-12-16,0.783558124598587,12.2,4312.4,131.95,0.495,-4.442963456634156e-05,-0.0017237708502682244,0.00596603376919546,0.014884,0.00891796623080454,1.964285714285714e-05
2016-12-19,0.7648595689092097,11.71,4321.02,130.47,0.49,-4.434491474686107e-05,0.0019968918144629582,0.005855938788211697,0.013712410000000003,0.007856471211788306,1.9444444444444445e-05
2016-12-20,0.7562747688243064,11.45,4337.36,122.09,0.51,-0.00017671747294010178,0.003774382597725937,0.005694553318116476,0.013110249999999999,0.007415696681883523,2.023809523809524e-05
2016-12-21,0.7468522200132538,11.27,4326.85,124.9,0.505,-4.4284037818528025e-05,-0.0024260735035294538,0.005504440490587603,0.012701289999999999,0.007196849509412396,2.0039682539682537e-05
2016-12-22,0.7475474166121648,11.43,4319.33,128.02,0.505,0.0,-0.001739496956158548,0.0056221077680924415,0.01306449,0.007442382231907558,2.0039682539682537e-05
2016-12-23,0.7501639344262295,11.44,4325.17,120.51,0.51,0.0,0.0013511483344229947,0.005619046996366547,0.013087360000000001,0.007468313003633454,2.023809523809524e-05
2016-12-27,0.7805989583333334,11.99,4334.93,123.65,0.515,-0.0001768268423146282,0.0022540164968564394,0.005544099849075315,0.014376010000000002,0.008831910150924688,2.0436507936507937e-05
2016-12-28,0.81293157564344,12.95,4299.45,122.37,0.51,-4.456030122759577e-05,-0.008218354924628355,0.0061553051007567335,0.01677025,0.010614944899243268,2.023809523809524e-05
2016-12-29,0.8273514851485148,13.37,4298.39,124.57,0.449,0.0,-0.000246573559259058,0.006174359390622083,0.017875689999999996,0.011701330609377912,1.781746031746032e-05
2016-12-30,0.8488512696493349,14.04,4278.66,127.26,0.5,-8.947344875400085e-05,-0.004600657522225298,0.006419378200525168,0.01971216,0.01329278179947483,1.984126984126984e-05
2017-01-03,0.8258354755784061,12.85,4315.08,125.79,0.49,0.0,0.00847598787985987,0.006805295657573693,0.01651225,0.009706954342426306,1.9444444444444445e-05
2017-01-04,0.7985175202156334,11.85,4340.75,124.4,0.53,0.0,0.005931279901757009,0.007018807894607829,0.01404225,0.00702344210539217,2.1031746031746032e-05
2017-01-05,0.7938775510204082,11.67,4337.45,128.21,0.515,0.0,-0.0007605264130949966,0.006856884009505546,0.01361889,0.006762005990494454,2.0436507936507937e-05
2017-01-06,0.7774725274725275,11.32,4354.05,123.67,0.515,-8.800880088000797e-05,0.003819828610559241,0.006878025758393934,0.012814240000000003,0.005936214241606069,2.0436507936507937e-05
2017-01-09,0.7901572112098428,11.56,4338.62,122.59,0.5,-8.829632245821479e-05,-0.0035501212414179675,0.005269726935679487,0.013363360000000001,0.008093633064320514,1.984126984126984e-05
2017-01-10,0.7837653478854024,11.49,4338.64,121.84,0.51,0.0,4.609750082460495e-06,0.005240324835388023,0.01320201,0.007961685164611976,2.023809523809524e-05
2017-01-11,0.7781617138908086,11.26,4351.32,123.06,0.51,4.404025279101097e-05,0.0029183123970995956,0.004941265578603555,0.012678759999999999,0.007737494421396444,2.023809523809524e-05
2017-01-12,0.7914951989026062,11.54,4342.09,126.22,0.515,0.0,-0.002123448328836918,0.0049935113491081365,0.013317159999999998,0.00832364865089186,2.0436507936507937e-05
2017-01-13,0.7723521320495187,11.23,4350.11,132.32,0.525,0.0,0.0018453331206931994,0.004503094231935919,0.012611290000000002,0.008108195768064083,2.0833333333333336e-05
2017-01-17,0.7971793149764942,11.87,4337.2,131.55,0.525,0.0,-0.0029721535213049002,0.003757795258735592,0.014089689999999997,0.010331894741264405,2.0833333333333336e-05
2017-01-18,0.8353413654618475,12.48,4345.57,143.43,0.525,0.0,0.0019279567678562562,0.0036273953180022754,0.015575040000000002,0.011947644681997726,2.0833333333333336e-05
2017-01-19,0.8508655126498003,12.78,4329.96,141.03,0.505,-0.00022125362302800162,-0.003598631287305564,0.003764379437947297,0.016332839999999998,0.012568460562052701,2.0039682539682537e-05
2017-01-20,0.7964113181504485,11.54,4344.67,146.33,0.5,-4.411018724783012e-05,0.0033915023695271903,0.0038510970863528324,0.013317159999999998,0.009466062913647166,1.984126984126984e-05
2017-01-23,0.8094910591471802,11.77,4333.1,137.78,0.49,0.0,-0.002666585276142771,0.0037784890743825955,0.013853289999999999,0.010074800925617404,1.9444444444444445e-05
2017-01-24,0.7981254506128335,11.07,4361.56,138.16,0.505,0.0,0.0065465703417566185,0.0042066084581826105,0.012254490000000002,0.008047881541817391,2.0039682539682537e-05
2017-01-25,0.7942689199118296,10.81,4396.57,128.8,0.495,-8.714596949883142e-05,0.0079948999345306,0.004823666455656658,0.01168561,0.006861943544343343,1.964285714285714e-05
2017-01-26,0.7798972853998533,10.63,4393.43,129.58,0.5,-8.721817626785492e-05,-0.0007144482670224246,0.004848469094014608,0.011299690000000001,0.006451220905985393,1.984126984126984e-05
2017-01-27,0.7733918128654971,10.58,4389.85,129.95,0.51,4.366907574397216e-05,-0.0008151852606885767,0.004844846705608697,0.011193640000000001,0.006348793294391304,2.023809523809524e-05
2017-01-30,0.8244274809160306,11.88,4363.67,134.32,0.505,-8.78696015114021e-05,-0.00598161152525642,0.004407856076027314,0.014113440000000001,0.009705583923972687,2.0039682539682537e-05
2017-01-31,0.8280386740331491,11.99,4359.81,138.08,0.515,-4.3945419788582564e-05,-0.0008849679834008479,0.004428071469666934,0.014376010000000002,0.009947938530333067,2.0436507936507937e-05
2017-02-01,0.8264520643806859,11.81,4362.1,133.97,0.505,4.392804586096478e-05,0.0005251143505542921,0.004061820509995728,0.013947610000000003,0.009885789490004276,2.0039682539682537e-05
2017-02-02,0.8176833447566827,11.93,4364.85,136.65,0.5,0.0,0.0006302316596344281,0.003306514577243995,0.01423249,0.010925975422756005,1.984126984126984e-05
2017-02-03,0.7807829181494662,10.97,4396.95,133.25,0.5,0.0,0.0073272943045020154,0.0035193493615061433,0.01203409,0.008514740638493858,1.984126984126984e-05
2017-02-06,0.7984550561797752,11.37,4387.67,131.41,0.52,0.0,-0.0021127842643276773,0.003588083450575452,0.012927689999999999,0.009339606549424546,2.0634920634920633e-05
2017-02-07,0.786759581881533,11.29,4388.87,130.46,0.52,-4.367289005345957e-05,0.00027345628402026623,0.003446621661941069,0.012746409999999996,0.009299788338058928,2.0634920634920633e-05
2017-02-08,0.7864010989010988,11.45,4393.31,134.01,0.536,-0.00017448961786770215,0.0010111385506307905,0.0032446201099313827,0.013110249999999999,0.009865629890068617,2.126984126984127e-05
2017-02-09,0.7678193366266761,10.88,4419.4,129.19,0.541,0.0,0.0059210109541096975,0.003576418132501801,0.011837440000000001,0.0082610218674982,2.146825396825397e-05
2017-02-10,0.7800143781452192,10.85,4435.42,130.47,0.536,4.320120963383046e-05,0.0036183722489314092,0.003618289121245726,0.01177225,0.008153960878754274,2.126984126984127e-05
2017-02-13,0.8092105263157895,11.07,4459.83,130.1,0.536,4.2967323350674914e-05,0.005488336195789992,0.003731391395924728,0.012254490000000002,0.008523098604075274,2.126984126984127e-05
2017-02-14,0.8142532221379833,10.74,4478.98,133.66,0.541,4.278898611505671e-05,0.0042846932191756395,0.003837915558827464,0.01153476,0.0076968444411725356,2.146825396825397e-05
2017-02-15,0.8926174496644296,11.97,4501.99,137.55,0.536,0.0,0.005124179314302372,0.0037344822636891073,0.01432809,0.010593607736310892,2.126984126984127e-05
2017-02-16,0.8628026412325751,11.76,4498.56,141.41,0.52,-4.259941638795674e-05,-0.0007621756817180088,0.003811005045020194,0.01382976,0.010018754954979807,2.0634920634920633e-05
2017-02-17,0.8374635568513119,11.49,4506.2,141.13,0.515,0.0,0.0016968807237993432,0.003447415950112561,0.01320201,0.00975459404988744,2.0436507936507937e-05
2017-02-21,0.8240740740740742,11.57,4533.46,136.93,0.515,-8.458805616639236e-05,0.006031218570871507,0.0036302620895244516,0.01338649,0.009756227910475548,2.0436507936507937e-05
2017-02-22,0.8158443363446838,11.74,4528.97,138.24,0.515,0.0,-0.0009909042866848969,0.003465823252507158,0.013782760000000002,0.010316936747492844,2.0436507936507937e-05
2017-02-23,0.7944369063772049,11.71,4531.39,137.91,0.51,0.0,0.0005341951219485307,0.0032267021513308286,0.013712410000000003,0.010485707848669173,2.023809523809524e-05
2017-02-24,0.7771002710027101,11.47,4539.25,138.66,0.505,0.0,0.0017330644733558678,0.002722682507668779,0.013156090000000002,0.010433407492331223,2.0039682539682537e-05
2017-02-27,0.8108651911468813,12.09,4544.51,134.39,0.505,-0.0001265208864896828,0.001158110867724733,0.0026592815556166116,0.01461681,0.011957528444383388,2.0039682539682537e-05
2017-02-28,0.8455497382198953,12.92,4532.93,131.98,0.607,-8.456659619442626e-05,-0.0025513815088202387,0.0028015604507972353,0.01669264,0.013891079549202767,2.408730158730159e-05
2017-03-01,0.8438761776581426,12.54,4595.73,132.16,0.622,-4.171272446667915e-05,0.01375908199701576,0.003742471903064364,0.015725159999999995,0.011982688096935631,2.468253968253968e-05
2017-03-02,0.7995937711577522,11.81,4569.17,133.36,0.663,4.1959509073824934e-05,-0.005796042369238064,0.004446774404073995,0.013947610000000003,0.009500835595926007,2.630952380952381e-05
2017-03-03,0.7685834502103788,10.96,4571.6,136.1,0.701,-0.000167743017696855,0.0005316838859844052,0.004446492098044717,0.012012160000000001,0.007565667901955284,2.7817460317460315e-05
2017-03-06,0.7838214783821479,11.24,4556.72,140.17,0.724,-0.00012619092687236264,-0.0032601865797278083,0.004785327192888354,0.01263376,0.007848432807111647,2.873015873015873e-05
2017-03-07,0.7945870922970159,11.45,4543.75,138.85,0.744,-8.437394532572659e-05,-0.002850404161885657,0.00467446819547584,0.013110249999999999,0.008435781804524159,2.9523809523809523e-05
2017-03-08,0.8156808803301238,11.86,4534.68,139.63,0.719,-4.226453371661345e-05,-0.0019981435155026804,0.004664004209028203,0.014065959999999999,0.009401955790971795,2.8531746031746028e-05
2017-03-09,0.8322056833558864,12.3,4538.36,139.48,0.729,4.222527182526898e-05,0.0008111945283602348,0.00464991360436816,0.015129000000000004,0.010479086395631844,2.8928571428571427e-05
2017-03-10,0.8108484005563282,11.66,4553.28,138.99,0.744,0.0,0.0032821390626394903,0.004678391929354803,0.01359556,0.008917168070645198,2.9523809523809523e-05
2017-03-13,0.7903899721448469,11.35,4556.44,145.75,0.744,-8.411136344512494e-05,0.0006937644904002935,0.004450668971573475,0.012882249999999998,0.008431581028426522,2.9523809523809523e-05
2017-03-14,0.8407382091592618,12.3,4541.26,146.11,0.764,4.2205668221203725e-05,-0.003337110277855391,0.0046518773200994274,0.015129000000000004,0.010477122679900575,3.0317460317460318e-05
2017-03-15,0.8190140845070424,11.63,4579.44,147.2,0.724,0.0,0.008372213320324569,0.005068926224914054,0.013525690000000003,0.00845676377508595,2.873015873015873e-05
2017-03-16,0.8134978229317853,11.21,4572.16,149.49,0.724,0.0,-0.0015909789622803965,0.005035394248444642,0.012566410000000002,0.00753101575155536,2.873015873015873e-05
2017-03-17,0.8103448275862069,11.28,4566.17,154.34,0.729,4.2180744490221776e-05,-0.0013109618185988318,0.004860363903245438,0.01272384,0.007863476096754562,2.8928571428571427e-05
2017-03-20,0.8158273381294964,11.34,4557.12,152.93,0.729,4.223954043376166e-05,-0.0019839340782537283,0.004922495494780805,0.01285956,0.007937064505219197,2.8928571428571427e-05
2017-03-21,0.8529411764705883,12.47,4500.98,141.02,0.759,-0.00012833401065172776,-0.01239569420501202,0.006921804932563595,0.01555009,0.008628285067436407,3.0119047619047622e-05
2017-03-22,0.8726158038147139,12.81,4509.65,136.07,0.764,-4.26885231905014e-05,0.0019243943377164818,0.00649430215752189,0.016409609999999998,0.009915307842478108,3.0317460317460318e-05
2017-03-23,0.879946344735077,13.12,4504.92,132.54,0.764,-8.547739123006338e-05,-0.001049412325619964,0.006495434510691212,0.017213439999999997,0.010718005489308784,3.0317460317460318e-05
2017-03-24,0.8907216494845361,12.96,4501.11,136.62,0.764,-4.275422732430932e-05,-0.000846099830290159,0.00649089683671379,0.016796160000000004,0.010305263163286215,3.0317460317460318e-05
2017-03-27,0.8784258608573436,12.5,4496.53,135.37,0.775,-4.2814634041876585e-05,-0.0010180448196560293,0.006439435806627047,0.015625,0.009185564193372953,3.075396825396826e-05
2017-03-28,0.8428362573099415,11.53,4529.17,134.43,0.775,4.250526002601036e-05,0.007232711543444193,0.007128456963848158,0.01329409,0.006165633036151841,3.075396825396826e-05
2017-03-29,0.8503350707371556,11.42,4535.01,132.37,0.775,-8.48968503268963e-05,0.0012885888868251513,0.007074091754573849,0.013041639999999998,0.0059675482454261495,3.075396825396826e-05
2017-03-30,0.8631264023934181,11.54,4548.46,138.84,0.759,-4.2323563644020334e-05,0.0029614254970297387,0.004735249415996947,0.013317159999999998,0.00858191058400305,3.0119047619047622e-05
2017-03-31,0.9095588235294118,12.37,4538.21,138.31,0.754,-4.2425913748199346e-05,-0.002256052953945838,0.004412495419848534,0.015301689999999998,0.010889194580151463,2.992063492063492e-05
2017-04-03,0.9056327724945136,12.38,4530.98,135.23,0.759,4.248720073074121e-05,-0.0015944095407948963,0.004420906240392126,0.015326440000000002,0.010905533759607875,3.0119047619047622e-05
2017-04-04,0.8818249813014211,11.79,4534.25,132.28,0.775,4.246014054314726e-05,0.0007214378767730514,0.004326672311585745,0.013900409999999998,0.009573737688414253,3.075396825396826e-05
2017-04-05,0.9128895184135978,12.89,4520.86,130.91,0.8,0.0,-0.0029574482827122613,0.0043338638205736866,0.016615210000000005,0.01228134617942632,3.1746031746031745e-05
2017-04-06,0.9070278184480235,12.39,4530.93,131.27,0.805,4.2483590713048436e-05,0.002224975204751101,0.004360827222972839,0.015351210000000002,0.010990382777027163,3.194444444444444e-05
2017-04-07,0.9153627311522048,12.87,4527.2,132.7,0.815,4.252333467986692e-05,-0.0008235695912574908,0.004357855719596616,0.016563689999999996,0.01220583428040338,3.234126984126984e-05
2017-04-10,0.9636488340192044,14.05,4530.57,132.86,0.805,-4.249622845968555e-05,0.0007441125476796436,0.004217736184353925,0.019740250000000004,0.01552251381564608,3.194444444444444e-05
2017-04-11,0.9940633245382586,15.07,4524.71,136.66,0.81,4.254685472372585e-05,-0.0012942726935064007,0.004218478655549712,0.02271049,0.018492011344450287,3.214285714285715e-05
2017-04-12,1.0320680628272252,15.77,4507.76,131.93,0.805,-0.00017088905028406906,-0.0037531306268286527,0.0042520521912141765,0.024869290000000002,0.020617237808785827,3.194444444444444e-05
2017-04-13,1.0133333333333334,15.96,4477.07,134.36,0.805,-8.601040725920014e-05,-0.00683154146674504,0.003683132265777944,0.025472160000000008,0.021789027734222064,3.194444444444444e-05
2017-04-17,0.9865410497981157,14.66,4515.65,139.63,0.805,4.2632106239169976e-05,0.008580326462838149,0.004792745215852933,0.021491560000000003,0.01669881478414707,3.194444444444444e-05
2017-04-18,0.9769647696476965,14.42,4502.66,137.2,0.805,-0.00012829559304638373,-0.0028808078195857656,0.004850751763399968,0.02079364,0.01594288823660003,3.194444444444444e-05
2017-04-19,0.9900530503978779,14.93,4495.56,140.2,0.8,-4.2832972822439784e-05,-0.0015780902163911896,0.004839259370191829,0.022290489999999996,0.01745123062980817,3.1746031746031745e-05
2017-04-20,0.973847212663455,14.15,4529.65,146.85,0.79,4.249984062567979e-05,0.007554430783232341,0.003709099319502768,0.020022250000000005,0.016313150680497237,3.134920634920635e-05
2017-04-21,0.991864406779661,14.63,4515.9,148.42,0.775,0.0,-0.0030401712644393826,0.0038019341021929727,0.021403690000000003,0.01760175589780703,3.075396825396826e-05
2017-04-24,0.8403100775193798,10.84,4564.93,144.45,0.79,0.0,0.010798677313406247,0.00515344493161865,0.011750559999999998,0.006597115068381348,3.134920634920635e-05
2017-04-25,0.8373540856031129,10.76,4592.74,139.04,0.815,0.0,0.006073615993973894,0.00547061161323388,0.01157776,0.00610714838676612,3.234126984126984e-05
2017-04-26,0.8359013867488443,10.85,4590.56,142.13,0.813,0.0,-0.0004747748719848142,0.005447077808045307,0.01177225,0.006325172191954693,3.226190476190476e-05
2017-04-27,0.809375,10.36,4593.57,142.55,0.8,-4.190675746460306e-05,0.00065547855001399,0.004930749919131374,0.01073296,0.0058022100808686255,3.1746031746031745e-05
2017-04-28,0.8368136117556072,10.82,4584.82,146.98,0.795,0.0,-0.0019066530515173638,0.005003643047147036,0.01170724,0.006703596952852965,3.154761904761905e-05
2017-05-01,0.8004750593824227,10.11,4592.78,128.46,0.805,4.190324540643771e-05,0.0017346587334372947,0.004946232261716946,0.01022121,0.005274977738283054,3.194444444444444e-05
2017-05-02,0.8254091971940763,10.59,4598.24,127.49,0.846,0.0,0.0011881163662546804,0.004852693266062533,0.011214809999999999,0.006362116733937466,3.357142857142857e-05
2017-05-03,0.8158899923605806,10.68,4593.32,129.39,0.866,4.192432659046601e-05,-0.001070547430444826,0.004826677263870267,0.011406239999999998,0.006579562736129731,3.436507936507936e-05
2017-05-04,0.8152766952455184,10.46,4596.24,130.48,0.876,4.188569394119628e-05,0.0006355037887066746,0.004826612706881934,0.010941160000000002,0.006114547293118068,3.476190476190476e-05
2017-05-05,0.8225680933852141,10.57,4615.09,131.36,0.886,0.0,0.004092791445519943,0.004782763838888978,0.01117249,0.006389726161111022,3.515873015873016e-05
2017-05-08,0.7760127084988085,9.77,4615.73,128.12,0.892,4.172316678843987e-05,0.00013866590422620514,0.004769664508311185,0.00954529,0.004775625491688815,3.53968253968254e-05
2017-05-09,0.7836349331235248,9.96,4611.21,128.28,0.897,-4.176150007316334e-05,-0.0009797398404146928,0.0047766733321612164,0.00992016,0.005143486667838784,3.55952380952381e-05
2017-05-10,0.7908597986057321,10.21,4618.19,128.27,0.892,0.0,0.001512557984431192,0.0047812140786396345,0.010424410000000002,0.0056431959213603675,3.53968253968254e-05
2017-05-11,0.8147578785549577,10.6,4609.69,128.21,0.876,0.0,-0.0018422438098426753,0.004815285518820148,0.011236,0.006420714481179851,3.476190476190476e-05
2017-05-12,0.8018504240555127,10.4,4602.96,129.65,0.871,4.1836627967747745e-05,-0.0014610348156430851,0.004610366905374271,0.010816000000000003,0.006205633094625732,3.4563492063492065e-05
2017-05-15,0.8153364632237872,10.42,4625.51,129.44,0.876,0.0,0.004887060342785804,0.003946968821087842,0.01085764,0.006910671178912158,3.476190476190476e-05
2017-05-16,0.841897233201581,10.65,4623.26,131.24,0.904,0.0,-0.00048655119424250457,0.0033278796010263786,0.01134225,0.008014370398973621,3.5873015873015874e-05
2017-05-17,0.9993589743589744,15.59,4540.58,133.51,0.892,-8.479247042854881e-05,-0.01804532676363402,0.007616886514040477,0.024304810000000003,0.016687923485959526,3.53968253968254e-05
2017-05-18,0.9792919171676686,14.66,4557.41,137.01,0.912,0.0,0.0036997225095522688,0.007688148441445879,0.021491560000000003,0.013803411558554125,3.619047619047619e-05
2017-05-19,0.8925129725722757,12.04,4588.35,131.39,0.907,4.196479153997913e-05,0.006766002613865626,0.007558441416079918,0.014496159999999998,0.00693771858392008,3.599206349206349e-05
2017-05-22,0.8433641975308641,10.93,4612.12,128.57,0.897,4.174929548060079e-05,0.005167138828100414,0.0076111687466372865,0.011946489999999999,0.004335321253362712,3.55952380952381e-05
2017-05-23,0.8310077519379845,10.72,4620.7,124.54,0.907,4.166406266283077e-05,0.0018585876189200325,0.006363616334289606,0.011491840000000001,0.005128223665710395,3.599206349206349e-05
2017-05-24,0.795869737887212,10.02,4632.37,123.11,0.925,0.0,0.0025224074145270086,0.006023165570790571,0.01004004,0.004016874429209429,3.670634920634921e-05
2017-05-25,0.7985611510791367,9.99,4653.59,123.65,0.922,0.0,0.004570348555687523,0.006216227157496843,0.009980010000000001,0.0037637828425031578,3.658730158730159e-05
2017-05-26,0.7885852090032155,9.81,4655.65,125.41,0.927,0.0,0.0004425710441719549,0.006216738383145735,0.009623610000000001,0.003406871616854266,3.678571428571429e-05
2017-05-30,0.814756671899529,10.38,4650.76,125.37,0.932,4.140358140975429e-05,-0.001050888677809981,0.0061706235277285615,0.010774440000000001,0.00460381647227144,3.6984126984126986e-05
2017-05-31,0.8242280285035629,10.41,4649.34,125.11,0.973,4.142073107598354e-05,-0.000305373062877777,0.0061663450551619845,0.010836809999999999,0.004670464944838014,3.861111111111111e-05
2017-06-01,0.7962962962962964,9.89,4685.11,124.55,0.973,-0.00012328176046354407,0.00766412056205434,0.0067683858798338195,0.00978121,0.0030128241201661807,3.861111111111111e-05
2017-06-02,0.7825040128410914,9.75,4702.56,124.23,0.973,4.0960943740106524e-05,0.003717646678650466,0.006806794888538979,0.00950625,0.0026994551114610217,3.861111111111111e-05
2017-06-05,0.7836575875486381,10.07,4697.0,125.05,0.973,4.0989486196753244e-05,-0.0011830342374468453,0.006868647952052991,0.01014049,0.003271842047947009,3.861111111111111e-05
2017-06-06,0.7989296636085627,10.45,4683.96,125.72,0.973,-4.111081419963784e-05,-0.0027801010555005704,0.006905478961695454,0.01092025,0.004014771038304546,3.861111111111111e-05
2017-06-07,0.7937356760886173,10.39,4692.29,125.98,0.988,0.0,0.0017768302235053296,0.006914287876938883,0.010795210000000001,0.003880922123061118,3.9206349206349205e-05
2017-06-08,0.7962382445141066,10.16,4693.67,127.09,0.994,-8.205128205120743e-05,0.0002940562307839601,0.00687716343153241,0.01032256,0.0034453965684675897,3.944444444444444e-05
2017-06-09,0.8256172839506172,10.7,4689.79,131.26,0.999,-0.00016432503491903722,-0.0008269871073420941,0.006903430618560166,0.011448999999999999,0.004545569381439833,3.964285714285714e-05
2017-06-12,0.8616541353383459,11.46,4685.54,136.86,0.998,4.1095608934148004e-05,-0.0009066348152268262,0.006853226608651682,0.013133160000000001,0.00627993339134832,3.96031746031746e-05
2017-06-13,0.8185388845247447,10.42,4707.88,136.41,0.999,4.089728646512209e-05,0.004756530021953038,0.00696643620097791,0.01085764,0.00389120379902209,3.964285714285714e-05
2017-06-14,0.8332028191072828,10.64,4703.53,135.89,1.004,4.094082004458826e-05,-0.0009244099045241376,0.006813184669109212,0.011320960000000001,0.004507775330890789,3.984126984126984e-05
2017-06-15,0.8443067389620449,10.9,4693.86,134.12,1.004,-4.101638604618816e-05,-0.002058018963363322,0.006893629188372661,0.011881,0.004987370811627338,3.984126984126984e-05
2017-06-16,0.8166797797010228,10.38,4695.23,135.02,1.004,0.0,0.0002918280706058901,0.002256481766305886,0.010774440000000001,0.008517958233694115,3.984126984126984e-05
2017-06-19,0.8362903225806451,10.37,4734.48,138.77,1.004,0.0,0.008324800375836678,0.0027585021970802743,0.010753689999999998,0.007995187802919725,3.984126984126984e-05
2017-06-20,0.8557919621749409,10.86,4702.82,133.37,1.014,0.0,-0.006709571333605523,0.003256350889116888,0.011793959999999997,0.00853760911088311,4.023809523809524e-05
2017-06-21,0.8424764890282131,10.75,4700.5,129.89,0.983,4.116327412678661e-05,-0.0004934427515118883,0.003071166639674354,0.011556249999999999,0.008485083360325645,3.900793650793651e-05
2017-06-22,0.8304278922345484,10.48,4698.4,130.86,0.95,4.118192113670062e-05,-0.00044686081029589824,0.0030794812187286075,0.010983040000000001,0.007903558781271393,3.76984126984127e-05
2017-06-23,0.8106796116504854,10.02,4705.73,132.76,0.955,0.0,0.0015588898674112571,0.0030486568697330727,0.01004004,0.006991383130266928,3.7896825396825396e-05
2017-06-26,0.8068459657701712,9.9,4707.27,128.6,0.953,4.1107434279568894e-05,0.00032720705699368146,0.0028560168585007387,0.009801,0.006944983141499262,3.781746031746032e-05
2017-06-27,0.8533950617283951,11.06,4669.27,125.46,1.004,4.1432744297898636e-05,-0.0081053796050222,0.003755138230775447,0.012232360000000001,0.008477221769224554,3.984126984126984e-05
2017-06-28,0.8088709677419355,10.03,4711.33,126.95,1.004,-8.215576733479218e-05,0.00896750354095089,0.004659126451630375,0.01006009,0.005400963548369626,3.984126984126984e-05
2017-06-29,0.8699619771863117,11.44,4670.96,129.15,1.024,4.142759492093919e-05,-0.00860562807997341,0.0056786134097503525,0.013087360000000001,0.0074087465902496485,4.063492063492064e-05
2017-06-30,0.8508371385083713,11.18,4678.36,129.51,1.014,0.0,0.0015830031585835915,0.004981746443947291,0.01249924,0.007517493556052709,4.023809523809524e-05
2017-07-03,0.8429752066115702,11.22,4689.61,126.63,1.026,-8.254570968678126e-05,0.002401802185129166,0.004876972733396658,0.012588840000000002,0.007711867266603344,4.0714285714285717e-05
2017-07-05,0.8317054845980466,11.07,4697.34,128.67,1.044,-4.119379621425266e-05,0.0016469677045907838,0.004898075214648964,0.012254490000000002,0.007356414785351037,4.142857142857143e-05
2017-07-06,0.888731396172927,12.54,4655.02,127.25,1.034,0.00020768000664580743,-0.00905018387961103,0.005809659992298787,0.015725159999999995,0.009915500007701208,4.103174603174603e-05
2017-07-07,0.8276627218934911,11.19,4684.88,131.58,1.032,4.1306098845456967e-05,0.006394094526506206,0.006306572432258074,0.01252161,0.006215037567741927,4.095238095238096e-05
2017-07-10,0.8322097378277153,11.11,4689.25,133.4,1.029,4.126178539753389e-05,0.0009323532565824741,0.0063174019728349795,0.012343209999999999,0.006025808027165019,4.083333333333333e-05
2017-07-11,0.8275075987841946,10.89,4685.64,132.75,1.039,4.129415894118021e-05,-0.0007701424077359671,0.006316320367491155,0.011859210000000002,0.005542889632508847,4.123015873015873e-05
2017-07-12,0.8059467918622849,10.3,4720.28,134.95,1.044,-8.198065256603638e-05,0.007365607321302378,0.006957270726049601,0.010609000000000002,0.003651729273950401,4.142857142857143e-05
2017-07-13,0.7888446215139442,9.9,4729.25,138.35,1.034,0.0,0.0018985076917555777,0.006738049125936138,0.009801,0.003062950874063863,4.103174603174603e-05
2017-07-14,0.7775960752248569,9.51,4751.43,137.71,1.034,-4.073070891806744e-05,0.004678997807242755,0.0069538422434219805,0.00904401,0.0020901677565780194,4.103174603174603e-05
2017-07-17,0.7996742671009772,9.82,4751.33,139.87,1.039,0.0,-2.1046517012727597e-05,0.006873224556742386,0.009643240000000003,0.002770015443257616,4.123015873015873e-05
2017-07-18,0.8073469387755102,9.89,4754.27,137.53,1.055,-4.0704182354815616e-05,0.0006185827499049826,0.006872137102438398,0.00978121,0.002909072897561602,4.186507936507936e-05
2017-07-19,0.8158333333333333,9.79,4780.25,136.88,1.106,0.0,0.005449684787161082,0.00641128968891526,0.009584409999999998,0.0031731203110847385,4.388888888888889e-05
2017-07-20,0.7956810631229236,9.58,4779.84,130.88,1.141,4.047517859668875e-05,-8.577325114124098e-05,0.005741353742332805,0.009177639999999999,0.003436286257667194,4.527777777777778e-05
2017-07-21,0.7761194029850745,9.36,4778.07,134.53,1.162,0.0,-0.00037037386211716077,0.005737606094800701,0.008760959999999998,0.003023353905199297,4.61111111111111e-05
2017-07-24,0.7832225913621262,9.43,4773.1,132.67,1.172,4.051781771030127e-05,-0.001040710289644971,0.005760189277196127,0.00889249,0.0031323007228038725,4.650793650793651e-05
2017-07-25,0.7825726141078837,9.43,4787.04,135.61,1.159,0.0,0.002916277351501943,0.005809929272794423,0.00889249,0.003082560727205577,4.599206349206349e-05
2017-07-26,0.7927332782824112,9.6,4788.41,135.61,1.116,-4.0413021075353737e-05,0.00028614843361897326,0.0058104550164422815,0.009216,0.0034055449835577187,4.428571428571429e-05
2017-07-27,0.8140096618357487,10.11,4784.26,140.81,1.098,4.0448983719247265e-05,-0.000867051775521288,0.004812260776759804,0.01022121,0.005408949223240196,4.357142857142857e-05
2017-07-28,0.8179650238473767,10.29,4778.02,139.91,1.08,4.0503047854429324e-05,-0.0013051282509499256,0.004057066574221693,0.010588409999999998,0.006531343425778304,4.2857142857142856e-05
2017-07-31,0.8227746591820368,10.26,4774.56,139.82,1.075,-0.00024314138671638477,-0.0007244116566015358,0.002960360498151299,0.01052676,0.007566399501848701,4.265873015873015e-05
2017-08-01,0.8137096774193548,10.09,4786.27,138.72,1.07,-8.086689309400871e-05,0.002449579347280172,0.0029811288178200183,0.01018081,0.007199681182179982,4.2460317460317464e-05
2017-08-02,0.8184713375796178,10.28,4789.54,142.02,1.07,0.0,0.0006829709710421312,0.0029595834353304522,0.010567839999999998,0.007608256564669546,4.2460317460317464e-05
2017-08-03,0.8194662480376765,10.44,4779.99,138.32,1.078,4.048992813034074e-05,-0.001995918957431623,0.0030598101536893968,0.010899359999999999,0.007839549846310603,4.2777777777777785e-05
2017-08-04,0.7866666666666666,10.03,4789.11,139.81,1.075,4.04195549806629e-05,0.001906135950371333,0.0017722314247661014,0.01006009,0.008287858575233899,4.265873015873015e-05
2017-08-07,0.7843601895734597,9.93,4797.13,138.91,1.054,4.0347798018886424e-05,0.00167323202238554,0.0014398696175503668,0.00986049,0.008420620382449633,4.182539682539683e-05
2017-08-08,0.8303030303030304,10.96,4786.12,140.05,1.053,4.043753411924756e-05,-0.0022977601219055653,0.0015809580090146494,0.012012160000000001,0.010431201990985352,4.178571428571428e-05
2017-08-09,0.8235730170496663,11.11,4784.94,141.2,1.049,0.0,-0.0002465766604699893,0.0015612396389213976,0.012343209999999999,0.010781970361078601,4.1626984126984126e-05
2017-08-10,0.9895126465144971,16.04,4717.4,136.48,1.035,4.1019751010074064e-05,-0.014215685273710327,0.003687587733435823,0.025728159999999996,0.022040572266564175,4.107142857142857e-05
2017-08-11,0.9463087248322147,15.51,4723.73,135.43,1.035,4.096597775555325e-05,0.001340941380641914,0.0036642346363739034,0.024056009999999996,0.020391775363626092,4.107142857142857e-05
2017-08-14,0.8857758620689655,12.33,4771.43,142.07,1.025,4.0565482830737796e-05,0.010047308580214284,0.004650564773091689,0.015202890000000002,0.010552325226908313,4.067460317460317e-05
2017-08-15,0.8661870503597121,12.04,4770.15,143.23,1.023,4.0565482830737796e-05,-0.00026829938179611805,0.004652675797419259,0.014496159999999998,0.009843484202580738,4.059523809523809e-05
2017-08-16,0.8645066273932254,11.74,4778.28,148.62,1.01,4.0498126961706296e-05,0.0017028981653857231,0.004678543511982987,0.013782760000000002,0.009104216488017014,4.0079365079365075e-05
2017-08-17,0.9634448574969021,15.55,4704.73,142.73,1.001,4.113110539842017e-05,-0.015512263481196609,0.007199350010708126,0.02418025,0.016980899989291875,3.9722222222222215e-05
2017-08-18,0.9111821086261981,14.26,4696.22,128.86,1.006,0.0,-0.0018104558208416387,0.0072058146795231795,0.02033476,0.013128945320476822,3.992063492063492e-05
2017-08-21,0.8799199466310873,13.19,4701.82,131.61,0.981,8.232824270370161e-05,0.0011917379927681598,0.007253601076019042,0.017397609999999997,0.010144008923980955,3.892857142857142e-05
2017-08-22,0.8327219369038884,11.35,4748.73,135.72,1.003,0.0,0.009927546073374623,0.008621316483298794,0.012882249999999998,0.004260933516701204,3.98015873015873e-05
2017-08-23,0.8548499651081647,12.25,4732.76,129.98,0.999,4.089059720713502e-05,-0.0033686720340849936,0.008594835937835745,0.015006249999999999,0.006411414062164254,3.964285714285714e-05
2017-08-24,0.8498957609451008,12.23,4723.03,129.95,1.016,4.097940784751933e-05,-0.002057999053314711,0.008611794344459663,0.014957290000000002,0.006345495655540339,4.031746031746032e-05
2017-08-25,0.806290207290922,11.28,4731.46,130.16,1.011,0.0,0.0017832801629726763,0.00868190019579045,0.01272384,0.004041939804209551,4.0119047619047614e-05
2017-08-28,0.8091493924231594,11.32,4733.97,128.32,1.025,0.0,0.0005303509843363177,0.008686403666987887,0.012814240000000003,0.0041278363330121155,4.067460317460317e-05
2017-08-29,0.8286118980169972,11.7,4738.62,131.48,1.018,0.0,0.000981780141124564,0.008709153347305381,0.013688999999999998,0.004979846652694617,4.0396825396825396e-05
2017-08-30,0.7934936350777935,11.22,4761.72,130.53,1.017,0.0,0.004862993434706524,0.008949909289341945,0.012588840000000002,0.003638930710658057,4.035714285714285e-05
2017-08-31,0.767391304347826,10.59,4789.18,134.0,0.994,4.041792130627046e-05,0.0057502592770949145,0.009376520613247853,0.011214809999999999,0.0018382893867521458,3.944444444444444e-05
2017-09-01,0.7454010301692422,10.13,4798.99,134.85,1.007,-8.069071249903265e-05,0.0020462723174620554,0.009369646210188222,0.01026169,0.0008920437898117788,3.996031746031746e-05
2017-09-05,0.8388203017832647,12.23,4762.75,133.48,1.008,-0.00012189423643419188,-0.007580246593078537,0.010039028074358997,0.014957290000000002,0.004918261925641005,4e-05
2017-09-06,0.8076388888888889,11.63,4777.69,136.48,1.06,0.0,0.003131933582143439,0.010135729915650706,0.013525690000000003,0.0033899600843492975,4.2063492063492065e-05
2017-09-07,0.8065642458100559,11.55,4777.93,135.39,1.044,0.0,5.023221937488865e-05,0.010077370896176179,0.013340250000000001,0.0032628791038238226,4.142857142857143e-05
2017-09-08,0.8250510551395507,12.12,4771.02,130.57,1.042,4.056054675624866e-05,-0.0014472797964491099,0.010099664318512287,0.014689439999999996,0.004589775681487709,4.134920634920635e-05
2017-09-11,0.7741702741702743,10.73,4822.8,136.96,1.039,0.0,0.01079455374254234,0.008733696096837447,0.01151329,0.0027795939031625538,4.123015873015873e-05
2017-09-12,0.7802359882005899,10.58,4839.31,139.6,1.036,-7.997440818942032e-05,0.0034174763211250693,0.008800547846348709,0.011193640000000001,0.0023930921536512925,4.1111111111111116e-05
2017-09-13,0.7936507936507936,10.5,4843.04,142.74,1.039,3.9972019586366847e-05,0.000770474148222229,0.007753545064436077,0.011024999999999998,0.0032714549355639215,4.123015873015873e-05
2017-09-14,0.7933130699088146,10.44,4839.29,142.74,1.046,0.0,-0.0007746069773505018,0.007769095149092746,0.010899359999999999,0.0031302648509072524,4.150793650793651e-05
2017-09-15,0.7847222222222222,10.17,4848.84,144.54,1.031,-8.024716125671159e-05,0.001971485331680868,0.007776848659484447,0.01034289,0.002566041340515553,4.091269841269841e-05
2017-09-18,0.7998423955870765,10.15,4856.08,143.65,1.017,0.0,0.0014920270013780465,0.004300352481005905,0.01030225,0.006001897518994096,4.035714285714285e-05
2017-09-19,0.7996857816182246,10.18,4861.52,142.64,1.035,0.0,0.0011196181296357919,0.004158365872724975,0.010363240000000001,0.006204874127275026,4.107142857142857e-05
2017-09-20,0.7725118483412322,9.78,4864.61,138.94,1.035,0.0,0.0006354017690408934,0.0041684667671418605,0.00956484,0.005396373232858139,4.107142857142857e-05
2017-09-21,0.7638230647709321,9.67,4849.95,137.87,1.035,0.0,-0.0030181523668509178,0.0034696382419454022,0.009350889999999999,0.005881251758054597,4.107142857142857e-05
2017-09-22,0.7463035019455253,9.59,4853.2,137.5,1.025,0.0,0.0006698855776804551,0.0032203087525341993,0.00919681,0.0059765012474658,4.067460317460317e-05
2017-09-25,0.7817764165390506,10.21,4842.41,135.07,1.013,-8.033096356983496e-05,-0.0022257505106826636,0.003234404954610851,0.010424410000000002,0.007190005045389151,4.019841269841269e-05
2017-09-26,0.7811059907834101,10.17,4843.14,134.25,1.057,0.0,0.00015074002021204258,0.003241924772577346,0.01034289,0.007100965227422654,4.194444444444444e-05
2017-09-27,0.7645236250968241,9.87,4862.93,129.49,1.053,3.9996000399923626e-05,0.0040778662061933275,0.0033410412487264755,0.009741689999999999,0.0064006487512735235,4.178571428571428e-05
2017-09-28,0.7484326018808778,9.55,4869.81,132.99,1.053,0.0,0.0014137850483979394,0.0033400357844664023,0.00912025,0.005780214215533598,4.178571428571428e-05
2017-09-29,0.7614091273018414,9.51,4887.97,137.75,1.049,3.980812483835643e-05,0.003722162411216817,0.0032532337157030935,0.00904401,0.005790776284296906,4.1626984126984126e-05
2017-10-02,0.7645631067961165,9.45,4906.92,138.02,1.027,3.963771131851242e-05,0.0038693693636799357,0.0030821967019248717,0.008930249999999997,0.005848053298075126,4.0753968253968256e-05
2017-10-03,0.7725426482534524,9.51,4917.73,137.15,1.053,3.95499218888683e-05,0.002200588186319946,0.0030859424351588035,0.00904401,0.0059580675648411964,4.178571428571428e-05
2017-10-04,0.7778675282714055,9.63,4924.19,144.19,1.064,3.9499930875085045e-05,0.001312752171876866,0.0020753766995783083,0.009273690000000003,0.007198313300421694,4.222222222222222e-05
2017-10-05,0.7545155993431856,9.19,4952.85,140.33,1.064,0.0,0.005803374378761652,0.002264997015067314,0.00844561,0.006180612984932685,4.222222222222222e-05
2017-10-06,0.7757234726688104,9.65,4949.09,140.35,1.065,-3.9305858538179376e-05,-0.000759447175143145,0.00230682303135077,0.009312250000000001,0.007005426968649231,4.226190476190476e-05
2017-10-09,0.8114689709347996,10.33,4940.16,139.83,1.065,7.874325760860754e-05,-0.0018060019571163556,0.0023366011693053104,0.01067089,0.00833428883069469,4.226190476190476e-05
2017-10-10,0.8083400160384924,10.08,4951.77,139.24,1.077,7.85638527713801e-05,0.0023473690839021354,0.0012481694528023246,0.01016064,0.008912470547197675,4.273809523809524e-05
2017-10-11,0.8047385620915032,9.85,4960.79,138.74,1.09,3.921799321536297e-05,0.001819913824397478,0.0011918056044312943,0.009702249999999997,0.008510444395568703,4.3253968253968256e-05
2017-10-12,0.8083197389885808,9.91,4952.85,136.36,1.075,3.927035677126717e-05,-0.001601833776040119,0.0012838586743731417,0.009820810000000001,0.00853695132562686,4.265873015873015e-05
2017-10-13,0.8021702838063438,9.61,4957.27,138.28,1.07,3.9228762528650354e-05,0.0008920175120141059,0.0012398176941753713,0.009235209999999999,0.007995392305824628,4.2460317460317464e-05
2017-10-16,0.8299832495812396,9.91,4966.05,147.53,1.07,3.916883727302992e-05,0.0017695695172832368,0.0012361117643697346,0.009820810000000001,0.008584698235630267,4.2460317460317464e-05
2017-10-17,0.8556016597510373,10.31,4969.38,150.12,1.094,3.914890285196197e-05,0.0006703283349974427,0.0012368706925392646,0.010629610000000003,0.009392739307460738,4.341269841269841e-05
2017-10-18,0.8447986577181208,10.07,4973.28,147.95,1.09,3.911215410196275e-05,0.0007844983535626627,0.0012380380244193746,0.01014049,0.008902451975580625,4.3253968253968256e-05
2017-10-19,0.8403010033444817,10.05,4975.32,146.16,1.089,3.908922114734419e-05,0.0004101079606360265,0.0012411843705729204,0.010100250000000002,0.008859065629427081,4.3214285714285716e-05
2017-10-20,0.8413502109704643,9.97,5001.11,148.81,1.104,3.8896127890654225e-05,0.005170197645696436,0.0012018720195223008,0.009940090000000002,0.008738217980477702,4.380952380952381e-05
2017-10-23,0.8820717131474103,11.07,4981.37,142.46,1.091,0.0,-0.003954934190755793,0.0015507985363361959,0.012254490000000002,0.010703691463663807,4.3293650793650795e-05
2017-10-24,0.8808208366219417,11.16,4989.56,142.15,1.113,3.898559482267755e-05,0.0016427759179678833,0.001392395521950084,0.012454560000000002,0.011062164478049918,4.4166666666666665e-05
2017-10-25,0.8671814671814673,11.23,4966.29,138.0,1.103,3.916270144310993e-05,-0.004674647041746307,0.0018268166015571452,0.012611290000000002,0.010784473398442858,4.376984126984127e-05
2017-10-26,0.8739365815931942,11.3,4972.6,135.36,1.102,3.914277326545026e-05,0.0012697596709080334,0.0017174880960377076,0.012769,0.011051511903962294,4.373015873015873e-05
2017-10-27,0.8013082583810303,9.8,5012.75,135.7,1.098,3.8819122299609495e-05,0.008041824548555612,0.002303418790784051,0.009604000000000001,0.0073005812092159506,4.357142857142857e-05
2017-10-30,0.8353221957040573,10.5,4997.15,132.54,1.098,3.894005179023346e-05,-0.0031169167783334072,0.0024606228991114073,0.011024999999999998,0.00856437710088859,4.357142857142857e-05
2017-10-31,0.8222940226171244,10.18,5002.03,131.81,1.132,3.888856481748004e-05,0.0009760801160584089,0.0023556548329612377,0.010363240000000001,0.008007585167038762,4.492063492063492e-05
2017-11-01,0.8114558472553699,10.2,5009.99,129.05,1.162,3.8832689357866164e-05,0.001590089048396079,0.0023403362001457747,0.010403999999999998,0.008063663799854223,4.61111111111111e-05
2017-11-02,0.7831230283911672,9.93,5011.48,128.97,1.163,3.8819122299609495e-05,0.0002973615669116217,0.0023417654488597653,0.00986049,0.007518724551140234,4.615079365079365e-05
2017-11-03,0.7359098228663447,9.14,5027.49,130.34,1.172,3.870193703191325e-05,0.0031895729488138755,0.0020966075159880165,0.008353960000000002,0.006257352484011986,4.650793650793651e-05
2017-11-06,0.7478122513922036,9.4,5034.3,130.52,1.181,3.86376369220907e-05,0.001353636090566044,0.0020718204327210446,0.008836,0.006764179567278955,4.686507936507937e-05
2017-11-07,0.7750783699059561,9.89,5033.38,129.15,1.205,3.8655559635829474e-05,-0.000182763060121287,0.0019963117344599843,0.00978121,0.0077848982655400155,4.7817460317460317e-05
2017-11-08,0.7593167701863353,9.78,5040.74,131.5,1.227,3.8604821742419944e-05,0.001461170069341435,0.0019731939003331932,0.00956484,0.0075916460996668066,4.8690476190476194e-05
2017-11-09,0.7990867579908676,10.5,5023.01,128.95,1.228,3.87154222884334e-05,-0.0035235410942568096,0.0021849496784249432,0.011024999999999998,0.008840050321575055,4.8730158730158726e-05
2017-11-10,0.8295371050698016,11.29,5020.31,130.56,1.223,3.8751428958907615e-05,-0.0005376708230037775,0.002139665841749741,0.012746409999999996,0.010606744158250254,4.853174603174604e-05
2017-11-13,0.8363636363636363,11.5,5025.36,129.75,1.213,3.8712424752689175e-05,0.0010054083849852728,0.0021405282147395686,0.013225,0.011084471785260432,4.813492063492064e-05
2017-11-14,0.8320172290021536,11.59,5014.53,130.15,1.242,3.8793521481877245e-05,-0.002157394991489584,0.002214750635608887,0.01343281,0.011218059364391113,4.928571428571429e-05
2017-11-15,0.8956343792633016,13.13,4987.96,135.21,1.242,3.89931956873171e-05,-0.005312689639099186,0.002612991517322506,0.01723969,0.014626698482677492,4.928571428571429e-05
2017-11-16,0.8424068767908309,11.76,5030.48,136.3,1.26,3.869295207874366e-05,0.008488398454682468,0.00344299315143981,0.01382976,0.01038676684856019,5e-05
2017-11-17,0.8282608695652174,11.43,5017.45,137.19,1.262,3.877246379617666e-05,-0.0025935704774961766,0.0035614354323675696,0.01306449,0.009503054567632431,5.0079365079365074e-05
2017-11-20,0.8019578313253013,10.65,5024.01,135.83,1.264,3.872141875274789e-05,0.0013065830931452134,0.003276273515629527,0.01134225,0.008065976484370473,5.015873015873016e-05
2017-11-21,0.7752988047808765,9.73,5056.95,133.56,1.278,7.697044334990245e-05,0.0065351151542382396,0.0034937743283641725,0.00946729,0.005973515671635827,5.0714285714285716e-05
2017-11-22,0.7942122186495177,9.88,5053.6,132.52,1.287,3.8494851313601794e-05,-0.000662674161661232,0.003503774783412248,0.009761440000000003,0.0062576652165877555,5.107142857142857e-05
2017-11-24,0.7785829307568438,9.67,5064.23,130.98,1.266,7.685508972824736e-05,0.0021012418495162254,0.0031528230657507463,0.009350889999999999,0.006198066934249253,5.023809523809524e-05
2017-11-27,0.7852028639618137,9.87,5062.85,130.18,1.247,0.0,-0.00027253660651265854,0.0031681603317375556,0.009741689999999999,0.0065735296682624435,4.948412698412699e-05
2017-11-28,0.817440912795436,10.03,5112.91,124.08,1.279,3.805537056413626e-05,0.009839147907089636,0.003532365965914372,0.01006009,0.006527724034085629,5.075396825396825e-05
2017-11-29,0.8346333853354133,10.7,5111.68,126.28,1.289,3.806406181621813e-05,-0.00024059644561450736,0.0033374339537893378,0.011448999999999999,0.008111566046210661,5.115079365079365e-05
2017-11-30,0.8650306748466258,11.28,5155.44,128.9,1.26,3.775935960122682e-05,0.008524350544861363,0.004001561154384341,0.01272384,0.008722278845615659,5e-05
2017-12-01,0.8606927710843374,11.43,5145.21,128.83,1.262,0.0,-0.001986283072113877,0.004141385097431861,0.01306449,0.00892310490256814,5.0079365079365074e-05
2017-12-04,0.8619926199261992,11.68,5139.91,132.14,1.272,7.571742257886655e-05,-0.0010306151934298,0.004195036591535258,0.01364224,0.009447203408464742,5.047619047619048e-05
2017-12-05,0.8367799113737076,11.33,5120.92,132.07,1.297,3.799464275533694e-05,-0.0037014591765989003,0.004420237546762999,0.01283689,0.008416652453237,5.146825396825396e-05
2017-12-06,0.8193308550185874,11.02,5120.46,130.98,1.285,3.798742616190585e-05,-8.983164384277928e-05,0.0044278964299441885,0.012144039999999998,0.00771614357005581,5.0992063492063484e-05
2017-12-07,0.785769528228925,10.16,5136.37,130.84,1.283,3.787376673565152e-05,0.003102325525601777,0.00447537150203931,0.01032256,0.00584718849796069,5.091269841269841e-05
2017-12-08,0.768860353130016,9.58,5165.19,132.54,1.275,3.766833035122292e-05,0.005595283663720374,0.004732203291271825,0.009177639999999999,0.004445436708728174,5.059523809523809e-05
2017-12-11,0.760586319218241,9.34,5181.75,133.98,1.289,0.0,0.0032009490998462886,0.004480935030762701,0.00872356,0.004242624969237299,5.115079365079365e-05
2017-12-12,0.7948717948717948,9.92,5189.96,133.02,1.328,3.748055696104235e-05,0.0015831529641258037,0.004426990611540935,0.00984064,0.005413649388459065,5.26984126984127e-05
2017-12-13,0.8144,10.18,5187.68,134.71,1.299,3.74889876098555e-05,-0.0004394062689945998,0.004473055132663327,0.010363240000000001,0.005890184867336674,5.154761904761905e-05
2017-12-14,0.8195312499999999,10.49,5167.45,134.03,1.306,0.0,-0.003907247081765788,0.004671684286377993,0.011004010000000002,0.0063323257136220085,5.182539682539683e-05
2017-12-15,0.7798013245033113,9.42,5214.1,135.73,1.317,3.751148789313317e-05,0.008987157792253704,0.004695576815853778,0.00887364,0.004178063184146223,5.226190476190476e-05
2017-12-18,0.7895608947804473,9.53,5242.28,132.72,1.341,3.727935283040096e-05,0.0053900237414061985,0.004312866310562481,0.00908209,0.004769223689437518,5.3214285714285715e-05
2017-12-19,0.8017585931254996,10.03,5225.43,130.69,1.367,3.742024809621084e-05,-0.003219427086493233,0.004389444616167771,0.01006009,0.00567064538383223,5.424603174603174e-05
2017-12-20,0.7857720291026679,9.72,5221.79,133.15,1.376,3.743145365068125e-05,-0.0006968361243073905,0.004469287768114232,0.009447840000000002,0.004978552231885771,5.46031746031746e-05
2017-12-21,0.7789473684210526,9.62,5232.16,132.63,1.345,3.736711320363546e-05,0.0019839397359608583,0.004179211346391247,0.00925444,0.005075228653608752,5.337301587301587e-05
2017-12-22,0.7926341072858287,9.9,5229.79,134.4,1.326,3.738247883213736e-05,-0.0004530704200538416,0.004167671206618833,0.009801,0.005633328793381168,5.261904761904762e-05
2017-12-26,0.812202852614897,10.25,5224.51,135.6,1.335,3.7441264017039164e-05,-0.00101011075805026,0.004247039487857498,0.010506249999999998,0.006259210512142501,5.297619047619047e-05
2017-12-27,0.8276679841897233,10.47,5229.01,138.43,1.436,3.740205337269615e-05,0.0008609540667576499,0.004212290372912325,0.01096209,0.006749799627087676,5.6984126984126985e-05
2017-12-28,0.7978056426332288,10.18,5239.59,137.82,1.38,3.7333632002355394e-05,0.002021283381182719,0.003310255228788436,0.010363240000000001,0.007052984771211565,5.476190476190476e-05
2017-12-29,0.8433919022154316,11.04,5212.76,137.05,1.382,3.745528775021407e-05,-0.005133785020026234,0.0037709525443196273,0.01218816,0.008417207455680373,5.484126984126984e-05
2018-01-02,0.774781919111816,9.77,5256.28,135.37,1.394,3.7226617031143437e-05,0.00831408623704291,0.0037312561477321326,0.00954529,0.005814033852267867,5.5317460317460316e-05
2018-01-03,0.7426948051948052,9.15,5289.92,133.43,1.395,3.6973360693796784e-05,0.006379570668594775,0.003957892230717805,0.00837225,0.004414357769282194,5.535714285714286e-05
2018-01-04,0.7532679738562091,9.22,5312.33,131.24,1.4,3.683037769548977e-05,0.004227410856014036,0.003978085595607978,0.00850084,0.004522754404392023,5.555555555555555e-05
2018-01-05,0.7645107794361526,9.22,5349.69,127.03,1.399,3.658246602400141e-05,0.007008081565343045,0.003931432273023428,0.00850084,0.004569407726976573,5.551587301587302e-05
2018-01-08,0.7835390946502057,9.52,5358.68,128.0,1.41,0.0,0.0016790607930217431,0.003872205413276737,0.009063039999999998,0.00519083458672326,5.595238095238095e-05
2018-01-09,0.8122481869460113,10.08,5367.26,126.37,1.428,0.0,0.0015998601204331383,0.0038638202416159187,0.01016064,0.006296819758384082,5.6666666666666664e-05
2018-01-10,0.7944983818770227,9.82,5361.33,129.12,1.422,7.297139521301011e-05,-0.0011054575864843867,0.0038113726351695406,0.009643240000000003,0.005831867364830462,5.642857142857143e-05
2018-01-11,0.8125,9.88,5399.46,126.1,1.43,3.622335319577239e-05,0.007086869939057245,0.004132235988909851,0.009761440000000003,0.005629204011090152,5.674603174603175e-05
2018-01-12,0.8327868852459017,10.16,5435.92,124.95,1.441,3.5988699548309086e-05,0.006729830907251772,0.004401243870196682,0.01032256,0.005921316129803318,5.718253968253969e-05
2018-01-16,0.8813303099017384,11.66,5416.86,128.65,1.422,7.216048491859813e-05,-0.0035124676987733534,0.0047193460543837025,0.01359556,0.008876213945616298,5.642857142857143e-05
2018-01-17,0.8988679245283019,11.91,5467.85,136.19,1.442,3.576218149303855e-05,0.009369174373478905,0.004838551821350962,0.014184809999999999,0.009346258178649036,5.722222222222222e-05
2018-01-18,0.8998527245949927,12.22,5459.5,131.41,1.43,3.581212956825221e-05,-0.0015282756798687615,0.004496970632752064,0.014932840000000001,0.010435869367247937,5.674603174603175e-05
2018-01-19,0.8642638036809817,11.27,5483.57,132.28,1.431,7.133939718223169e-05,0.004399138234099064,0.004428848133058014,0.012701289999999999,0.008272441866941985,5.678571428571428e-05
2018-01-22,0.8491147036181678,11.03,5527.89,127.18,1.42,3.5378818701412497e-05,0.008049838863764484,0.004429995707409992,0.01216609,0.0077360942925900076,5.634920634920634e-05
2018-01-23,0.8396369137670197,11.1,5540.13,122.95,1.437,7.060900264777339e-05,0.0022117786180009483,0.00428404197469141,0.012321,0.00803695802530859,5.7023809523809524e-05
2018-01-24,0.8477457501847747,11.47,5537.03,120.2,1.432,3.531135789823586e-05,-0.0005597102652539314,0.004415146203367531,0.013156090000000002,0.008740943796632471,5.682539682539682e-05
2018-01-25,0.8464912280701755,11.58,5540.38,121.87,1.421,3.530138557935189e-05,0.0006048345420321333,0.00434460151581116,0.01340964,0.00906503848418884,5.638888888888889e-05
2018-01-26,0.8231797919762258,11.08,5606.08,117.99,1.418,3.4913153530560894e-05,0.011788632600693521,0.005098444553535773,0.012276639999999998,0.007178195446464225,5.626984126984127e-05
2018-01-29,0.923282188125417,13.84,5568.67,118.8,1.408,7.022471910105973e-05,-0.006695476812560512,0.006258885488683913,0.019154559999999998,0.012895674511316084,5.5873015873015865e-05
2018-01-30,0.9343019583070119,14.79,5508.36,122.85,1.446,7.096980234903592e-05,-0.010889308045064624,0.008576490160159912,0.02187441,0.013297919839840088,5.738095238095238e-05
2018-01-31,0.9087248322147651,13.54,5511.21,121.23,1.459,7.091947094068229e-05,0.0005172615743711078,0.007889394956286946,0.018333159999999998,0.010443765043713051,5.78968253968254e-05
2018-02-01,0.9150815217391305,13.47,5508.7,120.59,1.483,7.102524947632605e-05,-0.00045553911845121756,0.007560798950383913,0.018144090000000005,0.010583291049616092,5.8849206349206357e-05
2018-02-02,1.016441573693482,17.31,5392.21,126.45,1.479,3.625750077043891e-05,-0.021373341224470443,0.013903890483918244,0.02996360999999999,0.016059719516081747,5.869047619047619e-05
2018-02-05,1.326697476004266,37.32,5171.26,117.33,1.484,0.00018938317898608553,-0.041838946879098636,0.03552044478544174,0.13927823999999997,0.10375779521455823,5.888888888888888e-05
2018-02-06,1.2623157894736843,29.98,5262.02,129.61,1.519,0.00011155526633809692,0.017398610887016164,0.0389865902977612,0.08988004000000001,0.05089344970223881,6.027777777777777e-05
2018-02-07,1.2040816326530612,27.73,5235.84,136.9,1.545,3.734339115352895e-05,-0.0049876935439201586,0.03910566094245729,0.07689528999999999,0.0377896290575427,6.13095238095238e-05
2018-02-08,1.2242956458104648,33.46,5040.06,130.92,1.544,0.00011622726304156176,-0.038109303128820715,0.055321494207715184,0.11195716,0.056635665792284816,6.126984126984128e-05
2018-02-09,1.1661316211878008,29.06,5116.99,128.51,1.56,3.8200744914491094e-05,0.015148388776644005,0.059265783970571084,0.08444835999999999,0.025182576029428902,6.19047619047619e-05
2018-02-12,1.1202974628171478,25.61,5188.37,148.02,1.576,7.55001887506178e-05,0.013853206787333861,0.06140232255021016,0.06558720999999999,0.004184887449789836,6.253968253968253e-05
2018-02-13,1.1024282560706402,24.97,5202.22,143.07,1.589,3.758197568442756e-05,0.0026658752202783887,0.06071681649587565,0.06235008999999999,0.001633273504124337,6.305555555555556e-05
2018-02-14,0.9958634953464324,19.26,5273.43,127.84,1.576,7.41949844189858e-05,0.01359554717110193,0.06361686416466927,0.03709476000000001,-0.026522104164669262,6.253968253968253e-05
2018-02-15,1.0026205450733754,19.13,5338.35,131.67,1.593,7.330572151149731e-05,0.012235611731515656,0.0644845428104065,0.03659569,-0.027888852810406498,6.321428571428571e-05
2018-02-16,1.015127803860198,19.46,5340.82,137.8,1.594,0.00010975542832066715,0.0004625827745123573,0.06451269434121093,0.03786916,-0.02664353434121093,6.325396825396825e-05
2018-02-20,1.0294852573713142,20.6,5309.99,131.63,1.6,0.0,-0.005789247222804215,0.0643601612563891,0.04243600000000001,-0.021924161256389095,6.349206349206349e-05
2018-02-21,0.9995007488766849,20.02,5280.91,130.03,1.644,3.704732796143708e-05,-0.005491520660178047,0.06329094497228081,0.04008004,-0.023210904972280816,6.523809523809524e-05
2018-02-22,0.9821615949632739,18.72,5286.5,134.31,1.636,7.398638650481582e-05,0.001057969837719517,0.06317932502250281,0.03504383999999999,-0.02813548502250282,6.492063492063492e-05
2018-02-23,0.9422857142857142,16.49,5371.56,139.2,1.641,3.64172690691664e-05,0.015961967935859113,0.0671509599729543,0.027192009999999996,-0.0399589499729543,6.511904761904762e-05
2018-02-26,0.9338061465721039,15.8,5435.38,131.72,1.641,3.5986109361753625e-05,0.011811066206087673,0.06923671395348677,0.024964,-0.04427271395348677,6.511904761904762e-05
2018-02-27,0.9773922187171399,18.59,5367.09,132.27,1.663,3.641594289976841e-05,-0.012643573133526004,0.06858077131455464,0.03455881,-0.03402196131455464,6.599206349206348e-05
2018-02-28,0.9979889391654098,19.85,5308.09,138.95,1.656,3.682630871491246e-05,-0.011053790333837998,0.06931622253448948,0.03940225000000001,-0.02991397253448947,6.571428571428571e-05
2018-03-01,1.049019607843137,22.47,5238.18,136.54,1.616,0.0,-0.013257962108776038,0.06989731354542479,0.050490089999999994,-0.019407223545424797,6.412698412698413e-05
2018-03-02,0.9864048338368581,19.59,5265.24,127.48,1.644,7.433286255846952e-05,0.005152618836350794,0.07049532410520112,0.03837681,-0.032118514105201126,6.523809523809524e-05
2018-03-05,0.9750130140551796,18.73,5323.36,130.12,1.66,7.348078477471457e-05,0.010977954346273746,0.07255919888799854,0.03508129,-0.03747790888799854,6.587301587301587e-05
2018-03-06,0.9542619542619543,18.36,5337.69,128.41,1.67,3.665084571843995e-05,0.0026882921719979243,0.06753513404970796,0.033708959999999996,-0.03382617404970796,6.626984126984126e-05
2018-03-07,0.9426751592356689,17.76,5335.47,128.17,1.679,0.0,-0.00041599676797012756,0.04495667498543145,0.03154176,-0.013414914985431445,6.662698412698412e-05
2018-03-08,0.9097909790979097,16.54,5360.73,129.62,1.657,7.298204641672258e-05,0.004723181496093168,0.04180268446222181,0.02735716,-0.01444552446222181,6.575396825396826e-05
2018-03-09,0.8606701940035273,14.64,5454.03,127.79,1.664,0.00010769865915159561,0.01725462511932729,0.044447646133762606,0.02143296,-0.023014686133762605,6.603174603174603e-05
2018-03-12,0.8865168539325842,15.78,5447.1,141.98,1.678,0.00010768706139967893,-0.0012714279957297431,0.023549779966080403,0.024900839999999997,0.001351060033919594,6.658730158730159e-05
2018-03-13,0.9058171745152355,16.35,5412.75,140.43,1.715,7.222563287724769e-05,-0.006326075324238761,0.022887348931458974,0.026732250000000003,0.0038449010685410283,6.805555555555556e-05
2018-03-14,0.917465388711395,17.23,5383.27,141.66,1.753,-3.632598942931053e-05,-0.0054612854128863264,0.021923597927766898,0.02968729,0.007763692072233104,6.956349206349207e-05
2018-03-15,0.9110378912685337,16.59,5379.39,146.55,1.765,0.0,-0.0007210113797308653,0.021983594186390176,0.027522809999999998,0.005539215813609822,7.003968253968254e-05
2018-03-16,0.890642615558061,15.8,5388.74,147.35,1.773,7.29261622606447e-05,0.0017366065138166272,0.020084822813576524,0.024964,0.004879177186423476,7.035714285714285e-05
2018-03-19,0.9814241486068112,19.02,5312.23,143.96,1.759,3.6937852063868886e-05,-0.014299881929990538,0.021041300315022257,0.03617604,0.015134739684977742,6.980158730158729e-05
2018-03-20,0.9639830508474576,18.2,5320.2,139.52,1.791,7.381980585384346e-05,0.0014991872023152237,0.021072380024793058,0.033124,0.012051619975206943,7.107142857142856e-05
2018-03-21,0.9545697487974345,17.86,5310.96,133.69,1.746,7.39371534195261e-05,-0.001738286758296025,0.02069711710931373,0.031897959999999996,0.011200842890686267,6.928571428571429e-05
2018-03-22,1.077562326869806,23.34,5177.52,131.52,1.716,7.569736194708244e-05,-0.02544643272526222,0.028241360060785727,0.05447556,0.026234199939214272,6.809523809523808e-05
2018-03-23,1.091268100043879,24.87,5069.03,130.79,1.721,3.873191703619848e-05,-0.021176699348535843,0.033053575833452156,0.06185169,0.028798114166547845,6.829365079365079e-05
2018-03-26,1.0159420289855072,21.03,5206.69,128.96,1.743,3.772090303838443e-05,0.026794859367662287,0.03936530149861561,0.04422609000000001,0.004860788501384397,6.916666666666668e-05
2018-03-27,1.0255241567912488,22.5,5116.75,128.65,1.759,7.669888019627938e-05,-0.017424865290025782,0.03982674598166233,0.050625,0.010798254018337672,6.980158730158729e-05
2018-03-28,1.0251008516360378,22.87,5102.69,128.33,1.722,7.69526741055739e-05,-0.002751620220124138,0.0385662871093815,0.05230369000000001,0.013737402890618505,6.833333333333333e-05
2018-03-29,0.9717761557177614,19.97,5173.19,119.34,1.706,3.7965792820634054e-05,0.013721667860274931,0.040532754732364354,0.03988008999999999,-0.0006526647323643608,6.769841269841269e-05
2018-04-02,1.0465219317678334,23.62,5057.69,119.68,1.719,7.766387076724842e-05,-0.022579662195103666,0.0444019126320846,0.05579044000000001,0.011388527367915409,6.821428571428572e-05
2018-04-03,1.0038058991436727,21.1,5121.7,118.38,1.744,7.675480676970415e-05,0.012576557868770714,0.04633963767599144,0.04452100000000001,-0.0018186376759914274,6.920634920634921e-05
2018-04-04,0.9823702252693436,20.06,5181.31,119.23,1.698,0.0,0.011571504860307572,0.0465277548644377,0.04024036,-0.006287394864437697,6.738095238095238e-05
2018-04-05,0.9658337582865886,18.94,5217.62,121.51,1.708,-7.529553497470751e-05,0.00698343917403009,0.04717951267829392,0.035872360000000006,-0.011307152678293915,6.777777777777777e-05
2018-04-06,1.0136792452830188,21.49,5103.35,122.39,1.712,-0.00011547566350403034,-0.02214417239010653,0.05247943378290297,0.04618200999999999,-0.006297423782902982,6.793650793650794e-05
2018-04-09,1.0254357041921809,21.77,5121.9,119.9,1.713,0.0,0.0036282771276897846,0.05230505814045033,0.047393290000000005,-0.004911768140450329,6.797619047619047e-05
2018-04-10,1.0034313725490196,20.47,5207.73,121.25,1.723,0.0,0.016618596281223978,0.051998572480610177,0.041902089999999996,-0.01009648248061018,6.837301587301588e-05
2018-04-11,0.9936180657830141,20.24,5179.19,122.27,1.723,3.791541071865213e-05,-0.00549538685652924,0.05211377936258007,0.04096576,-0.011148019362580072,6.837301587301588e-05
2018-04-12,0.95902489626556,18.49,5222.55,122.29,1.746,3.7607416182650755e-05,0.008337114973730532,0.05324376594737397,0.03418800999999999,-0.01905575594737398,6.928571428571429e-05
2018-04-13,0.938544474393531,17.41,5207.57,126.0,1.752,-0.00015086938482994613,-0.0028724521481966196,0.053079031752419285,0.03031081,-0.022768221752419285,6.952380952380952e-05
2018-04-16,0.9292929292929292,16.56,5249.94,131.47,1.742,0.0,0.008103311753407939,0.0542044998923374,0.02742336,-0.0267811398923374,6.912698412698413e-05
2018-04-17,0.9077380952380952,15.25,5305.9,130.57,1.785,3.701715745244556e-05,0.010602760982384031,0.05579496691028867,0.02325625,-0.03253871691028867,7.083333333333332e-05
2018-04-18,0.9285714285714285,15.6,5310.32,146.26,1.812,3.698703604383298e-05,0.0008326881423691326,0.05337109895093798,0.024336,-0.02903509895093798,7.19047619047619e-05
2018-04-19,0.9322429906542056,15.96,5280.57,138.2,1.814,3.7193387015754765e-05,-0.005618050654598387,0.05370700269947034,0.025472160000000008,-0.028234842699470332,7.198412698412698e-05
2018-04-20,0.9525959367945824,16.88,5235.75,133.07,1.805,-3.7503047122544605e-05,-0.00852394590046851,0.054495906931254834,0.02849343999999999,-0.026002466931254842,7.162698412698412e-05
2018-04-23,0.94178674351585,16.34,5236.04,126.48,1.82,-3.751289505764196e-05,5.5386901394006746e-05,0.04638344000610952,0.026699559999999997,-0.019683880006109523,7.222222222222223e-05
2018-04-24,0.988480526604498,18.02,5166.1,126.5,1.853,3.801775429143555e-05,-0.013447435615148886,0.04287134889280088,0.03247204,-0.010399308892800878,7.353174603174603e-05
2018-04-25,0.9786066922654965,17.84,5175.59,124.29,1.847,0.0,0.0018352904919324044,0.034061785674961466,0.031826560000000004,-0.002235225674961462,7.32936507936508e-05
2018-04-26,0.9392712550607287,16.24,5229.61,127.08,1.813,0.0,0.010383363192030502,0.03133049846672271,0.026373759999999996,-0.004956738466722711,7.194444444444445e-05
2018-04-27,0.902224824355972,15.41,5235.73,128.4,1.807,0.0,0.001169575130407871,0.03114044924194261,0.023746810000000004,-0.007393639241942605,7.17063492063492e-05
2018-04-30,0.9186851211072664,15.93,5193.04,130.77,1.802,0.0,-0.008187013127902891,0.030001291086062257,0.025376489999999998,-0.004624801086062259,7.150793650793651e-05
2018-05-01,0.9160260201064458,15.49,5206.31,128.21,1.839,-0.00011321822813484123,0.002552083967255384,0.023164897427100845,0.023994010000000003,0.0008291125728991586,7.297619047619047e-05
2018-05-02,0.925260718424102,15.97,5168.79,122.42,1.826,3.799464275533694e-05,-0.007232732901538089,0.02228409759643439,0.025504090000000004,0.003219992403565613,7.246031746031747e-05
2018-05-03,0.9336465061655901,15.9,5157.7,126.79,1.827,0.0,-0.002147874885565015,0.020692831719124196,0.025281,0.004588168280875805,7.249999999999999e-05
2018-05-04,0.8870870870870872,14.77,5224.71,127.37,1.83,-0.00011278831513044988,0.01290855022886657,0.022189305090654365,0.02181529,-0.00037401509065436433,7.261904761904762e-05
2018-05-07,0.885885885885886,14.75,5242.87,123.04,1.829,0.0,0.0034697644000652632,0.015727026038140884,0.021756249999999998,0.006029223961859113,7.257936507936508e-05
2018-05-08,0.8925970873786409,14.71,5241.53,125.1,1.859,3.746791809509697e-05,-0.0002556178717516919,0.015678634268375197,0.021638410000000004,0.005959775731624806,7.376984126984127e-05
2018-05-09,0.8504435994930292,13.42,5292.9,126.05,1.882,-3.71105709463112e-05,0.009752859373463464,0.01355922102648715,0.018009639999999997,0.004450418973512846,7.468253968253968e-05
2018-05-10,0.8681102362204725,13.23,5343.7,129.35,1.888,-0.00011030020037859703,0.009551997114020137,0.01389956533582318,0.01750329,0.003603724664176822,7.492063492063491e-05
2018-05-11,0.8535762483130904,12.65,5354.69,131.59,1.902,0.0,0.0020545154674232787,0.013289018828913955,0.01600225,0.0027132311710860446,7.547619047619046e-05
2018-05-14,0.8898830006882312,12.93,5359.66,133.97,1.898,3.664278778346952e-05,0.0009277278335064684,0.013073289971533899,0.01671849,0.0036452000284661005,7.531746031746032e-05
2018-05-15,0.9265357821405954,14.63,5323.23,136.76,1.906,0.0,-0.006820278260902809,0.013213933895464552,0.021403690000000003,0.008189756104535451,7.563492063492063e-05
2018-05-16,0.8863936591809775,13.42,5346.33,134.45,1.902,-7.347538574570835e-05,0.004330082232630459,0.012114451895935992,0.018009639999999997,0.005895188104064005,7.547619047619046e-05
2018-05-17,0.8941411451398136,13.43,5343.29,134.78,1.902,7.352130279762767e-05,-0.0005687760803386186,0.01212137926602954,0.018036490000000002,0.005915110733970462,7.547619047619046e-05
2018-05-18,0.8834759710335748,13.42,5329.66,133.32,1.891,3.6853452247315214e-05,-0.002554121851906313,0.011777498922399564,0.018009639999999997,0.006232141077600433,7.503968253968254e-05
2018-05-21,0.8904016337644657,13.08,5369.19,134.02,1.903,3.658246602400141e-05,0.007389612880327984,0.011221402616442774,0.01710864,0.005887237383557228,7.551587301587302e-05
2018-05-22,0.8884408602150538,13.22,5352.45,134.61,1.927,-3.6687150325565096e-05,-0.003122659145922192,0.011434144683120016,0.017476840000000004,0.006042695316879988,7.646825396825397e-05
2018-05-23,0.8687845303867403,12.58,5369.99,135.61,1.909,3.657978966617615e-05,0.0032716463128157087,0.008681630572529457,0.01582564,0.007144009427470541,7.575396825396825e-05
2018-05-24,0.8683298683298682,12.53,5359.32,139.24,1.897,0.0,-0.0019889449587076813,0.00885789378502672,0.01570009,0.0068421962149732805,7.527777777777777e-05
2018-05-25,0.8914362778152394,13.22,5347.31,140.78,1.892,3.6739717471539227e-05,-0.0022434706415284424,0.007995755849928057,0.017476840000000004,0.009481084150071947,7.507936507936507e-05
2018-05-29,0.9935785172212493,17.02,5285.7,141.84,1.881,-3.715883544206345e-05,-0.011588569838854253,0.009913722952291933,0.028968039999999997,0.019054317047708064,7.464285714285715e-05
2018-05-30,0.93375,14.94,5353.76,143.89,1.918,3.668580442794323e-05,0.0127940569127813,0.010628371208874486,0.02232036,0.011691988791125514,7.61111111111111e-05
2018-05-31,0.9448867115737907,15.43,5318.1,140.07,1.9,-0.00018464833724176515,-0.006683021089626045,0.011395665895726798,0.023808489999999998,0.0124128241042732,7.53968253968254e-05
2018-06-01,0.8814669286182057,13.46,5376.29,134.53,1.907,-7.30914007966298e-05,0.010882448512622354,0.011569999401516788,0.01811716,0.006547160598483212,7.567460317460318e-05
2018-06-04,0.8550335570469798,12.74,5400.5,132.7,1.906,3.6376202688375075e-05,0.0044929966580582155,0.011426105657245526,0.016230760000000004,0.004804654342754478,7.563492063492063e-05
2018-06-05,0.842391304347826,12.4,5404.62,132.58,1.938,0.0,0.0007626014703527263,0.009915840458747341,0.015375999999999999,0.005460159541252658,7.690476190476189e-05
2018-06-06,0.8202959830866808,11.64,5451.09,136.57,1.937,-0.00010811395210542088,0.008561445331074455,0.010465296043095706,0.01354896,0.003083663956904294,7.686507936507937e-05
2018-06-07,0.8406098406098407,12.13,5448.18,133.84,1.928,3.6058775804528644e-05,-0.0005339807288277395,0.01048102848854673,0.014713690000000001,0.004232661511453271,7.65079365079365e-05
2018-06-08,0.8342465753424657,12.18,5465.42,133.11,1.915,7.189072609626819e-05,0.0031593634254869166,0.009688171784475393,0.014835239999999998,0.0051470682155246045,7.59920634920635e-05
2018-06-11,0.8487972508591065,12.35,5471.29,138.93,1.903,3.589697567976633e-05,0.0010734490653338397,0.008836263005744891,0.01525225,0.006415986994255109,7.551587301587302e-05
2018-06-12,0.8457847840986977,12.34,5481.07,142.82,1.919,3.584422101543418e-05,0.0017859169346957087,0.008830827844819948,0.01522756,0.0063967321551800516,7.615079365079365e-05
2018-06-13,0.8672922252010724,12.94,5459.21,141.74,1.925,-0.00010792725702886894,-0.003996246730794234,0.00914449479045666,0.016744359999999996,0.007599865209543337,7.638888888888889e-05
2018-06-14,0.8416666666666666,12.12,5474.37,142.39,1.927,-7.176432595350322e-05,0.0027731099448135574,0.008388203732420028,0.014689439999999996,0.006301236267579969,7.646825396825397e-05
2018-06-15,0.8307905686546464,11.98,5469.37,140.92,1.924,-0.0002164736443338106,-0.0009137644622226863,0.008322154412571657,0.014352040000000002,0.006029885587428344,7.634920634920635e-05
2018-06-18,0.8501381215469613,12.31,5457.83,140.92,1.924,-7.230919411417134e-05,-0.0021121612655046786,0.008415000591028723,0.01515361,0.0067386094089712766,7.634920634920635e-05
2018-06-19,0.8800263678312459,13.35,5436.13,139.35,1.928,-3.6296981905921506e-05,-0.003983864214732788,0.008567943601712705,0.01782225,0.009254306398287296,7.65079365079365e-05
2018-06-20,0.8647734956051386,12.79,5445.43,140.82,1.928,0.0,0.0017093141542866787,0.008032185195345511,0.016358409999999997,0.008326224804654486,7.65079365079365e-05
2018-06-21,0.9224952741020794,14.64,5411.4,139.94,1.93,0.0,-0.006268885382773086,0.008451782677096715,0.02143296,0.012981177322903286,7.658730158730158e-05
2018-06-22,0.8883870967741935,13.77,5421.63,140.54,1.912,-3.640003640000329e-05,0.0018886688287446057,0.008378891977545612,0.01896129,0.010582398022454387,7.587301587301587e-05
2018-06-25,0.9891552511415524,17.33,5347.23,134.66,1.89,3.689832666085237e-05,-0.013817838430199403,0.010786695050698184,0.030032889999999993,0.01924619494930181,7.500000000000001e-05
2018-06-26,0.943687018375815,15.92,5359.01,134.92,1.92,3.682495258784005e-05,0.0022005867146265945,0.010784487891673897,0.02534464,0.014560152108326105,7.619047619047618e-05
2018-06-27,0.9922437673130193,17.91,5312.89,131.3,1.922,-0.0005569065696412931,-0.008643313210022591,0.01002074859046487,0.032076810000000004,0.022056061409535137,7.626984126984128e-05
2018-06-28,0.96175799086758,16.85,5346.44,136.34,1.916,-3.691058410995997e-05,0.006294975535914985,0.008472250173569524,0.028392250000000004,0.01991999982643048,7.603174603174603e-05
2018-06-29,0.9387397899649941,16.09,5350.83,141.72,1.917,-0.00014748174913362016,0.0008207702051922611,0.007896523308286042,0.025888809999999995,0.017992286691713953,7.607142857142857e-05
2018-07-02,0.9203539823008849,15.6,5367.49,140.89,1.93,-0.00011032859533320914,0.003108698642485325,0.006547078120808857,0.024336,0.017788921879191143,7.658730158730158e-05
2018-07-03,0.9302593659942363,16.14,5340.93,134.57,1.966,0.0,-0.004960592592470258,0.0065305699437893504,0.026049960000000004,0.019519390056210652,7.801587301587302e-05
2018-07-05,0.9056261343012704,14.97,5388.28,139.86,1.948,-7.324129344117556e-05,0.00882642942082881,0.00757317119716625,0.02241009,0.01483691880283375,7.730158730158731e-05
2018-07-06,0.8510502864417567,13.37,5434.36,141.02,1.946,-7.263482840035828e-05,0.008515533817005335,0.007563124335239267,0.017875689999999996,0.010312565664760728,7.722222222222222e-05
2018-07-09,0.8533960995292535,12.69,5483.89,138.96,1.956,0.0,0.009072944797642493,0.008576802812965719,0.016103609999999997,0.007526807187034279,7.761904761904762e-05
2018-07-10,0.8592794017675051,12.64,5503.05,139.26,1.972,-3.586864900730251e-05,0.0034877808421329053,0.008601669677619102,0.015976960000000002,0.007375290322380899,7.825396825396827e-05
2018-07-11,0.8862158647594278,13.63,5464.01,136.85,1.957,0.0,-0.007119531561592801,0.009253000709782543,0.01857769,0.009324689290217458,7.765873015873016e-05
2018-07-12,0.8523035230352304,12.58,5512.36,138.22,1.965,0.0,0.00880989119719433,0.010172372631045564,0.01582564,0.005653267368954435,7.797619047619048e-05
2018-07-13,0.8376891334250344,12.18,5518.33,142.48,1.971,3.576985674169122e-05,0.0010824346587391886,0.009935745445985238,0.014835239999999998,0.00489949455401476,7.821428571428572e-05
2018-07-16,0.863973063973064,12.83,5512.92,148.16,1.981,-3.57941834451576e-05,-0.000980849936993868,0.00989103793533933,0.01646089,0.0065698520646606685,7.861111111111111e-05
2018-07-17,0.8375,12.06,5534.91,149.58,2.009,-0.00014261266400463656,0.003980877518992684,0.010024603738314729,0.01454436,0.0045197562616852704,7.972222222222223e-05
2018-07-18,0.8408617095205003,12.1,5546.86,154.25,2.0,3.5581490508605044e-05,0.002156696020934619,0.009955045184168189,0.014641,0.004685954815831811,7.936507936507937e-05
2018-07-19,0.8597194388777554,12.87,5525.51,150.98,1.987,-3.571492348074396e-05,-0.0038564510507039214,0.009939974590423164,0.016563689999999996,0.006623715409576831,7.884920634920636e-05
2018-07-20,0.8527851458885941,12.86,5520.5,152.72,1.974,0.0,-0.0009071149389767359,0.009960623973837493,0.016537959999999997,0.006577336026162504,7.833333333333333e-05
2018-07-23,0.8492597577388964,12.62,5530.66,153.78,1.959,-3.5684336360522076e-05,0.0018387215210878365,0.009335408444728072,0.015926439999999993,0.006591031555271921,7.773809523809524e-05
2018-07-24,0.84421768707483,12.41,5557.37,145.94,1.988,0.0,0.004817817351613917,0.009501154475460958,0.015400810000000001,0.005899655524539043,7.888888888888888e-05
2018-07-25,0.8446735395189002,12.29,5607.99,145.09,1.995,3.519453780770023e-05,0.009067391794038296,0.007138004420433897,0.015104409999999999,0.007966405579566103,7.916666666666668e-05
2018-07-26,0.8430555555555556,12.14,5590.99,142.18,1.985,3.530013943571933e-05,-0.0030359931096893933,0.0074758717386259515,0.014737960000000001,0.00726208826137405,7.876984126984127e-05
2018-07-27,0.8686666666666666,13.03,5554.31,144.57,1.985,0.0,-0.006582170498755711,0.006973096536129488,0.01697809,0.010004993463870513,7.876984126984127e-05
2018-07-30,0.9106002554278416,14.26,5522.81,141.57,1.985,3.5728960108583546e-05,-0.005687414221384373,0.00743419333449644,0.02033476,0.01290056666550356,7.876984126984127e-05
2018-07-31,0.8628110289172831,12.83,5549.96,144.49,2.023,-0.0004976892996800084,0.004903931791198722,0.00755968646539155,0.01646089,0.008901203534608448,8.027777777777779e-05
2018-08-01,0.8639947437582128,13.15,5544.19,142.77,2.02,-0.00010679767181085976,-0.001040187940537569,0.0076231406609814055,0.017292250000000002,0.009669109339018597,8.015873015873015e-05
2018-08-02,0.825880758807588,12.19,5572.08,143.83,2.005,0.0,0.00501788073165978,0.0071827564339953034,0.014859609999999999,0.007676853566004695,7.956349206349205e-05
2018-08-03,0.8033126293995859,11.64,5598.71,146.19,2.004,0.0,0.004767800745678553,0.006684031592620085,0.01354896,0.006864928407379916,7.952380952380952e-05
2018-08-06,0.791988756148981,11.27,5619.05,142.01,2.012,3.512654337246748e-05,0.0036263964090011472,0.006146471834908779,0.012701289999999999,0.00655481816509122,7.984126984126984e-05
2018-08-07,0.7846374730796841,10.93,5634.98,138.94,2.048,0.0,0.0028309877686901754,0.005437200117764516,0.011946489999999999,0.006509289882235483,8.126984126984128e-05
2018-08-08,0.7772206303724928,10.85,5633.67,139.84,2.051,3.503547341680268e-05,-0.00023250345088379426,0.005397638645862477,0.01177225,0.006374611354137523,8.138888888888889e-05
2018-08-09,0.7975937721160651,11.27,5627.0,138.61,2.046,-3.507971866062444e-05,-0.0011846543376299974,0.004588453736001684,0.012701289999999999,0.008112836263998315,8.119047619047618e-05
2018-08-10,0.8646517739816031,13.16,5588.66,149.2,2.045,-3.532008830018863e-05,-0.006836895794670871,0.004604481856488042,0.01731856,0.01271407814351196,8.115079365079365e-05
2018-08-13,0.9117828500925353,14.78,5566.36,159.03,2.041,3.545407810530182e-05,-0.003998205239730511,0.004859460713092266,0.021844839999999997,0.016985379286907732,8.099206349206348e-05
2018-08-14,0.8671009771986972,13.31,5602.41,152.41,2.071,-7.046223224365365e-05,0.0064555228901447765,0.005261915590512126,0.01771561,0.012453694409487874,8.21825396825397e-05
2018-08-15,0.9042618900555899,14.64,5560.85,148.4,2.059,3.5490568381420354e-05,-0.007445888031156899,0.005903254163793999,0.02143296,0.015529705836206002,8.170634920634921e-05
2018-08-16,0.8671824629271437,13.45,5606.56,148.45,2.049,0.0,0.008186366449713463,0.006633410970871557,0.018090249999999995,0.01145683902912844,8.13095238095238e-05
2018-08-17,0.8332234673698089,12.64,5625.66,146.01,2.035,3.508587267333616e-05,0.0034009338153582016,0.006466923987911789,0.015976960000000002,0.009510036012088212,8.075396825396826e-05
2018-08-20,0.8326666666666667,12.49,5639.53,145.55,2.035,3.500113753693812e-05,0.0024624541634190133,0.006453513993531498,0.01560001,0.009146496006468502,8.075396825396826e-05
2018-08-21,0.8466096115865701,12.86,5651.39,144.7,2.069,3.493388761765176e-05,0.002100803895853898,0.006459773049905786,0.016537959999999997,0.010078186950094211,8.210317460317461e-05
2018-08-22,0.8123342175066313,12.25,5649.31,143.75,2.075,3.494121141176787e-05,-0.00036811879325860465,0.006287265408021586,0.015006249999999999,0.008718984591978413,8.234126984126984e-05
2018-08-23,0.8240371845949535,12.41,5640.1,147.38,2.078,3.4993788602491226e-05,-0.0016316179575763222,0.00542685072982446,0.015400810000000001,0.009973959270175541,8.246031746031745e-05
2018-08-24,0.8090418353576249,11.99,5675.12,148.2,2.093,-3.478200379120678e-05,0.00618991266911726,0.005679202574479025,0.014376010000000002,0.008696807425520977,8.305555555555556e-05
2018-08-27,0.8221771467207574,12.16,5719.3,144.85,2.1,3.45154888255791e-05,0.007754711762221424,0.005510736874396278,0.01478656,0.009275823125603723,8.333333333333334e-05
2018-08-28,0.827266710787558,12.5,5720.89,140.88,2.115,-3.4496438242720064e-05,0.0002779674131702077,0.0048732468459076845,0.015625,0.010751753154092315,8.392857142857144e-05
2018-08-29,0.8193979933110368,12.25,5754.0,140.76,2.121,0.0,0.005770877435609288,0.00495274342951986,0.015006249999999999,0.010053506570480139,8.416666666666666e-05
2018-08-30,0.8706563706563707,13.53,5729.45,141.82,2.098,-0.0001033573926374144,-0.004275725048056962,0.005303361226935993,0.01830609,0.013002728773064007,8.325396825396825e-05
2018-08-31,0.8488448844884487,12.86,5730.8,146.91,2.098,-3.445602549742753e-05,0.00023559695578100154,0.005161708163598845,0.016537959999999997,0.011376251836401154,8.325396825396825e-05
2018-09-04,0.851779935275081,13.16,5721.86,142.18,2.112,0.0,-0.0015612096780740037,0.005095276431996103,0.01731856,0.012223283568003897,8.380952380952382e-05
2018-09-05,0.8737437185929648,13.91,5705.86,142.22,2.133,3.4595492207333915e-05,-0.002800210445286307,0.005171388977936123,0.01934881,0.014177421022063878,8.464285714285715e-05
2018-09-06,0.8965728274173806,14.65,5686.7,140.56,2.128,3.469993233510039e-05,-0.003363601870763295,0.005303900614274829,0.02146225,0.01615834938572517,8.444444444444444e-05
2018-09-07,0.8969258589511755,14.88,5674.58,145.87,2.135,-3.4777165313223684e-05,-0.002133563224850128,0.005379250305463998,0.022141440000000005,0.01676218969453601,8.472222222222221e-05
2018-09-10,0.8756957328385899,14.16,5685.34,144.88,2.127,3.471197736775919e-05,0.0018943801044103328,0.0053743625709422,0.020050560000000002,0.014676197429057802,8.44047619047619e-05
2018-09-11,0.8507078507078508,13.22,5706.99,147.88,2.144,0.0,0.0038008073964204895,0.0047678568435701625,0.017476840000000004,0.012708983156429841,8.507936507936508e-05
2018-09-12,0.8577023498694517,13.14,5709.08,148.75,2.139,0.0,0.0003661505269940091,0.004446966990368793,0.017265960000000004,0.01281899300963121,8.488095238095238e-05
2018-09-13,0.8375084631008801,12.37,5740.75,150.64,2.138,3.4386121761225884e-05,0.005531973970911348,0.004335017411043864,0.015301689999999998,0.010966672588956134,8.484126984126984e-05
2018-09-14,0.8399443284620738,12.07,5743.19,151.59,2.148,3.437430177196399e-05,0.00042494127219686484,0.0033711711714476153,0.01456849,0.011197318828552384,8.523809523809524e-05
2018-09-17,0.8952879581151832,13.68,5711.29,150.95,2.151,-0.00010367887197397507,-0.005569887497494592,0.00333671464150525,0.01871424,0.01537752535849475,8.535714285714285e-05
2018-09-18,0.8503989361702128,12.79,5742.18,151.37,2.165,0.0,0.005394011578372711,0.0035109323053934285,0.016358409999999997,0.012847477694606568,8.591269841269842e-05
2018-09-19,0.8020477815699658,11.75,5749.39,145.19,2.165,0.0,0.0012548330552004914,0.0034832033852312248,0.013806249999999999,0.010323046614768775,8.591269841269842e-05
2018-09-20,0.8132322536181944,11.8,5794.72,144.84,2.166,-3.406748769328274e-05,0.007853395884168857,0.004051672925204201,0.013924000000000002,0.009872327074795802,8.595238095238095e-05
2018-09-21,0.8010973936899862,11.68,5792.72,141.55,2.167,-3.424598893851443e-05,-0.0003452013593788623,0.0040507778542293775,0.01364224,0.009591462145770623,8.599206349206348e-05
2018-09-24,0.8259986459038592,12.2,5772.36,138.84,2.168,3.435658701661452e-05,-0.0035209477208452337,0.0042281310929591,0.014884,0.0106558689070409,8.603174603174604e-05
2018-09-25,0.8324396782841823,12.42,5765.25,137.68,2.21,3.440031648288036e-05,-0.0012324911138489557,0.003937901016948873,0.015425640000000001,0.011487738983051127,8.769841269841269e-05
2018-09-26,0.8508250825082508,12.89,5746.27,140.98,2.194,0.0,-0.0032975692521893694,0.003452891636558384,0.016615210000000005,0.013162318363441622,8.706349206349207e-05
2018-09-27,0.8334452652787105,12.41,5763.22,142.1,2.187,-3.440505066160138e-05,0.002945397624734765,0.003541899801023147,0.015400810000000001,0.011858910198976854,8.678571428571428e-05
2018-09-28,0.8205822613405551,12.12,5763.42,144.43,2.2,0.0,3.470222025159538e-05,0.0031532988339006696,0.014689439999999996,0.011536141166099327,8.730158730158731e-05
2018-10-01,0.8141112618724559,12.0,5784.45,141.52,2.201,-6.857534716282755e-05,0.003642234152000492,0.003036938874037473,0.0144,0.011363061125962526,8.734126984126984e-05
2018-10-02,0.8119946091644206,12.05,5782.37,137.98,2.211,-6.858945780046864e-05,-0.00035964941486427203,0.0030444808861857732,0.014520250000000002,0.011475769113814229,8.773809523809523e-05
2018-10-03,0.7908719346049046,11.61,5786.48,136.33,2.22,0.0,0.000710528734128496,0.0029926129673271532,0.013479209999999998,0.010486597032672846,8.80952380952381e-05
2018-10-04,0.8977272727272728,14.22,5740.56,136.73,2.217,0.0,-0.007967395430953308,0.0037472689904125334,0.020220839999999997,0.016473571009587462,8.797619047619048e-05
2018-10-05,0.912,14.82,5708.9,130.28,2.213,0.0,-0.0055304059220980546,0.00400303870383745,0.02196324,0.017960201296162548,8.781746031746031e-05
2018-10-08,0.9503331314354935,15.69,5706.66,129.64,2.213,0.0,-0.00039244680571941113,0.003937663454424048,0.024617609999999995,0.020679946545575947,8.781746031746031e-05
2018-10-09,0.9591100420926038,15.95,5700.23,128.98,2.237,3.4791684787304186e-05,-0.001127388916882226,0.003923423923999045,0.02544025,0.021516826076000955,8.876984126984127e-05
2018-10-10,1.1091787439613527,22.96,5512.94,127.65,2.264,-7.189072609626819e-05,-0.033408468721888525,0.017090658505193073,0.05271616,0.03562550149480692,8.984126984126984e-05
2018-10-11,1.1586270871985158,24.98,5399.54,130.85,2.261,3.672487559445052e-05,-0.02078429142515453,0.02138559183215544,0.06240004,0.04101444816784455,8.972222222222222e-05
2018-10-12,1.0740927419354838,21.31,5476.83,125.51,2.266,0.0,0.014212701673385099,0.024080675022991414,0.04541160999999999,0.021330934977008578,8.992063492063491e-05
2018-10-15,1.0497782158698867,21.3,5444.61,128.32,2.278,3.6431863307615734e-05,-0.005900337954611059,0.02413582357527407,0.045369,0.02123317642472593,9.03968253968254e-05
2018-10-16,0.9810690423162584,17.62,5561.8,132.15,2.302,0.0,0.021295668401519325,0.03074721974889576,0.03104644000000001,0.00029922025110424785,9.134920634920634e-05
2018-10-17,0.9613259668508286,17.4,5560.62,130.65,2.307,0.0,-0.0002121840398811056,0.030183895258155506,0.030275999999999997,9.210474184449119e-05,9.154761904761904e-05
2018-10-18,1.0100704934541793,20.06,5481.13,125.96,2.307,-0.0001446968600780047,-0.014398328754706476,0.032025661446631576,0.04024036,0.008214698553368427,9.154761904761904e-05
2018-10-19,1.0025201612903225,19.89,5479.3,124.94,2.307,0.0,-0.00033392850773280593,0.03074027888446589,0.03956121,0.00882093111553411,9.154761904761904e-05
2018-10-22,0.9909182643794148,19.64,5455.88,125.68,2.305,-3.6356365090585174e-05,-0.004283429410163371,0.030696147289270934,0.03857296000000001,0.007876812710729077,9.146825396825398e-05
2018-10-23,1.0212031558185404,20.71,5426.08,126.54,2.329,-0.0002559555368667136,-0.0054769682103154365,0.030774995437047793,0.042890410000000004,0.01211541456295221,9.242063492063493e-05
2018-10-24,1.1153846153846154,25.23,5258.61,128.91,2.331,3.770525799840789e-05,-0.0313502246820328,0.040359503873786895,0.06365529000000002,0.023295786126213122,9.25e-05
2018-10-25,1.0793226381461674,24.22,5356.54,125.26,2.327,-0.00011107614269592741,0.018451510983326903,0.04662907554831984,0.05866084,0.012031764451680159,9.234126984126984e-05
2018-10-26,1.0747330960854093,24.16,5263.74,121.7,2.322,-0.00015081818867363118,-0.017476443549446097,0.04839676619938984,0.05837056,0.009973793800610163,9.214285714285715e-05
2018-10-29,1.0711188204683435,24.7,5229.28,120.83,2.306,3.7909661277357504e-05,-0.00656819941011875,0.0481958720517504,0.061009,0.012813127948249597,9.150793650793651e-05
2018-10-30,1.0503823661718399,23.35,5311.67,118.11,2.325,0.0,0.015632685454609607,0.05242105112962314,0.05452225000000001,0.0021011988703768664,9.226190476190478e-05
2018-10-31,1.0037825059101655,21.23,5369.49,117.64,2.328,0.0,0.010826645193189086,0.054965852221608054,0.04507129000000001,-0.009894562221608047,9.238095238095237e-05
2018-11-01,0.9636273044344793,19.34,5426.33,118.28,2.32,0.0,0.01053009872612576,0.0571716910205547,0.037403559999999995,-0.019768131020554705,9.206349206349206e-05
2018-11-02,0.9610837438423646,19.51,5392.53,115.73,2.319,3.678972830782299e-05,-0.006248368121691615,0.05699456815450546,0.03806401000000001,-0.01893055815450545,9.202380952380951e-05
2018-11-05,0.9881188118811882,19.96,5422.88,118.89,2.315,3.657176294179935e-05,0.00561237709261406,0.057767851575286355,0.03984016,-0.017927691575286356,9.186507936507937e-05
2018-11-06,1.0168539325842698,19.91,5457.25,119.93,2.342,0.0,0.006317960231684807,0.058655735124155325,0.03964081,-0.019014925124155327,9.293650793650794e-05
2018-11-07,0.9284903518728717,16.36,5573.06,120.56,2.355,-0.000213561131874007,0.020999274851259953,0.0650887630473753,0.026764959999999997,-0.03832380304737531,9.345238095238095e-05
2018-11-08,0.9457013574660633,16.72,5562.0,121.85,2.352,3.565888708610161e-05,-0.001986518911821591,0.05133363754634111,0.027955839999999996,-0.023377797546341117,9.333333333333333e-05
2018-11-09,0.9404117009750812,17.36,5511.79,120.06,2.349,-0.00010798552993888996,-0.009068321519948401,0.04671984003957458,0.03013696,-0.016582880039574577,9.321428571428572e-05
2018-11-12,1.0108749382105784,20.45,5403.19,121.35,2.349,-3.669522778559311e-05,-0.01989991439947936,0.04930837746628087,0.041820249999999996,-0.007488127466280872,9.321428571428572e-05
2018-11-13,0.9876665022200296,20.02,5395.37,122.06,2.341,-7.352400558775756e-05,-0.0014483415134974667,0.04895657971329449,0.04008004,-0.008876539713294496,9.289682539682539e-05
2018-11-14,1.0014137606032045,21.25,5355.94,120.68,2.375,3.701852777311679e-05,-0.007334953002512428,0.04311635304438893,0.045156249999999995,0.002039896955611062,9.424603174603175e-05
2018-11-15,0.9837518463810931,19.98,5414.43,120.76,2.358,3.662399970697469e-05,0.010861386378168539,0.045029805030611124,0.039920040000000004,-0.00510976503061112,9.357142857142858e-05
2018-11-16,0.9374677002583979,18.14,5426.86,118.71,2.349,0.0,0.002293086052796823,0.042850398559522385,0.032905960000000005,-0.00994443855952238,9.321428571428572e-05
2018-11-19,0.9738372093023256,20.1,5336.7,115.79,2.351,3.714779249239735e-05,-0.01675321339010436,0.046027623995079404,0.040401000000000006,-0.005626623995079398,9.32936507936508e-05
2018-11-20,1.009429726088909,22.48,5240.23,119.55,2.382,0.0,-0.018242093917750262,0.04943078199436692,0.05053504,0.0011042580056330811,9.452380952380952e-05
2018-11-21,0.975609756097561,20.8,5256.61,119.31,2.399,0.0,0.003120941787333485,0.04954727992502659,0.04326400000000001,-0.006283279925026579,9.519841269841271e-05
2018-11-23,0.9894252873563218,21.52,5222.43,117.21,2.4,-0.00018987221599867606,-0.006523521470389214,0.03827524978498987,0.04631104,0.008035790215010129,9.523809523809524e-05
2018-11-26,0.939830929885629,18.9,5304.17,117.57,2.399,0.0,0.015530492835590453,0.03699522876930902,0.03572099999999999,-0.0012742287693090285,9.519841269841271e-05
2018-11-27,0.9538615847542627,19.02,5321.52,115.83,2.394,-3.7268238144007846e-05,0.0032656731787324604,0.03326764123468501,0.03617604,0.0029083987653149915,9.5e-05
2018-11-28,0.95902489626556,18.49,5444.12,115.96,2.383,-3.642788190077375e-05,0.02277715033129468,0.03835979188684648,0.03418800999999999,-0.0041717818868464915,9.456349206349207e-05
2018-11-29,0.9591628381827463,18.79,5433.49,115.49,2.356,7.300335815461619e-05,-0.00195447407727541,0.03599286397867455,0.035306409999999996,-0.0006864539786745547,9.349206349206349e-05
2018-11-30,0.9565907887771308,18.07,5478.91,114.71,2.345,3.626539012490128e-05,0.008324522981457127,0.0354534175574472,0.03265249,-0.002800927557447201,9.305555555555556e-05
2018-12-03,0.9158774373259054,16.44,5538.86,118.46,2.337,3.581341212280743e-05,0.010882527344895284,0.03553989639971726,0.027027360000000007,-0.008512536399717253,9.273809523809525e-05
2018-12-04,0.9995180722891566,20.74,5359.91,117.76,2.412,3.696926006022627e-05,-0.03284151951412229,0.048868583343934735,0.04301475999999999,-0.005853823343934743,9.571428571428571e-05
2018-12-06,1.0061728395061729,21.19,5353.43,116.68,2.404,-0.00011114610155059764,-0.001209706924307587,0.04841254156586421,0.04490161,-0.0035109315658642115,9.53968253968254e-05
2018-12-07,1.035204991087344,23.23,5229.44,114.3,2.39,3.792979195505663e-05,-0.02343327919850498,0.053837227860756384,0.053963290000000004,0.0001260621392436198,9.484126984126985e-05
2018-12-10,1.028623353021354,22.64,5238.7,117.64,2.378,3.7868029915709196e-05,0.0017691781759339353,0.04711458742783409,0.05125696000000001,0.004142372572165924,9.436507936507938e-05
2018-12-11,1.0018416206261511,21.76,5237.1,116.8,2.394,-7.572889057189947e-05,-0.00030546593337799446,0.04718915463058173,0.047349760000000005,0.0001606053694182749,9.5e-05
2018-12-12,0.9939786938397407,21.46,5265.53,116.78,2.424,3.766407412286362e-05,0.005413895270205876,0.047442487908907385,0.04605316,-0.0013893279089073826,9.619047619047618e-05
2018-12-13,0.9672131147540982,20.65,5265.46,117.03,2.411,0.0,-1.3294096756453708e-05,0.043306284777911354,0.04264224999999999,-0.0006640347779113612,9.567460317460318e-05
2018-12-14,0.9849726775956283,21.63,5165.6,118.6,2.414,-0.00011515651689911412,-0.019147248860035753,0.047162874633099594,0.04678569,-0.0003771846330995962,9.57936507936508e-05
2018-12-17,1.0474156343442973,24.52,5058.58,123.96,2.385,3.917190590904638e-05,-0.020935450826456974,0.0511862132087913,0.06012304,0.008936826791208705,9.464285714285713e-05
2018-12-18,1.0702928870292887,25.58,5059.34,124.23,2.387,-3.919493601423131e-05,0.0001502285057461728,0.0488970509094423,0.06543363999999999,0.01653658909055769,9.472222222222222e-05
2018-12-19,1.0649458784346377,25.58,4981.92,125.38,2.397,-0.00011948145050481366,-0.01542068110645795,0.05019691462271562,0.06543363999999999,0.01523672537728437,9.511904761904762e-05
2018-12-20,1.124405705229794,28.38,4903.46,124.07,2.384,0.0,-0.015874280524549898,0.04992534249405539,0.08054243999999999,0.0306170975059446,9.46031746031746e-05
2018-12-21,1.1479222264582538,30.11,4802.51,122.17,2.381,-0.00016621649698729294,-0.020802380471166018,0.050920844679440844,0.09066120999999999,0.03974036532055915,9.448412698412697e-05
2018-12-24,1.2506934812760055,36.07,4672.66,118.27,2.378,8.533515381653714e-05,-0.027410195235282465,0.05650968777590408,0.13010449000000002,0.07359480222409594,9.436507936507938e-05
2018-12-26,1.1837290774620475,30.41,4904.49,116.47,2.428,-8.130742336779507e-05,0.048422609404374393,0.09147027482943348,0.09247680999999999,0.0010065351705665082,9.634920634920635e-05
2018-12-27,1.157203553495558,29.96,4946.94,115.18,2.404,-4.0289277009001945e-05,0.008618091532927105,0.08881733915635524,0.08976016000000002,0.000942820843644776,9.53968253968254e-05
2018-12-28,1.1192733017377567,28.34,4941.61,117.26,2.377,-4.035593938545704e-05,-0.0010780145756804872,0.08832285534476896,0.08031556,-0.008007295344768961,9.432539682539682e-05
2018-12-31,1.0712178676780448,25.42,4984.22,117.8,2.361,0.0,0.008585732729388037,0.0813326097446683,0.06461764000000002,-0.01671496974466828,9.36904761904762e-05
2019-01-02,1.0206593406593407,23.22,4990.56,116.06,2.415,-7.992327365732988e-05,0.0012712061526707317,0.081640231457325,0.053916839999999994,-0.02772339145732501,9.583333333333334e-05
2019-01-03,1.055578598092078,25.45,4868.3,112.22,2.403,4.096597775555325e-05,-0.024803327737694468,0.08447981828618548,0.06477025,-0.019709568286185475,9.535714285714285e-05
2019-01-04,0.9780420860018298,21.38,5035.45,111.44,2.409,-0.00011884718233139005,0.03375809637827986,0.10027631758235624,0.04571044,-0.05456587758235624,9.559523809523809e-05
2019-01-07,0.9898242368177612,21.4,5070.76,113.56,2.409,3.9325953162754014e-05,0.0069878111934548294,0.0909040238032552,0.045795999999999996,-0.0451080238032552,9.559523809523809e-05
2019-01-08,0.9683065279091768,20.47,5120.04,115.3,2.439,-3.895825622841578e-05,0.00967154377122577,0.09271725545457303,0.041902089999999996,-0.050815165454573034,9.678571428571429e-05
2019-01-09,0.9656839052682454,19.98,5142.66,117.01,2.437,3.87784779447054e-05,0.004408203811823254,0.0870673674616891,0.039920040000000004,-0.04714732746168909,9.67063492063492e-05
2019-01-10,0.9502923976608187,19.5,5165.89,117.72,2.427,-0.00011584129742264526,0.004506946044152182,0.08733434635825076,0.038025,-0.04930934635825075,9.630952380952381e-05
2019-01-11,0.9214792299898684,18.19,5165.15,119.09,2.418,0.0,-0.00014325760064164717,0.08733613777539194,0.03308761,-0.054248527775391936,9.595238095238095e-05
2019-01-14,0.9568489713998997,19.07,5138.58,125.2,2.415,-7.768800497196166e-05,-0.0051573670686910315,0.08705942935731785,0.03636649,-0.05069293935731785,9.583333333333334e-05
2019-01-15,0.9667359667359668,18.6,5193.78,126.87,2.429,-3.840909527372589e-05,0.010684979070682476,0.08874259189563999,0.03459600000000001,-0.05414659189563998,9.638888888888889e-05
2019-01-16,0.9749103942652328,19.04,5205.45,131.66,2.416,0.0,0.0022443978830731554,0.08426397675429279,0.03625215999999999,-0.048011816754292794,9.587301587301588e-05
2019-01-17,0.9420970266040687,18.06,5245.48,133.02,2.402,0.0,0.007660599728920076,0.07872656249558728,0.03261636,-0.04611020249558728,9.531746031746032e-05
2019-01-18,0.9447983014861996,17.8,5314.78,131.19,2.397,0.0,0.013124865261026368,0.08023089727159104,0.031684000000000004,-0.04854689727159103,9.511904761904762e-05
2019-01-22,1.0053165780570323,20.8,5239.75,122.82,2.4,-0.00015211439002137383,-0.014217831380111783,0.07970973416637851,0.04326400000000001,-0.0364457341663785,9.523809523809524e-05
2019-01-23,0.9721115537848606,19.52,5251.29,123.88,2.401,-0.00011392332959929198,0.002199973435303511,0.07530520230605905,0.03810303999999999,-0.037202162306059064,9.527777777777776e-05
2019-01-24,0.9603457041179461,18.89,5258.69,130.92,2.361,0.0,0.0014081855955656868,0.06775511096965925,0.03568321000000001,-0.03207190096965924,9.36904761904762e-05
2019-01-25,0.9256110520722636,17.42,5303.51,126.11,2.377,3.7617319013639685e-05,0.00848691920688907,0.054513977681845384,0.030345640000000007,-0.024168337681845377,9.432539682539682e-05
2019-01-28,0.963738508682329,18.87,5261.88,123.06,2.385,3.790822418920338e-05,-0.007880488167931497,0.03240689575276118,0.035607690000000004,0.0032007942472388265,9.464285714285713e-05
2019-01-29,0.9760204081632652,19.13,5254.31,121.9,2.409,-0.00022772991232399237,-0.0014396851535630278,0.03228541925282074,0.03659569,0.004310270747179261,9.559523809523809e-05
2019-01-30,0.9453961456102784,17.66,5336.6,123.28,2.416,3.736850955696233e-05,0.015540053882709851,0.03394582133843116,0.031187560000000003,-0.002758261338431156,9.587301587301588e-05
2019-01-31,0.9267337807606265,16.57,5383.63,126.53,2.39,-3.705831125293315e-05,0.00877412177117321,0.033969623175741266,0.027456490000000004,-0.006513133175741263,9.484126984126985e-05
2019-02-01,0.9175667993177943,16.14,5389.19,126.03,2.391,3.7025380898572325e-05,0.0010322274935769368,0.033984759243796535,0.026049960000000004,-0.007934799243796531,9.488095238095238e-05
2019-02-04,0.915066899360093,15.73,5425.8,128.4,2.382,-3.676267852872417e-05,0.006770258657496327,0.023300978017427282,0.024743289999999998,0.0014423119825727158,9.452380952380952e-05
2019-02-05,0.9121265377855887,15.57,5451.4,123.42,2.407,0.0,0.004707102428538662,0.012494373242777478,0.024242490000000002,0.011748116757222524,9.551587301587302e-05
2019-02-06,0.9100591715976333,15.38,5439.8,123.72,2.416,-0.0002565935375084518,-0.0021301609347604976,0.012754839927139543,0.023654440000000006,0.010899600072860463,9.587301587301588e-05
2019-02-07,0.9343607305936074,16.37,5389.69,124.45,2.403,0.0,-0.009254426133870198,0.014035950963644262,0.026797690000000002,0.01276173903635574,9.535714285714285e-05
2019-02-08,0.910776361529548,15.72,5395.12,127.72,2.418,-0.00011090368015368558,0.001006971927893442,0.014006424148417917,0.024711840000000002,0.010705415851582085,9.595238095238095e-05
2019-02-11,0.9274099883855983,15.97,5399.0,129.19,2.428,-3.694877052962702e-05,0.000718909955996137,0.013966235570027857,0.025504090000000004,0.011537854429972147,9.634920634920635e-05
2019-02-12,0.917360285374554,15.43,5468.98,128.6,2.427,3.648103897995697e-05,0.012878376146117719,0.015264308766124907,0.023808489999999998,0.00854418123387509,9.630952380952381e-05
2019-02-13,0.9227594339622641,15.65,5485.97,127.12,2.43,-7.27352074773199e-05,0.003101796653007666,0.014442974034552443,0.02449225,0.010049275965447557,9.642857142857143e-05
2019-02-14,0.9364896073903002,16.22,5473.33,126.89,2.425,-0.00014577259475226118,-0.0023067176926866426,0.01399007653966318,0.026308839999999993,0.012318763460336814,9.623015873015872e-05
2019-02-15,0.9047330097087378,14.91,5533.27,129.55,2.423,3.604967645412104e-05,0.010891754503163202,0.01483247232153079,0.022230810000000004,0.0073983376784692145,9.615079365079365e-05
2019-02-19,0.9045592705167174,14.88,5541.98,124.68,2.422,-7.19786943064198e-05,0.0015728767830375289,0.014548132624646203,0.022141440000000005,0.007593307375353802,9.611111111111112e-05
2019-02-20,0.8862199747155499,14.02,5552.9,123.39,2.439,0.0,0.0019684761847189153,0.013087897016762218,0.019656039999999996,0.006568142983237778,9.678571428571429e-05
2019-02-21,0.8948019801980198,14.46,5533.8,122.42,2.445,0.0,-0.0034455733259173157,0.010054249377777047,0.020909160000000003,0.010854910622222956,9.702380952380953e-05
2019-02-22,0.8738680465717982,13.51,5569.45,121.08,2.446,-3.582495924907627e-05,0.006421565308659671,0.0102255501320651,0.01825201,0.008026459867934899,9.706349206349207e-05
2019-02-25,0.928125,14.85,5577.09,127.67,2.445,-7.153331664236435e-05,0.0013708291893998643,0.010226878116964145,0.02205225,0.011825371883035854,9.702380952380953e-05
2019-02-26,0.9306748466257668,15.17,5572.74,125.53,2.441,0.0,-0.0007802809945450782,0.009929199566270558,0.02301289,0.013083690433729443,9.686507936507936e-05
2019-02-27,0.9193245778611632,14.7,5570.57,126.44,2.44,-3.581341212280743e-05,-0.00038947135589522357,0.008669827152050589,0.021608999999999996,0.012939172847949407,9.682539682539682e-05
2019-02-28,0.9180124223602484,14.78,5556.49,128.85,2.436,0.0,-0.002530768687317747,0.008798339198198972,0.021844839999999997,0.013046500801801026,9.666666666666667e-05
2019-03-01,0.8823146944083224,13.57,5595.11,126.97,2.433,3.5652530438315433e-05,0.006926388033813897,0.006893479870316338,0.018414490000000006,0.011521010129683668,9.654761904761904e-05
2019-03-04,0.9126637554585153,14.63,5573.53,125.04,2.428,3.578905928454415e-05,-0.0038643965344953915,0.006733216609746061,0.021403690000000003,0.014670473390253942,9.634920634920635e-05
2019-03-05,0.9126934984520125,14.74,5567.4,126.4,2.439,3.583522961420116e-05,-0.0011004468421596603,0.006821037674197965,0.02172676,0.014905722325802036,9.678571428571429e-05
2019-03-06,0.9402628434886501,15.74,5531.34,125.8,2.452,0.0,-0.006498057776882519,0.0071878927577916,0.024774760000000003,0.017586867242208405,9.730158730158731e-05
2019-03-07,0.9589595375722543,16.59,5487.56,123.14,2.449,-3.635107871843453e-05,-0.007946388545879741,0.007900798116123152,0.027522809999999998,0.01962201188387685,9.718253968253967e-05
2019-03-08,0.9380479251899475,16.05,5476.39,125.73,2.444,0.0,-0.002037587523583979,0.007895197176496973,0.025760250000000002,0.01786505282350303,9.698412698412698e-05
2019-03-11,0.8950655840099937,14.33,5556.77,132.93,2.429,3.5905998096949446e-05,0.014570879443722826,0.008958938298999316,0.020534890000000004,0.011575951701000687,9.638888888888889e-05
2019-03-12,0.8798722044728434,13.77,5573.44,130.17,2.443,0.0,0.00299545335885483,0.008983998152010116,0.01896129,0.009977291847989882,9.694444444444445e-05
2019-03-13,0.8747553816046967,13.41,5612.56,132.57,2.44,0.0,0.006994485873110141,0.00932540393053054,0.01798281,0.00865740606946946,9.682539682539682e-05
2019-03-14,0.8823529411764706,13.5,5609.59,130.57,2.439,0.0,-0.0005293103495038373,0.007755484373015233,0.018225,0.010469515626984768,9.678571428571429e-05
2019-03-15,0.8598130841121495,12.88,5637.77,128.76,2.439,-0.00010663064920304095,0.005010964166891901,0.007890295805790771,0.01658944,0.00869914419420923,9.678571428571429e-05
2019-03-18,0.8595800524934383,13.1,5658.73,127.1,2.437,-3.541013792265629e-05,0.003710888160545381,0.007777937335067878,0.017161000000000003,0.009383062664932124,9.67063492063492e-05
2019-03-19,0.87146529562982,13.56,5658.15,123.13,2.45,-3.539885661689908e-05,-0.00010250174968854478,0.006650296011375975,0.01838736,0.011737063988624024,9.722222222222223e-05
2019-03-20,0.8809373020899304,13.91,5641.74,120.59,2.46,3.5520824083086423e-05,-0.002904455093993974,0.006833298511954113,0.01934881,0.012515511488045888,9.761904761904762e-05
2019-03-21,0.8787878787878789,13.63,5703.28,120.67,2.462,-3.512654337246748e-05,0.010848919367050075,0.008030045585696607,0.01857769,0.010547644414303394,9.769841269841271e-05
2019-03-22,0.948762233736327,16.48,5595.5,117.55,2.448,-3.580828245569945e-05,-0.019078744659749246,0.012821485420004792,0.027159040000000002,0.01433755457999521,9.714285714285714e-05
2019-03-25,0.9358166189111747,16.33,5591.23,117.6,2.445,-7.168201856557762e-05,-0.0007634045350831528,0.012373874355859068,0.02666688999999999,0.014293015644140924,9.702380952380953e-05
2019-03-26,0.8924012158054712,14.68,5631.39,117.8,2.455,0.0,0.007157004589874076,0.01294841500789823,0.021550239999999995,0.008601824992101765,9.742063492063493e-05
2019-03-27,0.902860548271752,15.15,5605.32,117.66,2.425,-0.00028605141774228234,-0.00464015655404408,0.013247974506838251,0.02295225,0.00970427549316175,9.623015873015872e-05
2019-03-28,0.8852760736196319,14.43,5626.32,119.25,2.419,-3.561570652654583e-05,0.00373944045054339,0.013383143155769153,0.020822489999999996,0.007439346844230843,9.59920634920635e-05
2019-03-29,0.8677215189873417,13.71,5664.46,120.96,2.389,0.0,0.0067559805557148925,0.013714826597437202,0.01879641,0.005081583402562798,9.480158730158729e-05
2019-04-01,0.8667529107373868,13.4,5730.04,126.77,2.381,3.4977876493086295e-05,0.011510943722125001,0.014661380106485713,0.017956000000000003,0.0032946198935142907,9.448412698412697e-05
2019-04-02,0.8597168597168597,13.36,5730.35,127.31,2.415,3.496809161636823e-05,5.4099380575291663e-05,0.014351990351179511,0.01784896,0.0034969696488204895,9.583333333333334e-05
2019-04-03,0.8790786948176583,13.74,5742.67,125.96,2.424,3.4902186621960126e-05,0.0021476480883653374,0.014280364245960665,0.018878759999999998,0.004598395754039333,9.619047619047618e-05
2019-04-04,0.8772609819121446,13.58,5755.96,126.23,2.425,-3.481833533535595e-05,0.0023115807566330307,0.013441416078173405,0.018441640000000002,0.0050002239218265975,9.623015873015872e-05
2019-04-05,0.851261620185923,12.82,5782.7,128.75,2.425,0.0,0.00463486191098743,0.012220520555984141,0.016435240000000004,0.004214719444015863,9.623015873015872e-05
2019-04-08,0.862565445026178,13.18,5788.86,129.13,2.415,0.0,0.0010646793659428587,0.011981694431407622,0.01737124,0.005389545568592377,9.583333333333334e-05
2019-04-09,0.8930581613508443,14.28,5755.49,127.66,2.412,-3.4805004959681554e-05,-0.005781199104616733,0.010834364077863014,0.020391839999999994,0.00955747592213698,9.571428571428571e-05
2019-04-10,0.8647594278283485,13.3,5775.99,127.61,2.414,3.468669245040984e-05,0.003555488384125525,0.010856788570073212,0.017689000000000003,0.006832211429926792,9.57936507936508e-05
2019-04-11,0.8537704918032787,13.02,5776.28,126.23,2.422,3.469391295294085e-05,5.02065827861087e-05,0.01050892852892582,0.016952039999999995,0.006443111471074174,9.611111111111112e-05
2019-04-12,0.8305670816044259,12.01,5815.04,124.22,2.426,-0.0001378549765647245,0.006687787838918739,0.010788685175425118,0.01442401,0.003635324824574881,9.626984126984127e-05
2019-04-15,0.8479008947006195,12.32,5811.51,127.69,2.405,0.0,-0.0006072308825004554,0.010700513680403513,0.01517824,0.004477726319596488,9.543650793650793e-05
2019-04-16,0.8417415342087076,12.18,5814.46,125.81,2.421,-3.446196260873923e-05,0.0005074845476655698,0.010640765928395846,0.014835239999999998,0.0041944740716041515,9.607142857142857e-05
2019-04-17,0.8502024291497975,12.6,5801.83,125.78,2.432,0.0,-0.0021745333453015163,0.010765140749607723,0.015876,0.005110859250392279,9.65079365079365e-05
2019-04-18,0.8297872340425532,12.09,5811.13,123.6,2.414,3.448097512194509e-05,0.0016016591787307263,0.010543392258400112,0.01461681,0.004073417741599887,9.57936507936508e-05
2019-04-22,0.84375,12.42,5817.16,124.24,2.427,-6.889424733028525e-05,0.0010371259300384524,0.009364483415884426,0.015425640000000001,0.006061156584115575,9.630952380952381e-05
2019-04-23,0.844566712517194,12.28,5868.88,124.65,2.432,0.0,0.008851644816383305,0.004634623945388854,0.015079839999999999,0.010445216054611146,9.65079365079365e-05
2019-04-24,0.8736702127659576,13.14,5856.03,123.81,2.42,3.422020703222142e-05,-0.0021919153571006143,0.004768362925843792,0.017265960000000004,0.012497597074156212,9.603174603174603e-05
2019-04-25,0.871137409598948,13.25,5853.87,124.18,2.417,-0.00013693940431366128,-0.00036891861151642,0.004508580728922294,0.017556250000000002,0.013047669271077708,9.59126984126984e-05
2019-04-26,0.854936198791135,12.73,5881.48,126.29,2.413,0.0,0.004705449934314425,0.004029331668635959,0.01620529,0.012175958331364041,9.575396825396824e-05
2019-04-29,0.860801050558109,13.11,5888.05,125.79,2.41,0.0,0.0011164423188399991,0.004016092922822271,0.017187209999999998,0.013171117077177727,9.563492063492063e-05
2019-04-30,0.861457649376231,13.12,5893.81,126.47,2.418,-3.401996972219601e-05,0.0009777743851820979,0.003748278309128627,0.017213439999999997,0.01346516169087137,9.595238095238095e-05
2019-05-01,0.9141445336627547,14.8,5849.65,125.32,2.412,3.426593794435522e-05,-0.007520817229421324,0.003480589843247936,0.021904000000000007,0.01842341015675207,9.571428571428571e-05
2019-05-02,0.8995633187772925,14.42,5837.46,124.59,2.422,-0.00030905001459394254,-0.0020860596709614456,0.0035856925981898437,0.02079364,0.017207947401810156,9.611111111111112e-05
2019-05-03,0.8540145985401459,12.87,5894.3,122.22,2.422,-3.401302698930598e-05,0.00969001151658195,0.004508923898972714,0.016563689999999996,0.012054766101027282,9.611111111111112e-05
2019-05-06,0.9414634146341464,15.44,5868.45,123.23,2.414,0.0,-0.004395237782733915,0.004867764279515288,0.023839359999999993,0.018971595720484707,9.57936507936508e-05
2019-05-07,1.0287539936102237,19.32,5771.59,116.88,2.415,0.0,-0.016642938639333745,0.008309676874408468,0.037326240000000004,0.029016563125591536,9.583333333333334e-05
2019-05-08,1.0346666666666666,19.4,5762.48,117.79,2.426,-0.00038244241634076886,-0.0015796682167505533,0.008316537729360123,0.03763599999999999,0.029319462270639866,9.626984126984127e-05
2019-05-09,1.0357917570498916,19.1,5747.08,117.68,2.421,-6.975203152785481e-05,-0.0026760378659441437,0.00799688202765729,0.036481,0.02848411797234271,9.607142857142857e-05
2019-05-10,0.9491124260355029,16.04,5770.44,118.54,2.421,0.0,0.004056434376797805,0.008045656332560958,0.025728159999999996,0.017682503667439037,9.607142857142857e-05
2019-05-13,1.0384032339565439,20.55,5631.41,119.36,2.402,3.559035501375889e-05,-0.02438847926630581,0.015153536204399763,0.042230250000000004,0.02707671379560024,9.531746031746032e-05
2019-05-14,0.9874248223072717,18.06,5677.2,119.95,2.394,-3.529391003579122e-05,0.008098298597508853,0.015458119653590252,0.03261636,0.017158240346409746,9.5e-05
2019-05-15,0.939965694682676,16.44,5711.49,120.87,2.397,-0.0003857957036388028,0.006021781893825187,0.016074838910056753,0.027027360000000007,0.010952521089943254,9.511904761904762e-05
2019-05-16,0.9133811230585425,15.29,5763.95,121.09,2.389,-0.00010429522501705075,0.00914306823128557,0.01726005733877659,0.023378409999999995,0.006118352661223406,9.480158730158729e-05
2019-05-17,0.9355216881594374,15.96,5730.89,118.69,2.378,-3.49766530842334e-05,-0.0057521620406457774,0.01757224081402622,0.025472160000000008,0.007899919185973787,9.436507936507938e-05
2019-05-20,0.9433198380566802,16.31,5692.3,115.25,2.37,0.0,-0.006756457137061973,0.01794979809313503,0.026601609999999998,0.008651811906864967,9.404761904761906e-05
2019-05-21,0.9104750304506698,14.95,5740.81,117.17,2.371,3.4903404827109146e-05,0.008485930967902332,0.018994969914441773,0.02235025,0.003355280085558226,9.408730158730158e-05
2019-05-22,0.8982947624847746,14.75,5724.71,115.42,2.367,0.0,-0.0028084222228105726,0.017840683086271993,0.021756249999999998,0.003915566913728005,9.392857142857143e-05
2019-05-23,0.9564725833804409,16.92,5657.1,114.71,2.354,-7.08616780044707e-05,-0.011880499716610723,0.019213099866227486,0.028628640000000007,0.00941554013377252,9.341269841269842e-05
2019-05-24,0.9274429490930368,15.85,5665.6,114.12,2.338,-0.0003181842286683106,0.0015014089566525522,0.019315256763775556,0.025122250000000002,0.005806993236224446,9.277777777777778e-05
2019-05-28,0.9776536312849162,17.5,5618.18,112.58,2.345,-0.00010707975657212558,-0.008405034334875498,0.019308967121093562,0.030624999999999996,0.011316032878906434,9.305555555555556e-05
2019-05-29,0.981359649122807,17.9,5579.51,111.93,2.349,-0.00014372462362101116,-0.006906809123320522,0.01941474466854229,0.032041,0.012626255331457711,9.321428571428572e-05
2019-05-30,0.9632516703786191,17.3,5591.97,112.68,2.367,-0.00021504605569693658,0.0022306811929454456,0.01954537710920554,0.029929000000000004,0.010383622890794465,9.392857142857143e-05
2019-05-31,0.9936271906532131,18.71,5519.27,112.65,2.342,3.63127984457792e-05,-0.01308603494338228,0.020620699593716253,0.03500641000000001,0.014385710406283756,9.293650793650794e-05
2019-06-03,1.0047948854555142,18.86,5504.05,112.32,2.328,-3.6418595334744816e-05,-0.0027614202747632045,0.020614560269129063,0.03556996,0.014955399730870934,9.238095238095237e-05
2019-06-04,0.9647527003979534,16.97,5622.31,112.74,2.342,3.5647446751594e-05,0.02125842659143975,0.02586179869824443,0.028798089999999995,0.0029362913017555656,9.293650793650794e-05
2019-06-05,0.9392877991827204,16.09,5668.89,112.91,2.34,-7.070135746599905e-05,0.008250719895449087,0.027097097638136884,0.025888809999999995,-0.0012082876381368894,9.285714285714285e-05
2019-06-06,0.9414893617021276,15.93,5705.22,113.89,2.308,-7.023458350885592e-05,0.006388213855853193,0.024759169233767496,0.025376489999999998,0.0006173207662325021,9.158730158730159e-05
2019-06-07,0.9504373177842567,16.3,5765.66,114.67,2.272,-6.953861131386881e-05,0.010538085888286626,0.02620705524044023,0.026569000000000002,0.0003619447595597722,9.015873015873015e-05
2019-06-10,0.9443127962085308,15.94,5792.56,114.38,2.274,-6.921612735761139e-05,0.004654704369452086,0.026352722369550455,0.025408359999999994,-0.0009443623695504604,9.023809523809524e-05
2019-06-11,0.9411418481459684,15.99,5790.83,113.81,2.25,0.0,-0.00029870357690855277,0.02617633245382302,0.025568010000000006,-0.0006083224538230153,8.928571428571429e-05
2019-06-12,0.9331378299120234,15.91,5779.12,114.66,2.217,-0.00013873473917856417,-0.002024209957416384,0.018338747366528692,0.025312809999999998,0.006974062633471306,8.797619047619048e-05
2019-06-13,0.9383155397390274,15.82,5804.53,113.33,2.176,-0.00017263703064291592,0.0043872252281600055,0.01786196957679592,0.025027240000000003,0.007165270423204084,8.634920634920635e-05
2019-06-14,0.9204819277108433,15.28,5795.96,113.16,2.172,0.0,-0.0014775240630492232,0.017598439167792215,0.023347839999999998,0.005749400832207784,8.61904761904762e-05
2019-06-17,0.9241420830824805,15.35,5801.4,115.3,2.182,-6.90941753611506e-05,0.0009381446120470196,0.01666038000890075,0.02356225,0.006901869991099249,8.658730158730159e-05
2019-06-18,0.9181818181818182,15.15,5857.95,116.21,2.216,-3.42108414156135e-05,0.009700445297403415,0.017165761976548344,0.02295225,0.005786488023451657,8.793650793650795e-05
2019-06-19,0.8900621118012422,14.33,5875.45,115.93,2.164,3.4123287437480696e-05,0.0029829398087758397,0.01638948721623742,0.020534890000000004,0.004145402783762582,8.587301587301588e-05
2019-06-20,0.9138785625774473,14.75,5931.66,119.23,2.132,-3.3801483885303954e-05,0.009521453540604559,0.016584444853341686,0.021756249999999998,0.005171805146658312,8.460317460317461e-05
2019-06-21,0.9238152369526094,15.4,5924.54,118.46,2.107,-3.4006087089558105e-05,-0.0012010595057284894,0.01643861134690972,0.023716,0.0072773886530902825,8.361111111111111e-05
2019-06-24,0.9265330904675168,15.26,5914.29,117.09,2.109,-6.810365376096234e-05,-0.0017315904631011983,0.014218283052042703,0.023286759999999997,0.009068476947957293,8.369047619047619e-05
2019-06-25,0.9509345794392523,16.28,5858.13,116.83,2.123,-3.4387304207255396e-05,-0.009541016379708374,0.01585284550419218,0.02650384,0.010650994495807822,8.424603174603175e-05
2019-06-26,0.950733137829912,16.21,5850.9,117.16,2.144,-3.442518546565538e-05,-0.0012349444691603024,0.014663564552312559,0.026276410000000007,0.011612845447687448,8.507936507936508e-05
2019-06-27,0.9439140811455846,15.82,5874.15,117.5,2.139,0.0,0.003965873147369467,0.013660182595102707,0.025027240000000003,0.011367057404897296,8.488095238095238e-05
2019-06-28,0.9389788293897884,15.08,5908.25,118.12,2.093,-0.00020474321788091547,0.0057883105663835985,0.01379235644841945,0.022740639999999996,0.008948283551580546,8.305555555555556e-05
2019-07-01,0.9112119248217758,14.06,5953.63,119.86,2.112,0.0,0.007651438287286381,0.01074519111977492,0.019768360000000002,0.009023168880225082,8.380952380952382e-05
2019-07-02,0.8783967391304347,12.93,5971.29,122.14,2.184,3.3729656800711375e-05,0.0029618668989682346,0.010219707738466133,0.01671849,0.006498782261533866,8.666666666666667e-05
2019-07-03,0.8651066758430833,12.57,6018.54,120.82,2.205,3.3471122788783514e-05,0.007881720525349464,0.00650877782028719,0.01580049,0.009291712179712811,8.75e-05
2019-07-05,0.8865153538050734,13.28,6008.31,126.66,2.219,-0.00030169451754029076,-0.0017011939896458674,0.0064413768659501635,0.01763584,0.011194463134049835,8.805555555555555e-05
2019-07-08,0.9018087855297158,13.96,5979.34,121.42,2.233,0.0,-0.004833317021637042,0.006929015188451353,0.01948816,0.012559144811548649,8.861111111111113e-05
2019-07-09,0.9049454078355812,14.09,5988.48,120.44,2.243,-6.728569506116878e-05,0.0015274296867766098,0.006017880056604866,0.01985281,0.013834929943395132,8.90079365079365e-05
2019-07-10,0.857801184990125,13.03,6015.56,120.66,2.174,3.3489057450447595e-05,0.004511822009574278,0.006007866522087562,0.01697809,0.01097022347791244,8.626984126984126e-05
2019-07-11,0.8631508678237649,12.93,6029.33,122.45,2.142,3.341185118358444e-05,0.002286447779755504,0.005951418072008127,0.01671849,0.010767071927991872,8.499999999999999e-05
2019-07-12,0.8371621621621622,12.39,6057.77,123.65,2.134,3.325850170446796e-05,0.004705852104100424,0.00582568934055705,0.015351210000000002,0.009525520659442952,8.468253968253968e-05
2019-07-15,0.8430851063829787,12.68,6058.83,126.22,2.132,3.324854953199643e-05,0.0001749665752278941,0.005810935552506375,0.01607824,0.010267304447493625,8.460317460317461e-05
2019-07-16,0.8449408672798948,12.86,6038.4,125.15,2.148,0.0,-0.0033776359419204695,0.006022776416785678,0.016537959999999997,0.01051518358321432,8.523809523809524e-05
2019-07-17,0.8830594184576486,13.97,5999.05,123.98,2.118,3.35824028208913e-05,-0.006537952833417766,0.006884362771716077,0.019516090000000007,0.012631727228283929,8.404761904761904e-05
2019-07-18,0.8706563706563707,13.53,6021.15,125.42,2.027,3.3461042980679275e-05,0.0036771476184976233,0.006089471654884232,0.01830609,0.012216618345115768,8.043650793650793e-05
2019-07-19,0.9070935342121782,14.45,5984.2,125.5,2.068,3.365700149770596e-05,-0.006155608403622593,0.006706019938665207,0.020880249999999996,0.01417423006133479,8.206349206349206e-05
2019-07-22,0.874595992243051,13.53,6001.28,125.36,2.071,0.0,0.002850117235517473,0.005786198892322183,0.01830609,0.012519891107677816,8.21825396825397e-05
2019-07-23,0.8446081714668453,12.61,6042.48,124.65,2.046,3.333722267613804e-05,0.006841743892663382,0.006206391400880144,0.01590121,0.009694818599119855,8.119047619047618e-05
2019-07-24,0.8289835164835164,12.07,6071.05,123.08,2.095,3.318125259225518e-05,0.004717048288124055,0.0062714827555342325,0.01456849,0.008297007244465767,8.313492063492065e-05
2019-07-25,0.8465116279069768,12.74,6039.13,121.88,2.103,3.333833408341553e-05,-0.005271610152950588,0.005329682154004898,0.016230760000000004,0.010901077845995106,8.345238095238097e-05
2019-07-26,0.8277739959155889,12.16,6083.82,123.27,2.116,3.311422752782723e-05,0.007372826323655998,0.0056366113543479,0.01478656,0.009149948645652101,8.396825396825397e-05
2019-07-29,0.8553333333333334,12.83,6074.01,125.1,2.103,3.316914606030451e-05,-0.0016137751768186296,0.005713948224455893,0.01646089,0.010746941775544106,8.345238095238097e-05
2019-07-30,0.8878980891719745,13.94,6058.96,121.94,2.067,3.3243023120492344e-05,-0.002480844792146103,0.005660311267386803,0.01943236,0.013772048732613196,8.202380952380953e-05
2019-07-31,0.9532820816085157,16.12,5993.17,121.71,2.065,3.3626443835401604e-05,-0.01091768069036927,0.006778903288410122,0.025985440000000002,0.01920653671158988,8.194444444444444e-05
2019-08-01,0.9933296275708728,17.87,5939.83,117.07,2.078,-0.00013560701088253198,-0.008939974064839928,0.007684946280804953,0.03193369,0.024248743719195047,8.246031746031745e-05
2019-08-02,0.9843487982112912,17.61,5897.1,117.25,2.056,3.4157088449749476e-05,-0.0072198087866619486,0.0073264364169834265,0.03101121,0.023684773583016575,8.158730158730159e-05
2019-08-05,1.1228310502283105,24.59,5721.8,113.3,2.005,3.520692872374091e-05,-0.030177263446372407,0.01758129896489993,0.06046681,0.04288551103510008,7.956349206349205e-05
2019-08-06,1.0243778567800914,20.17,5796.72,114.2,2.033,6.949753283771858e-05,0.013008799142454458,0.02027435031007685,0.040682890000000006,0.020408539689923157,8.067460317460318e-05
2019-08-07,0.9994871794871794,19.49,5801.32,113.96,2.015,3.471920840201686e-05,0.0007932375196502562,0.02022523104324006,0.037986009999999994,0.017760778956759933,7.996031746031746e-05
2019-08-08,0.946808510638298,16.91,5911.66,117.71,2.011,3.406516666379692e-05,0.01884119397782084,0.02486440753574932,0.028594810000000002,0.0037304024642506803,7.980158730158732e-05
2019-08-09,0.9682112068965517,17.97,5873.47,116.34,1.989,3.4295316974435946e-05,-0.006481071261588438,0.025098363659806493,0.03229209,0.00719372634019351,7.892857142857144e-05
2019-08-12,1.028780487804878,21.09,5804.25,115.15,1.976,3.471077248840746e-05,-0.011855192745149167,0.02590516334063262,0.04447881,0.01857364665936738,7.841269841269841e-05
2019-08-13,0.9454937938478143,17.52,5890.16,117.58,1.989,3.4196802598925894e-05,0.01469275414390907,0.029243154233282675,0.03069504,0.001451885766717325,7.892857142857144e-05
2019-08-14,1.0375586854460095,22.1,5719.3,113.48,1.944,3.5220568812154284e-05,-0.02943674169987354,0.038727246804887525,0.048841,0.010113753195112478,7.714285714285714e-05
2019-08-15,1.005220692928334,21.18,5734.49,112.52,1.883,3.512777728986003e-05,0.002652398709145671,0.03882539051572907,0.044859239999999995,0.006033849484270923,7.472222222222223e-05
2019-08-16,0.9375634517766497,18.47,5818.17,115.84,1.865,3.461824727810882e-05,0.014486960319515936,0.04181435385959235,0.03411408999999999,-0.0077002638595923545,7.40079365079365e-05
2019-08-19,0.9193899782135077,16.88,5888.93,116.48,1.901,3.4208500812420785e-05,0.012088538014371675,0.043729248799290424,0.02849343999999999,-0.015235808799290432,7.543650793650793e-05
2019-08-20,0.9273979862215156,17.5,5842.76,114.78,1.91,3.447622002720486e-05,-0.007871029385249695,0.04413207219856127,0.030624999999999996,-0.013507072198561277,7.579365079365079e-05
2019-08-21,0.8916478555304741,15.8,5891.19,114.48,1.974,3.4196802598925894e-05,0.008254726669781075,0.0444450353500628,0.024964,-0.0194810353500628,7.833333333333333e-05
2019-08-22,0.9149753154141524,16.68,5888.37,114.46,1.986,3.420967107398151e-05,-0.0004787954819827935,0.043993270749875586,0.02782224,-0.016171030749875585,7.88095238095238e-05
2019-08-23,0.975933202357564,19.87,5735.63,112.62,1.96,3.511051033123573e-05,-0.026281622790819074,0.051311098156229105,0.03948169000000001,-0.011829408156229099,7.777777777777778e-05
2019-08-26,0.9747729566094854,19.32,5799.34,113.07,1.982,3.472523656564252e-05,0.011046521638659658,0.05238291494972067,0.037326240000000004,-0.01505667494972067,7.865079365079366e-05
2019-08-27,0.9840116279069766,20.31,5780.79,111.76,1.977,3.486081818337106e-05,-0.0032037664286351706,0.05238654112392281,0.04124960999999999,-0.01113693112392282,7.845238095238096e-05
2019-08-28,0.9650872817955113,19.35,5818.84,113.65,1.985,6.924248719027369e-05,0.006560577617787262,0.053339092712650145,0.03744225,-0.01589684271265014,7.876984126984127e-05
2019-08-29,0.9395691014188123,17.88,5893.65,115.02,1.985,3.418043853499532e-05,0.012774570966343192,0.054706281419186306,0.031969439999999995,-0.02273684141918631,7.876984126984127e-05
2019-08-30,0.9713408393039918,18.98,5898.23,115.37,1.983,6.838542022853946e-05,0.0007768057731775789,0.05384545242546013,0.03602404,-0.017821412425460127,7.869047619047619e-05
2019-09-03,0.9771371769383698,19.66,5857.95,114.68,1.956,3.439203480470794e-05,-0.006852592869848437,0.05378335667611165,0.03865156,-0.015131796676111649,7.761904761904762e-05
2019-09-04,0.9213184476342371,17.33,5921.96,115.99,1.948,3.401765516319204e-05,0.010867762148925205,0.0431143778013019,0.030032889999999993,-0.01308148780130191,7.730158730158731e-05
2019-09-05,0.8998893805309736,16.27,6000.38,118.58,1.956,3.35767648786734e-05,0.013155325374169155,0.04315662412902529,0.026471289999999995,-0.016685334129025294,7.761904761904762e-05
2019-09-06,0.8591065292096219,15.0,6006.07,118.87,1.953,3.354860353934716e-05,0.0009478239489568771,0.04315359546403401,0.0225,-0.02065359546403401,7.750000000000001e-05
2019-09-09,0.87008547008547,15.27,6005.99,118.79,1.951,3.354072682751985e-05,-1.3319946787051793e-05,0.039252186538262006,0.02331729,-0.015934896538262005,7.742063492063492e-05
2019-09-10,0.8730614589316484,15.2,6008.12,119.01,1.94,3.353397830348554e-05,0.00035458307312280117,0.03856662575655623,0.023104,-0.015462625756556228,7.698412698412698e-05
2019-09-11,0.8543859649122806,14.61,6051.87,119.95,1.949,3.3301696721606974e-05,0.007255427561876833,0.036720101094177164,0.021345210000000003,-0.01537489109417716,7.734126984126984e-05
2019-09-12,0.8459250446162999,14.22,6070.23,119.95,1.955,3.319336796505039e-05,0.003029180428997637,0.0346187656320358,0.020220839999999997,-0.014397925632035805,7.757936507936508e-05
2019-09-13,0.8242351529694061,13.74,6067.5,118.4,1.96,6.643414715157552e-05,-0.00044983700346526954,0.022151525898825273,0.018878759999999998,-0.003272765898825275,7.777777777777778e-05
2019-09-16,0.852906976744186,14.67,6048.67,119.16,1.984,3.331612000482334e-05,-0.0031082454538050573,0.022573248650934404,0.02152089,-0.0010523586509344034,7.873015873015872e-05
2019-09-17,0.8380731282646546,14.44,6064.31,117.94,1.977,6.645843025181701e-05,0.0025823552406350745,0.02068983743719968,0.02085136,0.00016152256280032098,7.845238095238096e-05
2019-09-18,0.8274021352313167,13.95,6066.42,118.09,1.935,3.32121091351492e-05,0.0003478768419177134,0.019351152727385534,0.019460249999999995,0.00010909727261446123,7.678571428571428e-05
2019-09-19,0.8368076235854677,14.05,6066.9,118.77,1.922,3.321652189796185e-05,7.912096610813203e-05,0.018249410319580394,0.019740250000000004,0.0014908396804196103,7.626984126984128e-05
2019-09-20,0.8650479954827781,15.32,6037.5,117.5,1.905,3.3541851845609895e-05,-0.004857747234784409,0.018177343490415453,0.02347024,0.0052928965095845465,7.55952380952381e-05
2019-09-23,0.8554216867469879,14.91,6036.9,118.78,1.894,3.3528356607570386e-05,-9.938382039591049e-05,0.018163323807822127,0.022230810000000004,0.004067486192177876,7.515873015873015e-05
2019-09-24,0.9191374663072777,17.05,5986.58,118.01,1.915,3.380605466435964e-05,-0.008370337671837882,0.009615070345124335,0.029070250000000006,0.01945517965487567,7.59920634920635e-05
2019-09-25,0.8866666666666667,15.96,6023.46,117.98,1.89,3.3602715099540476e-05,0.006141547558838816,0.008790419542610785,0.025472160000000008,0.016681740457389224,7.500000000000001e-05
2019-09-26,0.8868653421633553,16.07,6009.19,117.51,1.814,3.367286808650864e-05,-0.002371880955572799,0.008693709894180827,0.025824490000000002,0.017130780105819175,7.198412698412698e-05
2019-09-27,0.9184,17.22,5978.11,116.61,1.789,3.3857561239833096e-05,-0.005185499594325709,0.008953602490102823,0.029652839999999996,0.020699237509897175,7.09920634920635e-05
2019-09-30,0.9042316258351892,16.24,6008.59,117.67,1.816,3.368988461211457e-05,0.00508564754170067,0.007436978761539714,0.026373759999999996,0.018936781238460283,7.206349206349206e-05
2019-10-01,0.959173126614987,18.56,5935.2,114.01,1.78,3.41046672238724e-05,-0.012289386143919086,0.009532748015770233,0.034447359999999996,0.024914611984229763,7.063492063492064e-05
2019-10-02,0.991321118611379,20.56,5828.93,111.47,1.744,3.471800302063204e-05,-0.018067275822786603,0.013062677581880764,0.042271359999999994,0.02920868241811923,6.920634920634921e-05
2019-10-03,0.9666329625884732,19.12,5876.86,112.44,1.702,3.4438226431307465e-05,0.008189155598653406,0.012399230017344368,0.036557440000000004,0.024158209982655637,6.753968253968255e-05
2019-10-04,0.9166218396987628,17.04,5960.43,114.54,1.694,3.397027600846167e-05,0.014120020456702638,0.012739057736181397,0.02903616,0.0162971022638186,6.722222222222222e-05
2019-10-07,0.9444738233738762,17.86,5933.76,118.76,1.713,3.411630247510671e-05,-0.00448454996886741,0.012919885787074065,0.031897959999999996,0.01897807421292593,6.797619047619047e-05
2019-10-08,0.9946051986267779,20.28,5841.57,118.42,1.683,3.465543830462444e-05,-0.01565847983012637,0.015634986309745674,0.041127840000000006,0.025492853690254332,6.67857142857143e-05
2019-10-09,0.9554074833418759,18.64,5896.6,119.95,1.683,3.433771139150452e-05,0.009376317290419538,0.0169928074155098,0.034744960000000005,0.017752152584490206,6.67857142857143e-05
2019-10-10,0.9350718467269825,17.57,5934.56,120.85,1.677,3.410234112568726e-05,0.0064169752176951094,0.016829092455680386,0.030870489999999997,0.01404139754431961,6.654761904761905e-05
2019-10-11,0.8877492877492877,15.58,6000.04,122.4,1.67,3.37535652202957e-05,0.010973247037629879,0.018379404522905117,0.02427364,0.005894235477094882,6.626984126984126e-05
2019-10-14,0.8510514018691588,14.57,5991.72,124.85,1.67,3.3782071854436114e-05,-0.001387619721376211,0.018387500263632475,0.02122849,0.0028409897363675246,6.626984126984126e-05
2019-10-15,0.8216019417475727,13.54,6051.39,127.17,1.657,3.345544571033522e-05,0.009909481568778326,0.019597715513945946,0.018333159999999998,-0.0012645555139459488,6.575396825396826e-05
2019-10-16,0.8300970873786407,13.68,6039.69,125.53,1.66,3.350925693219705e-05,-0.0019353115936369494,0.019551075805584062,0.01871424,-0.0008368358055840623,6.587301587301587e-05
2019-10-17,0.8388077858880777,13.79,6056.84,128.01,1.668,6.683598449399081e-05,0.002835525806292274,0.01965928849255734,0.019016409999999997,-0.0006428784925573416,6.619047619047619e-05
2019-10-18,0.8558558558558559,14.25,6033.26,126.24,1.665,3.355986240453362e-05,-0.003900717098888199,0.019833874788898958,0.020306249999999998,0.00047237521110104,6.607142857142857e-05
2019-10-21,0.8599508599508598,14.0,6074.9,128.44,1.661,3.332722334235692e-05,0.006878033352111313,0.020128284007114933,0.019600000000000003,-0.0005282840071149306,6.591269841269842e-05
2019-10-22,0.8737160120845922,14.46,6053.42,125.79,1.65,3.344201989797143e-05,-0.00354212660261566,0.020304648823032834,0.020909160000000003,0.0006045111769671686,6.547619047619048e-05
2019-10-23,0.860036832412523,14.01,6070.87,127.92,1.658,3.3349452235216704e-05,0.002878521059633785,0.019413452092677218,0.01962801,0.00021455790732278351,6.579365079365078e-05
2019-10-24,0.8436923076923077,13.71,6082.54,125.22,1.665,3.3287285921112146e-05,0.0019204492544400542,0.01904479880563783,0.01879641,-0.00024838880563782945,6.607142857142857e-05
2019-10-25,0.8052196053469127,12.65,6107.42,125.7,1.668,3.31515523214073e-05,0.004082053517530466,0.019083284787479914,0.01600225,-0.0030810347874799145,6.619047619047619e-05
2019-10-28,0.8198874296435271,13.11,6141.51,125.26,1.637,3.296467834712105e-05,0.00556621484762797,0.018856301365077478,0.017187209999999998,-0.0016690913650774797,6.496031746031746e-05
2019-10-29,0.8203853325046613,13.2,6136.47,127.29,1.612,0.0,-0.0008209819991700213,0.018709111980634623,0.017424000000000002,-0.0012851119806346206,6.396825396825397e-05
2019-10-30,0.7858508604206501,12.33,6156.93,129.64,1.582,3.28790543983656e-05,0.0033286184279185094,0.016404707712900993,0.015202890000000002,-0.0012018177129009908,6.277777777777778e-05
2019-10-31,0.8236760124610591,13.22,6138.73,130.71,1.535,3.2974461279708854e-05,-0.002960396317397162,0.01160032940213013,0.017476840000000004,0.005876510597869873,6.091269841269841e-05
2019-11-01,0.7976653696498055,12.3,6198.59,126.88,1.516,3.2659993141371733e-05,0.009703966458756598,0.011846339434808492,0.015129000000000004,0.0032826605651915114,6.015873015873016e-05
2019-11-04,0.8213828425096031,12.83,6221.63,129.74,1.538,0.0,0.0037100834652293198,0.010108440196982527,0.01646089,0.0063524498030174716,6.103174603174603e-05
2019-11-05,0.8233815210559396,13.1,6214.28,126.78,1.549,3.257275940128306e-05,-0.0011820607990612319,0.009696131180416857,0.017161000000000003,0.007464868819583146,6.146825396825397e-05
2019-11-06,0.7972204674668351,12.62,6219.1,125.2,1.553,3.2557912386628157e-05,0.0007753322493897004,0.005541366054845648,0.015926439999999993,0.010385073945154345,6.162698412698412e-05
2019-11-07,0.8056962025316455,12.73,6238.99,124.68,1.558,3.24438316164844e-05,0.0031931085583377953,0.005003835206879816,0.01620529,0.011201454793120184,6.182539682539683e-05
2019-11-08,0.7772054088860271,12.07,6256.11,123.3,1.55,3.236507808072143e-05,0.0027402759022334354,0.004820527819246064,0.01456849,0.009747962180753935,6.150793650793651e-05
2019-11-11,0.8134615384615385,12.69,6243.81,123.85,1.55,3.2425947242954344e-05,-0.0019680132304690065,0.004071075298013256,0.016103609999999997,0.01203253470198674,6.150793650793651e-05
2019-11-12,0.8185926404131697,12.68,6253.91,123.18,1.568,3.2369268616346175e-05,0.0016162951640424075,0.00393076134365335,0.01607824,0.01214747865634665,6.222222222222222e-05
2019-11-13,0.8322663252240717,13.0,6258.58,124.61,1.571,3.235460648706917e-05,0.0007464541776802138,0.003121037583818692,0.016900000000000002,0.01377896241618131,6.234126984126983e-05
2019-11-14,0.8365384615384616,13.05,6265.42,126.28,1.565,3.230756804778582e-05,0.0010923028872695366,0.002961067917412398,0.01703025,0.014069182082587603,6.210317460317461e-05
2019-11-15,0.8038692461641095,12.05,6314.74,124.95,1.564,3.2069269622355184e-05,0.00784095793457235,0.0033989877131932345,0.014520250000000002,0.011121262286806767,6.206349206349206e-05
2019-11-18,0.8213579433091629,12.46,6318.02,126.59,1.556,3.205179570182504e-05,0.0005192847918756082,0.002977778799060928,0.015525160000000001,0.012547381200939074,6.174603174603175e-05
2019-11-19,0.8296774193548386,12.86,6314.66,127.46,1.559,3.206310018112736e-05,-0.0005319536439193886,0.0027624108704006616,0.016537959999999997,0.013775549129599336,6.186507936507936e-05
2019-11-20,0.8171355498721227,12.78,6292.17,125.64,1.56,3.2175549799677935e-05,-0.0035679110225355247,0.0027659180947036824,0.016332839999999998,0.013566921905296316,6.19047619047619e-05
2019-11-21,0.8299620733249052,13.13,6282.59,124.87,1.569,6.445583164149233e-05,-0.0015236874267865173,0.0028834874063967857,0.01723969,0.014356202593603214,6.226190476190475e-05
2019-11-22,0.8012987012987013,12.34,6296.34,125.53,1.583,3.2154857795112154e-05,0.0021861963579505555,0.0028862638828692517,0.01522756,0.012341296117130748,6.281746031746032e-05
2019-11-25,0.7918612408272181,11.87,6344.36,128.65,1.586,6.38263922133035e-05,0.00759771705636618,0.0032504878304740236,0.014089689999999997,0.010839202169525972,6.293650793650793e-05
2019-11-26,0.7771043771043771,11.54,6358.46,130.28,1.587,3.1845612470712883e-05,0.0022199804123442333,0.0030683200447458475,0.013317159999999998,0.010248839955254151,6.297619047619047e-05
2019-11-27,0.785427807486631,11.75,6385.76,130.37,1.596,3.1702252445007385e-05,0.004284301708250589,0.0030627857886784708,0.013806249999999999,0.010743464211321527,6.333333333333335e-05
2019-11-29,0.8136686009026434,12.62,6361.56,129.83,1.575,3.181926656587672e-05,-0.003796881081337292,0.003414855532764229,0.015926439999999993,0.012511584467235763,6.25e-05
2019-12-02,0.8853919239904988,14.91,6306.88,126.35,1.566,3.209294115774563e-05,-0.008632529271944748,0.004446627901033019,0.022230810000000004,0.017784182098966983,6.214285714285714e-05
2019-12-03,0.9052750992626206,15.96,6265.22,122.78,1.563,3.231278778573682e-05,-0.0066273975682368215,0.004183109556784078,0.025472160000000008,0.02128905044321593,6.202380952380952e-05
2019-12-04,0.8716136631330977,14.8,6305.49,123.31,1.544,6.421164157074084e-05,0.00640697904172229,0.004487930554480622,0.021904000000000007,0.017416069445519385,6.126984126984128e-05
2019-12-05,0.8653158522050058,14.52,6316.69,123.64,1.536,3.204665993683893e-05,0.0017746542894233968,0.004457258024685148,0.021083039999999997,0.01662578197531485,6.095238095238096e-05
2019-12-06,0.8402220851326341,13.62,6374.7,131.48,1.516,3.1763678233910603e-05,0.009141694328757782,0.005296572781115705,0.018550439999999998,0.013253867218884292,6.015873015873016e-05
2019-12-09,0.9167630057803468,15.86,6355.07,136.56,1.537,3.185981680602439e-05,-0.0030841115840468465,0.005450455702313585,0.025153959999999996,0.01970350429768641,6.099206349206349e-05
2019-12-10,0.9153531815528313,15.68,6348.31,135.0,1.55,3.1893348642111675e-05,-0.0010642837792912772,0.005445590790961289,0.02458624,0.01914064920903871,6.150793650793651e-05
2019-12-11,0.8864577173270254,14.99,6366.84,134.37,1.564,3.180610995387398e-05,0.0029146353944462964,0.005403804061803509,0.022470010000000002,0.017066205938196494,6.206349206349206e-05
2019-12-12,0.8663766314481044,13.94,6422.35,132.68,1.551,3.153231273744905e-05,0.008680823193190022,0.006125019868093922,0.01943236,0.013307340131906077,6.154761904761905e-05
2019-12-13,0.8265706806282723,12.63,6423.93,144.51,1.56,3.151839886530898e-05,0.0002459856095254115,0.00613457263644599,0.015951689999999998,0.009817117363554007,6.19047619047619e-05
2019-12-16,0.8104138851802404,12.14,6470.03,143.85,1.561,3.129841473526519e-05,0.007150665339738671,0.00655220144789377,0.014737960000000001,0.00818575855210623,6.194444444444444e-05
2019-12-17,0.8112211221122111,12.29,6472.24,137.48,1.555,3.1293517547811506e-05,0.000341516599712458,0.006034464767515161,0.015104409999999999,0.009069945232484838,6.17063492063492e-05
2019-12-18,0.8276315789473685,12.58,6470.0,144.56,1.559,3.129253829421528e-05,-0.000346153374124842,0.006057712250379514,0.01582564,0.009767927749620485,6.186507936507936e-05
2019-12-19,0.8256274768824307,12.5,6499.26,150.14,1.564,6.232276962400254e-05,0.004512215753970863,0.006151536385070516,0.015625,0.009473463614929484,6.206349206349206e-05
2019-12-20,0.8165796344647519,12.51,6531.75,147.17,1.569,3.115701578100016e-05,0.004986576992041557,0.005964750905213816,0.01565001,0.009685259094786184,6.226190476190475e-05
2019-12-23,0.8135483870967741,12.61,6537.4,143.91,1.562,3.113082730170723e-05,0.0008646316481161686,0.005834396995009712,0.01590121,0.010066813004990287,6.198412698412698e-05
2019-12-24,0.8163659793814433,12.67,6536.58,143.87,1.573,3.1128889165561815e-05,-0.0001254399962482317,0.0058814530079367155,0.01605289,0.010171436992063285,6.242063492063492e-05
2019-12-26,0.8150773195876289,12.65,6570.71,143.07,1.573,3.096886081060296e-05,0.005207800718095719,0.005599804290563085,0.01600225,0.010402445709436915,6.242063492063492e-05
2019-12-27,0.8420062695924765,13.43,6571.03,140.29,1.556,6.194443584099424e-05,4.8699791665751125e-05,0.005626247575328754,0.018036490000000002,0.012410242424671248,6.174603174603175e-05
2019-12-30,0.8884892086330936,14.82,6533.91,133.56,1.533,3.114246118867942e-05,-0.0056650544411198335,0.006132561666253557,0.02196324,0.01583067833374644,6.083333333333333e-05
2019-12-31,0.8683049779458097,13.78,6553.57,139.52,1.549,3.106603084854038e-05,0.0030044003564145814,0.0058497095717180625,0.01898884,0.013139130428281937,6.146825396825397e-05
2020-01-02,0.8209348255431206,12.47,6609.29,137.7,1.528,3.078486000582112e-05,0.008466295748068358,0.005028326333413741,0.01555009,0.01052176366658626,6.0634920634920636e-05
2020-01-03,0.8757026858213616,14.02,6563.32,133.46,1.513,3.101304098370545e-05,-0.0069796625910184115,0.005108445405604775,0.019656039999999996,0.014547594594395221,6.0039682539682534e-05
2020-01-06,0.8699748743718593,13.85,6586.54,132.51,1.528,6.179133067624991e-05,0.0035316002046716843,0.004903799279548703,0.019182249999999994,0.01427845072045129,6.0634920634920636e-05
2020-01-07,0.8694829760403531,13.79,6568.74,129.78,1.53,3.098229361916845e-05,-0.0027061394151597384,0.005178817961158712,0.019016409999999997,0.013837592038841285,6.071428571428572e-05
2020-01-08,0.8733766233766234,13.45,6601.15,136.42,1.532,6.164848036490293e-05,0.004921842995866163,0.004618504222106644,0.018090249999999995,0.01347174577789335,6.079365079365079e-05
2020-01-09,0.8387959866220736,12.54,6646.84,133.47,1.532,3.061615001910725e-05,0.006897677482081291,0.004620237486692709,0.015725159999999995,0.011104922513307285,6.079365079365079e-05
2020-01-10,0.8401337792642141,12.56,6627.87,128.15,1.533,3.070357236061624e-05,-0.002858068148098213,0.004803583280841185,0.015775360000000006,0.010971776719158822,6.083333333333333e-05
2020-01-13,0.8415300546448087,12.32,6674.13,131.27,1.546,3.049384786616526e-05,0.006955373100889144,0.005087339417539732,0.01517824,0.010090900582460269,6.134920634920634e-05
2020-01-14,0.8463114754098361,12.39,6664.66,130.82,1.562,3.054041260094646e-05,-0.0014199191367574315,0.004673359165635719,0.015351210000000002,0.010677850834364283,6.198412698412698e-05
2020-01-15,0.8489405331510594,12.42,6677.25,135.53,1.56,0.0,0.0018872865634642923,0.004642917356982491,0.015425640000000001,0.010782722643017509,6.19047619047619e-05
2020-01-16,0.8525951557093426,12.32,6733.35,133.13,1.549,3.0221067105852024e-05,0.008366564843757533,0.004823327886949747,0.01517824,0.010354912113050254,6.146825396825397e-05
2020-01-17,0.8396946564885496,12.1,6759.51,134.62,1.556,3.011912112401821e-05,0.0038776112370818936,0.0048345334141542875,0.014641,0.009806466585845712,6.174603174603175e-05
2020-01-21,0.8641560188298588,12.85,6741.71,132.7,1.537,3.018275659113202e-05,-0.0026368002763000834,0.005036853876950397,0.01651225,0.011475396123049602,6.099206349206349e-05
2020-01-22,0.8618157543391188,12.91,6743.9,129.93,1.547,3.0176380946605627e-05,0.00032479065007099593,0.004977837381043228,0.016666809999999997,0.01168897261895677,6.138888888888889e-05
2020-01-23,0.8659106070713809,12.98,6752.09,131.76,1.551,6.028636021094743e-05,0.0012136939943433254,0.004841836032823718,0.016848039999999998,0.01200620396717628,6.154761904761905e-05
2020-01-24,0.9060360920970754,14.56,6691.22,127.02,1.528,3.0418713592574502e-05,-0.00905586734051817,0.006201637764993612,0.02119936,0.014997722235006387,6.0634920634920636e-05
2020-01-27,1.0038546255506609,18.23,6585.95,127.21,1.539,3.09104678299025e-05,-0.015857627184358885,0.009660443407776227,0.033233290000000006,0.02357284659222378,6.107142857142857e-05
2020-01-28,0.9559600704638873,16.28,6652.3,125.61,1.558,3.059086250934063e-05,0.010024067468192526,0.010527382886054709,0.02650384,0.01597645711394529,6.182539682539683e-05
2020-01-29,0.9624192601291838,16.39,6646.69,125.15,1.553,6.123136270392128e-05,-0.0008436731410069605,0.010549058766945996,0.026863210000000005,0.01631415123305401,6.162698412698412e-05
2020-01-30,0.9336949969861362,15.49,6668.52,129.95,1.559,3.0519906609231505e-05,0.003278959860026224,0.01010928809618932,0.023994010000000003,0.013884721903810683,6.186507936507936e-05
2020-01-31,1.0112721417069244,18.84,6551.0,135.73,1.547,3.108051407167448e-05,-0.017780236501302234,0.014228296849973385,0.03549456,0.021266263150026617,6.138888888888889e-05
2020-02-03,0.996119733924612,17.97,6598.63,127.7,1.562,3.085039102867823e-05,0.007244341978235448,0.013984935123907192,0.03229209,0.01830715487609281,6.198412698412698e-05
2020-02-04,0.9610778443113773,16.05,6697.49,128.65,1.56,6.077549532023159e-05,0.014870777613099146,0.015913341467279,0.025760250000000002,0.009846908532721,6.19047619047619e-05
2020-02-05,0.9404096834264433,15.15,6772.98,129.78,1.56,3.004581987528252e-05,0.011208337986107327,0.017117312429602898,0.02295225,0.005834937570397103,6.19047619047619e-05
2020-02-06,0.9414726242920076,14.96,6796.64,134.48,1.563,2.9943257527129332e-05,0.0034872050914682997,0.016947799520629643,0.022380160000000003,0.00543236047937036,6.202380952380952e-05
2020-02-07,0.9496623695518724,15.47,6761.26,132.21,1.547,3.0101894914257477e-05,-0.00521910919978948,0.017339124565247922,0.02393209,0.006592965434752077,6.138888888888889e-05
2020-02-10,0.9324240545567266,15.04,6811.83,133.29,1.557,2.9878841298507267e-05,0.007451543310106272,0.017423151216676723,0.022620159999999993,0.00519700878332327,6.178571428571428e-05
2020-02-11,0.9405204460966542,15.18,6823.59,132.95,1.564,2.9825372444480814e-05,0.0017249197921063299,0.017210268835760826,0.023043239999999996,0.00583297116423917,6.206349206349206e-05
2020-02-12,0.89453125,13.74,6867.92,133.2,1.576,2.9637093786556332e-05,0.006475568422669558,0.01714568949767355,0.018878759999999998,0.0017330705023264475,6.253968253968253e-05
2020-02-13,0.9024234693877552,14.15,6858.92,133.04,1.581,2.9667868215302406e-05,-0.0013112998023770488,0.01713821372272915,0.020022250000000005,0.002884036277270855,6.273809523809524e-05
2020-02-14,0.8825806451612903,13.68,6872.68,132.67,1.573,2.9620414389570368e-05,0.002004137115217737,0.01713990625174194,0.01871424,0.0015743337482580604,6.242063492063492e-05
2020-02-18,0.9211180124223601,14.83,6853.04,137.66,1.571,2.969958866067004e-05,-0.0028617826101612156,0.01667415689748701,0.021992889999999998,0.005318733102512987,6.234126984126983e-05
2020-02-19,0.9089759797724399,14.38,6886.47,141.81,1.576,2.9559125641036653e-05,0.004866267569959591,0.016761589915583904,0.020678440000000003,0.003916850084416099,6.253968253968253e-05
2020-02-20,0.9373493975903614,15.56,6860.52,137.12,1.574,2.967579197267128e-05,-0.003775376402123686,0.016878225811295913,0.024211360000000005,0.007333134188704092,6.246031746031747e-05
2020-02-21,0.9699034639409426,17.08,6788.6,135.14,1.552,2.9985457053301864e-05,-0.0105385058698294,0.01843318069671506,0.029172639999999993,0.010739459303284932,6.158730158730159e-05
2020-02-24,1.1418795620437956,25.03,6561.94,130.48,1.538,3.101688869604302e-05,-0.033958443801115484,0.03248122008091299,0.06265009,0.030168869919087016,6.103174603174603e-05
2020-02-25,1.1672254819782062,27.85,6363.37,130.79,1.523,3.19800444522327e-05,-0.030728179711216125,0.04232037730915793,0.07756225000000001,0.035241872690842085,6.043650793650793e-05
2020-02-26,1.1628691983122363,27.56,6339.38,130.65,1.513,3.2097061513989196e-05,-0.003777139362998982,0.039972406187327,0.07595536,0.035982953812672996,6.0039682539682534e-05
2020-02-27,1.3088235294117645,39.16,6060.67,128.93,1.432,3.360610286825032e-05,-0.04496061684319209,0.05984500198420566,0.15335055999999997,0.0935055580157943,5.682539682539682e-05
2020-02-28,1.343718592964824,40.11,6011.73,115.74,1.284,0.0011708622564189101,-0.008107794323310638,0.05982073438541237,0.16088121,0.10106047561458763,5.095238095238096e-05
2020-03-02,1.2064981949458484,33.42,6288.64,126.84,1.195,3.2353559700376615e-05,0.04503227041544217,0.08922162972091728,0.11168963999999999,0.022468010279082712,4.7420634920634924e-05
2020-03-03,1.2204176334106729,36.82,6112.07,123.06,0.934,3.329282706037955e-05,-0.028479326439820245,0.0946360892885685,0.13557124,0.040935150711431514,3.7063492063492065e-05
2020-03-04,1.1628498727735368,31.99,6370.35,127.38,0.721,0.0,0.04138890845137621,0.11770125138457802,0.10233600999999998,-0.015365241384578038,2.861111111111111e-05
2020-03-05,1.2164568621430765,39.62,6155.58,123.61,0.619,3.3063862851066826e-05,-0.03429542560132546,0.12620708696313937,0.15697444,0.030767353036860623,2.4563492063492063e-05
2020-03-06,1.182741116751269,41.94,6050.8,126.08,0.463,0.02899629510581785,-0.01716849282236023,0.12498186741435682,0.17589636,0.05091449258564318,1.8373015873015875e-05
2020-03-09,1.2650406504065042,54.46,5591.74,121.57,0.36,3.6442484648777356e-05,-0.07889998584817065,0.18804661875360992,0.29658915999999996,0.10854254124639004,1.4285714285714285e-05
2020-03-10,1.199290060851927,47.3,5868.11,121.38,0.457,3.466865433615041e-05,0.04824209698690424,0.22783129142660857,0.22372899999999998,-0.00410229142660859,1.8134920634920637e-05
2020-03-11,1.214784764480505,53.9,5581.76,121.72,0.408,3.644779764179434e-05,-0.050028466997007665,0.24691288696012845,0.29052100000000003,0.04360811303987158,1.619047619047619e-05
2020-03-12,1.3184835779175401,75.47,5051.97,115.79,0.328,8.061590551808541e-05,-0.09972587261929998,0.3417646633407783,0.5695720900000001,0.22780742665922177,1.3015873015873016e-05
2020-03-13,1.1970606499689505,57.83,5522.85,132.37,0.267,3.690922176902543e-05,0.08911576516926663,0.46701378499732976,0.33443089000000004,-0.13258289499732973,1.0595238095238096e-05
2020-03-16,1.2214180206794683,82.69,4861.22,114.66,0.209,0.00012530019839198552,-0.12760459618107178,0.6295537115304287,0.68376361,0.05420989846957125,8.293650793650793e-06
2020-03-18,1.0475472732255413,76.45,4885.76,113.54,0.01,4.149808071372925e-05,0.00503541647809065,0.6310693278083509,0.5844602500000001,-0.046609077808350774,3.9682539682539683e-07
2020-03-19,1.0364185979559521,72.0,4909.13,115.44,0.019,4.146366746146709e-05,0.0047718850025441125,0.6343438828601231,0.5184,-0.11594388286012314,7.539682539682539e-07
2020-03-20,1.006860801951517,66.04,4697.09,118.12,0.015,4.3678612767218786e-05,-0.04415356866917524,0.6375445525183314,0.43612816000000015,-0.20141639251833127,5.952380952380952e-07
2020-03-23,1.0873940677966103,61.59,4559.5,117.05,-0.009,0.0002696871628910566,-0.029730199636404303,0.636180855617998,0.37933281,-0.25684804561799796,-3.571428571428571e-07
2020-03-24,1.1834580694684322,61.67,4987.8,117.75,-0.006,4.105343104046187e-05,0.08978196239137723,0.7794946234165601,0.38031889,-0.39917573341656004,-2.3809523809523811e-07
2020-03-25,1.1875580315691736,63.95,5045.35,116.6,-0.043,4.0524385549082434e-05,0.011472096235660164,0.7821892659997285,0.4089602500000001,-0.3732290159997284,-1.7063492063492063e-06
2020-03-26,1.2251456115685881,61.0,5360.49,118.97,-0.088,3.825627881172519e-05,0.0605883617961752,0.840342514831172,0.3721,-0.46824251483117196,-3.4920634920634916e-06
2020-03-27,1.1756053811659195,65.54,5179.92,117.41,-0.005,7.89297130905333e-05,-0.03426577667810819,0.8481245655019601,0.4295491600000001,-0.41857540550196004,-1.9841269841269841e-07
2020-03-30,1.1135388216933282,57.08,5354.39,122.18,0.044,3.821388310369683e-05,0.03312717304297423,0.8517506162124284,0.32581264,-0.5259379762124284,1.7460317460317458e-06
2020-03-31,1.1080298013245033,53.54,5269.2,125.49,0.092,0.00011640765962411794,-0.01603823680612693,0.8529465066601069,0.28665315999999996,-0.5662933466601069,3.6507936507936507e-06
2020-04-01,1.115106507719367,57.06,5036.64,115.48,0.071,0.0,-0.04513935527796139,0.8339243945592879,0.32558436,-0.5083400345592879,2.817460317460317e-06
2020-04-02,1.076321353065539,50.91,5152.47,118.43,0.078,0.0,0.022737018253650362,0.8422892464720269,0.25918281,-0.5831064364720269,3.0952380952380953e-06
2020-04-03,1.0437109723461193,46.8,5075.16,120.57,0.079,4.028440791999245e-05,-0.015118159824745325,0.810087968874659,0.21902399999999997,-0.591063968874659,3.134920634920635e-06
2020-04-06,1.049895567417034,45.24,5432.17,121.01,0.085,0.00022507314877335985,0.06798063426577,0.8751175042328175,0.20466576000000003,-0.6704517442328175,3.3730158730158734e-06
2020-04-07,1.0755412252418242,46.7,5423.52,118.48,0.136,3.772090303838443e-05,-0.001593634643339928,0.8736266264936924,0.21808900000000003,-0.6555376264936923,5.396825396825397e-06
2020-04-08,1.0423178648713634,43.35,5609.55,119.3,0.186,3.648370090679417e-05,0.03372545126664564,0.8167012406811255,0.18792224999999999,-0.6287789906811255,7.380952380952381e-06
2020-04-09,1.0261019453336617,41.67,5691.54,120.85,0.224,3.5938258072598536e-05,0.014510359369130149,0.7894762203097239,0.17363889000000002,-0.6158373303097239,8.88888888888889e-06
2020-04-13,1.0300225168876658,41.17,5634.15,119.6,0.214,3.628907880170161e-05,-0.010134568614760345,0.7597421610742549,0.16949689,-0.5902452710742548,8.492063492063492e-06
2020-04-14,1.0356555128908391,37.76,5807.1,122.33,0.17,3.522553146517394e-05,0.030235013669548606,0.634359544721044,0.14258176,-0.49177778472104405,6.746031746031747e-06
2020-04-15,1.039714867617108,40.84,5679.53,122.42,0.14,3.600554485387475e-05,-0.022212824006964817,0.5516857583881543,0.16679056000000003,-0.3848951983881542,5.555555555555557e-06
2020-04-16,1.0229533282325938,40.11,5712.6,122.33,0.133,3.5814694769434834e-05,0.005805778707055834,0.33178801670618224,0.16088121,-0.17090680670618225,5.277777777777778e-06
2020-04-17,1.0233369098712446,38.15,5865.9,126.43,0.114,3.4876623942770615e-05,0.026481661480637964,0.33587536311479504,0.14554225,-0.19033311311479503,4.5238095238095235e-06
2020-04-20,1.0698071759824261,43.83,5761.0,125.34,0.088,3.551073311905294e-05,-0.018044852267955633,0.34438478840499637,0.19210688999999997,-0.1522778984049964,3.4920634920634916e-06
2020-04-21,1.0492144177449167,45.41,5584.44,123.71,0.099,3.662802410120655e-05,-0.031126911832856204,0.3294254023264137,0.20620680999999996,-0.12321859232641375,3.928571428571429e-06
2020-04-22,1.0259042033235581,41.98,5712.65,126.19,0.103,3.581982627380999e-05,0.02269885516388168,0.3122443191583827,0.17623203999999995,-0.13601227915838274,4.087301587301587e-06
2020-04-23,1.0127263827704358,41.38,5710.04,125.22,0.103,3.583394549653631e-05,-0.00045698518394900943,0.2302104357361462,0.17123044,-0.05897999573614618,4.087301587301587e-06
2020-04-24,0.9502777043110288,35.93,5789.65,126.51,0.113,3.53313194482935e-05,0.013845811810377449,0.23057908348359873,0.12909649,-0.10148259348359873,4.484126984126984e-06
2020-04-27,0.9422587036512878,33.29,5874.94,129.29,0.108,0.0,0.014624006504414502,0.19334204112650147,0.11082240999999998,-0.08251963112650149,4.2857142857142855e-06
2020-04-28,0.9491094147582698,33.57,5844.18,129.23,0.102,0.06783052718741382,-0.005249552976641674,0.17519902520887884,0.11269449,-0.06250453520887884,4.0476190476190474e-06
2020-04-29,0.936993699369937,31.23,5999.74,132.6,0.103,3.410815696570734e-05,0.026269840720332893,0.17103162717866888,0.09753129000000002,-0.07350033717866886,4.087301587301587e-06
2020-04-30,0.9743223965763196,34.15,5944.68,130.38,0.1,3.443704048070976e-05,-0.009219433006935672,0.16790249760571052,0.11662224999999998,-0.05128024760571054,3.968253968253968e-06
2020-05-01,0.9794574664208585,37.19,5778.53,129.97,0.107,3.537005924481706e-05,-0.028347376870252697,0.14975457036038373,0.13830960999999997,-0.011444960360383755,4.246031746031746e-06
2020-05-04,0.9721621621621621,35.97,5803.12,131.29,0.103,3.5252851074298574e-05,0.00424637887520636,0.1463117422050516,0.12938408999999998,-0.01692765220505163,4.087301587301587e-06
2020-05-05,0.9462274774774774,33.61,5855.58,128.26,0.114,3.4939990566170774e-05,0.008999348821615174,0.14066171138808722,0.11296321000000001,-0.027698501388087216,4.5238095238095235e-06
2020-05-06,0.9562780269058295,34.12,5815.17,128.59,0.113,-7.034327518282854e-05,-0.0069250324943904255,0.0925273613228962,0.11641743999999997,0.02389007867710377,4.484126984126984e-06
2020-05-07,0.9244339900029404,31.44,5884.14,130.67,0.103,6.951444162538199e-05,0.011790575512951148,0.0930452409494593,0.09884736000000001,0.005802119050540705,4.087301587301587e-06
2020-05-08,0.8843236409608091,27.98,5984.55,132.21,0.107,3.419212555364829e-05,0.01692055241925505,0.08379575854406461,0.07828803999999999,-0.0055077185440646215,4.246031746031746e-06
2020-05-11,0.9072063178677197,27.57,5985.66,129.1,0.112,3.418160687730822e-05,0.00018546040598813827,0.0821325017798017,0.07601049,-0.006122011779801706,4.444444444444445e-06
2020-05-12,0.9643899591360187,33.04,5863.68,125.97,0.126,3.4890009245820716e-05,-0.020589215783111726,0.08674623993994976,0.10916415999999998,0.022417920060050223,5e-06
2020-05-13,0.9663105998356616,35.28,5761.7,123.43,0.121,3.5503168657770416e-05,-0.017544822784356384,0.08002614988310061,0.12446784,0.044441690116899385,4.801587301587302e-06
2020-05-14,0.9343839541547279,32.61,5829.33,124.35,0.114,3.508094929045589e-05,0.011669500893458034,0.07515533588780213,0.10634121,0.03118587411219788,4.5238095238095235e-06
2020-05-15,0.9240799768183136,31.89,5852.84,124.47,0.112,3.493388761765176e-05,0.004024942581525514,0.07498847994095365,0.10169721000000001,0.026708730059046365,4.444444444444445e-06
2020-05-18,0.9222536984576645,29.3,6037.9,129.23,0.109,6.779890843751249e-05,0.031129255845318875,0.0782139369180824,0.085849,0.007635063081917595,4.3253968253968256e-06
2020-05-19,0.9305089911612313,30.53,5975.15,127.48,0.122,3.424481619091795e-05,-0.010447067267107408,0.07518821574027496,0.09320809000000001,0.018019874259725052,4.841269841269841e-06
2020-05-20,0.8997107039537126,27.99,6075.76,125.95,0.119,6.734913793116464e-05,0.016697882177588254,0.06302644677539741,0.07834400999999999,0.015317563224602579,4.7222222222222214e-06
2020-05-21,0.9119827053736874,29.53,6028.93,124.53,0.116,3.392302864815967e-05,-0.00773753539170536,0.05981276103556713,0.08720209000000001,0.02738932896443288,4.603174603174603e-06
2020-05-22,0.8928344958782499,28.16,6044.16,125.78,0.118,6.77048070414308e-05,0.002522967703994397,0.05969231004727686,0.07929856,0.019606249952723143,4.682539682539682e-06
2020-05-26,0.9079416531604538,28.01,6118.54,129.11,0.126,0.0,0.012230989377422296,0.05927036210782776,0.07845601,0.019185647892172246,5e-06
2020-05-27,0.9148724743292481,27.62,6209.38,129.96,0.145,3.2950557688158906e-05,0.014737546019472457,0.059304831051438404,0.07628644,0.016981608948561593,5.753968253968254e-06
2020-05-28,0.9160525472604935,28.59,6197.02,130.78,0.145,3.300820253830075e-05,-0.0019925206488977114,0.05878486996575835,0.08173881,0.022953940034241643,5.753968253968254e-06
2020-05-29,0.9088206144697721,27.51,6227.81,131.72,0.139,3.287797340187651e-05,0.004956214777549604,0.051625840617088026,0.07568001,0.02405416938291198,5.5158730158730166e-06
2020-06-01,0.9130012936610608,28.23,6251.48,132.09,0.135,6.544716777394107e-05,0.0037934895952218997,0.05005199303200364,0.07969329,0.02964129696799636,5.357142857142857e-06
2020-06-02,0.8967591045773472,26.84,6303.0,132.61,0.147,6.490977541211804e-05,0.00820747481535758,0.03776658300832592,0.07203855999999999,0.034271976991674065,5.833333333333333e-06
2020-06-03,0.8875821515046697,25.66,6389.67,131.5,0.151,3.20292106402567e-05,0.013656913332426471,0.038855226558023724,0.06584356,0.02698833344197627,5.992063492063493e-06
2020-06-04,0.8946273830155979,25.81,6369.54,130.77,0.147,3.2123869641307775e-05,-0.003155370387632992,0.039275990655302004,0.06661560999999999,0.027339619344697988,5.833333333333333e-06
2020-06-05,0.8942377826404084,24.52,6536.58,129.87,0.151,3.1320961553491207e-05,0.02588683943492292,0.04315674929728814,0.06012304,0.016966290702711863,5.992063492063493e-06
2020-06-08,0.9191595441595442,25.81,6615.4,129.11,0.162,3.093628671747716e-05,0.0119861714599725,0.043187875803961835,0.06661560999999999,0.023427734196038157,6.4285714285714295e-06
2020-06-09,0.929221435793731,27.57,6564.27,124.93,0.168,3.1170612346651204e-05,-0.007758958533564762,0.043442662454062066,0.07601049,0.032567827545937934,6.666666666666667e-06
2020-06-10,0.9323638823131553,27.57,6529.42,127.74,0.169,3.13464884096074e-05,-0.005323187320513438,0.04439225614755841,0.07601049,0.03161823385244159,6.706349206349207e-06
2020-06-11,1.008904279000742,40.79,6145.3,131.29,0.179,3.326513979671974e-05,-0.060630556511244604,0.08858532887010069,0.16638240999999998,0.07779708112989929,7.103174603174603e-06
2020-06-12,0.9484888304862025,36.09,6227.42,133.54,0.164,0.0004281456353845751,0.01327455981985796,0.08462229078329672,0.13024881000000005,0.045626519216703326,6.507936507936508e-06
2020-06-15,0.9442766950315673,34.4,6279.4,137.33,0.164,6.514445783519043e-05,0.008312312689265544,0.0840834295052963,0.11833599999999998,0.03425257049470368,6.507936507936508e-06
2020-06-16,0.9405027932960895,33.67,6398.58,133.85,0.162,3.195551791902761e-05,0.018801656233263884,0.08688365044195902,0.11336689,0.02648323955804098,6.4285714285714295e-06
2020-06-17,0.937010078387458,33.47,6375.54,135.49,0.157,3.2096031325697386e-05,-0.003607297408224749,0.07782992508122742,0.11202408999999999,0.03419416491877257,6.23015873015873e-06
2020-06-18,0.9373932840068298,32.94,6379.56,134.9,0.15,3.207749923813022e-05,0.0006303361217245297,0.07566282736405443,0.10850435999999998,0.03284153263594555,5.9523809523809525e-06
2020-06-19,0.9574700109051254,35.12,6344.7,125.38,0.15,3.2407032325985276e-05,-0.005479310736549687,0.07397575500555022,0.12334143999999997,0.04936568499444975,5.9523809523809525e-06
2020-06-22,0.9413333333333334,31.77,6385.91,135.54,0.147,0.0,0.006474182139444015,0.07288968755307114,0.10093329,0.028043602446928856,5.833333333333333e-06
2020-06-23,0.9488808227465214,31.37,6413.44,135.2,0.145,3.204871404531978e-05,0.00430178758365137,0.07291796239727005,0.09840769000000002,0.025489727602729967,5.753968253968254e-06
2020-06-24,0.9562023170387116,33.84,6247.66,134.05,0.141,3.2882297814941404e-05,-0.026188794804640987,0.08152324118369686,0.11451456000000003,0.03299131881630317,5.595238095238094e-06
2020-06-25,0.9451452038721031,32.22,6316.45,131.92,0.139,6.509145349209729e-05,0.010950347837352077,0.08038375052355153,0.10381283999999999,0.023429089476448464,5.5158730158730166e-06
2020-06-26,0.9701117318435754,34.73,6163.5,137.47,0.139,0.0,-0.024512543471046228,0.08806234283809206,0.12061728999999996,0.032554947161907904,5.5158730158730166e-06
2020-06-29,0.9371866705986436,31.78,6254.78,135.75,0.131,6.569654764636142e-05,0.01470117342838286,0.09048245065926121,0.10099684000000002,0.010514389340738811,5.198412698412698e-06
2020-06-30,0.9357318573185731,30.43,6351.67,148.27,0.139,3.240808257576493e-05,0.015371799016397542,0.0931379380145776,0.09259849,-0.0005394480145776009,5.5158730158730166e-06
2020-07-01,0.9034090909090909,28.62,6383.76,142.44,0.138,3.219834178536877e-05,0.005039495001656281,0.09266358636757663,0.08191044,-0.010753146367576627,5.4761904761904765e-06
2020-07-02,0.8966634272756722,27.68,6414.16,146.34,0.139,6.406355104257603e-05,0.004750780935825122,0.09068640038295606,0.07661823999999999,-0.014068160382956066,5.5158730158730166e-06
2020-07-06,0.9018721755971595,27.94,6516.05,140.98,0.141,3.154723409622192e-05,0.0157603177379351,0.09338911961596595,0.07806436000000003,-0.015324759615965924,5.595238095238094e-06
2020-07-07,0.9176800748362955,29.43,6445.59,138.34,0.147,3.1875049804736326e-05,-0.010872188095935816,0.08662727111569217,0.08661249,-1.4781115692169555e-05,5.833333333333333e-06
2020-07-08,0.9002885540237254,28.08,6496.14,144.46,0.141,3.163405722598075e-05,0.007811978317581748,0.08550532019863794,0.07884864,-0.006656680198637938,5.595238095238094e-06
2020-07-09,0.9126637554585153,29.26,6461.31,138.84,0.131,3.1804086825128104e-05,-0.005376070737438491,0.08515956182243917,0.08561476000000001,0.0004551981775608449,5.198412698412698e-06
2020-07-10,0.8797549967762733,27.29,6528.96,135.68,0.128,3.148465909982496e-05,0.010415582059405177,0.08631938288113514,0.07447440999999999,-0.011844972881135146,5.07936507936508e-06
2020-07-13,0.9319629415170816,32.19,6467.84,128.52,0.131,3.176569622461811e-05,-0.009405461431949171,0.03954552626167038,0.10361960999999997,0.0640740837383296,5.198412698412698e-06
2020-07-14,0.9066339066339065,29.52,6555.4,131.1,0.138,3.135926744748391e-05,0.013446933233110537,0.03959296373832689,0.08714304,0.04755007626167312,5.4761904761904765e-06
2020-07-15,0.8795944233206592,27.76,6615.07,146.53,0.133,3.1068926413219536e-05,0.009061242047103936,0.03971044455199336,0.07706176,0.03735131544800665,5.277777777777778e-06
2020-07-16,0.8874801901743264,28.0,6592.75,142.44,0.109,3.1170612346651204e-05,-0.003379819114298272,0.036491182732943966,0.07840000000000001,0.041908817267056045,4.3253968253968256e-06
2020-07-17,0.845571287454725,25.68,6611.86,140.81,0.112,6.217552149713e-05,0.002894445703685208,0.03617418152910316,0.06594623999999999,0.029772058470896832,4.444444444444445e-06
2020-07-20,0.8405498281786942,24.46,6667.45,145.9,0.113,3.0830417289669976e-05,0.008372471872398075,0.03667830794191978,0.059829160000000006,0.023150852058080228,4.484126984126984e-06
2020-07-21,0.8428910756701731,24.84,6678.74,134.84,0.115,3.077254473573384e-05,0.0016918690192572158,0.03592540225316049,0.061702560000000004,0.025777157746839516,4.563492063492064e-06
2020-07-22,0.8371772805507746,24.32,6717.29,140.39,0.117,3.059835074886681e-05,0.005755452386229316,0.03585859402342442,0.05914624,0.02328764597657558,4.642857142857143e-06
2020-07-23,0.8621487603305784,26.08,6635.04,140.74,0.112,3.0965983866694244e-05,-0.01232010298676379,0.03838124180706882,0.06801663999999999,0.02963539819293117,4.444444444444445e-06
2020-07-24,0.8455497382198953,25.84,6594.1,139.4,0.106,3.1166726402863925e-05,-0.006189386565682983,0.029166966052515727,0.06677056,0.037603593947484276,4.206349206349206e-06
2020-07-27,0.8246666666666667,24.74,6642.89,139.61,0.099,3.094203010656715e-05,0.007371799925986969,0.0285648960821663,0.06120675999999999,0.03264186391783369,3.928571428571429e-06
2020-07-28,0.8451827242524917,25.44,6599.97,139.64,0.105,3.11327656792108e-05,-0.006482006194820037,0.02023808077588022,0.06471936,0.044481279224119784,4.166666666666666e-06
2020-07-29,0.8228064185728918,24.1,6682.01,140.86,0.101,0.0,0.012353736923857953,0.019627287267733374,0.05808100000000001,0.03845371273226664,4.007936507936508e-06
2020-07-30,0.831989247311828,24.76,6658.02,138.99,0.091,3.086562649502571e-05,-0.003596697437963616,0.018101083277928445,0.06130576000000001,0.04320467672207157,3.611111111111111e-06
2020-07-31,0.8232918209357118,24.46,6709.81,141.56,0.091,3.062365064536558e-05,0.007748491582939655,0.018380050289673905,0.059829160000000006,0.0414491097103261,3.611111111111111e-06
2020-08-03,0.8186109238031019,24.28,6758.2,141.77,0.085,3.04177883225834e-05,0.007185947772452224,0.018597183495773332,0.058951840000000005,0.04035465650422668,3.3730158730158734e-06
2020-08-04,0.8167755242351324,23.76,6782.6,141.64,0.094,0.0,0.003603926859493537,0.0163046696316994,0.056453760000000006,0.04014909036830061,3.73015873015873e-06
2020-08-05,0.8038461538461538,22.99,6826.22,139.59,0.1,3.011458599970158e-05,0.006410570406798441,0.01432239578280928,0.05285401,0.038531614217190716,3.968253968253968e-06
2020-08-06,0.8031914893617021,22.65,6870.86,141.75,0.093,2.9912804175800255e-05,0.0065182006750788375,0.014176863086101225,0.051302249999999994,0.03712538691389877,3.6904761904761904e-06
2020-08-07,0.7853606789250354,22.21,6876.65,139.75,0.093,2.9891344961039337e-05,0.0008423344070812885,0.013379952876230677,0.04932841000000001,0.03594845712376933,3.6904761904761904e-06
2020-08-10,0.7889483065953654,22.13,6895.59,137.5,0.095,2.9802261991658064e-05,0.002750462080265288,0.01264615721412046,0.04897369,0.03632753278587954,3.7698412698412697e-06
2020-08-11,0.823791566678094,24.03,6840.67,136.39,0.103,3.0044917151113633e-05,-0.007996396783777109,0.012243629510770558,0.057744090000000005,0.04550046048922945,4.087301587301587e-06
2020-08-12,0.7923186344238976,22.28,6937.44,137.01,0.103,2.9637093786556332e-05,0.014047150332774138,0.012410977932029256,0.04963984,0.03722886206797074,4.087301587301587e-06
2020-08-13,0.7855875044373446,22.13,6924.96,136.11,0.096,2.968548231484691e-05,-0.0018005545030695576,0.012084805681802105,0.04897369,0.036888884318197895,3.80952380952381e-06
2020-08-14,0.7772294677476207,22.05,6924.28,136.82,0.094,2.968548231484691e-05,-9.820033453771326e-05,0.011754247264023618,0.048620250000000004,0.036866002735976386,3.73015873015873e-06
2020-08-17,0.7777777777777779,21.35,6943.22,137.45,0.093,2.959674435809369e-05,0.002731568311040662,0.011752274935280279,0.04558225000000001,0.033829975064719735,3.6904761904761904e-06
2020-08-18,0.7864716636197441,21.51,6960.3,138.08,0.098,5.906500103358379e-05,0.0024569330057394242,0.011271228878292608,0.046268010000000005,0.0349967811217074,3.888888888888889e-06
2020-08-19,0.8018498754891498,22.54,6930.8,138.2,0.096,2.9653791978622297e-05,-0.0042473302111226295,0.011747656058848071,0.050805159999999995,0.03905750394115193,3.80952380952381e-06
2020-08-20,0.8076786349093494,22.72,6952.92,144.05,0.094,2.956436902242725e-05,0.0031864685713097612,0.011568457839382408,0.05161983999999999,0.040051382160617585,3.73015873015873e-06
2020-08-21,0.8001419950301739,22.54,6977.27,146.73,0.094,0.0,0.0034960075635163926,0.009005527226969012,0.050805159999999995,0.04179963277303098,3.73015873015873e-06
2020-08-24,0.796085409252669,22.37,7048.17,147.23,0.09,2.9159194623017992e-05,0.010110285871427982,0.00866766592356878,0.05004169000000001,0.041374024076431225,3.5714285714285714e-06
2020-08-25,0.7893228233608026,22.03,7073.6,146.53,0.096,2.906174167031706e-05,0.003601535429032898,0.008439131546255951,0.048532090000000014,0.04009295845374406,3.80952380952381e-06
2020-08-26,0.810801393728223,23.27,7145.77,142.09,0.096,2.877242450832503e-05,0.010151029155169902,0.00778816355850585,0.054149289999999996,0.04636112644149415,3.80952380952381e-06
2020-08-27,0.8175743401269628,24.47,7158.18,145.07,0.1,2.8711293587306464e-05,0.001735185471669033,0.006847944032283046,0.05987809,0.053030145967716956,3.968253968253968e-06
2020-08-28,0.775151924375422,22.96,7207.1,145.73,0.1,2.8527007944745766e-05,0.0068108925282786064,0.006344737081226142,0.05271616,0.04637142291877386,3.968253968253968e-06
2020-08-31,0.8291993720565148,26.41,7192.11,144.67,0.101,2.8624178843843383e-05,-0.0020820594206351537,0.006519701562056353,0.06974881,0.06322910843794365,4.007936507936508e-06
2020-09-01,0.8137071651090343,26.12,7246.37,142.28,0.103,2.8363564165447238e-05,0.007516062000166502,0.006553290851755095,0.06822544,0.061672149148244905,4.087301587301587e-06
2020-09-02,0.8132843587389041,26.57,7358.49,141.1,0.104,2.795677881991894e-05,0.015354094823999893,0.008293820751146111,0.07059649,0.06230266924885389,4.126984126984127e-06
2020-09-03,0.8929045973956949,33.6,7101.38,144.66,0.103,2.8950682512313897e-05,-0.035565617290699625,0.026761704813295557,0.11289600000000001,0.08613429518670446,4.087301587301587e-06
2020-09-04,0.8848920863309353,30.75,7043.62,133.28,0.107,2.9188132105459363e-05,-0.00816688880024039,0.027633765322577386,0.09455625,0.06692248467742261,4.246031746031746e-06
2020-09-08,0.9169338385310405,31.46,6848.42,132.51,0.114,3.000615126098122e-05,-0.028104273823124984,0.03793679024599808,0.09897315999999999,0.06103636975400191,4.5238095238095235e-06
2020-09-09,0.8969489414694894,28.81,6986.76,133.2,0.109,2.9432973760477124e-05,0.019998960739704523,0.042787585585454375,0.08300160999999998,0.0402140244145456,4.3253968253968256e-06
2020-09-10,0.9024908869987849,29.71,6864.23,130.16,0.112,2.9946844351249245e-05,-0.01769305969134662,0.04602269270500428,0.08826841000000002,0.04224571729499574,4.444444444444445e-06
2020-09-11,0.8631545133311919,26.87,6868.22,125.42,0.11,2.9933398189002187e-05,0.0005811053544387196,0.04348744282774538,0.07219969,0.028712247172254617,4.365079365079366e-06
2020-09-14,0.8480971128608924,25.85,6957.91,130.95,0.106,2.9549517604098235e-05,0.012974166757508149,0.04561435419644533,0.06682225,0.02120789580355467,4.206349206349206e-06
2020-09-15,0.8453914767096135,25.59,6994.33,132.95,0.105,2.93983625113485e-05,0.005220678933328349,0.04591037995154972,0.06548481,0.019574430048450282,4.166666666666666e-06
2020-09-16,0.8518155053974484,26.04,6962.29,136.06,0.098,2.9515503017933338e-05,-0.004591377609418069,0.046138260684092686,0.06780815999999998,0.021669899315907293,3.888888888888889e-06
2020-09-17,0.8604878048780488,26.46,6903.82,139.41,0.09,2.9773867476488782e-05,-0.008433561619800299,0.046923057856872695,0.07001316,0.02309010214312731,3.5714285714285714e-06
2020-09-18,0.8479973736047274,25.83,6826.72,132.09,0.087,3.024025885658831e-05,-0.011230557626160246,0.04818740062151612,0.06671888999999999,0.018531489378483867,3.452380952380952e-06
2020-09-21,0.8780025284450064,27.78,6748.08,130.64,0.085,6.115833893945879e-05,-0.011586303994679891,0.04935174853514776,0.07717283999999999,0.027821091464852232,3.3730158730158734e-06
2020-09-22,0.8481212503946952,26.86,6819.08,130.08,0.091,3.0273215772317887e-05,0.010466545417199548,0.05079904325547959,0.07214596000000001,0.021346916744520418,3.611111111111111e-06
2020-09-23,0.8587740384615384,28.58,6657.82,129.84,0.094,3.0991895619267363e-05,-0.023932461753511932,0.05509571387795519,0.08168164,0.026585926122044808,3.73015873015873e-06
2020-09-24,0.8623714458560193,28.51,6678.04,129.17,0.096,3.09104678299025e-05,0.003032427679146945,0.05500903849115457,0.08128201000000002,0.026272971508845444,3.80952380952381e-06
2020-09-25,0.823602872307212,26.38,6784.95,129.26,0.095,3.0423340787024156e-05,0.01588239274208773,0.05726511132240754,0.06959043999999999,0.012325328677592451,3.7698412698412697e-06
2020-09-28,0.8251417769376183,26.19,6894.27,126.69,0.095,0.0,0.015983707755704454,0.06121031797900947,0.06859161000000001,0.00738129202099054,3.7698412698412697e-06
2020-09-29,0.8449662270826632,26.27,6861.96,123.93,0.094,3.0085593513518677e-05,-0.0046975166036722065,0.060305621976882905,0.06901128999999999,0.008705668023117084,3.73015873015873e-06
2020-09-30,0.8334386852085968,26.37,6918.83,120.94,0.097,2.9860105406144928e-05,0.008253564975301516,0.06165388183978239,0.06953769,0.007883808160217609,3.8492063492063495e-06
2020-10-01,0.8417402269861286,26.7,6956.2,117.78,0.09,2.967138936277993e-05,0.005386668044857089,0.061205990377165106,0.071289,0.010083009622834899,3.5714285714285714e-06
2020-10-02,0.8530410620561901,27.63,6889.65,119.12,0.09,2.9952226199185014e-05,-0.009613062758166513,0.05780151707356889,0.07634168999999999,0.0185401729264311,3.5714285714285714e-06
2020-10-05,0.8938618925831202,27.96,7014.23,119.53,0.09,2.9436439368434563e-05,0.01792065726314603,0.04841912031671755,0.07817616000000001,0.029757039683282457,3.5714285714285714e-06
2020-10-06,0.9247176913425346,29.48,6916.4,120.05,0.093,2.9855647942172312e-05,-0.014045539691595405,0.04995657318507112,0.08690704,0.03695046681492888,3.6904761904761904e-06
2020-10-07,0.9140065146579804,28.06,7036.91,120.6,0.094,2.934832054233027e-05,0.017273750313130193,0.043521097954883355,0.07873635999999998,0.03521526204511662,3.73015873015873e-06
2020-10-08,0.8938623262122753,26.36,7095.4,121.81,0.094,2.909302494724243e-05,0.008277533392010308,0.039644408622740684,0.06948496,0.029840551377259314,3.73015873015873e-06
2020-10-09,0.884016973125884,25.0,7157.92,121.93,0.099,2.883298493473915e-05,0.008772749221510199,0.03575946326115671,0.0625,0.026740536738843287,3.928571428571429e-06
2020-10-12,0.8959971408148678,25.07,7275.43,123.94,0.099,2.837563667832216e-05,0.016283481864895994,0.038158750176409593,0.06285049,0.0246917398235904,3.928571428571429e-06
2020-10-13,0.9195767195767195,26.07,7229.55,122.54,0.095,2.855878111135854e-05,-0.006326124270301318,0.03765254255419478,0.06796448999999999,0.03031194744580521,3.7698412698412697e-06
2020-10-14,0.9348441926345609,26.4,7182.38,122.6,0.103,0.0,-0.006545989112628778,0.03830672328330773,0.06969600000000001,0.031389276716692276,4.087301587301587e-06
2020-10-15,0.939066852367688,26.97,7171.61,123.47,0.1,2.8776564365954174e-05,-0.001500628329971984,0.037965347229010155,0.07273808999999999,0.03477274277098984,3.968253968253968e-06
2020-10-16,0.9383772680588839,27.41,7172.7,123.7,0.094,2.8798110843902448e-05,0.0001519766377188449,0.0367200546281628,0.07513081,0.038410755371837205,3.73015873015873e-06
2020-10-19,0.9598684210526316,29.18,7055.58,124.75,0.091,2.9237628828275436e-05,-0.0164633596415064,0.03876949410542138,0.08514724,0.04637774589457862,3.611111111111111e-06
2020-10-20,0.9747592162072402,29.35,7089.06,125.31,0.096,-2.9126920556297692e-05,0.004733957530890052,0.03655481690337047,0.08614225000000002,0.049587433096629545,3.80952380952381e-06
2020-10-21,0.96757852077001,28.65,7073.65,124.38,0.095,2.9182169694290232e-05,-0.002176138052854335,0.03588613189676389,0.08208224999999998,0.046196118103236095,3.7698412698412697e-06
2020-10-22,0.9593856655290102,28.11,7111.17,124.94,0.09,2.9016205550773733e-05,0.005290174637773315,0.02722428367061308,0.07901721,0.051792926329386924,3.5714285714285714e-06
2020-10-23,0.9503276992066231,27.55,7135.81,126.7,0.09,2.892221370621077e-05,0.0034589821235405647,0.02722534417476446,0.07590025000000002,0.04867490582523556,3.5714285714285714e-06
2020-10-26,1.0121608980355472,32.46,7003.21,126.05,0.084,2.946245746355024e-05,-0.01875715399056359,0.03051609243166773,0.10536516,0.07484906756833226,3.3333333333333333e-06
2020-10-27,1.0192542787286065,33.35,6982.14,127.58,0.093,2.956174709922668e-05,-0.0030131553291684295,0.027916693737098472,0.11122225000000001,0.08330555626290154,3.6904761904761904e-06
2020-10-28,1.067019867549669,40.28,6735.75,129.3,0.094,3.061052696019378e-05,-0.03592629780594002,0.043790926120041235,0.16224784,0.11845691387995877,3.73015873015873e-06
2020-10-29,1.048828125,37.59,6816.79,128.05,0.089,3.0303489446782238e-05,0.011959524329529996,0.04480909432650551,0.14130081,0.09649171567349449,3.5317460317460317e-06
2020-10-30,1.0482492417976288,38.02,6734.84,129.01,0.089,-6.125574272582483e-05,-0.012094633482341362,0.0457915782819329,0.14455204000000002,0.09876046171806713,3.5317460317460317e-06
2020-11-02,1.0590416428978893,37.13,6817.89,133.86,0.089,3.0283300274208463e-05,0.012255986737773417,0.04708155842708456,0.13786369,0.09078213157291545,3.5317460317460317e-06
2020-11-03,1.060560859188544,35.55,6939.3,136.44,0.094,2.9765005283430557e-05,0.017650865056234148,0.046957203819742034,0.12638025,0.07942304618025797,3.73015873015873e-06
2020-11-04,0.986324216144096,29.57,7092.3,133.32,0.089,0.0,0.021808783623496864,0.05015513427705574,0.08743849000000001,0.037283355722944264,3.5317460317460317e-06
2020-11-05,0.9493975903614457,27.58,7231.67,127.65,0.091,2.855470367353666e-05,0.0194603030160727,0.05109841310825606,0.07606563999999999,0.02496722689174393,3.611111111111111e-06
2020-11-06,0.908293752283522,24.86,7230.51,124.56,0.089,2.8555519067921888e-05,-0.00016041841582488498,0.05046913248299444,0.061801959999999996,0.011332827517005553,3.5317460317460317e-06
2020-11-09,0.9579613095238095,25.75,7315.77,127.41,0.094,2.8205959919465637e-05,0.011722718988232225,0.05115894590251762,0.06630625,0.015147304097482377,3.73015873015873e-06
2020-11-10,0.9362023405058514,24.8,7306.75,126.3,0.095,5.648441030270507e-05,-0.0012337136340486506,0.04811162007042719,0.061503999999999996,0.013392379929572804,3.7698412698412697e-06
2020-11-11,0.9153005464480873,23.45,7362.65,129.47,0.095,2.8041445256062995e-05,0.00762134382844268,0.048150624065017765,0.05499024999999999,0.0068396259349822255,3.7698412698412697e-06
2020-11-12,0.9313005143277003,25.35,7290.69,131.42,0.089,2.8306560045264755e-05,-0.009821730537319138,0.048891464360617226,0.06426225,0.01537078563938278,3.5317460317460317e-06
2020-11-13,0.899182561307902,23.1,7390.61,129.33,0.089,2.7928670176344152e-05,0.013612083784612858,0.05078925598051373,0.053361000000000006,0.0025717440194862745,3.5317460317460317e-06
2020-11-16,0.8856015779092702,22.45,7476.79,129.56,0.084,2.759039302512355e-05,0.011593279960661819,0.05199092842413151,0.05040025,-0.0015906784241315128,3.3333333333333333e-06
2020-11-17,0.8947990543735225,22.71,7442.04,128.91,0.082,2.7728867137107893e-05,-0.004658550683347908,0.04817744817883323,0.05157441,0.0033969618211667704,3.253968253968254e-06
2020-11-18,0.9033724895793861,23.84,7357.34,133.59,0.074,2.8066630180021907e-05,-0.011446550437334191,0.050424302961613224,0.05683456,0.0064102570383867755,2.9365079365079366e-06
2020-11-19,0.8957364341085271,23.11,7386.86,133.55,0.062,2.7952871458695174e-05,0.004004291781784981,0.050268257210958796,0.05340721,0.003138952789041201,2.46031746031746e-06
2020-11-20,0.9094397544128934,23.7,7336.76,133.54,0.067,2.814166514246084e-05,-0.006805417874082545,0.05104027133966459,0.056169,0.0051287286603354035,2.658730158730159e-06
2020-11-23,0.891073535194652,22.66,7378.94,134.26,0.072,2.7973984194673487e-05,0.005732668580509261,0.051215285939462576,0.05134756,0.00013227406053742397,2.857142857142857e-06
2020-11-24,0.8711755233494364,21.64,7498.29,134.19,0.08,2.753493494869114e-05,0.016044997686229127,0.04790004920810857,0.04682896,-0.0010710892081085693,3.1746031746031746e-06
2020-11-25,0.8701883701883701,21.25,7486.68,133.9,0.085,2.7574416456543408e-05,-0.001549552961811418,0.04769465319278825,0.045156249999999995,-0.002538403192788252,3.3730158730158734e-06
2020-11-27,0.8530495292672943,20.84,7505.38,132.43,0.08,2.7499346890486343e-05,0.0024946551305133563,0.027407804225696664,0.04343056,0.016022755774303336,3.1746031746031746e-06
2020-11-30,0.8454582819564325,20.57,7472.06,133.95,0.076,0.0,-0.004449365842126958,0.027823864604425843,0.042312489999999994,0.014488625395574151,3.0158730158730155e-06
2020-12-01,0.8481012658227849,20.77,7556.51,132.6,0.084,2.7324270783498612e-05,0.011238712518265796,0.02467565804729457,0.04313929,0.018463631952705426,3.3333333333333333e-06
2020-12-02,0.8626731866340669,21.17,7570.76,134.61,0.084,2.726615860721982e-05,0.0018840153200210673,0.02419596743364939,0.04481689000000001,0.020620922566350623,3.3333333333333333e-06
2020-12-03,0.8664495114006515,21.28,7567.44,132.46,0.08,2.7272107452078555e-05,-0.00043862547109024727,0.022350191607569313,0.045283840000000006,0.022933648392430693,3.1746031746031746e-06
2020-12-04,0.8559077809798271,20.79,7634.77,133.08,0.079,2.703981612922573e-05,0.00885798054978039,0.018592036962726478,0.04322241,0.024630373037273525,3.134920634920635e-06
2020-12-07,0.8686786296900489,21.3,7620.0,132.44,0.075,2.7091093802887653e-05,-0.0019364440913102689,0.01548533797027869,0.045369,0.029883662029721307,2.9761904761904763e-06
2020-12-08,0.8663594470046082,20.68,7641.43,134.9,0.072,2.701643950341327e-05,0.002808388740104957,0.015392757167826066,0.04276623999999999,0.027373482832173925,2.857142857142857e-06
2020-12-09,0.900525677315002,22.27,7581.06,135.75,0.074,2.7255754371116818e-05,-0.007931726872662704,0.01552583848663657,0.04959529000000001,0.034069451513363436,2.9365079365079366e-06
2020-12-10,0.899001996007984,22.52,7571.87,135.71,0.075,-8.180293672535404e-05,-0.0012129668818851753,0.015524311826299375,0.050715039999999996,0.03519072817370062,2.9761904761904763e-06
2020-12-11,0.8948176583493281,23.31,7562.46,139.92,0.07,5.460452671521504e-05,-0.0012435305973386745,0.015143923717958526,0.054335609999999986,0.03919168628204146,2.7777777777777783e-06
2020-12-14,0.9118406492069346,24.72,7530.87,139.29,0.067,2.7426941484595398e-05,-0.004185961100348769,0.013949082489948798,0.06110783999999999,0.04715875751005119,2.658730158730159e-06
2020-12-15,0.8848086586780054,22.89,7628.28,138.95,0.071,5.411841108340137e-05,0.012851820947495691,0.013724800011412538,0.05239521,0.03867040998858746,2.817460317460317e-06
2020-12-16,0.88339222614841,22.5,7641.82,144.79,0.079,2.701643950341327e-05,0.0017734007699429103,0.01238606017618759,0.050625,0.038238939823812414,3.134920634920635e-06
2020-12-17,0.8719681908548708,21.93,7686.18,147.07,0.082,2.6865471153175913e-05,0.005788116368310851,0.012195573981315117,0.048092489999999995,0.035896916018684874,3.253968253968254e-06
2020-12-18,0.8569725864123957,21.57,7659.75,147.02,0.082,2.7091093802887653e-05,-0.0034445649279930186,0.010345803543773636,0.046526490000000004,0.036180686456226366,3.253968253968254e-06
2020-12-21,0.9122552574329225,25.16,7630.07,146.53,0.082,2.7177974969060337e-05,-0.0038823265779725307,0.010677580467003784,0.06330256,0.05262497953299621,3.253968253968254e-06
2020-12-22,0.8891743119266056,24.23,7614.83,146.27,0.081,2.7232003050114367e-05,-0.001999357828091724,0.009943709814280778,0.058709290000000004,0.04876558018571923,3.2142857142857147e-06
2020-12-23,0.8876618431073876,23.31,7620.63,147.39,0.081,2.720829308786306e-05,0.0007613817082241012,0.009744026118072261,0.054335609999999986,0.04459158388192772,3.2142857142857147e-06
2020-12-24,0.8486401261332283,21.53,7648.39,148.27,0.084,5.420347986335793e-05,0.0036361247264730242,0.007054370513506618,0.04635409000000001,0.03929971948649339,3.3333333333333333e-06
2020-12-28,0.8628230616302187,21.7,7715.1,145.3,0.087,2.6871968506028472e-05,0.008684279321107212,0.007668124591449301,0.047089,0.0394208754085507,3.452380952380952e-06
2020-12-29,0.8795731707317073,23.08,7697.93,142.74,0.091,0.0,-0.002227985944690076,0.007809195503637064,0.05326863999999999,0.045459444496362925,3.611111111111111e-06
2020-12-30,0.8950471698113207,22.77,7709.1,143.03,0.08,2.6887141224684828e-05,0.001449987694843626,0.007386038328035542,0.05184728999999999,0.04446125167196445,3.1746031746031746e-06
2020-12-31,0.8999208860759493,22.75,7759.35,147.83,0.072,2.67483382594613e-05,0.006497118556148379,0.006490637782700013,0.051756250000000004,0.045265612217299994,2.857142857142857e-06
2021-01-04,0.954352441613588,26.97,7645.27,143.84,0.071,2.7111659369241138e-05,-0.01481141184205015,0.009573530034978229,0.07273808999999999,0.06316455996502177,2.817460317460317e-06
2021-01-05,0.929908256880734,25.34,7700.34,145.5,0.081,5.386334868433872e-05,0.0071773277707806735,0.01009587506483016,0.06421156,0.05411568493516984,3.2142857142857147e-06
2021-01-06,0.9357969391564017,25.07,7744.43,147.06,0.086,8.03159092431017e-05,0.005709391563267705,0.009577785888603063,0.06285049,0.05327270411139693,3.4126984126984127e-06
2021-01-07,0.8940847322142287,22.37,7861.1,145.92,0.082,5.2763487666486765e-05,0.01495267046634594,0.011887502515855774,0.05004169000000001,0.03815418748414423,3.253968253968254e-06
2021-01-08,0.8658634538152611,21.56,7905.28,139.25,0.079,2.6229852194759027e-05,0.005604344895433906,0.012074671254900762,0.046483359999999994,0.03440868874509923,3.134920634920635e-06
2021-01-11,0.9018726591760299,24.08,7853.45,134.7,0.082,0.0,-0.006577964961463126,0.011770928056454256,0.05798463999999999,0.04621371194354573,3.253968253968254e-06
2021-01-12,0.8904580152671755,23.33,7856.72,139.99,0.082,2.639741305349675e-05,0.00041629085455151976,0.011683965535949753,0.054428889999999994,0.04274492446405024,3.253968253968254e-06
2021-01-13,0.8692759295499022,22.21,7874.75,139.93,0.086,2.6332767178815038e-05,0.002292221628945657,0.011566497499355248,0.04932841000000001,0.03776191250064476,3.4126984126984127e-06
2021-01-14,0.8833586626139818,23.25,7846.1,138.06,0.076,2.6423220726350308e-05,-0.0036448451219472247,0.011486655450983178,0.05405625000000001,0.04256959454901683,3.0158730158730155e-06
2021-01-15,0.8928833455612619,24.34,7789.79,136.7,0.079,2.661804437225576e-05,-0.007202691172791794,0.010804711425543538,0.05924356,0.04843884857445646,3.134920634920635e-06
2021-01-19,0.8707381041588609,23.24,7853.47,141.32,0.077,2.6411356883435868e-05,0.008141570459470965,0.011415838727616073,0.05400976,0.04259392127238393,3.055555555555555e-06
2021-01-20,0.8390357698289269,21.58,7962.92,146.66,0.079,2.605286125546369e-05,0.013840294419174785,0.013104405071754704,0.046569639999999995,0.03346523492824529,3.134920634920635e-06
2021-01-21,0.8295719844357977,21.32,7966.11,144.2,0.075,2.6027771632308027e-05,0.0004005265910911357,0.012784846572185803,0.04545424,0.0326693934278142,2.9761904761904763e-06
2021-01-22,0.8430165448249327,21.91,7942.2,145.55,0.074,2.6120231425375144e-05,-0.0030059783853897365,0.01266708396411103,0.048004809999999995,0.035337726035888965,2.9365079365079366e-06
2021-01-25,0.8627232142857144,23.19,7970.92,145.56,0.074,2.6014229783815895e-05,0.003609604047893995,0.012492150375350139,0.05377761000000001,0.04128545962464987,2.9365079365079366e-06
2021-01-26,0.8560803272592041,23.02,7959.1,143.31,0.067,2.605354002472717e-05,-0.0014839908762443843,0.012632711509036748,0.05299204,0.04035932849096325,2.658730158730159e-06
2021-01-27,1.0414217744192555,37.21,7754.74,137.93,0.067,2.670619183055163e-05,-0.026011658827755788,0.02201004813924805,0.13845840999999998,0.11644836186075193,2.658730158730159e-06
2021-01-28,0.9508970727101039,30.21,7831.22,145.84,0.06,5.2966101695017615e-05,0.009814039539301682,0.022253884332496508,0.09126441000000002,0.06901052566750351,2.3809523809523808e-06
2021-01-29,0.9766824085005903,33.09,7681.01,134.3,0.052,2.7013520266869012e-05,-0.019367259919327664,0.02704847911643172,0.10949481000000001,0.08244633088356829,2.0634920634920634e-06
2021-02-01,0.9296034429757146,30.24,7804.31,141.63,0.053,5.313355118099587e-05,0.015925096261269964,0.03012996176485498,0.09144576,0.06131579823514502,2.103174603174603e-06
2021-02-02,0.8705722070844686,25.56,7912.87,141.15,0.052,2.6209228269249774e-05,0.013814402639627608,0.03186273240384301,0.06533135999999999,0.03346862759615698,2.0634920634920634e-06
2021-02-03,0.8309756982227058,22.91,7920.85,136.59,0.043,2.618795092375615e-05,0.0010079754695232574,0.028589300832320568,0.05248681,0.023897509167679434,1.7063492063492063e-06
2021-02-04,0.8126166480029862,21.77,8007.62,136.01,0.028,2.589566636021106e-05,0.010895065039627552,0.02926960164238676,0.047393290000000005,0.018123688357613243,1.1111111111111112e-06
2021-02-05,0.7869532428355959,20.87,8039.67,135.09,0.025,2.5794802347303554e-05,0.003994449232836554,0.029138678770889607,0.04355569,0.014417011229110394,9.92063492063492e-07
2021-02-08,0.7969981238273921,21.24,8099.33,136.65,0.03,5.1211143544934336e-05,0.007393304635453497,0.027315375523653415,0.04511375999999999,0.017798384476346574,1.1904761904761904e-06
2021-02-09,0.7978605680560679,21.63,8091.7,140.06,0.03,2.5625584583625007e-05,-0.0009424972425857307,0.027139647609515576,0.04678569,0.01964604239048442,1.1904761904761904e-06
2021-02-10,0.7999272462713714,21.99,8089.11,139.33,0.041,2.5634781271351205e-05,-0.00032013230760629936,0.026397216651618743,0.04835600999999999,0.021958793348381248,1.626984126984127e-06
2021-02-11,0.7806759735488612,21.25,8104.19,137.6,0.038,2.5593448077268933e-05,0.0018624992261312135,0.0263861764207569,0.045156249999999995,0.018770073579243096,1.5079365079365078e-06
2021-02-12,0.7535849056603773,19.97,8142.79,137.66,0.039,2.5465055577460637e-05,0.0047516612474181995,0.026509303016976515,0.03988008999999999,0.013370786983023478,1.5476190476190476e-06
2021-02-16,0.7789473684210526,21.46,8139.16,140.17,0.038,2.548777224138895e-05,-0.0004458925448294316,0.026209790243592268,0.04605316,0.019843369756407735,1.5079365079365078e-06
2021-02-17,0.78125,21.5,8137.88,144.45,0.037,2.5481926943292277e-05,-0.00015727675334558253,0.02521661712814949,0.046224999999999995,0.021008382871850504,1.4682539682539683e-06
2021-02-18,0.8072505384063172,22.49,8102.24,142.55,0.032,2.559148315438294e-05,-0.004389137175787038,0.025187293748379917,0.050580009999999995,0.025392716251620078,1.26984126984127e-06
2021-02-19,0.813953488372093,22.05,8087.68,141.53,0.029,2.564003948563749e-05,-0.0017986505091200779,0.023252975721377585,0.048620250000000004,0.02536727427862242,1.1507936507936507e-06
2021-02-22,0.8432218626393384,23.45,8025.81,138.82,0.029,2.583278438664162e-05,-0.0076793176461572845,0.02410556282459447,0.05499024999999999,0.03088468717540552,1.1507936507936507e-06
2021-02-23,0.8521386430678466,23.11,8036.06,136.64,0.028,2.5806118630703876e-05,0.0012763148240422803,0.02396286523990433,0.05340721,0.029444344760095668,1.1111111111111112e-06
2021-02-24,0.8242564696794129,21.34,8127.38,138.52,0.033,2.55261579303159e-05,0.011299695073126599,0.025263604119721037,0.04553956,0.020275955880278963,1.3095238095238096e-06
2021-02-25,0.9553571428571429,28.89,7929.56,142.07,0.039,2.615096954717218e-05,-0.024641059789864937,0.03310476884190149,0.08346321,0.0503584411580985,1.5476190476190476e-06
2021-02-26,0.9442567567567567,27.95,7892.81,136.23,0.038,2.6293993137243878e-05,-0.00464533013523832,0.024672850567244272,0.07812024999999999,0.05344739943275571,1.5079365079365078e-06
2021-03-01,0.8719193427931292,23.35,8080.78,141.33,0.034,2.5672952261121923e-05,0.023536184053266938,0.030035491971784123,0.05452225000000001,0.024486758028215885,1.3492063492063493e-06
2021-03-02,0.8873343151693668,24.1,8015.54,141.68,0.037,2.5869539910209168e-05,-0.008106245060926715,0.025637312486955378,0.05808100000000001,0.03244368751304463,1.4682539682539683e-06
2021-03-03,0.9263633205974298,26.67,7911.21,140.53,0.038,2.6215412040714908e-05,-0.013101416462786475,0.025583992441914827,0.07112889,0.045544897558085176,1.5079365079365078e-06
2021-03-04,0.9498005319148937,28.57,7806.45,137.19,0.033,2.6543857087849298e-05,-0.013330425943637857,0.025419508664083976,0.08162449000000001,0.05620498133591603,1.3095238095238096e-06
2021-03-05,0.8841878809609178,24.66,7958.98,135.9,0.033,2.6069161485545297e-05,0.019350535882104156,0.03022085702285728,0.06081156000000001,0.03059070297714273,1.3095238095238096e-06
2021-03-08,0.9054390330607892,25.47,7916.41,137.01,0.039,2.6195496994042894e-05,-0.005363030707717379,0.029022705327141244,0.06487209,0.03584938467285875,1.5476190476190476e-06
2021-03-09,0.8808651026392962,24.03,8029.2,134.45,0.034,2.583278438664162e-05,0.014147076360299162,0.03142114742039226,0.057744090000000005,0.026322942579607746,1.3492063492063493e-06
2021-03-10,0.8455772113943029,22.56,8078.05,138.57,0.035,2.5672952261121923e-05,0.00606561017833444,0.03119286003406225,0.05089536,0.01970249996593775,1.3888888888888892e-06
2021-03-11,0.8397853583748562,21.91,8162.58,139.61,0.035,2.5413929374667152e-05,0.010409788700387964,0.032505564628388404,0.048004809999999995,0.01549924537161159,1.3888888888888892e-06
2021-03-12,0.8038073038073039,20.69,8172.9,140.29,0.029,2.5374592420730403e-05,0.0012635075765080198,0.03250630989541168,0.04280761,0.010301300104588323,1.1507936507936507e-06
2021-03-15,0.8047408597830454,20.03,8226.32,141.26,0.019,2.522227126550452e-05,0.006514967047206869,0.032926885942045896,0.040120090000000004,0.0071932040579541084,7.539682539682539e-07
2021-03-16,0.800890327802509,19.79,8213.63,142.56,0.016,2.525603303486824e-05,-0.0015438006223086153,0.03276164737329456,0.03916441,0.006402762626705437,6.34920634920635e-07
2021-03-17,0.8052763819095478,19.23,8237.35,143.19,0.01,2.5175282907361876e-05,0.0028837207798749487,0.0328226603803947,0.03697929,0.0041566296196053,3.9682539682539683e-07
2021-03-18,0.853639240506329,21.58,8116.17,148.11,0.009,2.5548331055250576e-05,-0.014820322231484898,0.03567183632970551,0.046569639999999995,0.010897803670294484,3.571428571428571e-07
2021-03-19,0.8383353341336535,20.95,8112.13,141.47,0.005,2.5673611378521214e-05,-0.000497895661709448,0.03543561557302484,0.04389025,0.00845463442697516,1.9841269841269841e-07
2021-03-22,0.8230165649520488,18.88,8169.14,146.14,0.005,2.547608432581595e-05,0.0070031678120179635,0.03595344362195862,0.03564544,-0.0003080036219586177,1.9841269841269841e-07
2021-03-23,0.8529411764705882,20.3,8106.83,143.44,0.009,2.5673611378521214e-05,-0.007656723920258225,0.0359488057231439,0.041209,0.005260194276856103,3.571428571428571e-07
2021-03-24,0.8688524590163935,21.2,8063.0,143.7,0.018,2.5808116652663797e-05,-0.005421220550318627,0.03635240236756628,0.044944,0.008591597632433716,7.142857142857142e-07
2021-03-25,0.8476679503637141,19.81,8105.51,140.86,0.018,2.5664386813614715e-05,0.005258381626028006,0.03509435674441942,0.03924361,0.004149253255580576,7.142857142857142e-07
2021-03-26,0.8449820788530465,18.86,8240.38,145.46,0.018,2.525603303486824e-05,0.016502382033988343,0.0299925712940209,0.03556996,0.005577388705979097,7.142857142857142e-07
2021-03-29,0.8939655172413793,20.74,8233.24,143.67,0.013,2.5267519866564514e-05,-0.0008668404937214339,0.029547241767166173,0.04301475999999999,0.01346751823283382,5.158730158730158e-07
2021-03-30,0.8789780367548184,19.61,8208.1,142.2,0.016,2.5330884681124453e-05,-0.003058147279113614,0.0236085419075455,0.03845521,0.014846668092454496,6.34920634920635e-07
2021-03-31,0.8758465011286681,19.4,8238.48,140.93,0.018,2.5236274621117476e-05,0.0036943892959477465,0.022647622787904043,0.03763599999999999,0.014988377212095946,7.142857142857142e-07
2021-04-01,0.826418693371483,17.33,8335.91,136.29,0.015,2.4966607163038807e-05,0.0117568275216084,0.021037375068432857,0.030032889999999993,0.008995514931567136,5.952380952380952e-07
2021-04-05,0.8544847328244275,17.91,8457.4,139.63,0.018,2.4585428216673603e-05,0.014469109370194726,0.019228107727659573,0.032076810000000004,0.012848702272340431,7.142857142857142e-07
2021-04-06,0.8563327032136107,18.12,8449.54,142.44,0.016,2.4626599189762488e-05,-0.0009297957603516216,0.01622337895776328,0.03283344,0.01661006104223672,6.34920634920635e-07
2021-04-07,0.8305905130687319,17.16,8462.18,140.6,0.013,2.459570804892309e-05,0.0014948216211792572,0.015368701780259536,0.02944656,0.014077858219740464,5.158730158730158e-07
2021-04-08,0.8232151529868869,16.95,8499.85,139.04,0.011,2.448070308577036e-05,0.004441692643091399,0.013815462694793394,0.028730249999999995,0.014914787305206602,4.3650793650793645e-07
2021-04-09,0.8047251687560272,16.69,8565.57,132.88,0.01,2.4304585059949458e-05,0.0077021631924342315,0.01398588623783398,0.027855610000000006,0.013869723762166027,3.9682539682539683e-07
2021-04-12,0.8121998078770413,16.91,8564.03,134.29,0.013,2.42945470888838e-05,-0.00017980571690504087,0.01329828973520193,0.028594810000000002,0.015296520264798072,5.158730158730158e-07
2021-04-13,0.8012512030798844,16.65,8592.25,134.72,0.015,0.0,0.003289760420203342,0.013295336939972894,0.027722249999999993,0.0144269130600271,5.952380952380952e-07
2021-04-14,0.8067426400759734,16.99,8558.16,137.67,0.018,2.4302222438219874e-05,-0.003975420400611457,0.013523520460783353,0.028866009999999998,0.015342489539216644,7.142857142857142e-07
2021-04-15,0.7981695568400771,16.57,8653.29,139.29,0.013,2.404857812779632e-05,0.01105438167422364,0.01434011800084681,0.027456490000000004,0.013116371999153194,5.158730158730158e-07
2021-04-16,0.7915245981490501,16.25,8684.51,138.33,0.013,2.396271401696777e-05,0.003601383536955535,0.014353544154526995,0.026406250000000003,0.012052705845473008,5.158730158730158e-07
2021-04-19,0.8090781469349555,17.29,8638.42,137.15,0.018,2.408100851261461e-05,-0.0053212832652673354,0.011286129698388093,0.02989441,0.018608280301611907,7.142857142857142e-07
2021-04-20,0.8357941834451901,18.68,8579.95,134.87,0.018,-0.0001212782729974201,-0.006791609745705401,0.012311408027818096,0.03489424,0.022582831972181902,7.142857142857142e-07
2021-04-21,0.8143322475570033,17.5,8659.8,139.43,0.019,2.403355083694655e-05,0.009263541642372006,0.01261954937294386,0.030624999999999996,0.018005450627056135,7.539682539682539e-07
2021-04-22,0.8308170515097691,18.71,8580.73,138.09,0.018,0.0,-0.009172636153715875,0.013045723804170167,0.03500641000000001,0.021960686195829842,7.142857142857142e-07
2021-04-23,0.8034306907742234,17.33,8674.8,140.09,0.018,2.3997216323021125e-05,0.010903279346394857,0.012900513306871001,0.030032889999999993,0.01713237669312899,7.142857142857142e-07
2021-04-26,0.818941504178273,17.64,8690.26,139.09,0.013,2.394378000452754e-05,0.001780587465249296,0.012890031941556553,0.03111696,0.018226928058443448,5.158730158730158e-07
2021-04-27,0.823639774859287,17.56,8688.45,139.13,0.009,0.0,-0.00020830084701848917,0.010688544929349626,0.030835359999999992,0.020146815070650366,3.571428571428571e-07
2021-04-28,0.81779460482726,17.28,8681.17,139.37,0.01,2.396041739044915e-05,-0.0008382452150683284,0.010686113216741355,0.029859840000000002,0.019173726783258647,3.9682539682539683e-07
2021-04-29,0.8263725950258095,17.61,8740.35,139.3,0.009,2.3809807259588577e-05,0.006793922416947153,0.010465303634765635,0.03101121,0.020545906365234366,3.571428571428571e-07
2021-04-30,0.8432260987766198,18.61,8678.16,146.32,0.009,2.3963862495335207e-05,-0.0071407099980537415,0.011682270532315676,0.03463321,0.022950939467684322,3.571428571428571e-07
2021-05-03,0.8422263109475621,18.31,8702.02,143.75,0.01,2.3914005237145395e-05,0.002745657983901708,0.010549155408494288,0.03352561,0.02297645459150571,3.9682539682539683e-07
2021-05-04,0.8592853992059991,19.48,8643.91,139.23,0.013,2.4058413828891147e-05,-0.006700155874003643,0.009299927849757679,0.03794704,0.02864711215024232,5.158730158730158e-07
2021-05-05,0.8602875112309073,19.15,8650.04,142.12,0.011,2.4054362860041866e-05,0.0007089184664843744,0.009250861210774614,0.03667224999999999,0.027421388789225377,4.3650793650793645e-07
2021-05-06,0.8404936014625229,18.39,8722.04,144.47,0.013,2.3861507808656728e-05,0.008289210303610494,0.009869557138146332,0.03381921,0.02394965286185367,5.158730158730158e-07
2021-05-07,0.8027898027898028,16.69,8787.82,145.76,0.011,2.3691910397173332e-05,0.007513516322328004,0.0102151279038347,0.027855610000000006,0.017640482096165304,4.3650793650793645e-07
2021-05-10,0.8776785714285715,19.66,8696.29,142.72,0.006,2.3923731145087634e-05,-0.01047017390758378,0.011377345527612125,0.03865156,0.027274214472387877,2.3809523809523811e-07
2021-05-11,0.9013619479983491,21.84,8620.98,140.12,0.01,2.4138555307442897e-05,-0.008697730620293479,0.012441414800730362,0.04769856000000001,0.035257145199269646,3.9682539682539683e-07
2021-05-12,0.9790631653655074,27.59,8437.24,142.6,0.013,2.4664257790799998e-05,-0.021543526399566654,0.017980503054994216,0.07612080999999998,0.05814030694500577,5.158730158730158e-07
2021-05-13,0.9156769596199524,23.13,8541.39,139.26,0.01,4.874957344118805e-05,0.012268517112937498,0.019874434540561352,0.05349968999999999,0.03362525545943863,3.9682539682539683e-07
2021-05-14,0.8450134770889487,18.81,8669.49,139.05,0.005,2.400701004691187e-05,0.014886207510882285,0.021127081685428862,0.035381609999999994,0.014254528314571132,1.9841269841269841e-07
2021-05-17,0.8522039757994814,19.72,8647.57,138.35,0.009,2.4064782394183314e-05,-0.0025316089113492654,0.02103561109808793,0.03888783999999999,0.017852228901912064,3.571428571428571e-07
2021-05-18,0.8810900082576384,21.34,8574.98,139.46,0.008,2.427213922496852e-05,-0.008429695933750151,0.021552484619382323,0.04553956,0.023987075380617676,3.174603174603175e-07
2021-05-19,0.8777206173328057,22.18,8550.95,143.75,0.008,2.433771006483786e-05,-0.00280627280036982,0.02109624611450293,0.04919524,0.02809899388549707,3.174603174603175e-07
2021-05-20,0.8681226375472492,20.67,8641.98,142.96,0.008,4.8164916674650346e-05,0.010589335340563699,0.021432220283630725,0.04272489000000001,0.021292669716369284,3.174603174603175e-07
2021-05-21,0.8578118348233291,20.15,8635.55,144.51,0.003,2.4098417938977377e-05,-0.000744319390197317,0.020357283344169405,0.04060224999999999,0.020244966655830587,1.1904761904761906e-07
2021-05-24,0.8277103013945118,18.4,8722.0,144.64,0.006,2.385923053979339e-05,0.009961165582810664,0.020116276342610147,0.033856,0.01373972365738985,2.3809523809523811e-07
2021-05-25,0.8410714285714286,18.84,8703.59,144.6,0.011,2.390885942783925e-05,-0.002112985195864646,0.02014884072869366,0.03549456,0.015345719271306343,4.3650793650793645e-07
2021-05-26,0.8150234741784037,17.36,8720.04,149.82,0.01,2.3864355006259023e-05,0.001888240841620654,0.0201867253371843,0.03013696,0.0099502346628157,3.9682539682539683e-07
2021-05-27,0.8242245199409158,16.74,8730.97,149.35,0.008,7.156744635416991e-05,0.001252649723908778,0.02018591373265488,0.028022759999999997,0.007836846267345116,3.174603174603175e-07
2021-05-28,0.8183593750000001,16.76,8738.77,155.31,0.01,2.3808106660296185e-05,0.0008929727080438101,0.01963399051066026,0.02808976000000001,0.008455769489339748,3.9682539682539683e-07
2021-06-01,0.8388003748828491,17.9,8734.74,149.04,0.013,2.3830233417114647e-05,-0.0004612696672226098,0.018968880808441765,0.032041,0.013072119191558235,5.158730158730158e-07
2021-06-02,0.8160597572362278,17.48,8748.3,148.59,0.016,2.3788850165905594e-05,0.0015512179482622525,0.01891267175402629,0.030555040000000006,0.011642368245973717,6.34920634920635e-07
2021-06-03,0.8267644362969752,18.04,8717.97,145.21,0.018,2.3876890751264652e-05,-0.0034729831252715174,0.01847221782351643,0.03254416,0.014071942176483571,7.142857142857142e-07
2021-06-04,0.7963142580019399,16.42,8795.08,147.76,0.018,2.3664998284266103e-05,0.008806061571417556,0.019320740117617693,0.026961640000000005,0.007640899882382313,7.142857142857142e-07
2021-06-07,0.7990267639902677,16.42,8788.28,151.29,0.022,0.0,-0.0007734585811814465,0.018594078667295923,0.026961640000000005,0.008367561332704082,8.730158730158729e-07
2021-06-08,0.818705035971223,17.07,8790.0,150.7,0.025,2.3681811184897884e-05,0.00019569605279790245,0.01791756275141944,0.029138489999999996,0.011220927248580558,9.92063492063492e-07
2021-06-09,0.8406954887218044,17.89,8774.31,150.71,0.022,2.3718321217202674e-05,-0.0017865779154840496,0.016528683413592215,0.03200521,0.015476526586407784,8.730158730158729e-07
2021-06-10,0.8017928286852591,16.1,8815.56,154.81,0.023,2.360801255944121e-05,0.004690208127550329,0.015601628771426412,0.025921000000000003,0.010319371228573591,9.126984126984127e-07
2021-06-11,0.7968431771894093,15.65,8832.94,159.28,0.023,2.3566841454052684e-05,0.00196957312161383,0.00884106808310944,0.02449225,0.01565118191689056,9.126984126984127e-07
2021-06-14,0.8138033763654419,16.39,8851.17,160.64,0.018,2.3513643791922472e-05,0.0020617386408047092,0.00749697743021102,0.026863210000000005,0.019366232569788984,7.142857142857142e-07
2021-06-15,0.8230174081237911,17.02,8833.68,161.35,0.018,2.3557403502964475e-05,-0.0019779648345608376,0.005304444690361762,0.028968039999999997,0.023663595309638234,7.142857142857142e-07
2021-06-16,0.8537158984007525,18.15,8786.18,155.97,0.029,2.3689665383454914e-05,-0.00539165635465078,0.005649455593595985,0.03294225,0.027292794406404013,1.1507936507936507e-06
2021-06-17,0.8460438512869399,17.75,8782.58,161.01,0.032,2.369752479351376e-05,-0.0004098183423743011,0.004564592175947681,0.03150625,0.02694165782405232,1.26984126984127e-06
2021-06-18,0.9027474923680767,20.7,8667.76,150.78,0.035,2.4096095227746425e-05,-0.013159818897185751,0.006880333509875878,0.042849,0.03596866649012412,1.3888888888888892e-06
2021-06-21,0.8470643939393939,17.89,8789.52,158.36,0.035,2.3762282129554115e-05,0.013949707454710032,0.007857845955629836,0.03200521,0.024147364044370165,1.3888888888888892e-06
2021-06-22,0.8300946686596911,16.66,8834.56,160.51,0.034,0.0,0.005111199909828416,0.008040510798484977,0.02775556,0.019715049201515022,1.3492063492063493e-06
2021-06-23,0.8284263959390863,16.32,8825.01,154.85,0.042,2.3662758367721405e-05,-0.0010815666441429776,0.007033768008934499,0.026634240000000003,0.019600471991065505,1.6666666666666667e-06
2021-06-24,0.8291796469366562,15.97,8877.06,161.04,0.049,2.352470682331982e-05,0.005880685140361932,0.00726228639817746,0.025504090000000004,0.018241803601822544,1.9444444444444444e-06
2021-06-25,0.8221052631578947,15.62,8906.79,170.55,0.047,2.3443635638993577e-05,0.0033434861062952687,0.007322482339333284,0.02439844,0.01707595766066672,1.865079365079365e-06
2021-06-28,0.8286014721345951,15.76,8927.4,162.09,0.044,2.3392633659639295e-05,0.002311291869718089,0.007342429677161527,0.024837759999999997,0.01749533032283847,1.7460317460317458e-06
2021-06-29,0.8219599794766548,16.02,8930.67,163.84,0.046,2.3382241187796586e-05,0.0003662209898996384,0.007347969302440353,0.025664040000000003,0.01831607069755965,1.8253968253968254e-06
2021-06-30,0.8113787801127627,15.83,8942.78,161.85,0.043,2.3360938175255873e-05,0.0013550827459815043,0.0073190999542641294,0.02505889,0.017739790045735872,1.7063492063492063e-06
2021-07-01,0.7958868894601543,15.48,8990.08,155.65,0.046,2.3230152738233126e-05,0.005275244404902665,0.007525906389196451,0.023963039999999998,0.016437133610803546,1.8253968253968254e-06
2021-07-02,0.7808290155440414,15.07,9058.66,157.94,0.044,2.3055552353374538e-05,0.007599459026069498,0.007665810120817322,0.02271049,0.015044679879182678,1.7460317460317458e-06
2021-07-06,0.8114511352418559,16.44,9040.76,153.75,0.047,2.309975629768136e-05,-0.0019779645796287218,0.0071643239445467926,0.027027360000000007,0.019863036055453216,1.865079365079365e-06
2021-07-07,0.7937285644292014,16.2,9071.14,152.15,0.048,2.3018933072431157e-05,0.003354703646935282,0.007151881125122182,0.026244,0.019092118874877818,1.904761904761905e-06
2021-07-08,0.8644222020018199,19.0,8995.26,152.82,0.048,-6.96112213289468e-05,-0.008400173381779785,0.008322927434565128,0.0361,0.027777072565434872,1.904761904761905e-06
2021-07-09,0.7915851272015655,16.18,9096.84,155.7,0.046,2.2962903429488742e-05,0.011229328537405579,0.0094093578791813,0.02617924,0.0167698821208187,1.8253968253968254e-06
2021-07-12,0.7903225806451614,16.17,9128.22,157.93,0.048,2.287884507587976e-05,0.00344361346518499,0.009334667725122878,0.026146890000000002,0.016812222274877123,1.904761904761905e-06
2021-07-13,0.8102224325603409,17.12,9096.15,154.4,0.047,2.2956050641026835e-05,-0.0035194668571046877,0.00965335086659935,0.029309440000000006,0.019656089133400657,1.865079365079365e-06
2021-07-14,0.7919495635305528,16.33,9107.85,154.31,0.048,2.2924475316180664e-05,0.0012854319502338153,0.009647602987056749,0.02666688999999999,0.017019287012943245,1.904761904761905e-06
2021-07-15,0.806543385490754,17.01,9078.33,154.15,0.043,2.300304790382634e-05,-0.003246424034799776,0.009773650608195412,0.02893401000000001,0.019160359391804598,1.7063492063492063e-06
2021-07-16,0.8359764386044404,18.45,9009.89,151.94,0.046,2.318061173632264e-05,-0.007567392104196629,0.010197398748929613,0.03404025,0.02384285125107039,1.8253968253968254e-06
2021-07-19,0.9036144578313253,22.5,8867.07,155.74,0.041,2.353134964067099e-05,-0.01597844808190485,0.013736496645997335,0.050625,0.03688850335400267,1.626984126984127e-06
2021-07-20,0.8504310344827587,19.73,9001.77,154.5,0.044,2.3199972160144187e-05,0.01507680985976463,0.01361573050698929,0.03892729,0.025311559493010713,1.7460317460317458e-06
2021-07-21,0.8189300411522633,17.91,9075.97,155.34,0.048,2.3010987746628096e-05,0.008209036824709578,0.012253632487702356,0.032076810000000004,0.019823177512297646,1.904761904761905e-06
2021-07-22,0.8092406221408966,17.69,9094.95,152.63,0.046,2.2961848888051584e-05,0.0020890529376189084,0.012090278542755585,0.03129361,0.019203331457244413,1.8253968253968254e-06
2021-07-23,0.7944572748267898,17.2,9187.64,159.44,0.046,2.2732697575537128e-05,0.01013978808923345,0.012904311110305218,0.029583999999999996,0.016679688889694778,1.8253968253968254e-06
2021-07-26,0.8086476540938362,17.58,9209.63,153.2,0.043,2.2676508271235766e-05,0.002390573217922428,0.012701924117789537,0.030905639999999995,0.01820371588221046,1.7063492063492063e-06
2021-07-27,0.8417391304347825,19.36,9166.27,151.04,0.044,2.277930272552285e-05,-0.004719233395165177,0.013158531159260852,0.03748096,0.02432242884073915,1.7460317460317458e-06
2021-07-28,0.8192393736017896,18.31,9164.62,152.23,0.048,4.558092893941988e-05,-0.00018002399277459175,0.013173755783300024,0.03352561,0.020351854216699973,1.904761904761905e-06
2021-07-29,0.8089579524680073,17.7,9204.25,149.96,0.046,2.2692460430001487e-05,0.004314915559592196,0.013273037181679121,0.031328999999999996,0.018055962818320875,1.8253968253968254e-06
2021-07-30,0.8223624887285842,18.24,9155.21,153.71,0.043,0.00020498570794099107,-0.005342217759183847,0.013825083724174743,0.033269759999999995,0.019444676275825253,1.7063492063492063e-06
2021-08-02,0.8442516268980478,19.46,9138.36,153.3,0.044,2.285270290341512e-05,-0.0018421778543177302,0.013687324906789372,0.03786916,0.024181835093210625,1.7460317460317458e-06
2021-08-03,0.8133453561767358,18.04,9213.35,152.56,0.044,2.2669825328975223e-05,0.00817258090805909,0.013789772048367413,0.03254416,0.01875438795163259,1.7460317460317458e-06
2021-08-04,0.8105548037889038,17.97,9170.76,151.4,0.048,0.00011381095999547342,-0.0046333574150161875,0.014060696991630981,0.03229209,0.01823139300836902,1.904761904761905e-06
2021-08-05,0.8029739776951673,17.28,9226.49,148.27,0.048,2.263646961617807e-05,0.006058532711990676,0.014330680208765992,0.029859840000000002,0.01552915979123401,1.904761904761905e-06
2021-08-06,0.7738380450407282,16.15,9243.03,148.27,0.048,2.2597593356287e-05,0.001791059477620278,0.013212024512783811,0.02608224999999999,0.01287022548721618,1.904761904761905e-06
2021-08-09,0.7860836859426422,16.72,9235.05,148.27,0.048,2.2616503262538588e-05,-0.0008637261551099259,0.011939157411395713,0.027955839999999996,0.01601668258860428,1.904761904761905e-06
2021-08-10,0.7916077322017915,16.79,9244.22,148.27,0.049,2.259044650015453e-05,0.000992463528341957,0.011842899411965167,0.02819041,0.016347510588034832,1.9444444444444444e-06
2021-08-11,0.7769714562167391,16.06,9267.4,154.32,0.053,2.2535973046955737e-05,0.0025043742379326763,0.011652800212004311,0.025792359999999997,0.014139559787995686,2.103174603174603e-06
2021-08-12,0.7698765432098765,15.59,9297.2,157.18,0.048,4.4935741889057724e-05,0.0032104139701487973,0.011716537766477126,0.024304810000000003,0.012588272233522877,1.904761904761905e-06
2021-08-13,0.7625863770977295,15.45,9312.51,159.66,0.052,4.485310607768256e-05,0.0016453779724696102,0.011482708739114762,0.02387025,0.012387541260885237,2.0634920634920634e-06
2021-08-16,0.7810077519379846,16.12,9337.18,152.54,0.066,2.237061396147983e-05,0.002645621926093705,0.010474641403504991,0.025985440000000002,0.01551079859649501,2.6190476190476192e-06
2021-08-17,0.8253456221198157,17.91,9271.83,149.05,0.067,2.2519732915947136e-05,-0.007023508358686327,0.007447734633346178,0.032076810000000004,0.024629075366653826,2.658730158730159e-06
2021-08-18,0.9063025210084034,21.57,9173.93,148.54,0.06,4.553526706442933e-05,-0.010615005211571087,0.006983478395088573,0.046526490000000004,0.03954301160491143,2.3809523809523808e-06
2021-08-19,0.8954545454545455,21.67,9186.07,151.19,0.049,0.0,0.0013224402798747434,0.006284522452511388,0.04695889,0.04067436754748861,1.9444444444444444e-06
2021-08-20,0.8282016956715751,18.56,9261.31,153.51,0.047,2.255681497770463e-05,0.008157301168527283,0.006958059043066062,0.034447359999999996,0.027489300956933936,1.865079365079365e-06
2021-08-23,0.8089622641509434,17.15,9341.09,159.02,0.044,0.0,0.008577440452178509,0.006622118278492168,0.029412249999999994,0.022790131721507824,1.7460317460317458e-06
2021-08-24,0.8114985862393967,17.22,9355.11,157.13,0.047,2.2323670904423223e-05,0.0014997702878600462,0.006595682636491295,0.029652839999999996,0.0230571573635087,1.865079365079365e-06
2021-08-25,0.8075998075998075,16.79,9376.0,159.51,0.048,2.227791701473886e-05,0.002230514759775126,0.006218065606768552,0.02819041,0.021972344393231445,1.904761904761905e-06
2021-08-26,0.8618481244281794,18.84,9321.74,157.25,0.047,2.2407708251618185e-05,-0.005803926283581807,0.006775792387529392,0.03549456,0.028718767612470608,1.865079365079365e-06
2021-08-27,0.7952450266860748,16.39,9404.15,162.43,0.048,2.221309017401936e-05,0.00880177465883165,0.0074137318401471895,0.026863210000000005,0.019449478159852818,1.904761904761905e-06
2021-08-30,0.7936274509803922,16.19,9445.24,157.99,0.043,2.211337527514069e-05,0.004359829690714982,0.006987014304281031,0.026211610000000007,0.019224595695718976,1.7063492063492063e-06
2021-08-31,0.8070519098922624,16.48,9433.58,155.91,0.041,2.2142754337191868e-05,-0.001235246851509054,0.006940544593451591,0.027159040000000002,0.020218495406548413,1.626984126984127e-06
2021-09-01,0.8022908366533865,16.11,9437.15,154.75,0.041,2.2132952646527684e-05,0.0003783637456092358,0.006361708910689595,0.025953209999999997,0.019591501089310404,1.626984126984127e-06
2021-09-02,0.8152011922503726,16.41,9465.47,156.98,0.043,2.2065069891088813e-05,0.002996412263403191,0.005949670973725406,0.026928809999999997,0.02097913902627459,1.7063492063492063e-06
2021-09-03,0.8075787401574803,16.41,9462.54,162.27,0.041,2.2072375318649845e-05,-0.00030959409081058627,0.005705764274216887,0.026928809999999997,0.02122304572578311,1.626984126984127e-06
2021-09-07,0.8425452856479331,18.14,9430.68,154.76,0.039,2.2147167930880695e-05,-0.0033726416354495953,0.005949203329405953,0.032905960000000005,0.02695675667059405,1.5476190476190476e-06
2021-09-08,0.8318666049096805,17.96,9418.57,153.39,0.043,2.2175161601470002e-05,-0.0012849319380012435,0.005970658923938927,0.032256160000000006,0.026285501076061077,1.7063492063492063e-06
2021-09-09,0.8522212148685404,18.8,9375.99,149.97,0.042,2.2273947277546536e-05,-0.004531106112676489,0.00632905821611707,0.035344,0.02901494178388293,1.6666666666666667e-06
2021-09-10,0.8987558987558988,20.95,9304.03,151.16,0.041,2.2445933358003447e-05,-0.0077045266504175884,0.007108824170552132,0.04389025,0.036781425829447864,1.626984126984127e-06
2021-09-13,0.8620382732532266,19.37,9325.29,148.5,0.042,2.2393658116001176e-05,0.0022824246112504057,0.007048474395507519,0.03751969,0.030471215604492483,1.6666666666666667e-06
2021-09-14,0.8629711751662972,19.46,9273.99,146.73,0.038,2.2513648899624934e-05,-0.005516356556705022,0.007392935428326912,0.03786916,0.030476224571673087,1.5079365079365078e-06
2021-09-15,0.8354779411764706,18.18,9352.83,154.33,0.038,2.232865547998996e-05,0.00846526361559935,0.008216294334287649,0.033051239999999996,0.024834945665712347,1.5079365079365078e-06
2021-09-16,0.8569463548830812,18.69,9338.61,152.88,0.034,2.2364110076129457e-05,-0.0015215524051029744,0.007594691221700722,0.03493161,0.02733691877829928,1.3492063492063493e-06
2021-09-17,0.8962101636520241,20.81,9253.57,149.52,0.037,2.265390496684806e-05,-0.009147995883510866,0.007215460513105697,0.043305609999999994,0.0360901494868943,1.4682539682539683e-06
2021-09-20,0.9738636363636365,25.71,9096.52,141.57,0.028,2.3038024259018594e-05,-0.017117500212164585,0.010872583459304263,0.06610041,0.05522782654069573,1.1111111111111112e-06
2021-09-21,0.9564193168433451,24.36,9089.55,139.98,0.022,2.3058742145594984e-05,-0.0007665207866539615,0.00988887785023803,0.05934095999999999,0.04945208214976196,8.730158730158729e-07
2021-09-22,0.9054229934924078,20.87,9176.08,144.12,0.028,2.284017586933342e-05,0.009474696171397796,0.010112637899072761,0.04355569,0.03344305210092724,1.1111111111111112e-06
2021-09-23,0.8717828731867102,18.63,9287.8,146.87,0.03,2.2566486510862165e-05,0.01210161281780068,0.012088861009587717,0.03470769,0.02261882899041228,1.1904761904761904e-06
2021-09-24,0.8525456292026897,17.75,9301.49,145.67,0.033,2.2526327645415113e-05,0.0014728913772322084,0.012046598731845697,0.03150625,0.019459651268154302,1.3095238095238096e-06
2021-09-27,0.8766355140186918,18.76,9275.87,144.66,0.028,2.2589936183409735e-05,-0.0027581977463256593,0.011741612136141746,0.035193760000000004,0.02345214786385826,1.1111111111111112e-06
2021-09-28,0.9675405742821472,23.25,9087.47,140.08,0.032,2.3054489285405137e-05,-0.02051986301736269,0.015381466777214817,0.05405625000000001,0.03867478322278519,1.26984126984127e-06
2021-09-29,0.9510961214165261,22.56,9102.62,137.99,0.033,2.3018403213348153e-05,0.0016657425557606055,0.015061829206559038,0.05089536,0.03583353079344096,1.3095238095238096e-06
2021-09-30,0.9694176790950985,23.14,8994.83,135.55,0.037,-2.3301061363323906e-05,-0.011912316336633434,0.016288781469001288,0.05354596,0.037257178530998705,1.4682539682539683e-06
2021-10-01,0.9175704989154012,21.15,9098.25,135.05,0.035,2.303165701254282e-05,0.01143211950164986,0.018492134020020475,0.044732249999999994,0.02624011597997952,1.3888888888888892e-06
2021-10-04,0.9523019493985898,22.96,8980.64,130.87,0.03,2.3326607494817773e-05,-0.013010938074691922,0.0196557449164248,0.05271616,0.0330604150835752,1.1904761904761904e-06
2021-10-05,0.9216789268714842,21.3,9076.19,131.68,0.038,4.6184043412958806e-05,0.010583351768470766,0.021681927921820752,0.045369,0.023687072078179248,1.5079365079365078e-06
2021-10-06,0.9194395796847635,21.0,9113.45,131.51,0.043,2.299299863189567e-05,0.004096843270641204,0.02209026123422178,0.04409999999999999,0.022009738765778213,1.7063492063492063e-06
2021-10-07,0.8833634719710668,19.54,9191.19,133.32,0.049,2.2797998335725387e-05,0.008494072257790024,0.02332268955103472,0.03818116,0.01485847044896528,1.9444444444444444e-06
2021-10-08,0.8578610603290676,18.77,9173.74,134.46,0.061,2.284017586933342e-05,-0.00190036174943666,0.023182498460673186,0.035231290000000005,0.012048791539326819,2.4206349206349204e-06
2021-10-11,0.8932559178204555,20.0,9110.76,134.7,0.061,2.300675248196328e-05,-0.0068889222096601595,0.02305347123728563,0.04000000000000001,0.016946528762714377,2.4206349206349204e-06
2021-10-12,0.8889386475593374,19.85,9088.73,134.1,0.047,2.3060869164137824e-05,-0.0024209481430303853,0.022929930399784606,0.03940225000000001,0.0164723196002154,1.865079365079365e-06
2021-10-13,0.8653667595171775,18.64,9116.39,135.77,0.046,2.2981901752349108e-05,0.003038707933128886,0.02288272735572305,0.034744960000000005,0.011862232644276955,1.8253968253968254e-06
2021-10-14,0.8276877761413843,16.86,9272.97,143.78,0.043,2.2600657679246377e-05,0.01702982422367797,0.025766133556062793,0.02842596,0.002659826443937207,1.7063492063492063e-06
2021-10-15,0.8029556650246306,16.3,9342.15,147.27,0.047,2.2430325800461852e-05,0.007432701856067491,0.026477085550437256,0.026569000000000002,9.191444956274664e-05,1.865079365079365e-06
2021-10-18,0.8038442582552981,16.31,9373.68,143.77,0.046,2.236010956451653e-05,0.0033693434732656583,0.025465982149277762,0.026601609999999998,0.0011356278507222359,1.8253968253968254e-06
2021-10-19,0.7857857857857857,15.7,9443.12,141.01,0.047,2.218844647589981e-05,0.007380672082867296,0.021721227188778797,0.024649,0.0029277728112212034,1.865079365079365e-06
2021-10-20,0.7795671867136387,15.49,9477.82,141.23,0.051,2.2104576752596525e-05,0.0036678979905814912,0.02167255185111559,0.023994010000000003,0.0023214581488844137,2.0238095238095237e-06
2021-10-21,0.7705338809034907,15.01,9506.91,140.94,0.052,2.204464039678348e-05,0.00306457060667008,0.02095688619836601,0.022530010000000003,0.0015731238016339945,2.0634920634920634e-06
2021-10-22,0.7711144427786106,15.43,9496.86,139.34,0.056,2.2068478488730523e-05,-0.0010576849684992657,0.019581127616465414,0.023808489999999998,0.004227362383534584,2.2222222222222225e-06
2021-10-25,0.7791411042944786,15.24,9541.99,140.94,0.055,2.1954137806103043e-05,0.004740841440199348,0.019743286094253347,0.02322576,0.0034824739057466546,2.182539682539683e-06
2021-10-26,0.7946295375435107,15.98,9559.39,141.3,0.055,2.193054596092175e-05,0.0018218584010990908,0.01953636439024303,0.02553604,0.00599967560975697,2.182539682539683e-06
2021-10-27,0.8128291048348492,16.98,9511.27,140.6,0.052,2.2031041737913767e-05,-0.0050465062167253695,0.013849143210128506,0.028832040000000003,0.014982896789871497,2.0634920634920634e-06
2021-10-28,0.80712890625,16.53,9605.23,144.73,0.052,2.1821911381198035e-05,0.009830330515936138,0.014545212905953083,0.027324090000000002,0.012778877094046919,2.0634920634920634e-06
2021-10-29,0.7982326951399117,16.26,9625.02,148.09,0.055,2.177629215083947e-05,0.0020582162984141747,0.01179247970325415,0.026438760000000006,0.014646280296745856,2.182539682539683e-06
2021-11-01,0.8048062775870525,16.41,9642.44,145.81,0.047,4.3468811128099655e-05,0.0018082305344358724,0.010913399467011876,0.026928809999999997,0.01601541053298812,1.865079365079365e-06
2021-11-02,0.7975124378109453,16.03,9677.95,146.68,0.048,2.1651348337698038e-05,0.003675913372893144,0.007620350395065878,0.025696089999999998,0.01807573960493412,1.904761904761905e-06
2021-11-03,0.7743589743589744,15.1,9740.47,149.77,0.046,2.1517639084620064e-05,0.006439269109254209,0.007093070871275193,0.022801,0.015707929128724804,1.8253968253968254e-06
2021-11-04,0.783756345177665,15.44,9782.48,151.67,0.042,2.1418550606660967e-05,0.0043036595228297045,0.007097405822926961,0.023839359999999993,0.016741954177073033,1.6666666666666667e-06
2021-11-05,0.8042947779404589,16.48,9819.98,148.83,0.042,2.1344944983384892e-05,0.0038260550712429257,0.006756526710423461,0.027159040000000002,0.02040251328957654,1.6666666666666667e-06
2021-11-08,0.8207816968541467,17.22,9828.81,149.24,0.041,2.1323552930491075e-05,0.000898783140785237,0.006494225055806039,0.029652839999999996,0.023158614944193957,1.626984126984127e-06
2021-11-09,0.8304530593180757,17.78,9795.12,144.09,0.042,2.139563742950866e-05,-0.003433566375203247,0.005751655450376346,0.03161284,0.025861184549623658,1.6666666666666667e-06
2021-11-10,0.8513636363636364,18.73,9716.72,144.89,0.049,2.1568225689894003e-05,-0.00803618950590482,0.006960642708868207,0.03508129,0.028120647291131794,1.9444444444444444e-06
2021-11-11,0.8260056127221703,17.66,9722.08,144.03,0.049,2.156032038634133e-05,0.0005514743848224003,0.0070438329031134285,0.031187560000000003,0.024143727096886575,1.9444444444444444e-06
2021-11-12,0.7873368777187046,16.29,9793.22,144.37,0.048,2.14015901381278e-05,0.007290722163439344,0.004754252676554184,0.026536409999999996,0.02178215732344581,1.904761904761905e-06
2021-11-15,0.7901293723047436,16.49,9793.53,142.38,0.046,4.278990158330906e-05,3.165405184903296e-05,0.0045101098598395815,0.027192009999999996,0.022681900140160416,1.8253968253968254e-06
2021-11-16,0.7832535885167465,16.37,9831.91,139.56,0.041,2.131082909778667e-05,0.003911254874063165,0.004528961731790455,0.026797690000000002,0.022268728268209546,1.626984126984127e-06
2021-11-17,0.7928637627432809,17.11,9808.27,141.96,0.048,2.1362272091240197e-05,-0.0024073110751976112,0.004418708021976111,0.02927521,0.024856501978023887,1.904761904761905e-06
2021-11-18,0.8031963470319635,17.59,9842.35,144.8,0.062,2.1289505338445116e-05,0.0034685963260689084,0.0044098366980374025,0.03094081,0.026530973301962597,2.46031746031746e-06
2021-11-19,0.8170620437956204,17.91,9828.8,148.44,0.048,4.265210808052431e-05,-0.0013776522616192211,0.004504756788676965,0.032076810000000004,0.027572053211323038,1.904761904761905e-06
2021-11-22,0.8471056120194433,19.17,9798.29,147.44,0.047,2.138968803138061e-05,-0.003108970772033443,0.004691888678497381,0.036748890000000006,0.032057001321502625,1.865079365079365e-06
2021-11-23,0.8632516703786192,19.38,9814.65,146.99,0.047,2.1356341231600776e-05,0.0016682867325755997,0.004553308619407092,0.03755844,0.033005131380592904,1.865079365079365e-06
2021-11-24,0.8484018264840183,18.58,9837.6,148.15,0.058,2.1305380673869814e-05,0.002335611488032367,0.0045626933156040364,0.03452164,0.029958946684395964,2.3015873015873014e-06
2021-11-26,0.9811450119986287,28.62,9614.25,148.27,0.048,4.3570137028165166e-05,-0.022965405997883798,0.0113113843900052,0.08191044,0.0705990556099948,1.904761904761905e-06
2021-11-29,0.9169329073482428,22.96,9741.78,149.93,0.043,2.152227016903786e-05,0.013177479619239717,0.012231741156935585,0.05271616,0.04048441884306441,1.7063492063492063e-06
2021-11-30,0.9665837184500534,27.19,9558.33,150.55,0.051,2.193631886631109e-05,-0.019010826886025102,0.01682270252913357,0.07392961000000002,0.057106907470866455,2.0238095238095237e-06
2021-12-01,1.010717765508282,31.12,9446.21,155.21,0.047,4.439314569826381e-05,-0.011799422752188047,0.018311120042100035,0.09684544000000002,0.07853431995789999,1.865079365079365e-06
2021-12-02,0.9588336192109778,27.95,9581.79,151.38,0.039,6.559312584035227e-05,0.014250819268852404,0.0208935606078089,0.07812024999999999,0.05722668939219109,1.5476190476190476e-06
2021-12-03,0.9650723725613594,30.67,9501.28,149.64,0.049,2.2053391260220986e-05,-0.008437895755688258,0.02095713937658978,0.09406489000000001,0.07310775062341024,1.9444444444444444e-06
2021-12-06,0.9411357340720222,27.18,9613.02,151.64,0.046,2.1796702159067427e-05,0.011691903225075444,0.02263387585512823,0.07387524,0.051241364144871765,1.8253968253968254e-06
2021-12-07,0.8770032051282051,21.89,9812.2,151.66,0.062,2.1356341231600776e-05,0.020508079795265144,0.027931593215074203,0.04791721,0.0199856167849258,2.46031746031746e-06
2021-12-08,0.8421498095641133,19.9,9842.68,151.2,0.062,2.1297213259625606e-05,0.0031015223123596614,0.02804180351777604,0.03960099999999999,0.011559196482223949,2.46031746031746e-06
2021-12-09,0.8751013787510137,21.58,9773.19,149.66,0.055,2.1444271698902922e-05,-0.007085109219471999,0.028523940754756713,0.046569639999999995,0.018045699245243282,2.182539682539683e-06
2021-12-10,0.8062985332182917,18.69,9866.62,147.34,0.052,2.1244728651683975e-05,0.009514420435354729,0.028713224078191633,0.03493161,0.006218385921808369,2.0634920634920634e-06
2021-12-13,0.8351151315789473,20.31,9776.69,146.07,0.053,2.1430944140224606e-05,-0.009156361967743276,0.02988756121526804,0.04124960999999999,0.011362048784731953,2.103174603174603e-06
2021-12-14,0.8635108481262327,21.89,9705.06,137.76,0.047,2.158032737354663e-05,-0.007353581971167765,0.029868920823531115,0.04791721,0.018048289176468887,1.865079365079365e-06
2021-12-15,0.8278969957081544,19.29,9863.92,141.75,0.046,2.1250146094735076e-05,0.01623625654699437,0.03320876077394489,0.03721040999999999,0.004001649226055101,1.8253968253968254e-06
2021-12-16,0.8440705785802216,20.57,9778.09,140.29,0.042,0.00014992022102522555,-0.008739487078714105,0.03399107393949777,0.042312489999999994,0.008321416060502226,1.6666666666666667e-06
2021-12-17,0.8498817966903074,21.57,9678.03,134.94,0.039,2.174362096530316e-05,-0.010285800270025663,0.03516196909041271,0.046526490000000004,0.01136452090958729,1.5476190476190476e-06
2021-12-20,0.8692512352717598,22.87,9567.91,131.71,0.046,2.1978746552064145e-05,-0.011443577370812818,0.03628778466872548,0.05230369000000001,0.016015905331274526,1.8253968253968254e-06
2021-12-21,0.8404,21.01,9738.73,136.33,0.06,2.1596639562987136e-05,0.01769592819965192,0.04063850239917079,0.04414201,0.0035035076008292157,2.3809523809523808e-06
2021-12-22,0.7907470288624788,18.63,9838.9,142.04,0.065,2.1380998706430132e-05,0.010233197188289873,0.041876753130087284,0.03470769,-0.0071690631300872845,2.579365079365079e-06
2021-12-23,0.7728055077452669,17.96,9900.3,150.26,0.066,4.25007437629772e-05,0.006221143514257005,0.04229430411383921,0.032256160000000006,-0.0100381441138392,2.6190476190476192e-06
2021-12-27,0.7774846086191733,17.68,10037.67,151.87,0.049,2.0952281179594374e-05,0.01377995590590912,0.04442023839790887,0.03125823999999999,-0.01316199839790888,1.9444444444444444e-06
2021-12-28,0.7854903716972683,17.54,10027.53,153.21,0.051,2.0968976399397993e-05,-0.0010107051874078054,0.03696811685782978,0.03076516,-0.006202956857829782,2.0238095238095237e-06
2021-12-29,0.7764544205222171,16.95,10041.61,156.24,0.044,2.0943943535228233e-05,0.0014031495430389433,0.03531647270135101,0.028730249999999995,-0.006586222701351011,1.7460317460317458e-06
2021-12-30,0.7920475319926873,17.33,10012.51,155.27,0.041,2.100244678503136e-05,-0.0029021488277204193,0.03012714212823367,0.030032889999999993,-9.425212823367668e-05,1.626984126984127e-06
2021-12-31,0.7870201096892139,17.22,9986.7,154.38,0.044,2.105772976613476e-05,-0.0025811033864890365,0.0278923231759168,0.029652839999999996,0.0017605168240831977,1.7460317460317458e-06
2022-01-03,0.7710171853228054,16.6,10050.41,151.49,0.062,2.093123044236252e-05,0.006359221933799805,0.02633252724753508,0.027556000000000004,0.0012234727524649235,2.46031746031746e-06
2022-01-04,0.7821461609620721,16.91,10044.75,150.36,0.08,2.094218908700622e-05,-0.0005633197396460856,0.02495102053011422,0.028594810000000002,0.003643789469885781,3.1746031746031746e-06
2022-01-05,0.8406476352790797,19.73,9850.7,143.41,0.089,2.134995783381386e-05,-0.019507591304426718,0.029521942204942624,0.03892729,0.009405347795057379,3.5317460317460317e-06
2022-01-06,0.8344680851063829,19.61,9841.92,140.77,0.096,2.137094619862351e-05,-0.0008917046672079672,0.024585069913675834,0.03845521,0.013870140086324163,3.80952380952381e-06
2022-01-07,0.820288587669436,18.76,9803.85,139.14,0.095,4.2907405818205206e-05,-0.0038756483103486927,0.024649237910254494,0.035193760000000004,0.01054452208974551,3.7698412698412697e-06
2022-01-10,0.8553791887125219,19.4,9789.72,139.24,0.094,2.1480662034106458e-05,-0.0014423101506775868,0.02405060619856427,0.03763599999999999,0.013585393801435718,3.73015873015873e-06
2022-01-11,0.8375796178343949,18.41,9879.39,138.09,0.117,2.1289052104935664e-05,0.009117913442497589,0.0239582290336907,0.03389281,0.009934580966309302,4.642857142857143e-06
2022-01-12,0.8164967562557925,17.62,9907.38,135.73,0.119,4.245653512213007e-05,0.002829165009724655,0.022897916096385428,0.03104644000000001,0.00814852390361458,4.7222222222222214e-06
2022-01-13,0.867577958137548,20.31,9767.35,133.13,0.117,2.152643984972587e-05,-0.014234743195043786,0.02485092000832518,0.04124960999999999,0.016398689991674813,4.642857142857143e-06
2022-01-14,0.8409290096406661,19.19,9775.53,133.85,0.12,2.152041749607985e-05,0.0008371335727084712,0.02151413272552895,0.03682561000000001,0.015311477274471057,4.7619047619047615e-06
2022-01-18,0.9072452229299363,22.79,9595.93,129.72,0.133,2.1905085265524473e-05,-0.018543274105716174,0.024720744810909533,0.05193841,0.027217665189090464,5.277777777777778e-06
2022-01-19,0.9240604416892678,23.85,9503.14,134.73,0.171,2.2133932425084175e-05,-0.009716779934218833,0.02458997951023475,0.05688225000000001,0.032292270489765254,6.785714285714286e-06
2022-01-20,0.9390825688073394,25.59,9398.96,127.58,0.171,2.2381629158766113e-05,-0.011023225453277394,0.02448007824527879,0.06548481,0.04100473175472122,6.785714285714286e-06
2022-01-21,0.9632721202003339,28.85,9221.28,136.18,0.167,2.2830268369783925e-05,-0.01908518829111259,0.02352586986388047,0.08323225000000002,0.05970638013611955,6.626984126984127e-06
2022-01-24,0.9701492537313432,29.9,9246.84,136.06,0.164,2.273321436282416e-05,0.002768014970647679,0.02178043100008571,0.089401,0.06762056899991428,6.507936507936508e-06
2022-01-25,0.9811083123425692,31.16,9134.33,133.9,0.189,2.3015754283786332e-05,-0.01224202867684695,0.021601537560844493,0.09709456,0.07549302243915551,7.5e-06
2022-01-26,1.0003129890453835,31.96,9120.75,133.38,0.195,2.307044560563589e-05,-0.001487805312824408,0.01762165948817773,0.10214416,0.08452250051182227,7.738095238095238e-06
2022-01-27,0.9876903142209263,30.49,9072.24,132.22,0.198,2.3187061619595165e-05,-0.005332835885158354,0.017459077205926946,0.09296401,0.07550493279407305,7.857142857142858e-06
2022-01-28,0.9597501734906315,27.66,9294.21,132.96,0.185,0.00011305183426603668,0.024172423968319378,0.027220920727496344,0.07650756,0.04928663927250366,7.3412698412698415e-06
2022-01-31,0.9247672253258844,24.83,9469.92,131.44,0.186,2.2232844581406114e-05,0.018728833802389242,0.033261429782810964,0.061652889999999995,0.02839146021718903,7.380952380952381e-06
2022-02-01,0.8869143780290791,21.96,9534.95,133.0,0.199,2.2076273525008897e-05,0.006843535767511845,0.03434441211397578,0.04822416000000001,0.013879747886024231,7.896825396825397e-06
2022-02-02,0.8786793953858393,22.09,9624.89,132.05,0.194,2.1867243961887373e-05,0.009388456336968947,0.03510823799335725,0.048796809999999996,0.013688572006642745,7.698412698412699e-06
2022-02-03,0.9130108736407949,24.35,9390.57,132.75,0.199,-2.2388644479626892e-05,-0.024646457283886727,0.04115985202702371,0.05929225000000001,0.018132397972976298,7.896825396825397e-06
2022-02-04,0.8845714285714286,23.22,9440.58,129.29,0.23,6.685311256943858e-05,0.005311424694748312,0.038356539949654704,0.053916839999999994,0.01556030005034529,9.126984126984127e-06
2022-02-07,0.8898404048267807,22.86,9405.84,126.25,0.217,0.0,-0.0036866459886783732,0.03837045913148352,0.05225796,0.013887500868516478,8.611111111111112e-06
2022-02-08,0.8736756316218419,21.44,9484.95,127.72,0.274,2.2178604300411204e-05,0.008375558932501075,0.039641303795760405,0.045967360000000006,0.006326056204239601,1.0873015873015874e-05
2022-02-09,0.8497232865048958,19.96,9623.84,129.78,0.279,2.1858162384268473e-05,0.014537021538475177,0.042758685488918806,0.03984016,-0.0029185254889188064,1.1071428571428572e-05
2022-02-10,0.9171461449942463,23.91,9450.72,128.11,0.398,2.225263415554793e-05,-0.018152424350777456,0.04485755337098787,0.05716881,0.012311256629012134,1.5793650793650794e-05
2022-02-11,0.9490114464099896,27.36,9271.8,126.81,0.359,4.5402951191786174e-05,-0.019113393593927754,0.04790282804489529,0.07485696,0.02695413195510471,1.4246031746031746e-05
2022-02-14,0.9622961956521738,28.33,9236.86,128.12,0.378,2.2776189771192457e-05,-0.0037755344260262517,0.04629585277355112,0.08025889,0.03396303722644888,1.5e-05
2022-02-15,0.9420821114369501,25.7,9383.57,129.76,0.406,2.2417754861830198e-05,0.015758286564845816,0.050282209338206645,0.066049,0.015766790661793352,1.611111111111111e-05
2022-02-16,0.924980959634425,24.29,9393.09,132.75,0.387,2.2390148334712353e-05,0.0010140249454101775,0.04669351390612082,0.05900041,0.01230689609387918,1.535714285714286e-05
2022-02-17,0.958731241473397,28.11,9195.35,131.31,0.356,2.2877274858997986e-05,-0.021276391072626966,0.050831166929097796,0.07901721,0.02818604307090221,1.4126984126984127e-05
2022-02-18,0.9496919917864477,27.75,9130.81,128.36,0.34,2.3027414136508596e-05,-0.007043512315141742,0.05007295395122614,0.07700625000000001,0.02693329604877387,1.3492063492063494e-05
2022-02-22,0.9896942631398145,28.81,9038.32,128.33,0.345,2.327448767045129e-05,-0.010181092756431578,0.047051224156232634,0.08300160999999998,0.03595038584376734,1.369047619047619e-05
2022-02-23,1.0045336787564767,31.02,8871.95,126.88,0.356,2.3698086379503298e-05,-0.018578702101255992,0.05051703400757431,0.09622403999999998,0.04570700599242567,1.4126984126984127e-05
2022-02-24,1.0089850249584027,30.32,9005.37,130.48,0.313,2.3347847912097467e-05,0.014926451743765142,0.05234241223897211,0.09193024000000001,0.0395878277610279,1.242063492063492e-05
2022-02-25,0.9839514978601998,27.59,9207.85,132.51,0.32,4.5695485286012176e-05,0.022235315036339433,0.05861118232263786,0.07612080999999998,0.017509627677362125,1.2698412698412699e-05
2022-02-28,1.0168634064080944,30.15,9186.37,137.36,0.307,2.290137522769177e-05,-0.002335517327052389,0.058282002249969385,0.09090224999999999,0.032620247750030605,1.2182539682539682e-05
2022-03-01,1.0223995090518563,33.32,9044.47,134.42,0.321,2.325500273244167e-05,-0.015567342556283913,0.05362188311365968,0.11102224,0.05740035688634031,1.273809523809524e-05
2022-03-02,0.9925734581853406,30.74,9213.39,136.11,0.335,4.5679830070990595e-05,0.018504339497848455,0.05350919631051827,0.09449476000000001,0.04098556368948174,1.3293650793650794e-05
2022-03-03,0.9896103896103896,30.48,9166.13,133.28,0.342,2.29497286194382e-05,-0.0051426918829390305,0.05277111452129969,0.09290304,0.040131925478700314,1.3571428571428572e-05
2022-03-04,0.9888682745825602,31.98,9094.04,134.98,0.326,0.0,-0.007895914938364359,0.0514485967736313,0.10227204000000002,0.050823443226368725,1.2936507936507937e-05
2022-03-07,1.0198656966983772,36.45,8825.72,136.69,0.326,2.3839322963206163e-05,-0.02994906800401685,0.05471841039352439,0.13286025000000004,0.07814183960647565,1.2936507936507937e-05
2022-03-08,1.0037142857142858,35.13,8762.11,135.25,0.355,2.4020850097863116e-05,-0.007233442369366598,0.05399391336523683,0.12341169,0.06941777663476317,1.4087301587301586e-05
2022-03-09,0.9815486993345433,32.45,8988.65,134.12,0.382,2.339701220165358e-05,0.025525926831029805,0.06413488874530766,0.10530025000000001,0.04116536125469235,1.5158730158730159e-05
2022-03-10,0.9590736040609137,30.23,8950.9,130.94,0.378,2.3502038801844685e-05,-0.004208584465001564,0.06269405356233618,0.09138529000000001,0.02869123643766383,1.5e-05
2022-03-11,0.9508348794063078,30.75,8835.4,130.7,0.379,2.3804706190392196e-05,-0.012987706666983451,0.05978802304920571,0.09455625,0.03476822695079428,1.503968253968254e-05
2022-03-14,0.9534813925570228,31.77,8771.75,131.81,0.397,2.3977652827542903e-05,-0.00723004884580169,0.05734359302430866,0.10093329,0.04358969697569134,1.5753968253968255e-05
2022-03-15,0.9333541927409261,29.83,8959.74,130.66,0.463,7.040022528065687e-05,0.02120487833115643,0.06103784592874267,0.08898289000000001,0.027945044071257336,1.8373015873015875e-05
2022-03-16,0.9209254143646409,26.67,9160.51,132.0,0.416,2.2956577633385532e-05,0.022160645283365404,0.06770796430022227,0.07112889,0.003420925699777727,1.6507936507936507e-05
2022-03-17,0.9096385542168676,25.67,9274.17,134.93,0.387,2.2675479869822124e-05,0.012331262626564988,0.06645386301671777,0.06589489000000003,-0.0005589730167177426,1.535714285714286e-05
2022-03-18,0.8990583804143126,23.87,9382.43,136.64,0.391,2.2498959423234107e-05,0.011605674682499102,0.06821976461736684,0.05697769000000001,-0.011242074617366829,1.5515873015873016e-05
2022-03-21,0.8919636087945414,23.53,9378.84,135.73,0.454,6.749839691313982e-05,-0.0003827033078055171,0.06228432390032989,0.05536609000000001,-0.006918233900329883,1.8015873015873015e-05
2022-03-22,0.8874274661508704,22.94,9484.86,139.72,0.496,2.2243229716934673e-05,0.011240755137150117,0.06261718714790092,0.05262436000000001,-0.00999282714790091,1.968253968253968e-05
2022-03-23,0.8924649753881105,23.57,9368.98,136.71,0.48,2.2530387860734598e-05,-0.012292610863212376,0.0633088205531047,0.05555449,-0.007754330553104705,1.9047619047619046e-05
2022-03-24,0.8565217391304348,21.67,9504.19,138.39,0.496,4.4403987478161356e-05,0.014328521735720025,0.05947796867477241,0.04695889,-0.012519078674772408,1.968253968253968e-05
2022-03-25,0.8418284789644013,20.81,9552.4,140.26,0.528,2.209285627490341e-05,0.005059677817418481,0.057749906534466995,0.043305609999999994,-0.014444296534467,2.0952380952380954e-05
2022-03-28,0.8118279569892473,19.63,9620.66,138.87,0.538,2.193631886631109e-05,0.007120437572494642,0.05309171637806152,0.03853369,-0.014558026378061514,2.134920634920635e-05
2022-03-29,0.8150064683053039,18.9,9738.6,140.0,0.547,2.1663543505791543e-05,0.012184500764078047,0.05400295488163709,0.03572099999999999,-0.0182819548816371,2.1706349206349206e-05
2022-03-30,0.8201103097157403,19.33,9678.3,139.28,0.534,2.180002834014093e-05,-0.006211104126136975,0.050727579266745704,0.03736488999999999,-0.013362689266745713,2.1190476190476193e-05
2022-03-31,0.8405560098119378,20.56,9527.46,140.73,0.496,2.214128353018611e-05,-0.0157081106468714,0.05160065841978119,0.042271359999999994,-0.009329298419781196,1.968253968253968e-05
2022-04-01,0.8108219743907475,19.63,9559.95,145.51,0.518,4.4161808867651054e-05,0.0034043415401752365,0.051025820952098025,0.03853369,-0.012492130952098023,2.0555555555555558e-05
2022-04-04,0.8063395570994355,18.57,9637.37,146.48,0.555,2.189261671499295e-05,0.008065752899004401,0.05010135569034574,0.03448449,-0.01561686569034574,2.2023809523809524e-05
2022-04-05,0.8445783132530121,21.03,9517.94,141.33,0.652,2.216729658732453e-05,-0.01246981098941048,0.039358600402689535,0.04422609000000001,0.0048674895973104745,2.5873015873015875e-05
2022-04-06,0.8565891472868218,22.1,9425.49,144.27,0.673,2.2393156651306988e-05,-0.00976071746111043,0.0401249206355507,0.048841,0.008716079364449306,2.670634920634921e-05
2022-04-07,0.8541418945699564,21.55,9466.76,139.55,0.679,2.2284370856479527e-05,0.004368994232785845,0.03373990665480996,0.046440249999999995,0.012700343345190032,2.6944444444444448e-05
2022-04-08,0.8406833531982518,21.16,9441.84,141.51,0.689,2.234062754820751e-05,-0.0026358391872426373,0.03350498217053161,0.044774560000000005,0.011269577829468393,2.734126984126984e-05
2022-04-11,0.9025925925925926,24.37,9282.48,137.91,0.705,0.0,-0.01702212394333374,0.035279235634264466,0.05938969,0.024110454365735536,2.7976190476190475e-05
2022-04-12,0.8928965771071035,24.26,9251.07,137.62,0.742,2.2818807260923717e-05,-0.003389531964708357,0.03452900649890176,0.058854760000000006,0.024325753501098245,2.944444444444444e-05
2022-04-13,0.8543461237274863,21.82,9356.21,139.86,0.748,4.510905113106843e-05,0.011301073449467276,0.031046097730334996,0.04761124,0.016565142269665004,2.968253968253968e-05
2022-04-14,0.8720706876680753,22.7,9242.58,134.39,0.771,2.2838089365422916e-05,-0.012219226501615025,0.027816765520388184,0.05152899999999999,0.023712234479611807,3.059523809523809e-05
2022-04-18,0.8609708737864078,22.17,9240.69,130.94,0.767,2.2831310859692244e-05,-0.00020450926774172751,0.025941219749327338,0.04915089,0.023209670250672665,3.0436507936507936e-05
2022-04-19,0.8527533918595372,21.37,9389.21,130.94,0.826,2.2472162608548196e-05,0.015944599435288535,0.027454940293962077,0.045667690000000004,0.018212749706037926,3.277777777777778e-05
2022-04-20,0.8414078674948241,20.32,9383.54,134.18,0.818,4.4977174084111384e-05,-0.0006040670836623925,0.02745785506346283,0.04129024,0.01383238493653717,3.246031746031746e-05
2022-04-21,0.868632707774799,22.68,9245.86,132.72,0.803,4.565897312978256e-05,-0.014781206773323638,0.028228045715584855,0.05143824,0.023210194284415148,3.186507936507937e-05
2022-04-22,0.9444258453297623,28.21,8989.51,136.22,0.806,2.3469495523172386e-05,-0.028117541775992037,0.035650694958569366,0.07958041,0.04392971504143064,3.198412698412699e-05
2022-04-25,0.9294805641554867,27.02,9040.86,133.42,0.814,2.333749518662039e-05,0.005695960630100133,0.0329996088305537,0.07300804,0.040008431169446294,3.23015873015873e-05
2022-04-26,1.011466505733253,33.52,8786.47,137.43,0.823,2.403124061277478e-05,-0.028541264304480594,0.040248450379933784,0.11235904000000003,0.07211058962006625,3.2658730158730154e-05
2022-04-27,0.9813664596273292,31.6,8805.0,138.09,0.827,2.3966159782365474e-05,0.0021067036300344497,0.03914760742150413,0.099856,0.06070839257849587,3.281746031746032e-05
2022-04-28,0.962760834670947,29.99,9023.42,136.35,0.818,2.3376228713133347e-05,0.024503677692287312,0.046061022279207296,0.08994001,0.043878987720792705,3.246031746031746e-05
2022-04-29,1.0066305003013862,33.4,8696.65,136.69,0.834,4.8534265191180864e-05,-0.03688552560484747,0.05934562775915815,0.11155599999999997,0.052210372240841824,3.309523809523809e-05
2022-05-02,0.979703120266586,32.34,8746.05,131.4,0.787,9.649715333402601e-05,0.005664275837931913,0.05910972568145708,0.10458756000000001,0.04547783431854293,3.1230158730158734e-05
2022-05-03,0.949367088607595,29.25,8788.36,129.0,0.912,2.4014504760853728e-05,0.004825948761989302,0.05940192265367264,0.08555624999999999,0.026154327346327347,3.619047619047619e-05
2022-05-04,0.9049483802064793,25.42,9050.9,127.75,0.871,2.331083837428093e-05,0.02943608164554008,0.07138397047208665,0.06461764000000002,-0.006766330472086635,3.4563492063492065e-05
2022-05-05,0.9547123623011016,31.2,8729.21,128.65,0.819,9.663936604580819e-05,-0.03618932707866826,0.08380190970258763,0.097344,0.013542090297412365,3.25e-05
2022-05-06,0.9343856391210151,30.19,8680.97,126.21,0.837,7.292261694971879e-05,-0.005541599621764757,0.0834157068984439,0.09114361,0.007727903101556105,3.321428571428571e-05
2022-05-09,0.9914407988587732,34.75,8403.5,127.05,0.823,2.5109540369840694e-05,-0.03248498784615344,0.0920177135161975,0.12075624999999998,0.02873853648380248,3.2658730158730154e-05
2022-05-10,0.9711510156020019,32.99,8424.2,125.86,0.903,5.011777677537666e-05,0.0024602305057690814,0.09271942093309202,0.10883401000000002,0.016114589066908006,3.5833333333333335e-05
2022-05-11,0.968183169788879,32.56,8285.82,124.51,0.903,2.5459868881652104e-05,-0.016562896209848254,0.09258780812070976,0.10601536,0.013427551879290248,3.5833333333333335e-05
2022-05-12,0.9603990326481258,31.77,8278.04,119.91,0.944,7.64535735675265e-05,-0.0009393946304941398,0.09278451789012615,0.10093329,0.008148772109873845,3.746031746031746e-05
2022-05-13,0.9403908794788274,28.87,8476.57,122.09,0.978,4.979211790768992e-05,0.023699661447267064,0.0998136456769426,0.08334769,-0.016465955676942604,3.880952380952381e-05
2022-05-16,0.930870891223314,27.47,8443.55,117.53,1.009,7.495409061942738e-05,-0.0039030505597288053,0.09906810792175479,0.07546009,-0.023608017921754793,4.0039682539682536e-05
2022-05-17,0.9199859005992246,26.1,8614.31,117.68,1.067,4.898838975158431e-05,0.02002193762355084,0.10606778553360231,0.068121,-0.03794678553360231,4.234126984126984e-05
2022-05-18,0.9439024390243903,30.96,8268.32,123.46,1.022,7.654525738335833e-05,-0.04099342940550691,0.11729723449265883,0.09585215999999999,-0.02144507449265884,4.055555555555555e-05
2022-05-19,0.9532315686911336,29.35,8220.97,122.66,1.014,2.567756679374727e-05,-0.0057431375332510255,0.11690838960578911,0.08614225000000002,-0.030766139605789097,4.023809523809524e-05
2022-05-20,0.9450867052023121,29.43,8222.31,122.32,1.021,0.00025598361704842163,0.0001629845143993602,0.11639380946829561,0.08661249,-0.02978131946829561,4.0515873015873014e-05
2022-05-23,0.9402443050511721,28.48,8375.87,120.55,1.015,5.0385448682374694e-05,0.018503761426288113,0.1160060701789065,0.08111104,-0.03489503017890651,4.027777777777778e-05
2022-05-24,0.9580351333767079,29.45,8307.97,122.96,1.06,2.5381032754199685e-05,-0.008139657882954624,0.11514335222565483,0.08673025,-0.028413102225654838,4.2063492063492065e-05
2022-05-25,0.9542549613185335,28.37,8386.62,118.85,1.06,2.5153752310978116e-05,0.009422283730756528,0.10898450779753269,0.08048569,-0.02849881779753269,4.2063492063492065e-05
2022-05-26,0.9392076502732241,27.5,8553.68,122.28,1.051,2.4673994843252895e-05,0.019724020945124845,0.11462887236198951,0.07562500000000001,-0.0390038723619895,4.17063492063492e-05
2022-05-27,0.9179157744468237,25.72,8766.83,121.25,1.055,2.407637024653661e-05,0.02461368181490183,0.1147007669311566,0.06615183999999999,-0.048548926931156616,4.186507936507936e-05
2022-05-31,0.9356913183279744,26.19,8712.6,119.1,1.058,7.264714072969103e-05,-0.006205027738148433,0.09854038211267026,0.06859161000000001,-0.029948772112670247,4.1984126984126986e-05
2022-06-01,0.9267676767676769,25.69,8648.28,119.3,1.13,2.441197651565639e-05,-0.007409796541533043,0.09875411638290524,0.06599761000000001,-0.032756506382905226,4.484126984126984e-05
2022-06-02,0.9135254988913526,24.72,8809.18,121.4,1.131,2.395984330260301e-05,0.018433902325223964,0.10281472165284646,0.06110783999999999,-0.041706881652846466,4.4880952380952385e-05
2022-06-03,0.907061836809367,24.79,8665.8,122.25,1.173,4.8709206040035684e-05,-0.016410115213261703,0.09415917030126701,0.061454409999999994,-0.03270476030126702,4.6547619047619054e-05
2022-06-06,0.9210139603232917,25.07,8693.06,122.36,1.201,2.4286286748165547e-05,0.003140761825210953,0.07890562348347024,0.06285049,-0.01605513348347025,4.765873015873016e-05
2022-06-07,0.9057315233785822,24.02,8776.09,120.66,1.254,2.4056098822432084e-05,0.009505971983662499,0.0795963429722032,0.05769604,-0.021900302972203196,4.976190476190477e-05
2022-06-08,0.9027882441597589,23.96,8681.68,119.13,1.251,2.4314040142596374e-05,-0.010815919830629366,0.06720878419372978,0.05740816000000001,-0.00980062419372977,4.9642857142857136e-05
2022-06-09,0.9314530524812566,26.09,8475.91,120.66,1.264,2.4908151192455083e-05,-0.023987036197743793,0.07499616914849642,0.06806881000000001,-0.0069273591484964175,5.015873015873016e-05
2022-06-10,0.9337146702557201,27.75,8229.43,121.64,1.341,2.5653194464017304e-05,-0.02951126865229732,0.08250763473619968,0.07700625000000001,-0.005501384736199669,5.3214285714285715e-05
2022-06-13,0.9935747663551402,34.02,7910.43,124.14,1.6,2.6664889007375258e-05,-0.03953461161157991,0.10098010483635365,0.11573604000000004,0.014755935163646386,6.349206349206349e-05
2022-06-14,0.9822716346153845,32.69,7883.34,125.16,1.776,2.6750484852513623e-05,-0.0034304699342252686,0.09213083135202328,0.10686360999999998,0.014732778647976702,7.047619047619048e-05
2022-06-15,0.9623131903833658,29.62,7998.62,118.36,1.619,2.6375829190106176e-05,0.014517354864562973,0.095994567551382,0.08773444000000001,-0.008260127551381988,6.424603174603174e-05
2022-06-16,0.9838757838160646,32.95,7739.39,122.48,1.533,0.0,-0.03294615367365207,0.09949595415979516,0.10857025000000001,0.009074295840204846,6.083333333333333e-05
2022-06-17,0.9619901112484549,31.13,7756.59,121.15,1.602,2.7333980237662803e-05,0.0022199315001185183,0.08281767933623789,0.09690768999999998,0.014090010663762087,6.357142857142857e-05
2022-06-21,0.96608,30.19,7946.89,121.38,1.543,2.6662756129076814e-05,0.024237852534508025,0.09156346581360002,0.09114361,-0.00041985581360001745,6.123015873015873e-05
2022-06-22,0.9573412698412699,28.95,7936.67,119.22,1.557,8.013569644590898e-05,-0.0012868653388004778,0.09152374272395067,0.08381024999999999,-0.0077134927239506795,6.178571428571428e-05
2022-06-23,0.9622391520370983,29.05,8012.68,121.11,1.596,2.6446280991711484e-05,0.00953149507087862,0.08792535724011157,0.08439024999999999,-0.003535107240111579,6.333333333333335e-05
2022-06-24,0.940587219343696,27.23,8257.72,120.43,1.662,2.563806740245588e-05,0.030123233481112576,0.0996809004387538,0.07414728999999999,-0.02553361043875381,6.595238095238095e-05
2022-06-27,0.9563520227111426,26.95,8233.42,119.98,1.667,2.5729098323725844e-05,-0.002947039147954895,0.09848986075006942,0.07263025000000001,-0.025859610750069414,6.615079365079365e-05
2022-06-28,0.9728987993138937,28.36,8067.56,120.46,1.736,0.0,-0.020350399061668124,0.09695598808821967,0.08042896000000001,-0.016527028088219667,6.88888888888889e-05
2022-06-29,0.9710344827586207,28.16,8062.72,119.26,1.717,2.6290536721283253e-05,-0.000600113593224021,0.0871752578670559,0.07929856,-0.007876697867055901,6.813492063492064e-05
2022-06-30,0.9663412992258499,28.71,7993.43,119.94,1.667,2.6505161880402744e-05,-0.008631014302008017,0.0873814894376241,0.08242641000000002,-0.004955079437624077,6.615079365079365e-05
2022-07-01,0.9361851332398317,26.7,8077.89,118.59,1.662,2.6232604504114336e-05,0.010510745547207939,0.08974162468079196,0.071289,-0.01845262468079195,6.595238095238095e-05
2022-07-05,0.9529411764705883,27.54,8092.15,118.19,1.688,2.6181094631542737e-05,0.001763756143671853,0.08396761459838466,0.07584516,-0.008122454598384662,6.698412698412698e-05
2022-07-06,0.9415287072912998,26.73,8121.21,117.45,1.885,2.6088204218438894e-05,0.003584701890123095,0.08253364202516446,0.07144928999999998,-0.011084352025164473,7.480158730158729e-05
2022-07-07,0.9304316803424901,26.08,8243.69,118.76,1.907,0.0,0.014968901365596908,0.0860699124511678,0.06801663999999999,-0.018053272451167807,7.567460317460318e-05
2022-07-08,0.9025641025641026,24.64,8237.5,118.13,1.914,2.5727774418850494e-05,-0.0007511593872839204,0.0842220158305712,0.06071296,-0.023509055830571203,7.595238095238095e-05
2022-07-11,0.9263716814159293,26.17,8142.68,119.8,2.03,2.6021676056131108e-05,-0.011577535671983729,0.08437867996224341,0.06848689000000002,-0.015891789962243386,8.055555555555556e-05
2022-07-12,0.9469118667591949,27.29,8067.56,121.33,2.173,2.62546437900965e-05,-0.009268281992099987,0.0792133770825782,0.07447440999999999,-0.004738967082578205,8.623015873015873e-05
2022-07-13,0.939075630252101,26.82,8031.76,120.41,2.361,2.6394626054111372e-05,-0.004447400139686477,0.06959724245754699,0.07193124,0.0023339975424530035,9.36904761904762e-05
2022-07-14,0.9227542817196784,26.4,8008.71,121.92,2.351,2.6457476221469574e-05,-0.0028739826034587146,0.050270896102391036,0.06969600000000001,0.019425103897608972,9.32936507936508e-05
2022-07-15,0.8947562776957164,24.23,8162.5,122.48,2.342,2.596761838000428e-05,0.019020795181152884,0.05404608239293396,0.058709290000000004,0.004663207607066046,9.293650793650794e-05
2022-07-18,0.9094176851186198,25.3,8094.23,120.55,2.328,2.6179038443894143e-05,-0.008399032441906458,0.05292129780286083,0.064009,0.011087702197139164,9.238095238095237e-05
2022-07-19,0.8971072867081655,24.5,8318.2,120.04,2.487,2.549427016275773e-05,0.027294423112423076,0.04559513562476748,0.060024999999999995,0.014429864375232512,9.869047619047619e-05
2022-07-20,0.8943820224719101,23.88,8367.37,117.24,2.466,2.5329601438698325e-05,0.0058937324084238464,0.045644659453402736,0.05702543999999999,0.011380780546597254,9.785714285714286e-05
2022-07-21,0.8813882532418001,23.11,8450.64,118.71,2.431,2.5074282562067386e-05,0.009902560464460775,0.04065864126208323,0.05340721,0.012748568737916764,9.646825396825398e-05
2022-07-22,0.8867924528301888,23.03,8371.87,119.15,2.417,2.530780619279716e-05,-0.009364901633067711,0.04229944607500138,0.05303809,0.010738643924998625,9.59126984126984e-05
2022-07-25,0.9054263565891473,23.36,8382.88,119.46,2.472,2.528157352511321e-05,0.001314254355900627,0.041662391295155476,0.05456896,0.012906568704844523,9.80952380952381e-05
2022-07-26,0.9345193035579107,24.69,8286.19,121.29,2.51,2.5581008659148164e-05,-0.011601257232682856,0.03314174532543884,0.060959610000000004,0.02781786467456116,9.96031746031746e-05
2022-07-27,0.9182141446068748,23.24,8503.02,121.92,2.405,0.0,0.0258311208758081,0.04082385728857467,0.05400976,0.013185902711425328,9.543650793650793e-05
2022-07-28,0.917796958487464,22.33,8607.24,122.67,2.362,2.4630238543837898e-05,0.012182315046906074,0.035582792053135415,0.049862889999999986,0.014280097946864571,9.373015873015874e-05
2022-07-29,0.8965952080706179,21.33,8730.46,122.29,2.364,4.8537798810779784e-05,0.014214350771652784,0.03684124460854562,0.04549689,0.00865564539145438,9.38095238095238e-05
2022-08-01,0.918744971842317,22.84,8705.87,122.94,2.331,2.4348376571969917e-05,-0.0028205495424944273,0.035427811326078966,0.052166559999999994,0.016738748673921028,9.25e-05
2022-08-02,0.9325798908807482,23.93,8647.91,121.78,2.484,2.4502897467603262e-05,-0.006679837535747117,0.0361819497776217,0.057264489999999994,0.021082540222378293,9.857142857142858e-05
2022-08-03,0.9006975789905621,21.95,8783.28,121.16,2.48,2.4130982975706733e-05,0.015532240942338309,0.03794216938402311,0.04818025,0.010238080615976891,9.841269841269841e-05
2022-08-04,0.8815789473684211,21.44,8777.23,122.81,2.433,2.4144966378112357e-05,-0.0006890460743306455,0.03819558997871983,0.045967360000000006,0.007771770021280176,9.654761904761904e-05
2022-08-05,0.8746898263027295,21.15,8764.08,125.97,2.504,4.837461300305198e-05,-0.0014993181767363683,0.03677307130772868,0.044732249999999994,0.007959178692271314,9.936507936507936e-05
2022-08-08,0.86968954248366,21.29,8753.39,123.69,2.519,2.4211023279014488e-05,-0.0012204960336161506,0.036819074486735576,0.04532640999999999,0.008507335513264415,9.996031746031746e-05
2022-08-09,0.8817334953422438,21.77,8716.75,123.91,2.613,2.431108463901906e-05,-0.004194591883312402,0.03478100134853363,0.047393290000000005,0.012612288651466373,0.00010369047619047619
2022-08-10,0.8414322250639386,19.74,8902.72,125.04,2.582,2.3813209187114446e-05,0.021110385997391935,0.036276567240520224,0.038966759999999996,0.0026901927594797717,0.00010246031746031745
2022-08-11,0.8519611978068325,20.2,8898.84,126.84,2.543,2.3809240366164464e-05,-0.00043591685913376153,0.03554590122168489,0.04080399999999999,0.005258098778315103,0.00010091269841269841
2022-08-12,0.8378378378378379,19.53,9054.14,129.34,2.551,4.683292354520972e-05,0.01730118050827428,0.03648721172421957,0.038142090000000003,0.0016548782757804317,0.00010123015873015874
2022-08-15,0.8554888507718696,19.95,9090.36,127.62,2.57,2.331736094106748e-05,0.003992399692465962,0.03420661667073753,0.039800249999999995,0.005593633329262465,0.00010198412698412697
2022-08-16,0.8443396226415095,19.69,9107.87,126.09,2.634,2.327394598115021e-05,0.0019243635676162141,0.031966732038081404,0.03876961000000001,0.006802877961918606,0.00010452380952380952
2022-08-17,0.8432203389830507,19.9,9043.59,122.06,2.628,2.3437591553070687e-05,-0.0070826554681164364,0.02737018578206209,0.03960099999999999,0.0122308142179379,0.00010428571428571428
2022-08-18,0.8362548097477553,19.56,9065.49,124.22,2.646,2.3373496791966307e-05,0.002418677334933426,0.02734763616783002,0.03825936,0.01091172383216998,0.00010499999999999999
2022-08-19,0.8470394736842106,20.6,8948.82,123.68,2.668,2.3688543036139016e-05,-0.012953216780783932,0.030110605669904082,0.04243600000000001,0.012325394330095926,0.00010587301587301588
2022-08-22,0.9153846153846155,23.8,8758.24,123.93,2.722,4.837227301320237e-05,-0.021526708498695098,0.03559159886113594,0.05664400000000001,0.021052401138864064,0.00010801587301587301
2022-08-23,0.9301697530864197,24.11,8738.76,123.83,2.717,4.850483835758206e-05,-0.002226668348696385,0.03581649382726478,0.058129209999999994,0.02231271617273521,0.00010781746031746031
2022-08-24,0.9168340699075934,22.82,8764.42,122.78,2.763,2.4176488365042986e-05,0.0029320407357926286,0.033377163570891544,0.05207524000000001,0.018698076429108465,0.00010964285714285713
2022-08-25,0.9026108578532948,21.78,8888.13,123.1,2.806,2.383761814517325e-05,0.014016334785391252,0.028156980764461697,0.04743684000000001,0.01927985923553831,0.00011134920634920635
2022-08-26,0.9623493975903614,25.56,8588.95,124.57,2.829,2.4672168560233165e-05,-0.034240185325330505,0.04223367584489546,0.06533135999999999,0.023097684155104534,0.00011226190476190477
2022-08-29,0.9772557792692022,26.21,8532.1,121.97,2.879,2.4837007140616965e-05,-0.006640972245919357,0.039929362389886584,0.06869641,0.028767047610113415,0.00011424603174603175
2022-08-30,0.9739873652917131,26.21,8438.69,121.01,2.913,2.5114585295387467e-05,-0.011008437830862075,0.041090023892068235,0.06869641,0.027606386107931764,0.0001155952380952381
2022-08-31,0.9707317073170733,25.87,8374.42,119.71,2.925,5.061753391370168e-05,-0.007645261709261003,0.041227608888170904,0.06692569,0.025698081111829092,0.00011607142857142857
2022-09-01,0.9670828603859251,25.56,8400.96,120.74,2.931,2.52273615963645e-05,0.003164163451802354,0.037745270752162066,0.06533135999999999,0.027586089247837925,0.0001163095238095238
2022-09-02,0.961858006042296,25.47,8311.42,119.81,2.894,2.5492970313412886e-05,-0.010715512304455936,0.038590269650838845,0.06487209,0.02628182034916115,0.00011484126984126985
2022-09-06,0.975353388909025,26.91,8277.81,119.84,2.932,2.558886372648295e-05,-0.004052032069815134,0.038597873956550954,0.07241481000000001,0.033816936043449056,0.00011634920634920634
2022-09-07,0.9440613026819923,24.64,8429.87,119.05,3.01,2.513984036199084e-05,0.0182029101206245,0.04385820054325555,0.06071296,0.01685475945674445,0.00011944444444444444
2022-09-08,0.9251567398119123,23.61,8486.63,119.08,3.023,2.4974713103102482e-05,0.006710633169275564,0.04462538998430311,0.05574321,0.011117820015696889,0.00011996031746031746
2022-09-09,0.9065234685759744,22.79,8616.98,119.66,3.033,2.4596918006151456e-05,0.015242691312483174,0.041728657191936976,0.05193841,0.010209752808063022,0.00012035714285714285
2022-09-12,0.9408750492707922,23.87,8708.17,121.06,3.073,2.4334748804533334e-05,0.010526990198557445,0.04347961309992957,0.05697769000000001,0.01349807690007044,0.00012194444444444445
2022-09-13,0.9756708407871199,27.27,8331.9,125.46,3.199,2.5435260902310156e-05,-0.04417014405371386,0.06042572216379436,0.07436529,0.01393956783620564,0.00012694444444444445
2022-09-14,0.9526584122359796,26.16,8362.4,120.19,3.191,2.534115530324723e-05,0.0036539458299657463,0.060359282406724314,0.06843456,0.008075277593275691,0.00012662698412698413
2022-09-15,0.9518115942028985,26.27,8268.6,119.97,3.157,2.563215297266563e-05,-0.01128025910934309,0.060488669978643335,0.06901128999999999,0.008522620021356654,0.00012527777777777778
2022-09-16,0.9518639160332972,26.3,8209.35,117.71,3.133,2.5930583827071283e-05,-0.0071914595387063095,0.06049560952037885,0.06916900000000001,0.008673390479621158,0.00012432539682539682
2022-09-19,0.953720844131803,25.76,8265.73,116.26,3.152,2.57377070278038e-05,0.006844303043242038,0.06151437591172864,0.06635776,0.004843384088271362,0.00012507936507936507
2022-09-20,0.9741750358680058,27.16,8172.64,116.69,3.249,2.6030481694040073e-05,-0.011326061541066702,0.06119534448845348,0.07376656000000001,0.012571215511546531,0.00012892857142857142
2022-09-21,0.9732267037552155,27.99,8033.29,116.21,3.262,2.649743637300681e-05,-0.017197832467406703,0.05954322499505124,0.07834400999999999,0.01880078500494875,0.00012944444444444445
2022-09-22,0.9691708008504607,27.35,7965.96,115.86,3.209,2.672189190992292e-05,-0.008416694216931957,0.0597085691042662,0.07480225000000001,0.015093680895733812,0.00012734126984126985
2022-09-23,0.9868073878627969,29.92,7828.87,118.99,3.19,2.718019107671855e-05,-0.01735928054862084,0.06089559965381718,0.08952064000000001,0.02862504034618283,0.00012658730158730157
2022-09-26,1.015423355366698,32.26,7747.93,120.01,3.241,2.7448773726008826e-05,-0.01039247194316084,0.05611722061030507,0.10407076,0.047953539389694926,0.0001286111111111111
2022-09-27,1.0149439601494397,32.6,7731.99,120.39,3.284,2.7518265248533705e-05,-0.002059442895553309,0.046078933602210354,0.10627600000000001,0.060197066397789656,0.00013031746031746033
2022-09-28,0.9869195552648791,30.18,7884.55,120.38,3.325,5.3982563631897786e-05,0.019538880380802356,0.053224410253579345,0.09108324000000001,0.037858829746420665,0.00013194444444444446
2022-09-29,1.0031505986137366,31.84,7719.09,121.54,3.302,0.00013780748294635531,-0.021208666958478544,0.056336489303317236,0.10137856,0.04504207069668277,0.00013103174603174602
2022-09-30,0.992467043314501,31.62,7603.14,123.59,3.27,2.7995912596735413e-05,-0.015135161580335644,0.05765158593049919,0.09998244000000002,0.04233085406950083,0.00012976190476190477
2022-10-03,0.9807754969045291,30.1,7800.0,121.38,3.23,2.7277314821104197e-05,0.025562413834745393,0.06805468907690577,0.09060099999999999,0.022546310923094212,0.0001281746031746032
2022-10-04,0.9797775530839231,29.07,8039.25,122.46,3.383,2.6459576382158055e-05,0.0302120615620555,0.08074905869887028,0.08450649,0.003757431301129724,0.00013424603174603175
2022-10-05,0.9700985389058784,28.55,8023.81,121.78,3.373,5.302789267164772e-05,-0.0019224238414287575,0.08067111014716603,0.08151025000000002,0.0008391398528339866,0.00013384920634920637
2022-10-06,0.9912309191295875,30.52,7943.63,122.44,3.378,2.6794207092554552e-05,-0.010043021790223835,0.07623197284458143,0.09314703999999999,0.01691506715541856,0.00013404761904761906
2022-10-07,0.9769470404984423,31.36,7721.44,121.81,3.356,2.7563015945179656e-05,-0.028369474486131908,0.08256604180513415,0.09834496,0.01577891819486585,0.00013317460317460318
2022-10-10,0.991445157347999,32.45,7663.58,120.07,3.356,2.777199194609708e-05,-0.00752163764306995,0.07745924694954923,0.10530025000000001,0.027841003050450785,0.00013317460317460318
2022-10-11,1.0080935251798562,33.63,7613.75,120.12,3.44,2.7952871458695174e-05,-0.006523414328189598,0.07402560538600743,0.11309769000000003,0.0390720846139926,0.0001365079365079365
2022-10-12,1.0132810141865378,33.57,7588.9,119.99,3.616,2.8046950595271016e-05,-0.00326916980026091,0.055165800979023995,0.11269449,0.057528689020976,0.0001434920634920635
2022-10-13,1.0044025157232706,31.94,7786.96,117.82,3.705,2.7325764096653703e-05,0.025763886446953797,0.06554607680887628,0.10201636000000001,0.036470283191123734,0.0001470238095238095
2022-10-14,0.986748844375963,32.02,7602.99,119.3,3.717,2.79583420702898e-05,-0.023908948840103684,0.06996931192716903,0.10252804000000003,0.032558728072831,0.0001475
2022-10-17,0.9883427851291746,31.37,7804.33,116.97,3.764,2.726244189689591e-05,0.026137116898866074,0.08061534169730294,0.09840769000000002,0.017792348302697075,0.00014936507936507936
2022-10-18,0.9845061329890251,30.5,7893.68,116.88,3.891,0.0,0.011383731428194242,0.08192117012724044,0.093025,0.011103829872759555,0.0001544047619047619
2022-10-19,0.9811802232854865,30.76,7840.99,117.26,3.981,2.71322561827382e-05,-0.006697337401767344,0.0811129702382303,0.09461776000000002,0.01350478976176972,0.00015797619047619048
2022-10-20,0.973060694579682,29.98,7779.53,117.41,3.985,5.472854640975758e-05,-0.007869176846029894,0.07857810169035676,0.08988004000000001,0.011301938309643253,0.00015813492063492063
2022-10-21,0.9744010502133247,29.69,7964.25,116.19,3.985,2.6717608239837957e-05,0.02346685191551809,0.08524239216238899,0.08814961,0.002907217837611012,0.00015813492063492063
2022-10-24,0.9841740850642929,29.85,8058.88,114.97,4.007,2.6396019480388412e-05,0.011811812076700344,0.082700331711372,0.08910225,0.006401918288627989,0.00015900793650793648
2022-10-25,0.9716626835097304,28.46,8190.02,114.64,4.026,2.598313694409963e-05,0.016141750817810465,0.08327805319056389,0.08099716000000001,-0.0022808931905638763,0.00015976190476190476
2022-10-26,0.9585382993675334,27.28,8129.62,113.86,4.018,5.234505862641806e-05,-0.007402157864493618,0.08425362917906982,0.07441983999999999,-0.009833789179069838,0.00015944444444444445
2022-10-27,0.9685289957567185,27.39,8080.32,113.23,4.028,2.631821351979195e-05,-0.006082706290761001,0.08105750921927053,0.07502121000000002,-0.006036299219270513,0.00015984126984126983
2022-10-28,0.9572490706319703,25.75,8280.11,112.06,4.068,2.5709254046116613e-05,0.024424777623894018,0.08031420132143538,0.06630625,-0.014007951321435383,0.0001614285714285714
2022-10-31,0.9613670133729568,25.88,8218.7,111.96,4.074,2.589231386675232e-05,-0.0074442076237353156,0.07744311936714443,0.06697743999999999,-0.010465679367144445,0.00016166666666666665
2022-11-01,0.967028849756463,25.81,8185.07,111.44,4.126,2.6006111436163853e-05,-0.004100282693125919,0.07166483796986549,0.06661560999999999,-0.005049227969865497,0.00016373015873015874
2022-11-02,0.9500367376928729,25.86,7980.47,111.99,4.132,2.667555851948224e-05,-0.025314456045765914,0.06959924569094816,0.06687396,-0.0027252856909481676,0.00016396825396825394
2022-11-03,0.9475655430711611,25.3,7897.01,110.34,4.133,2.6953088150050282e-05,-0.010513100152148881,0.07082536723970695,0.064009,-0.0068163672397069525,0.0001640079365079365
2022-11-04,0.9302766199317923,24.55,8006.24,111.62,4.109,2.6571364041099915e-05,0.013737030819625568,0.07204745933119405,0.06027025,-0.011777209331194055,0.00016305555555555556
2022-11-07,0.9272658035034272,24.35,8083.38,111.67,4.078,2.631959888928899e-05,0.009588864256666631,0.061843052405647636,0.05929225000000001,-0.0025508024056476244,0.00016182539682539683
2022-11-08,0.9424354243542434,25.54,8128.7,113.55,4.182,2.6179723803890058e-05,0.0055909072804855055,0.06070008691599712,0.06522916000000001,0.0045290730840028895,0.00016595238095238097
2022-11-09,0.9347903977069151,26.09,7961.52,114.36,4.194,2.672689126177052e-05,-0.02078107277446066,0.06649137766075995,0.06806881000000001,0.0015774323392400563,0.0001664285714285714
2022-11-10,0.89877769289534,23.53,8403.48,111.42,4.168,0.0,0.05402596937030247,0.09809317945668829,0.05536609000000001,-0.04272708945668828,0.0001653968253968254
2022-11-11,0.874902874902875,22.52,8481.13,114.09,4.168,2.5094417746749408e-05,0.009197789872250296,0.0926577491300386,0.050715039999999996,-0.041942709130038607,0.0001653968253968254
2022-11-14,0.9081515499425947,23.73,8407.25,113.67,4.166,2.5304604172706212e-05,-0.008749266808325915,0.08472830896796793,0.05631129000000001,-0.028417018967967923,0.00016531746031746034
2022-11-15,0.9229033471229785,24.54,8481.14,115.94,4.183,2.5091269492757165e-05,0.008750445895794755,0.07900197604041365,0.06022115999999999,-0.018780816040413657,0.0001659920634920635
2022-11-16,0.9262389550518632,24.11,8413.09,115.56,4.22,5.056634304202521e-05,-0.008056048489480168,0.07990022464886094,0.058129209999999994,-0.02177101464886095,0.00016746031746031745
2022-11-17,0.9264421215640728,23.93,8388.84,115.24,4.222,2.536300805273199e-05,-0.0028865751539518926,0.07913991881893474,0.057264489999999994,-0.02187542881893475,0.00016753968253968257
2022-11-18,0.9127516778523491,23.12,8429.01,114.97,4.241,2.5247106050446003e-05,0.0047770763077865505,0.07752634799863863,0.053453440000000005,-0.02407290799863862,0.0001682936507936508
2022-11-21,0.9045307443365695,22.36,8397.23,114.52,4.203,2.534308197217559e-05,-0.003777437833901915,0.07294350133185004,0.04999696,-0.02294654133185004,0.0001667857142857143
2022-11-22,0.8934116659672682,21.29,8511.48,116.24,4.213,2.5008440348594914e-05,0.013513950946547865,0.07337679166747398,0.04532640999999999,-0.028050381667473985,0.0001671825396825397
2022-11-23,0.8704020530367836,20.35,8562.27,118.65,4.271,2.485182101716243e-05,0.00594950140606286,0.07114575285301139,0.041412250000000005,-0.029733502853011386,0.00016948412698412698
2022-11-25,0.8690122933446376,20.5,8560.09,128.11,4.289,2.4859852581051586e-05,-0.00025463779663309244,0.07004429899805995,0.04202499999999999,-0.028019298998059952,0.0001701984126984127
2022-11-28,0.8919678714859438,22.21,8427.95,118.47,4.29,0.0,-0.015557140798326081,0.07316037645244818,0.04932841000000001,-0.023831966452448165,0.00017023809523809523
2022-11-29,0.8880324543610548,21.89,8415.27,120.38,4.325,2.530012270557211e-05,-0.0015056506292082425,0.06657942170676241,0.04791721,-0.01866221170676241,0.00017162698412698414
2022-11-30,0.8746281342966424,20.58,8678.0,118.47,4.349,2.4542587524980442e-05,0.030743174686622975,0.07617303019243432,0.04235363999999999,-0.03381939019243433,0.00017257936507936508
2022-12-01,0.8511368511368512,19.84,8671.9,117.79,4.309,2.4547407180094276e-05,-0.0007031741106690049,0.0757388230828154,0.03936256,-0.036376263082815406,0.00017099206349206351
2022-12-02,0.8301393728222995,19.06,8662.23,118.11,4.284,2.457817703658684e-05,-0.0011157180663953793,0.06565107541340656,0.03632836,-0.029322715413406565,0.00016999999999999999
2022-12-05,0.8685642528254499,20.75,8507.34,117.75,4.273,2.5024085682446618e-05,-0.01804287491808081,0.06906701260468513,0.04305625,-0.026010762604685135,0.00016956349206349205
2022-12-06,0.8968446601941749,22.17,8385.16,117.11,4.306,0.000101502233049179,-0.014465843494394602,0.0713682388614186,0.04915089,-0.0222173488614186,0.0001708730158730159
2022-12-07,0.9007148530579825,22.68,8369.74,117.81,4.288,2.5435907871118557e-05,-0.0018406560890962178,0.07080825581956832,0.05143824,-0.019370015819568313,0.00017015873015873017
2022-12-08,0.9013344116457743,22.29,8433.9,117.54,4.257,2.523882235666935e-05,0.00763647778633711,0.07106121607378169,0.04968440999999999,-0.021376806073781694,0.00016892857142857142
2022-12-09,0.9055930186433954,22.83,8372.26,119.24,4.281,2.5426853299891297e-05,-0.007335438481710281,0.06559468679839357,0.05212088999999999,-0.013473796798393584,0.00016988095238095236
2022-12-12,0.9738994935722632,25.0,8491.86,121.86,4.276,2.506799694168157e-05,0.014184197598393428,0.03280536846205371,0.0625,0.02969463153794629,0.00016968253968253967
2022-12-13,0.9283655825442569,22.55,8554.1,122.73,4.338,2.4878406786806745e-05,0.007302642573063216,0.03243299484482231,0.05085025,0.01841725515517769,0.00017214285714285715
2022-12-14,0.9011082693947144,21.14,8503.97,124.23,4.316,2.5037242898931533e-05,-0.005877586891828726,0.03186927899431643,0.04468996,0.012820681005683572,0.00017126984126984127
2022-12-15,0.9102870813397129,22.83,8292.64,124.49,4.306,2.5664386813614715e-05,-0.025164738859864977,0.038659010864990975,0.05212088999999999,0.013461879135009014,0.0001708730158730159
2022-12-16,0.8994035785288271,22.62,8200.9,120.04,4.28,2.608956547826323e-05,-0.011124470076904478,0.03931216024092092,0.05116644000000001,0.011854279759079087,0.00016984126984126986
2022-12-19,0.893939393939394,22.42,8127.57,117.09,4.254,2.6316828295829847e-05,-0.00898191845163145,0.04001453827400718,0.05026564000000001,0.010251101725992827,0.0001688095238095238
2022-12-20,0.8803278688524591,21.48,8136.3,115.57,4.302,2.6280172923513937e-05,0.001073545329425777,0.03959267546941324,0.04613904,0.006546364530586761,0.0001707142857142857
2022-12-21,0.8595289079229121,20.07,8258.43,114.25,4.321,2.589164347204584e-05,0.014898965604765193,0.042792652395547554,0.040280489999999995,-0.0025121623955475583,0.00017146825396825396
2022-12-22,0.8866020984665052,21.97,8139.07,114.42,4.316,2.626360783178397e-05,-0.01455857395446848,0.04212783503396591,0.04826808999999999,0.006140254966034084,0.00017126984126984127
2022-12-23,0.8648984666390386,20.87,8187.06,114.57,4.307,2.611682053824392e-05,0.00587893618618531,0.04211352662637177,0.04355569,0.0014421633736282288,0.00017091269841269842
2022-12-27,0.8862054850593533,21.65,8154.57,113.44,4.284,2.6219536176381195e-05,-0.003976352763990454,0.042103496130604635,0.04687225,0.004768753869395362,0.00016999999999999999
2022-12-28,0.90073230268511,22.14,8056.62,112.03,4.443,2.6548085219329407e-05,-0.012084392569297775,0.04108900798306047,0.049017960000000006,0.007928952016939536,0.0001763095238095238
2022-12-29,0.8951983298538623,21.44,8198.36,113.27,4.39,2.6083440927503436e-05,0.01744002054154368,0.04570184311920754,0.045967360000000006,0.0002655168807924671,0.00017420634920634919
2022-12-30,0.8921366817620421,21.67,8178.02,113.57,4.374,2.614823434045238e-05,-0.002484066742362475,0.03216713704299919,0.04695889,0.01479175295700081,0.00017357142857142856
2023-01-03,0.9316517493897478,22.9,8145.6,112.74,4.368,2.6258090774195925e-05,-0.003972163359243433,0.03212051679332883,0.052440999999999995,0.020320483206671167,0.00017333333333333334
2023-01-04,0.9244015119697607,22.01,8207.42,112.14,4.509,2.6059650540062556e-05,0.007560718997717072,0.03343181414797564,0.04844401000000001,0.015012195852024367,0.00017892857142857144
2023-01-05,0.933111757374325,22.46,8113.15,112.67,4.611,2.6357753792197855e-05,-0.011552421076576764,0.03140630761260352,0.05044516000000001,0.019038852387396492,0.00018297619047619046
2023-01-06,0.9115616911130284,21.13,8298.61,113.86,4.605,2.5770871184423438e-05,0.022601828811313267,0.03649216103846025,0.04464769,0.008155528961539746,0.00018273809523809527
2023-01-09,0.9254422914911542,21.97,8293.8,114.42,4.609,2.5782166475425484e-05,-0.0005797831821587377,0.03646845218512906,0.04826808999999999,0.01179963781487093,0.0001828968253968254
2023-01-10,0.9050131926121372,20.58,8351.68,114.65,4.612,2.5599999999976716e-05,0.006954468513801549,0.03633532901073003,0.04235363999999999,0.0060183109892699635,0.00018301587301587302
2023-01-11,0.9274406332453826,21.09,8459.18,115.1,4.669,2.528476971893679e-05,0.012789525976455602,0.03771192533166014,0.04447881,0.006766884668339863,0.00018527777777777775
2023-01-12,0.8725671918443003,18.83,8489.08,117.39,4.59,5.0385448682374694e-05,0.003528389465358506,0.03539771798532537,0.03545689,5.9172014674625795e-05,0.00018214285714285712
2023-01-13,0.8680227057710502,18.35,8523.32,121.7,4.598,2.5095677269567488e-05,0.004025304628714187,0.0349222042753512,0.03367225000000001,-0.0012499542753511908,0.00018246031746031746
2023-01-17,0.9025641025641026,19.36,8506.03,120.01,4.596,2.5140472389453333e-05,-0.002030612553164103,0.03454664040119655,0.03748096,0.002934319598803449,0.0001823809523809524
2023-01-18,0.9133363268971711,20.34,8373.66,119.91,4.663,2.5540500849343606e-05,-0.01568425883763027,0.029610379031396176,0.04137156,0.011761180968603825,0.00018503968253968256
2023-01-19,0.9140311804008909,20.52,8310.75,121.23,4.651,5.145488692783918e-05,-0.007541207407357116,0.02871812970476089,0.04210704,0.013388910295239108,0.00018456349206349206
2023-01-20,0.9139042357274403,19.85,8468.15,120.19,4.652,2.526368976186675e-05,0.018762209359191498,0.0312322483260948,0.03940225000000001,0.008170001673905206,0.0001846031746031746
2023-01-23,0.9171296296296295,19.81,8568.77,120.91,4.659,2.49628677343645e-05,0.01181213152689267,0.03237758597710618,0.03924361,0.006866024022893817,0.00018488095238095237
2023-01-24,0.9182209469153515,19.2,8562.87,121.34,4.68,0.0,-0.0006887840549134016,0.03040956186523642,0.036864,0.006454438134763582,0.0001857142857142857
2023-01-25,0.9111747851002864,19.08,8561.4,121.04,4.672,2.497720829740588e-05,-0.0001716861511307892,0.0269901653414819,0.03640463999999999,0.00941447465851809,0.00018539682539682538
2023-01-26,0.9048309178743962,18.73,8656.26,121.49,4.671,2.470996676507223e-05,0.01101903043915431,0.027756681673651085,0.03508129,0.0073246083263489165,0.00018535714285714287
2023-01-27,0.9042501221299464,18.51,8678.01,121.97,4.671,2.4649059022149412e-05,0.0025094810931420653,0.027177836808905505,0.03426201,0.007084173191094497,0.00018535714285714287
2023-01-30,0.9330837622835751,19.94,8566.28,120.69,4.657,2.4960375404023376e-05,-0.012958673687117957,0.02751852190679882,0.03976036000000001,0.012241838093201188,0.0001848015873015873
2023-01-31,0.9322441134070159,19.4,8691.88,123.29,4.665,2.460296957840574e-05,0.014555690472821122,0.026563032151842685,0.03763599999999999,0.011072967848157304,0.0001851190476190476
2023-02-01,0.8948422633950928,17.87,8782.77,122.19,4.65,2.434304214995534e-05,0.010402591139582834,0.02684518895397146,0.03193369,0.005088501046028541,0.00018452380952380955
2023-02-02,0.8987523992322457,18.73,8912.35,123.88,4.627,0.0,0.014646107664223623,0.027547295115749472,0.03508129,0.007533994884250529,0.00018361111111111112
2023-02-03,0.8820981713185754,18.33,8820.47,123.08,4.653,2.4250948818350463e-05,-0.010362798723448032,0.029922235690993657,0.03359889,0.0036766543090063428,0.00018464285714285712
2023-02-06,0.9066728884741018,19.43,8766.9,123.01,4.648,2.4395301464915666e-05,-0.006091890449812997,0.02821833999397089,0.03775249,0.00953415000602911,0.0001844444444444444
2023-02-07,0.8979788257940327,18.66,8879.91,123.36,4.67,2.4085648566279862e-05,0.01280815568659045,0.024701965419650713,0.03481955999999999,0.01011759458034928,0.0001853174603174603
2023-02-08,0.8996333638863427,19.63,8781.79,121.52,4.707,2.435015523221746e-05,-0.011111162512360943,0.027042366035702002,0.03853369,0.011491323964298,0.00018678571428571428
2023-02-09,0.9204444444444445,20.71,8705.58,120.58,4.751,4.912194522912601e-05,-0.008716059930143648,0.028317949381032586,0.042890410000000004,0.014572460618967418,0.00018853174603174604
2023-02-10,0.9104212860310421,20.53,8726.47,120.88,4.758,2.450830218734368e-05,0.002396735897377875,0.026782094612479934,0.042148090000000006,0.015365995387520072,0.0001888095238095238
2023-02-13,0.9258079198907602,20.34,8827.72,122.48,4.768,2.422333918728494e-05,0.011535835355777587,0.027964588847648325,0.04137156,0.013406971152351677,0.0001892063492063492
2023-02-14,0.8945127719962157,18.91,8826.32,121.27,4.751,2.4232731149942217e-05,-0.00015860392328719399,0.027946633992063243,0.035758809999999995,0.0078121760079367525,0.00018853174603174604
2023-02-15,0.8815280464216635,18.23,8853.02,121.36,4.771,2.4154881097575827e-05,0.003020477042615717,0.027782589564958056,0.033233290000000006,0.00545070043504195,0.00018932539682539682
2023-02-16,0.9218464351005485,20.17,8731.75,123.09,4.801,2.4489096230020567e-05,-0.013792835794960797,0.02698719656311756,0.040682890000000006,0.013695693436882445,0.00019051587301587304
2023-02-17,0.9196141479099679,20.02,8709.21,122.89,4.804,2.4555243158273042e-05,-0.002584721546146715,0.026091012927172016,0.04008004,0.01398902707282798,0.00019063492063492064
2023-02-21,0.9781864841745083,22.87,8534.73,124.09,4.814,2.505417966349958e-05,-0.020237365106827644,0.028094994065832272,0.05230369000000001,0.024208695934167735,0.00019103174603174604
2023-02-22,0.9828042328042328,22.29,8521.45,122.81,4.828,2.508812202874534e-05,-0.001557207145275039,0.02638591576491508,0.04968440999999999,0.023298494235084913,0.0001915873015873016
2023-02-23,0.9724011039558419,21.14,8567.57,121.85,4.817,2.49597523992335e-05,0.005397630990335651,0.02676525062972192,0.04468996,0.01792470937027808,0.00019115079365079367
2023-02-24,0.966116807846634,21.67,8477.66,121.22,4.806,2.52273615963645e-05,-0.01054967681648673,0.028109416863907007,0.04695889,0.018849473136092997,0.0001907142857142857
2023-02-27,0.9703566465956461,20.95,8504.76,120.54,4.779,2.5143633003652736e-05,0.003191538426583956,0.026578791701522435,0.04389025,0.017311458298477564,0.00018964285714285714
2023-02-28,0.9709193245778611,20.7,8479.8,120.01,4.812,2.5240096417145358e-05,-0.0029391421347619,0.02647503058871043,0.042849,0.016373969411289567,0.00019095238095238095
2023-03-01,0.9634831460674157,20.58,8440.25,118.89,4.854,2.5330243043802955e-05,-0.004674935597765428,0.02482302731839678,0.04235363999999999,0.017530612681603212,0.00019261904761904761
2023-03-02,0.9495879786718372,19.59,8505.55,117.58,4.853,2.513920836644858e-05,0.007706962577138306,0.022751940296054218,0.03837681,0.01562486970394578,0.00019257936507936505
2023-03-03,0.9254254254254253,18.49,8643.61,118.14,4.851,2.4744819053488165e-05,0.016101428026470722,0.024783779534892764,0.03418800999999999,0.009404230465107227,0.0001925
2023-03-06,0.9309654827413707,18.61,8649.88,120.19,4.853,2.472401814754737e-05,0.0007251283893227028,0.021704514666450084,0.03463321,0.012928695333549914,0.00019257936507936505
2023-03-07,0.9514327343370568,19.59,8517.54,120.56,4.945,2.51082794551275e-05,-0.015417881259554029,0.023149927101815872,0.03837681,0.015226882898184125,0.00019623015873015875
2023-03-08,0.9465081723625556,19.11,8530.33,119.32,5.003,2.506799694168157e-05,0.001500480986734663,0.022994510694347103,0.036519209999999996,0.013524699305652893,0.00019853174603174604
2023-03-09,0.9886313948404022,22.61,8374.25,122.22,4.98,2.5536587545928184e-05,-0.01846652628008683,0.023610759482388326,0.05112121,0.027510450517611675,0.00019761904761904763
2023-03-10,0.9767625049231982,24.8,8253.65,130.27,4.908,0.0,-0.014505994714017312,0.024460769115898832,0.061503999999999996,0.037043230884101164,0.00019476190476190477
2023-03-13,0.9954954954954954,26.52,8241.39,132.14,4.792,2.5954812671263477e-05,-0.001486507732940642,0.024038126567892646,0.07033104,0.046292913432107355,0.00019015873015873014
2023-03-14,0.9541616405307599,23.73,8379.16,132.72,4.8,2.55300680376081e-05,0.01657865179095158,0.02824072393019988,0.05631129000000001,0.028070566069800126,0.00019047619047619048
2023-03-15,0.9610294117647059,26.14,8320.96,136.62,4.66,2.5683502202336955e-05,-0.006970038014067535,0.026068717555755287,0.06832996000000001,0.04226124244424472,0.00018492063492063493
2023-03-16,0.9360749185667753,22.99,8468.33,134.53,4.665,2.525029353478291e-05,0.017555689961996555,0.031020175764238617,0.05285401,0.021833834235761383,0.0001851190476190476
2023-03-17,0.9303428154631656,25.51,8375.21,131.34,4.396,5.1264962961017636e-05,-0.011057170730573036,0.0316273438548531,0.06507601,0.0334486661451469,0.00017444444444444444
2023-03-20,0.9342359767891681,24.15,8449.98,129.91,4.589,2.5402954363713784e-05,0.008887922478743534,0.03142704162587655,0.05832225,0.02689520837412345,0.00018210317460317464
2023-03-21,0.90708527789563,21.38,8560.31,127.46,4.669,2.5070510811634987e-05,0.012972329948799972,0.03393035346408775,0.04571044,0.011780086535912247,0.00018527777777777775
2023-03-22,0.9130434782608696,22.26,8420.02,123.16,4.703,7.638155130923763e-05,-0.01652420090284961,0.032278997903473425,0.049550760000000006,0.01727176209652658,0.00018662698412698413
2023-03-23,0.9217284957195271,22.61,8445.87,125.5,4.646,0.0,0.003065360943477035,0.03242907890623007,0.05112121,0.01869213109376993,0.00018436507936507937
2023-03-24,0.9073455759599331,21.74,8493.55,126.88,4.65,0.0,0.0056294874227510614,0.03246373989355132,0.047262759999999994,0.014799020106448672,0.00018452380952380955
2023-03-27,0.9007433318758199,20.6,8507.54,126.0,4.685,2.5223543655625244e-05,0.0016457772010802308,0.031133290305084944,0.04243600000000001,0.011302709694915064,0.0001859126984126984
2023-03-28,0.8923145665773011,19.97,8494.35,122.9,4.697,2.5274544742383514e-05,-0.0015515925166175225,0.0310418087602993,0.03988008999999999,0.008838281239700693,0.00018638888888888888
2023-03-29,0.8897161470451374,19.12,8615.29,123.76,4.751,2.4916219213015605e-05,0.014137295031379006,0.033301372973635925,0.036557440000000004,0.003256067026364079,0.00018853174603174604
2023-03-30,0.8867132867132868,19.02,8665.7,126.31,4.827,2.4771176259282144e-05,0.00583417304056064,0.03318870404418171,0.03617604,0.0029873359558182863,0.00019154761904761905
2023-03-31,0.8808290155440414,18.7,8791.13,125.85,4.749,2.4428077632408498e-05,0.014370553939956423,0.03480492895949042,0.034969,0.00016407104050958354,0.00018845238095238095
2023-04-03,0.8905424867978877,18.55,8823.66,126.21,4.756,2.4335340998943614e-05,0.0036934913196069435,0.03210953419011185,0.034410249999999996,0.0023007158098881444,0.00018873015873015875
2023-04-04,0.8903467666354264,19.0,8773.31,127.03,4.8,2.4466926831772133e-05,-0.00572259171951877,0.03265010538462011,0.0361,0.003449894615379888,0.00019047619047619048
2023-04-05,0.8882681564245809,19.08,8752.54,126.98,4.825,2.453054666334952e-05,-0.0023702142519390437,0.029401744429576795,0.03640463999999999,0.007002895570423193,0.00019146825396825398
2023-04-06,0.8761904761904761,18.4,8785.7,124.42,4.838,2.4437629061206256e-05,0.003781455780513985,0.0294759312318343,0.033856,0.004380068768165699,0.000191984126984127
2023-04-10,0.9003322259136212,18.97,8794.65,126.96,4.992,2.4410188812788265e-05,0.0010181823198288091,0.024274745830567726,0.03598608999999999,0.011711344169432265,0.0001980952380952381
2023-04-11,0.9090909090909091,19.1,8794.29,127.42,4.988,2.4407805616213874e-05,-4.09348147243951e-05,0.020647649119200914,0.036481,0.015833350880799086,0.00019793650793650797
2023-04-12,0.9068883610451306,19.09,8758.11,130.0,5.007,2.4505299270945058e-05,-0.004122518999156985,0.021030473541783393,0.03644280999999999,0.015412336458216599,0.00019869047619047617
2023-04-13,0.8785784797630799,17.8,8875.65,132.36,5.001,2.4187013992165598e-05,0.01333144387069837,0.020037340330801685,0.031684000000000004,0.011646659669198318,0.00019845238095238097
2023-04-14,0.8522216674987518,17.07,8857.31,134.65,5.05,2.42427180935306e-05,-0.0020684653367568817,0.019126124405483738,0.029138489999999996,0.010012365594516258,0.0002003968253968254
2023-04-17,0.8625954198473282,16.95,8886.76,135.04,5.059,2.4157798741356716e-05,0.0033194218734915507,0.016327137414089903,0.028730249999999995,0.012403112585910092,0.00020075396825396826
2023-04-18,0.8491422805247224,16.83,8894.35,137.12,5.116,2.414205183310056e-05,0.0008537150336490607,0.014021367160325711,0.02832488999999999,0.01430352283967428,0.000203015873015873
2023-04-19,0.8221778221778222,16.46,8893.6,130.48,5.121,2.4142634685701297e-05,-8.43267493380843e-05,0.013625327182956564,0.027093159999999998,0.013467832817043434,0.00020321428571428574
2023-04-20,0.8355231143552312,17.17,8841.62,133.49,5.076,2.4279210925622836e-05,-0.0058617991588451835,0.012881534380088707,0.029480890000000006,0.0165993556199113,0.00020142857142857142
2023-04-21,0.8224619911721431,16.77,8849.76,132.94,5.067,2.4261539394652526e-05,0.0009202222296301669,0.008592347746738492,0.028123289999999995,0.019530942253261505,0.00020107142857142858
2023-04-24,0.8279411764705883,16.89,8857.3,132.4,5.001,2.423508027868138e-05,0.0008516377598223975,0.008612384921620236,0.028527209999999997,0.01991482507837976,0.00019845238095238097
2023-04-25,0.866512702078522,18.76,8717.63,130.29,5.04,2.462296091102716e-05,-0.015894565779134725,0.012346869523692993,0.035193760000000004,0.02284689047630701,0.0002
2023-04-26,0.8746518105849582,18.84,8684.19,130.5,5.125,2.473013242983667e-05,-0.0038432808937579337,0.012652300167993529,0.03549456,0.022842259832006474,0.00020337301587301587
2023-04-27,0.836033382425135,17.03,8854.32,136.6,5.152,2.4248596612449e-05,0.01940134441865274,0.01658461221360322,0.02900209,0.01241747778639678,0.00020444444444444446
2023-04-28,0.8075742067553736,15.78,8928.35,138.44,5.056,2.404279617717354e-05,0.00832613186588151,0.015208989077624569,0.024900839999999997,0.009691850922375428,0.00020063492063492064
2023-05-01,0.817488561260803,16.08,8924.92,135.66,5.022,2.4065940677434344e-05,-0.00038424333942199365,0.015025119999774256,0.02585663999999999,0.010831520000225733,0.0001992857142857143
2023-05-02,0.8568674698795181,17.78,8821.59,131.09,5.145,2.4338302403385227e-05,-0.011645238159615956,0.014645839334844738,0.03161284,0.016967000665155267,0.00020416666666666665
2023-05-03,0.8614372945044623,18.34,8759.95,130.41,5.208,2.4510705050408482e-05,-0.00701192871102565,0.01506912842948469,0.03363556,0.01856643157051531,0.00020666666666666668
2023-05-04,0.8823012736056215,20.09,8697.68,130.54,5.216,2.4680693527465675e-05,-0.0071338737374601,0.015284276725072531,0.04036081,0.025076533274927468,0.000206984126984127
2023-05-05,0.8272377285851781,17.19,8858.86,134.32,5.22,2.423625501385321e-05,0.018361764734979108,0.019419140368037956,0.029549610000000007,0.010130469631962052,0.00020714285714285713
2023-05-08,0.8198937711250603,16.98,8863.01,132.32,5.214,2.422509962570018e-05,0.00046834787478491744,0.019283149156886215,0.028832040000000003,0.009548890843113788,0.00020690476190476193
2023-05-09,0.83656117146906,17.71,8823.05,133.88,5.214,2.4332380315082195e-05,-0.004518820811160605,0.019567192360421502,0.03136441,0.0117972176395785,0.00020690476190476193
2023-05-10,0.818753020782987,16.94,8862.85,138.63,5.221,2.422509962570018e-05,0.004500768090445755,0.019792460995856215,0.028696360000000008,0.008903899004143793,0.0002071825396825397
2023-05-11,0.8210475266731329,16.93,8849.69,138.18,5.161,2.4262128031227553e-05,-0.0014859531632958466,0.01957740272210126,0.028662490000000002,0.00908508727789874,0.00020480158730158728
2023-05-12,0.8242981606969991,17.03,8837.68,140.26,5.172,2.42945470888838e-05,-0.0013580313914150863,0.01741517189508522,0.02900209,0.01158691810491478,0.00020523809523809522
2023-05-15,0.842934515017233,17.12,8865.03,138.57,5.133,2.4212781927557548e-05,0.003089924848867835,0.017492134889720314,0.029309440000000006,0.011817305110279692,0.00020369047619047618
2023-05-16,0.8607655502392344,17.99,8808.95,137.32,5.165,2.4375083789328357e-05,-0.006346073516818167,0.017814788202391702,0.03236400999999999,0.01454922179760829,0.00020496031746031746
2023-05-17,0.8413965087281796,16.87,8915.43,137.53,5.228,2.4084488385233573e-05,0.012015233368171344,0.019667655753578567,0.028459690000000006,0.00879203424642144,0.00020746031746031747
2023-05-18,0.8303155716502847,16.05,9001.25,138.06,5.235,2.3853539268867327e-05,0.009579973114386364,0.020740449831149255,0.025760250000000002,0.005019800168850747,0.00020773809523809525
2023-05-19,0.8388223552894212,16.81,8988.46,135.52,5.242,2.3888298317047655e-05,-0.0014219242172303793,0.020257050956474815,0.02825761,0.008000559043525184,0.00020801587301587303
2023-05-22,0.8452848722986248,17.21,8990.89,136.24,5.245,2.3879171392730953e-05,0.000270310107406217,0.020259894349814313,0.02961841,0.009358515650185688,0.00020813492063492066
2023-05-23,0.8798670465337133,18.53,8890.16,136.42,5.265,2.4149631114362765e-05,-0.011266795356978478,0.021992172603727753,0.03433609000000001,0.012343917396272254,0.00020892857142857142
2023-05-24,0.9096276112624887,20.03,8825.26,138.37,5.34,2.432586934573362e-05,-0.007326982972391398,0.019403256867669617,0.040120090000000004,0.020716833132330387,0.0002119047619047619
2023-05-25,0.8952291861552854,19.14,8902.84,140.73,5.304,2.4118179077457715e-05,0.00875226281800894,0.019901675926884965,0.03663396000000001,0.016732284073115042,0.00021047619047619048
2023-05-26,0.8781800391389432,17.95,9019.64,146.46,5.263,2.3810941127426405e-05,0.01303409501009631,0.0174651368232231,0.03222025,0.014755113176776899,0.00020884920634920632
2023-05-30,0.8673621460506707,17.46,9020.39,145.14,5.265,2.3800173741246663e-05,8.314842053271225e-05,0.01673395133567744,0.03048516,0.01375120866432256,0.00020892857142857142
2023-05-31,0.8876793666501732,17.94,8967.16,158.3,5.403,2.3933464967368887e-05,-0.005918555376806281,0.01722319465983221,0.03218436,0.014961165340167792,0.00021440476190476187
2023-06-01,0.8346666666666667,15.65,9057.17,151.98,5.365,2.3707075376624598e-05,0.009987694215224838,0.01636802766018075,0.02449225,0.00812422233981925,0.00021289682539682542
2023-06-02,0.8147321428571428,14.6,9189.34,142.61,5.371,2.3369673175232235e-05,0.014487407367214706,0.0174358121680551,0.021315999999999998,0.0038801878319448986,0.00021313492063492067
2023-06-05,0.8229050279329609,14.73,9171.09,143.18,5.295,2.3414542772494714e-05,-0.0019879715246734204,0.016532976515602968,0.021697290000000004,0.005164313484397037,0.0002101190476190476
2023-06-06,0.8192488262910799,13.96,9192.91,146.27,5.268,2.336257549043361e-05,0.0023763897046984576,0.01321933319767734,0.01948816,0.006268826802322661,0.00020904761904761904
2023-06-07,0.8133022170361727,13.94,9158.14,151.01,5.288,2.344143742905507e-05,-0.003789433477379113,0.01357574503107155,0.01943236,0.005856614968928449,0.00020984126984126985
2023-06-08,0.8096085409252669,13.65,9215.86,155.53,5.238,2.3303776376940693e-05,0.00628281156726616,0.013321229470386997,0.018632250000000003,0.005311020529613006,0.00020785714285714288
2023-06-09,0.8154481132075472,13.83,9226.7,152.78,5.247,2.3261494085743974e-05,0.0011755419256671176,0.013250579438376436,0.01912689,0.0058763105616235645,0.0002082142857142857
2023-06-12,0.8686342592592592,15.01,9312.72,157.71,5.226,2.3052363443541083e-05,0.0092797527961091,0.013718486797671639,0.022530010000000003,0.008811523202328364,0.00020738095238095238
2023-06-13,0.8479396401625072,14.61,9377.65,156.44,5.217,0.0,0.006947990992740244,0.01375379856133329,0.021345210000000003,0.007591411438666713,0.0002070238095238095
2023-06-14,0.8232502965599052,13.88,9387.54,150.37,5.24,2.2874135071746795e-05,0.0010540794860824413,0.013789893688250303,0.01926544,0.0054755463117496985,0.00020793650793650794
2023-06-15,0.8440046565774156,14.5,9503.53,147.86,5.215,2.2594019363182476e-05,0.01228003046897501,0.013694331527914832,0.021025,0.007330668472085166,0.00020694444444444444
2023-06-16,0.8083582089552238,13.54,9468.81,143.07,5.224,2.2757529897684206e-05,-0.003660069212273739,0.01332429751696905,0.018333159999999998,0.005008862483030948,0.0002073015873015873
2023-06-20,0.8023121387283237,13.88,9424.02,138.75,5.226,2.2870996146216346e-05,-0.004741490175163975,0.01336305059491619,0.01926544,0.005902389405083811,0.00020738095238095238
2023-06-21,0.7815275310834813,13.2,9375.21,133.72,5.293,2.299194132454483e-05,-0.005192777542467375,0.013876492552602945,0.017424000000000002,0.003547507447397057,0.00021003968253968257
2023-06-22,0.7795893719806763,12.91,9410.83,136.15,5.295,2.290714588413773e-05,0.0037921821401997458,0.013871284943600239,0.016666809999999997,0.0027955250563997582,0.0002101190476190476
2023-06-23,0.7966804979253111,13.44,9338.84,137.85,5.295,2.308375942103832e-05,-0.007679106220274336,0.012810584123355844,0.018063359999999997,0.0052527758766441526,0.0002101190476190476
2023-06-26,0.8357771260997067,14.25,9297.12,140.09,5.315,2.317899982613642e-05,-0.004477372745621826,0.012213508003441441,0.020306249999999998,0.008092741996558557,0.00021091269841269842
2023-06-27,0.8357664233576642,13.74,9403.62,140.56,5.297,2.292868033978219e-05,0.011390046744604613,0.012713912752967368,0.018878759999999998,0.00616484724703263,0.00021019841269841267
2023-06-28,0.8446540880503144,13.43,9400.3,138.37,5.34,2.2915544759766963e-05,-0.0003531178642006753,0.011346497764810625,0.018036490000000002,0.006689992235189377,0.0002119047619047619
2023-06-29,0.8409937888198756,13.54,9443.46,143.05,5.339,2.282349450522294e-05,0.004580834766797749,0.011375566124221225,0.018333159999999998,0.006957593875778772,0.0002118650793650794
2023-06-30,0.848314606741573,13.59,9559.67,149.96,5.298,2.2560886191589086e-05,0.012230769211966133,0.011623167521303194,0.01846881,0.006845642478696805,0.00021023809523809523
2023-07-05,0.8588734100545123,14.18,9553.69,144.08,5.348,2.2566486510862165e-05,-0.000625740340277383,0.01111852366666695,0.020107240000000002,0.008988716333333051,0.00021222222222222223
2023-07-06,0.8812785388127854,15.44,9478.73,148.45,5.36,2.2744072326129313e-05,-0.007877126250866378,0.010388023020419506,0.023839359999999993,0.013451336979580487,0.0002126984126984127
2023-07-07,0.8602088167053366,14.83,9453.1,148.13,5.364,2.2802677034263084e-05,-0.002707611008352381,0.010457065250883558,0.021992889999999998,0.011535824749116439,0.00021285714285714286
2023-07-10,0.8736231884057971,15.07,9475.9,142.49,5.365,2.274510695897408e-05,0.002409003225343221,0.010457845773341653,0.02271049,0.012252644226658347,0.00021289682539682542
2023-07-11,0.8744843842074249,14.84,9539.95,143.99,5.401,2.2599636145837496e-05,0.006736511091397235,0.010399264397329794,0.02202256,0.011623295602670206,0.0002143253968253968
2023-07-12,0.840471756672874,13.54,9610.87,148.32,5.386,2.2420770601865195e-05,0.007406505225421493,0.010537250611654695,0.018333159999999998,0.007795909388345302,0.0002137301587301587
2023-07-13,0.8442928039702232,13.61,9693.3,147.08,5.39,2.224520893823117e-05,0.008540175620014676,0.011035369813297105,0.01852321,0.0074878401867028935,0.00021388888888888887
2023-07-14,0.8316708229426434,13.34,9683.69,149.48,5.385,2.2258082466175296e-05,-0.0009918982037879298,0.010507511784670378,0.01779556,0.0072880482153296205,0.00021369047619047618
2023-07-17,0.8285187461585741,13.48,9721.03,142.24,5.397,2.218057203705874e-05,0.003848552938460598,0.010225394941528616,0.01817104,0.007945645058471383,0.00021416666666666668
2023-07-18,0.824550526968382,13.3,9790.2,141.86,5.4,2.201745984563758e-05,0.007090305406519934,0.01056247383196295,0.017689000000000003,0.007126526168037054,0.0002142857142857143
2023-07-19,0.8309178743961353,13.76,9813.46,141.25,5.409,2.1972468496953308e-05,0.0023730273750160323,0.009173765598061635,0.01893376,0.009759994401938366,0.00021464285714285715
2023-07-20,0.8397358943577431,13.99,9748.1,142.82,5.408,2.2115331453510045e-05,-0.00668251849305015,0.009678554102763654,0.019572009999999997,0.009893455897236343,0.00021460317460317462
2023-07-21,0.8292682926829269,13.6,9751.26,142.55,5.414,2.2114842376440848e-05,0.00032411320450138545,0.009204508364657617,0.018496000000000002,0.009291491635342385,0.0002148412698412698
2023-07-24,0.8554735547355473,13.91,9790.76,143.75,5.417,2.2016975087772665e-05,0.0040425763348717865,0.008641193729922194,0.01934881,0.010707616270077807,0.00021496031746031744
2023-07-25,0.8545006165228114,13.86,9818.49,142.18,5.422,6.587398307045127e-05,0.0028282589578352817,0.00861039467120548,0.01920996,0.010599565328794521,0.00021515873015873015
2023-07-26,0.8353388220392653,13.19,9817.11,143.58,5.426,2.1953655832517547e-05,-0.00014056102204890755,0.007449923377982261,0.017397609999999997,0.009947686622017737,0.00021531746031746034
2023-07-27,0.8665063138905593,14.41,9754.72,147.93,5.429,2.210066854520339e-05,-0.006375511266052702,0.007821087541396005,0.02076481,0.012943722458603996,0.00021543650793650796
2023-07-28,0.8373115577889447,13.33,9852.01,143.48,5.424,4.3774212611310845e-05,0.00992422484609126,0.007510650795352549,0.01776889,0.01025823920464745,0.00021523809523809524
2023-07-31,0.8513429106808245,13.63,9866.77,145.47,5.416,2.184431556308693e-05,0.0014970502999300673,0.007431845693334122,0.01857769,0.011145844306665879,0.00021492063492063496
2023-08-01,0.8525091799265606,13.93,9840.71,142.57,5.408,2.1907484692249676e-05,-0.0026446826473387757,0.007644176938481633,0.019404490000000003,0.011760313061518372,0.00021460317460317462
2023-08-02,0.8958797327394209,16.09,9704.63,145.75,5.41,2.221457053692117e-05,-0.013924771716489578,0.009085284899465744,0.025888809999999995,0.01680352510053425,0.00021468253968253968
2023-08-03,0.8984198645598195,15.92,9680.36,147.38,5.405,2.2279406031141592e-05,-0.0025040005366120787,0.009191157992580735,0.02534464,0.016153482007419267,0.000214484126984127
2023-08-04,0.9188608275120904,17.1,9629.77,153.35,5.404,2.2381629158766113e-05,-0.005239748851563095,0.008709411997370563,0.029241000000000003,0.02053158800262944,0.00021444444444444443
2023-08-07,0.8899548532731377,15.77,9716.91,148.54,5.411,2.2187461865279742e-05,0.009008324868437402,0.009334909788480837,0.024869290000000002,0.015534380211519165,0.0002147222222222222
2023-08-08,0.8819635962493106,15.99,9676.0,142.3,5.441,2.2283874274361077e-05,-0.004219073948689833,0.009678641663917088,0.025568010000000006,0.01588936833608292,0.0002159126984126984
2023-08-09,0.8842105263157894,15.96,9608.73,137.12,5.443,2.243435147896422e-05,-0.006976532504933388,0.009951156523009283,0.025472160000000008,0.015521003476990725,0.0002159920634920635
2023-08-10,0.8727973568281938,15.85,9612.36,136.58,5.436,2.242529573356709e-05,0.00037771011354267435,0.00929271438103343,0.025122250000000002,0.01582953561896657,0.00021571428571428571
2023-08-11,0.8451025056947609,14.84,9603.45,135.16,5.426,2.2442910845516256e-05,-0.0009273614423279027,0.0083325550593954,0.02202256,0.0136900049406046,0.00021531746031746034
2023-08-14,0.8512349224583573,14.82,9659.26,136.9,5.438,2.2316696236395737e-05,0.005794631821220225,0.008791443559500858,0.02196324,0.01317179644049914,0.00021579365079365078
2023-08-15,0.8854222700376547,16.46,9549.17,136.69,5.434,2.257616634117307e-05,-0.011462801014387288,0.01007333353681056,0.027093159999999998,0.01701982646318944,0.00021563492063492062
2023-08-16,0.8845545598313127,16.78,9478.54,132.09,5.45,2.2746659084426283e-05,-0.007423943753300522,0.009697276386512563,0.028156840000000002,0.01845956361348744,0.00021626984126984128
2023-08-17,0.9021684316691883,17.89,9407.27,132.51,5.442,2.292237338251918e-05,-0.007547501359272606,0.009899894730749342,0.03200521,0.022105315269250657,0.00021595238095238096
2023-08-18,0.8991683991683993,17.3,9406.5,134.77,5.437,2.2911344552364445e-05,-8.185493927380653e-05,0.009646000460302092,0.029929000000000004,0.020282999539697914,0.00021575396825396825
2023-08-21,0.9126265316995205,17.13,9471.39,133.59,5.439,2.2761673893477426e-05,0.006874736060973124,0.01049483588544988,0.02934368999999999,0.01884885411455011,0.00021583333333333334
2023-08-22,0.906517094017094,16.97,9445.22,134.06,5.434,2.2825578343070506e-05,-0.0027668823003347905,0.010119604630083438,0.028798089999999995,0.018678485369916557,0.00021563492063492062
2023-08-23,0.890746934225195,15.98,9549.73,131.82,5.453,2.2574637394866313e-05,0.011004088411975988,0.01185695553332132,0.02553604,0.01367908446667868,0.0002163888888888889
2023-08-24,0.9173333333333333,17.2,9421.47,132.48,5.468,2.2887223207623516e-05,-0.013521754472660462,0.01360736424961988,0.029583999999999996,0.015976635750380115,0.00021698412698412697
2023-08-25,0.8848758465011287,15.68,9485.89,132.27,5.481,2.2730113991500996e-05,0.006814303982889555,0.014226991226096988,0.02458624,0.01035924877390301,0.0002175
2023-08-28,0.880841121495327,15.08,9545.44,130.19,5.495,2.2587895147098578e-05,0.0062581221965766045,0.01334847483162968,0.022740639999999996,0.009392165168370315,0.00021805555555555556
2023-08-29,0.8725845410628019,14.45,9684.22,135.23,5.453,2.2264524819358794e-05,0.014434203154468098,0.01633573887380341,0.020880249999999996,0.0045445111261965855,0.0002163888888888889
2023-08-30,0.857849196538937,13.88,9722.96,142.14,5.466,2.217319482475616e-05,0.00399234215952362,0.016570742924410593,0.01926544,0.002694697075589409,0.0002169047619047619
2023-08-31,0.8523869346733669,13.57,9709.68,144.7,5.451,2.2209143504360556e-05,-0.0013667728180347734,0.01423793208343623,0.018414490000000006,0.004176557916563775,0.00021630952380952378
2023-09-01,0.8316391359593392,13.09,9727.64,144.28,5.423,2.2162383786105844e-05,0.0018479919156782739,0.014187879009254912,0.017134809999999997,0.0029469309907450853,0.0002151984126984127
2023-09-05,0.8626847290640395,14.01,9687.26,139.62,5.429,2.2259568832131475e-05,-0.004159697781071838,0.014052950679708208,0.01962801,0.005575059320291793,0.00021543650793650796
2023-09-06,0.8699578567128236,14.45,9619.98,137.88,5.472,2.2412228111637335e-05,-0.006969434505656676,0.01360343335335816,0.020880249999999996,0.007276816646641836,0.00021714285714285715
2023-09-07,0.8685162846803378,14.4,9590.4,135.59,5.454,2.2480245484260244e-05,-0.0030795875331679663,0.013511572232418455,0.020736000000000004,0.007224427767581549,0.00021642857142857143
2023-09-08,0.8574969021065675,13.84,9604.77,138.18,5.458,2.2446437189236722e-05,0.0014972519320759564,0.012973825767385105,0.019154559999999998,0.006180734232614893,0.0002165873015873016
2023-09-11,0.8614232209737829,13.8,9669.36,138.21,5.454,2.2297289764408855e-05,0.006702273128200545,0.013517154449982693,0.019044000000000002,0.0055268455500173085,0.00021642857142857143
2023-09-12,0.8756923076923078,14.23,9614.66,136.25,5.448,2.242328433856412e-05,-0.005673106199426563,0.013931995512303563,0.020249290000000003,0.00631729448769644,0.00021619047619047619
2023-09-13,0.8467336683417086,13.48,9626.68,137.42,5.472,2.239616577639871e-05,0.00124939339605103,0.013522551657707464,0.01817104,0.0046484883422925356,0.00021714285714285715
2023-09-14,0.8357235984354628,12.82,9710.54,144.32,5.467,2.2202733156431366e-05,0.00867348313013286,0.01265321149849577,0.016435240000000004,0.0037820285015042338,0.00021694444444444444
2023-09-15,0.8607990012484394,13.79,9592.86,142.92,5.461,2.2558341510711613e-05,-0.012192821772696491,0.013914193948529923,0.019016409999999997,0.005102216051470074,0.00021670634920634922
2023-09-18,0.8679479231246126,14.0,9599.93,137.65,5.46,2.2541052892560113e-05,0.0007367350259952491,0.013042918203732703,0.019600000000000003,0.0065570817962673,0.00021666666666666668
2023-09-19,0.8747675139491631,14.11,9579.27,137.31,5.448,2.2586364611663385e-05,-0.0021544181187061616,0.01314916010783923,0.01990921,0.0067600498921607695,0.00021619047619047619
2023-09-20,0.9006543723973827,15.14,9489.92,135.74,5.477,2.2800597375630508e-05,-0.009371206001767059,0.0138566464314047,0.02292196,0.009065313568595301,0.00021734126984126987
2023-09-21,0.9616228070175439,17.54,9334.59,135.94,5.48,4.635961150654518e-05,-0.016503327359365175,0.017110922671120778,0.03076516,0.013654237328879222,0.00021746031746031747
2023-09-22,0.9508015478164732,17.2,9313.3,137.74,5.483,0.0,-0.0022833692444674146,0.015357086395670783,0.029583999999999996,0.014226913604329212,0.00021757936507936507
2023-09-25,0.9378468368479467,16.9,9350.9,133.06,5.476,2.313609809703489e-05,0.004029109296476403,0.013601042223561557,0.028560999999999996,0.014959957776438439,0.0002173015873015873
2023-09-26,0.9604462474645031,18.94,9213.72,136.3,5.467,2.3483274038045032e-05,-0.014778917839905493,0.015293431780034911,0.035872360000000006,0.020578928219965095,0.00021694444444444444
2023-09-27,0.9534275248560963,18.22,9216.02,135.38,5.486,2.3472800891945087e-05,0.0002495965772650026,0.014569185272749492,0.03319684,0.018627654727250507,0.0002176984126984127
2023-09-28,0.9434167573449402,17.34,9271.55,133.48,5.465,2.3335316835375755e-05,0.006007297551314496,0.012000972974106268,0.03006756,0.018066587025893734,0.00021686507936507935
2023-09-29,0.946515397082658,17.52,9246.74,134.5,5.451,0.0,-0.002679514668387998,0.011515252706236281,0.03069504,0.01917978729376372,0.00021630952380952378
2023-10-02,0.9457572502685284,17.61,9247.51,129.17,5.466,2.3399202087187544e-05,8.32691242354637e-05,0.011577924502921838,0.03101121,0.019433285497078165,0.0002169047619047619
2023-10-03,0.9691327780499756,19.78,9121.14,129.78,5.496,0.0,-0.013759529822840512,0.012860832583818703,0.03912484,0.026264007416181297,0.0002180952380952381
2023-10-04,0.9518442622950819,18.58,9195.14,130.68,5.501,2.3545755288943868e-05,0.00808028733210699,0.014321151710480212,0.03452164,0.020200488289519786,0.0002182936507936508
2023-10-05,0.9482051282051281,18.49,9184.81,129.75,5.501,2.3559623517194767e-05,-0.0011240510542906534,0.014070260228969837,0.03418800999999999,0.020117749771030154,0.0002182936507936508
2023-10-06,0.9316604378003203,17.45,9294.82,129.36,5.511,0.0,0.011906223183556584,0.01643462413364654,0.030450249999999995,0.014015625866353455,0.0002186904761904762
2023-10-09,0.9409888357256778,17.7,9353.41,133.64,5.511,2.3133422011430006e-05,0.006283726958159863,0.01706995622558475,0.031328999999999996,0.014259043774415246,0.0002186904761904762
2023-10-10,0.9321291735084839,17.03,9402.31,135.17,5.489,2.3015754283786332e-05,0.0052144210726074135,0.016797879119403985,0.02900209,0.012204210880596016,0.00021781746031746032
2023-10-11,0.9126488939307998,16.09,9443.13,137.61,5.501,2.291974650758278e-05,0.004332089231033842,0.016905016075367686,0.025888809999999995,0.008983793924632309,0.0002182936507936508
2023-10-12,0.9226091763405198,16.69,9385.16,136.13,5.505,2.30571471391635e-05,-0.006157774622797038,0.01717018879309804,0.027855610000000006,0.010685421206901965,0.00021845238095238097
2023-10-13,0.9392318911035489,19.32,9338.09,144.3,5.493,2.31720174716801e-05,-0.005027983834344546,0.01601043357873985,0.037326240000000004,0.021315806421260155,0.0002179761904761905
2023-10-16,0.9159127195316659,17.21,9437.31,137.95,5.493,2.2934990768645356e-05,0.010569247381727952,0.016302195777309837,0.02961841,0.013316214222690165,0.0002179761904761905
2023-10-17,0.9283489096573208,17.88,9436.36,138.72,5.504,2.293130926308152e-05,-0.00010066934526254923,0.0162786357587101,0.031969439999999995,0.015690804241289893,0.0002184126984126984
2023-10-18,0.9389350268685882,19.22,9309.92,137.1,5.495,2.324257109319319e-05,-0.013489814235680943,0.018202178765121077,0.036940839999999996,0.01873866123487892,0.00021805555555555556
2023-10-19,0.9643983776475888,21.4,9231.73,137.73,5.476,2.3450232743538652e-05,-0.008434035103659702,0.01802347595176948,0.045795999999999996,0.027772524048230517,0.0002173015873015873
2023-10-20,0.9674688057040998,21.71,9115.84,136.74,5.46,2.3741408577749326e-05,-0.012632903565841506,0.016721704190350597,0.047132410000000007,0.03041070580964941,0.00021666666666666668
2023-10-23,0.9549929676511956,20.37,9100.49,133.92,5.46,2.3783758071591265e-05,-0.001685301444708335,0.01670860163929222,0.04149369000000001,0.024785088360707787,0.00021666666666666668
2023-10-24,0.9386442355269667,18.97,9166.8,132.44,5.436,2.3605783416915682e-05,0.007260003126178725,0.017251529288919272,0.03598608999999999,0.01873456071108072,0.00021571428571428571
2023-10-25,0.9465541490857948,20.19,9035.4,132.29,5.47,2.3945500041882845e-05,-0.014438066014485522,0.017134113570059895,0.04076361000000001,0.023629496429940118,0.00021706349206349206
2023-10-26,0.9587389893370422,20.68,8928.63,133.38,5.457,0.00012052984921718603,-0.011887227673165928,0.018540770027871,0.04276623999999999,0.02422546997212899,0.00021654761904761906
2023-10-27,0.9550965424337674,21.27,8885.94,132.74,5.455,2.4346598171548332e-05,-0.004792715369068325,0.017894928056884446,0.04524129,0.027346361943115557,0.00021646825396825397
2023-10-30,0.9495192307692307,19.75,8993.46,130.13,5.458,2.4062466162135075e-05,0.012027394222899026,0.020247085181916778,0.039006250000000006,0.018759164818083228,0.0002165873015873016
2023-10-31,0.9307337095946641,18.14,9052.31,128.21,5.469,2.3910002749628568e-05,0.006522327240876158,0.020972735943083364,0.032905960000000005,0.01193322405691664,0.00021702380952380953
2023-11-01,0.909433962264151,16.87,9147.45,129.82,5.46,2.3657720105491916e-05,0.010455178161743739,0.02023267555471983,0.028459690000000006,0.008227014445280175,0.00021666666666666668
2023-11-02,0.8797752808988764,15.66,9320.56,133.8,5.431,2.3215052640110746e-05,0.018747560807351467,0.02373339838098867,0.024523559999999996,0.0007901616190113259,0.000215515873015873
2023-11-03,0.8658536585365855,14.91,9408.56,140.09,5.41,0.0,0.009397200464995249,0.024592687685843724,0.022230810000000004,-0.0023618776858437204,0.00021468253968253968
2023-11-06,0.8743394010569583,14.89,9425.34,137.89,5.422,2.2953942913653578e-05,0.001781893759647506,0.023077458125268593,0.02217121,-0.0009062481252685925,0.00021515873015873015
2023-11-07,0.8752955082742316,14.81,9452.28,139.52,5.427,2.2890366589200107e-05,0.0028541752920632074,0.022732919061751684,0.021933610000000003,-0.0007993090617516817,0.00021535714285714284
2023-11-08,0.868389423076923,14.45,9462.25,139.41,5.434,2.2872565501288653e-05,0.0010542160892565502,0.02244643506664251,0.020880249999999996,-0.0015661850666425156,0.00021563492063492062
2023-11-09,0.883815028901734,15.29,9387.59,139.28,5.429,2.304811293573242e-05,-0.00792159407395046,0.02300399364219755,0.023378409999999995,0.00037441635780244634,0.00021543650793650796
2023-11-10,0.8577481840193705,14.17,9535.63,139.81,5.409,2.269606563700118e-05,0.0156467049733308,0.025480034054367263,0.02007889,-0.005401144054367264,0.00021464285714285715
2023-11-13,0.8886213124623721,14.76,9528.25,135.27,5.425,2.27166888154176e-05,-0.0007742390708144469,0.025077004650286266,0.02178576,-0.0032912446502862645,0.00021527777777777778
2023-11-14,0.8692449355432781,14.16,9712.01,138.38,5.398,2.2285860735762674e-05,0.019102193806792105,0.028017024415465542,0.020050560000000002,-0.00796646441546554,0.0002142063492063492
2023-11-15,0.8710073710073709,14.18,9729.31,142.98,5.417,2.2240261545455548e-05,0.0017797150158850024,0.027989941251499305,0.020107240000000002,-0.007882701251499303,0.00021496031746031744
2023-11-16,0.8872366790582403,14.32,9743.22,154.45,5.401,2.2211610008657524e-05,0.001428679515810652,0.025041918685428894,0.02050624,-0.0045356786854288955,0.0002143253968253968
2023-11-17,0.8706624605678234,13.8,9755.92,146.88,5.392,2.2183524296610912e-05,0.0013026217357079513,0.023578623842960736,0.019044000000000002,-0.004534623842960734,0.000213968253968254
2023-11-20,0.8546845124282983,13.41,9829.02,143.78,5.399,2.201503626975223e-05,0.007464954139364306,0.0206956211696901,0.01798281,-0.0027128111696901012,0.00021424603174603177
2023-11-21,0.8612903225806451,13.35,9809.39,140.8,5.39,2.2062149073921227e-05,-0.0019991441809937838,0.02073850041022736,0.01782225,-0.0029162504102273577,0.00021388888888888887
2023-11-22,0.8301033591731266,12.85,9849.74,141.55,5.42,2.197681446072393e-05,0.0041049687001095915,0.020564729104783915,0.01651225,-0.004052479104783915,0.00021507936507936506
2023-11-24,0.8240740740740742,12.46,9855.84,144.54,5.406,2.1965711524290574e-05,0.0006191139966289458,0.01650860697406011,0.015525160000000001,-0.0009834469740601075,0.00021452380952380952
2023-11-27,0.8272490221642764,12.69,9836.75,142.2,5.404,2.200244227107208e-05,-0.0019388009378005402,0.013678540320045406,0.016103609999999997,0.002425069679954591,0.00021444444444444443
2023-11-28,0.8326771653543307,12.69,9846.43,142.68,5.419,2.1983578267014533e-05,0.0009835809844135207,0.01270987993497518,0.016103609999999997,0.003393730065024818,0.00021503968253968253
2023-11-29,0.8368794326241135,12.98,9838.82,139.82,5.401,2.199615067361211e-05,-0.0007731677656213068,0.012373005627818871,0.016848039999999998,0.004475034372181127,0.0002143253968253968
2023-11-30,0.8367875647668394,12.92,9879.02,144.54,5.394,2.191516639088089e-05,0.004077531382541228,0.012306459923095552,0.01669264,0.00438618007690445,0.00021404761904761905
2023-12-01,0.8222656250000001,12.63,9937.89,144.54,5.374,2.1784831222124128e-05,0.005941407936698982,0.011835072293650486,0.015951689999999998,0.004116617706349511,0.00021325396825396824
2023-12-04,0.8341836734693878,13.08,9884.17,144.54,5.381,2.189789013826526e-05,-0.005420237000572801,0.009829882880650159,0.01710864,0.007278757119349843,0.00021353174603174605
2023-12-05,0.8253050738599871,12.85,9878.97,144.54,5.366,2.190172695115018e-05,-0.0005262321797042202,0.00936076123312575,0.01651225,0.007151488766874249,0.00021293650793650793
2023-12-06,0.8240152477763659,12.97,9840.65,144.54,5.404,2.1992764380498806e-05,-0.003886489520046621,0.00982365777725103,0.01682209,0.006998432222748971,0.00021444444444444443
2023-12-07,0.8345047923322684,13.06,9920.64,130.84,5.395,2.18242926200956e-05,0.008095669551668296,0.010259116915970503,0.01705636,0.006797243084029497,0.00021408730158730159
2023-12-08,0.8146437994722955,12.35,9961.5,134.1,5.384,2.1732752344400894e-05,0.00411022732200343,0.010275022343649548,0.01525225,0.004977227656350452,0.00021365079365079367
2023-12-11,0.8314680710994076,12.63,10000.64,140.9,5.391,4.3293791670358155e-05,0.00392142827939204,0.008863229154439413,0.015951689999999998,0.007088460845560585,0.00021392857142857143
2023-12-12,0.8138907619689818,12.07,10047.04,148.83,5.389,2.15440629948206e-05,0.004628972814065693,0.006812040380714198,0.01456849,0.007756449619285802,0.00021384920634920636
2023-12-13,0.8315143246930422,12.19,10184.38,152.02,5.384,2.125646993801806e-05,0.013577110231613614,0.008103863621066689,0.014859609999999999,0.00675574637893331,0.00021365079365079367
2023-12-14,0.8438133874239352,12.48,10213.69,162.51,5.381,2.1186216247689972e-05,0.002873803273739592,0.004749103580934458,0.015575040000000002,0.010825936419065544,0.00021353174603174605
2023-12-15,0.8116325181758096,12.28,10213.48,153.26,5.385,4.261030743332938e-05,-2.056085106343064e-05,0.004816061867672396,0.015079839999999999,0.010263778132327603,0.00021369047619047618
2023-12-18,0.8118939883645766,12.56,10259.85,139.36,5.387,2.1185767401440433e-05,0.004529803338222633,0.0048623854777141646,0.015775360000000006,0.010912974522285842,0.00021376984126984124
2023-12-19,0.8011508951406648,12.53,10320.86,133.18,5.371,2.1060834219624286e-05,0.0059288701620095795,0.0049842462987472564,0.01570009,0.010715843701252743,0.00021313492063492067
2023-12-20,0.8244873341375152,13.67,10170.51,136.86,5.386,2.1368662855902355e-05,-0.014674733618970263,0.008196953667172333,0.018686889999999998,0.010489936332827665,0.0002137301587301587
2023-12-21,0.8374233128834355,13.65,10275.3,138.18,5.375,2.1156185539727942e-05,0.010250600740613252,0.00887846527855125,0.018632250000000003,0.009753784721448753,0.0002132936507936508
2023-12-22,0.8148843026891807,13.03,10292.37,134.46,5.373,2.1113750329883145e-05,0.0016598869895627243,0.008833424940585664,0.01697809,0.008144665059414337,0.0002132142857142857
2023-12-26,0.8180100755667506,12.99,10335.98,135.69,5.372,2.1026293379971926e-05,0.0042281680279274494,0.008855660246449064,0.016874010000000005,0.008018349753550941,0.00021317460317460318
2023-12-27,0.8140144073346431,12.43,10351.6,135.64,5.4,2.098613865539901e-05,0.001510085081799391,0.008633029968950896,0.015450489999999999,0.006817460031049103,0.0002142857142857143
2023-12-28,0.8187787261982928,12.47,10356.59,136.9,5.384,2.097821412461249e-05,0.00048193493459168036,0.008654326038690234,0.01555009,0.006895763961309767,0.00021365079365079367
2023-12-29,0.8158584534731324,12.45,10327.83,138.05,5.344,2.1036909257272786e-05,-0.0027808387698156144,0.008863510851303085,0.01550025,0.006636739148696915,0.00021206349206349208
2024-01-02,0.8527131782945736,13.2,10269.69,134.8,5.368,2.1159319093092337e-05,-0.005645354820407316,0.009564808373020338,0.017424000000000002,0.007859191626979664,0.00021301587301587305
2024-01-03,0.8753117206982544,14.04,10187.79,134.23,5.392,2.133401602182663e-05,-0.008006894060528293,0.010460238732670822,0.01971216,0.009251921267329178,0.000213968253968254
2024-01-04,0.880922693266833,14.13,10154.2,136.6,5.392,2.1400674121215357e-05,-0.003302531417005328,0.010161685088005563,0.01996569,0.009804004911994438,0.000213968253968254
2024-01-05,0.8607350096711799,13.35,10172.75,132.68,5.379,2.1369119485533635e-05,0.001825163652147945,0.010120799460383233,0.01782225,0.007701450539616768,0.00021345238095238093
2024-01-08,0.8639365918097754,13.08,10316.52,137.05,5.387,2.1072373065273583e-05,0.014033917228613638,0.011589200447116428,0.01710864,0.005519439552883573,0.00021376984126984124
2024-01-09,0.8563758389261744,12.76,10302.73,140.95,5.383,2.1103947493479404e-05,-0.0013375852231302067,0.011267128925938506,0.01628176,0.005014631074061493,0.00021361111111111111
2024-01-10,0.8615071283095722,12.69,10361.27,137.4,5.383,2.0985257856336824e-05,0.00566590753064772,0.011386754702672936,0.016103609999999997,0.004716855297327061,0.00021361111111111111
2024-01-11,0.8543956043956044,12.44,10354.69,140.36,5.377,2.0994509935632734e-05,-0.0006352590197395244,0.011400774896675575,0.015475359999999999,0.004074585103324424,0.00021337301587301587
2024-01-12,0.8500669344042838,12.7,10363.35,143.81,5.366,2.0979094332478586e-05,0.0008359864643907607,0.011289315264690703,0.016129,0.004839684735309298,0.00021293650793650793
2024-01-16,0.8792884371029225,13.84,10324.83,139.94,5.364,2.1054626227728743e-05,-0.0037238698149109736,0.009605334035703463,0.019154559999999998,0.009549225964296535,0.00021285714285714286
2024-01-17,0.9029304029304029,14.79,10267.05,147.76,5.377,2.1174104070702252e-05,-0.00561193554378397,0.009994361230720618,0.02187441,0.011880048769279382,0.00021337301587301587
2024-01-18,0.8920454545454546,14.13,10358.29,148.15,5.365,2.0987900475476157e-05,0.00884742701599883,0.010878010176814971,0.01996569,0.00908767982318503,0.00021289682539682542
2024-01-22,0.8810955243820975,13.19,10509.44,146.01,5.361,2.06814539061908e-05,0.014486735588558574,0.01303607300900816,0.017397609999999997,0.004361536990991838,0.00021273809523809524
2024-01-23,0.8643250688705235,12.55,10540.38,148.12,5.362,2.062344679664437e-05,0.0029396947129666,0.01278290597405992,0.01575025,0.00296734402594008,0.00021277777777777777
2024-01-24,0.8777555110220441,13.14,10549.04,150.25,5.37,4.120992334950509e-05,0.0008212649268446922,0.0095425824788988,0.017265960000000004,0.007723377521101204,0.00021309523809523808
2024-01-25,0.890728476821192,13.45,10605.13,153.05,5.358,2.0491593323820258e-05,0.00530298578911439,0.00877524324947315,0.018090249999999995,0.009315006750526844,0.0002126190476190476
2024-01-26,0.8822355289421158,13.26,10598.23,151.36,5.359,2.0514293333978334e-05,-0.0006508402671619649,0.008830269619146115,0.01758276,0.008752490380853885,0.00021265873015873015
2024-01-29,0.8935611038107752,13.6,10678.5,149.03,5.361,2.0355612551252188e-05,0.007545368186855924,0.0091991928368884,0.018496000000000002,0.009296807163111601,0.00021273809523809524
2024-01-30,0.8791281373844122,13.31,10672.95,148.73,5.36,2.037220009573081e-05,-0.0005198710274943699,0.009250808457519716,0.01771561,0.008464801542480284,0.0002126984126984127
2024-01-31,0.8991228070175438,14.35,10501.38,150.21,5.368,2.070757793812763e-05,-0.01620582610347806,0.013002118003318104,0.020592249999999996,0.0075901319966818915,0.00021301587301587305
2024-02-01,0.895483870967742,13.88,10633.14,160.08,5.367,2.0440074810655216e-05,0.012468862040287975,0.014470037408612082,0.01926544,0.00479540259138792,0.00021297619047619049
2024-02-02,0.8872517616912236,13.85,10747.25,160.02,5.372,2.0232061748234054e-05,0.010674368754996777,0.01477380827856061,0.019182249999999994,0.004408441721439385,0.00021317460317460318
2024-02-05,0.8917155903457273,13.67,10713.11,155.49,5.374,2.0301476932428373e-05,-0.0031816827676915418,0.013816414568045606,0.018686889999999998,0.0048704754319543915,0.00021325396825396824
2024-02-06,0.8712474983322215,13.06,10738.17,152.82,5.376,2.0244349296099414e-05,0.00233645837453879,0.013388472472645267,0.01705636,0.0036678875273547327,0.00021333333333333333
2024-02-07,0.863973063973064,12.83,10826.81,151.41,5.382,2.0078103823856613e-05,0.00822078195292995,0.01374432991320141,0.01646089,0.002716560086798589,0.00021357142857142858
2024-02-08,0.8566644340254521,12.79,10834.36,150.36,5.386,2.006360161710804e-05,0.000697099954041593,0.012159416686449433,0.016358409999999997,0.004198993313550564,0.0002137301587301587
2024-02-09,0.8574270557029178,12.93,10897.61,156.62,5.383,1.9953110191032883e-05,0.0058209337297046,0.012112340791027526,0.01671849,0.004606149208972473,0.00021361111111111111
2024-02-12,0.8889597957881302,13.93,10887.41,152.8,5.392,1.996227130721118e-05,-0.0009364233537867487,0.012137486490588534,0.019404490000000003,0.007267003509411469,0.000213968253968254
2024-02-13,0.9423305588585017,15.85,10739.81,170.52,5.393,2.0236974976962037e-05,-0.013649677734948986,0.015151889581296114,0.025122250000000002,0.009970360418703889,0.0002140079365079365
2024-02-14,0.9026993094789706,14.38,10844.72,160.4,5.392,2.0055151667066242e-05,0.009720927547068065,0.01589702288035412,0.020678440000000003,0.004781417119645883,0.000213968253968254
2024-02-15,0.8889593908629442,14.01,10910.31,148.9,5.38,3.984381225603365e-05,0.006029888144040769,0.015591927651025942,0.01962801,0.00403608234897406,0.0002134920634920635
2024-02-16,0.8978562421185372,14.24,10859.63,142.62,5.379,4.004164330900498e-05,-0.0046559697962987355,0.015404427364099594,0.02027776,0.004873332635900405,0.00021345238095238093
2024-02-20,0.9396709323583181,15.42,10794.8,141.45,5.371,2.013145842348718e-05,-0.005987707244546392,0.015736755988164156,0.023777640000000003,0.008040884011835846,0.00021313492063492067
2024-02-21,0.9451632778804683,15.34,10808.93,142.72,5.398,2.0114046644455873e-05,0.001308107629087622,0.013662580225533226,0.023531560000000003,0.009868979774466777,0.0002142063492063492
2024-02-22,0.922003804692454,14.54,11037.82,145.91,5.405,1.9703462883583874e-05,0.02095491325394487,0.018284284325758533,0.02114116,0.0028568756742414665,0.000214484126984127
2024-02-23,0.9016393442622951,13.75,11041.9,144.0,5.409,1.9692210746021495e-05,0.00036956990817260183,0.018302379778575795,0.018906250000000003,0.0006038702214242082,0.00021464285714285715
2024-02-26,0.9027595269382391,13.74,11000.5,143.6,5.413,1.976382232321934e-05,-0.0037564011796705644,0.018573002892285573,0.018878759999999998,0.00030575710771442444,0.00021480158730158733
2024-02-27,0.9019476158495634,13.43,11019.44,147.29,5.388,1.9729119193455663e-05,0.001720259425843038,0.01849743254392348,0.018036490000000002,-0.0004609425439234781,0.0002138095238095238
2024-02-28,0.9093298291721419,13.84,11002.2,149.09,5.398,1.9755622944162518e-05,-0.001565732935604822,0.018187278915620272,0.019154559999999998,0.0009672810843797258,0.0002142063492063492
2024-02-29,0.8975217682518419,13.4,11062.11,149.83,5.384,1.968523312235535e-05,0.005430502674277662,0.018320973579502513,0.017956000000000003,-0.00036497357950250955,0.00021365079365079367
2024-03-01,0.8780977896851976,13.11,11151.34,150.42,5.377,1.949906891944136e-05,0.008033914582048298,0.014430838620635822,0.017187209999999998,0.002756371379364176,0.00021337301587301587
2024-03-04,0.8857518056467498,13.49,11138.43,145.94,5.381,1.9521908461753467e-05,-0.0011583790630049278,0.013359398987977002,0.018198009999999997,0.004838611012022995,0.00021353174603174605
2024-03-05,0.9088623507228158,14.46,11025.16,144.9,5.372,1.9718226542686818e-05,-0.010221357295097773,0.01414226827622091,0.020909160000000003,0.006766891723779093,0.00021317460317460318
2024-03-06,0.9079524107701941,14.5,11082.65,143.64,5.391,1.961534312137171e-05,0.0052008886984606095,0.014056568393623927,0.021025,0.0069684316063760715,0.00021392857142857143
2024-03-07,0.907605279698303,14.44,11198.39,142.94,5.388,1.942256708067339e-05,0.010389195570306466,0.01498115533813916,0.02085136,0.005870204661860839,0.0002138095238095238
2024-03-08,0.9042944785276074,14.74,11126.07,141.18,5.387,1.9540218655028978e-05,-0.00647901476542053,0.015269157529863847,0.02172676,0.006457602470136154,0.00021376984126984124
2024-03-11,0.9246658566221142,15.22,11113.61,142.27,5.4,1.9559710907454998e-05,-0.0011205198369485232,0.015336342508194024,0.02316484,0.007828497491805975,0.0002142857142857143
2024-03-12,0.8837803320561941,13.84,11238.46,142.23,5.393,1.9349283592977353e-05,0.011171341036909966,0.01630131476932428,0.019154559999999998,0.002853245230675719,0.0002140079365079365
2024-03-13,0.8814102564102564,13.75,11217.3,144.17,5.401,1.9380408345186208e-05,-0.0018845949781104545,0.016369520469506568,0.018906250000000003,0.0025367295304934354,0.0002143253968253968
2024-03-14,0.8933002481389578,14.4,11187.85,143.95,5.402,1.9419549660625705e-05,-0.0026288613966456167,0.013641402606401004,0.020736000000000004,0.007094597393599,0.00021436507936507937
2024-03-15,0.8781230956733699,14.41,11115.69,138.91,5.396,1.9617651963218677e-05,-0.006470744265823845,0.013615137310956094,0.02076481,0.007149672689043908,0.00021412698412698412
2024-03-18,0.8834771886559803,14.33,11186.04,139.97,5.395,1.9498308521718005e-05,0.006308948529458987,0.013650211503310491,0.020534890000000004,0.006884678496689512,0.00021408730158730159
2024-03-19,0.8763474952441345,13.82,11249.23,141.61,5.385,1.9388675074871124e-05,0.00563310957210956,0.013405212918025518,0.019099239999999996,0.005694027081974478,0.00021369047619047618
2024-03-20,0.8534031413612565,13.04,11350.89,141.19,5.392,1.9215433836439966e-05,0.008996473086546518,0.0132047697760876,0.017004159999999997,0.003799390223912397,0.000213968253968254
2024-03-21,0.8511198945981555,12.92,11387.89,154.0,5.394,1.9152868620880277e-05,0.0032543551285552736,0.013197065244634005,0.01669264,0.0034955747553659967,0.00021404761904761905
2024-03-22,0.85359477124183,13.06,11372.49,155.84,5.376,1.918410021772209e-05,-0.0013532289311581438,0.008785570589824312,0.01705636,0.008270789410175687,0.00021333333333333333
2024-03-25,0.8576072821846553,13.19,11337.74,151.6,5.391,1.9237613381885074e-05,-0.003060297242316675,0.009017734566911129,0.017397609999999997,0.008379875433088869,0.00021392857142857143
2024-03-26,0.8659254414650098,13.24,11306.01,157.6,5.363,1.9280267610096895e-05,-0.0028025411663622902,0.008908095209704418,0.01752976,0.00862166479029558,0.00021281746031746033
2024-03-27,0.8514323784143903,12.78,11404.95,157.11,5.375,1.911442852635575e-05,0.008713028945833177,0.009568151899611972,0.016332839999999998,0.006764688100388026,0.0002132936507936508
2024-03-28,0.8564845292955893,13.01,11418.03,155.44,5.371,1.911625550785373e-05,0.0011462132843341572,0.009437498741902714,0.01692601,0.007488511258097285,0.00021313492063492067
2024-04-01,0.8795103092783506,13.65,11395.08,146.33,5.375,1.9148834314693677e-05,-0.002012001672905495,0.00941501868264752,0.018632250000000003,0.009217231317352482,0.0002132936507936508
2024-04-02,0.9080174021131137,14.61,11312.9,142.14,5.365,1.9273207350783753e-05,-0.007238015779135615,0.009665411606076342,0.021345210000000003,0.011679798393923661,0.00021289682539682542
2024-04-03,0.9006913890634821,14.33,11325.78,138.52,5.366,1.9254281670869052e-05,0.0011378756526186458,0.00962201952698452,0.020534890000000004,0.010912870473015484,0.00021293650793650793
2024-04-04,0.9527972027972029,16.35,11187.49,142.49,5.361,1.9491847534750857e-05,-0.01228535342374064,0.010246094473851698,0.026732250000000003,0.016486155526148304,0.00021273809523809524
2024-04-05,0.9330616996507568,16.03,11311.7,142.64,5.373,1.929030951299859e-05,0.011041398547522572,0.011318464682554224,0.025696089999999998,0.014377625317445774,0.0002132142857142857
2024-04-08,0.9172705314009663,15.19,11307.66,140.63,5.376,1.9280267610096895e-05,-0.00035721612308755213,0.010154599614242163,0.02307361,0.012919010385757839,0.00021333333333333333
2024-04-09,0.9123020706455541,14.98,11325.63,139.28,5.363,1.9256877112221195e-05,0.0015879267906665736,0.009524407732235517,0.022440040000000005,0.012915632267764487,0.00021281746031746033
2024-04-10,0.9272300469483569,15.8,11218.73,139.94,5.408,1.9449387830500346e-05,-0.009483596003769145,0.010778256719179771,0.024964,0.014185743280820229,0.00021460317460317462
2024-04-11,0.9041843541540329,14.91,11302.53,136.16,5.402,1.9302969761880315e-05,0.007441891505969049,0.009937387667763291,0.022230810000000004,0.012293422332236712,0.00021436507936507937
2024-04-12,0.951098901098901,17.31,11139.38,142.31,5.39,1.9576175794040827e-05,-0.014540016809032552,0.012546664563736373,0.02996360999999999,0.01741694543626362,0.00021388888888888887
2024-04-15,0.9836317135549872,19.23,11005.61,137.72,5.388,1.9821409103955176e-05,-0.012081434861523894,0.014166017125610032,0.03697929,0.022813272874389966,0.0002138095238095238
2024-04-16,0.9766454352441613,18.4,10982.99,135.6,5.375,1.9861564892679832e-05,-0.0020574304848188438,0.013767075097465092,0.033856,0.020088924902534906,0.0002132936507936508
2024-04-17,0.97016515716569,18.21,10919.49,134.38,5.407,1.9980219582595042e-05,-0.0057984463783291975,0.013426752477225357,0.03316041,0.019733657522774645,0.00021456349206349206
2024-04-18,0.9646302250803859,18.0,10896.07,131.8,5.407,2.0020621239858863e-05,-0.002147092166984669,0.012823532367743543,0.0324,0.019576467632256456,0.00021456349206349206
2024-04-19,0.971948051948052,18.71,10801.16,133.4,5.405,4.039669555038206e-05,-0.008748637992619249,0.011899956146117566,0.03500641000000001,0.023106453853882443,0.000214484126984127
2024-04-22,0.9608621667612026,16.94,10895.47,131.68,5.405,4.002882075090427e-05,0.008693570750914278,0.013025065946141742,0.028696360000000008,0.015671294053858267,0.000214484126984127
2024-04-23,0.9406474820143885,15.69,11026.06,135.61,5.377,3.955383276635909e-05,0.011914455315246734,0.015388769253389903,0.024617609999999995,0.009228840746610092,0.00021337301587301587
2024-04-24,0.9483372921615202,15.97,11028.46,135.06,5.425,1.9784154870346333e-05,0.00021764246145218757,0.015386601385058204,0.025504090000000004,0.0101174886149418,0.00021527777777777778
2024-04-25,0.9389126450824679,15.37,10978.2,134.08,5.412,1.9863142945090138e-05,-0.004567716080993809,0.015490070291474464,0.023623690000000003,0.008133619708525539,0.00021476190476190477
2024-04-26,0.9237861094038107,15.03,11090.46,140.86,5.402,1.9675937312445826e-05,0.010173791095353648,0.015887989234988235,0.022590089999999997,0.006702100765011761,0.00021436507936507937
2024-04-29,0.916875,14.67,11126.28,138.3,5.403,1.9605728793935763e-05,0.0032245983018325238,0.01606959815580962,0.02152089,0.005451291844190381,0.00021440476190476187
2024-04-30,0.9433393610608801,15.65,10951.66,132.4,5.4,1.9918533199197093e-05,-0.0158188346674407,0.01862833386865537,0.02449225,0.00586391613134463,0.0002142857142857143
2024-05-01,0.9287869643934822,15.39,10914.11,133.35,5.415,3.9979210810342244e-05,-0.0034345954350601384,0.01828934191627091,0.02368521,0.005395868083729091,0.0002148809523809524
2024-05-02,0.9146417445482865,14.68,11013.91,132.12,5.402,1.9801392037842252e-05,0.009102571877584655,0.019621958929243944,0.021550239999999995,0.0019282810707560508,0.00021436507936507937
2024-05-03,0.8834315651604454,13.49,11152.76,135.18,5.396,1.9558563228038666e-05,0.012527981518311524,0.020159816290107713,0.018198009999999997,-0.0019618062901077156,0.00021412698412698412
2024-05-06,0.8981358189081226,13.49,11268.23,130.08,5.399,1.9357523785539746e-05,0.010300260684375992,0.019957425906160807,0.018198009999999997,-0.0017594159061608099,0.00021424603174603177
2024-05-07,0.8849498327759198,13.23,11283.96,133.64,5.402,1.933506704432739e-05,0.0013949866998164207,0.01998659128643006,0.01750329,-0.0024833012864300605,0.00021436507936507937
2024-05-08,0.87248322147651,13.0,11283.91,133.24,5.407,1.9335440896593276e-05,-4.431078342758673e-06,0.019949289969985937,0.016900000000000002,-0.0030492899699859355,0.00021456349206349206
2024-05-09,0.8626784500339904,12.69,11343.55,136.46,5.402,1.9225777923021725e-05,0.005271483242834899,0.019100915847074146,0.016103609999999997,-0.002997305847074149,0.00021436507936507937
2024-05-10,0.8560709413369714,12.55,11364.04,137.3,5.402,1.9199938560179144e-05,0.0018046834174061327,0.018499923780708118,0.01575025,-0.0027496737807081173,0.00021436507936507937
2024-05-13,0.9133646742780389,13.6,11361.46,139.65,5.396,1.919735844346072e-05,-0.0002270577114770191,0.015620646175280358,0.018496000000000002,0.002875353824719644,0.00021412698412698412
2024-05-14,0.9129251700680272,13.42,11418.12,140.18,5.391,1.9110045195239507e-05,0.004974641046699938,0.013514772294830212,0.018009639999999997,0.004494867705169785,0.00021392857142857143
2024-05-15,0.8842329545454545,12.45,11554.04,140.64,5.404,1.8876650527113297e-05,0.0118335921492487,0.01449671915687529,0.01550025,0.0010035308431247097,0.00021444444444444443
2024-05-16,0.8734177215189873,12.42,11532.36,147.85,5.401,1.8915928157287655e-05,-0.0018781625868915489,0.013869856449539024,0.015425640000000001,0.001555783550460977,0.0002143253968253968
2024-05-17,0.8570407433881344,11.99,11546.28,143.05,5.4,1.888841667845475e-05,0.0012063103968010427,0.013603612486758171,0.014376010000000002,0.0007723975132418303,0.0002142857142857143
2024-05-20,0.8610914245216159,12.15,11557.84,144.54,5.399,1.8867034573823697e-05,0.0010006874068051754,0.011916714667068467,0.01476225,0.0028455353329315328,0.00021424603174603177
2024-05-21,0.850179211469534,11.86,11587.05,149.52,5.393,1.8820872347416186e-05,0.0025241006121245343,0.01152315311929308,0.014065959999999999,0.0025428068807069187,0.0002140079365079365
2024-05-22,0.8588399720475192,12.29,11555.84,150.14,5.411,3.7749381854052393e-05,-0.0026971582996058656,0.010777146604936038,0.015104409999999999,0.00432726339506396,0.0002147222222222222
2024-05-23,0.8704839809134287,12.77,11470.98,153.33,5.41,1.9013033434402e-05,-0.0073705691163598415,0.011853831867297467,0.016307290000000002,0.004453458132702535,0.00021468253968253968
2024-05-24,0.8419195483415667,11.93,11551.56,155.86,5.405,1.8885919602623075e-05,0.007000125011965221,0.011581967377635423,0.01423249,0.002650522622364577,0.000214484126984127
2024-05-28,0.8777173913043478,12.92,11554.45,152.23,5.407,1.8872731733537608e-05,0.00025015136884925,0.01082573588229843,0.01669264,0.005866904117701572,0.00021456349206349206
2024-05-29,0.9242718446601942,14.28,11469.46,151.8,5.413,1.900725126634083e-05,-0.007382793455659031,0.011835679034780904,0.020391839999999994,0.00855616096521909,0.00021480158730158733
2024-05-30,0.9281590763309815,14.47,11402.1,146.61,5.411,1.9133812316417586e-05,-0.005890301733520604,0.008698800693475409,0.02093809,0.01223928930652459,0.0002147222222222222
2024-05-31,0.8813096862210096,12.92,11494.7,148.1,5.405,1.896291801380672e-05,0.008088510608878153,0.008737491369686403,0.01669264,0.007955148630313599,0.000214484126984127
2024-06-03,0.8858108108108107,13.11,11508.89,139.01,5.404,1.8947827157903434e-05,0.0012337206322876346,0.008164929659444892,0.017187209999999998,0.009022280340555106,0.00021444444444444443
2024-06-04,0.8844086021505376,13.16,11526.81,138.18,5.4,3.785369546698554e-05,0.0015558462399535454,0.006724435346571255,0.01731856,0.010594124653428745,0.0002142857142857143
2024-06-05,0.8686382393397525,12.63,11663.55,141.4,5.405,3.7407649864363246e-05,0.0117929678319426,0.007079539486743747,0.015951689999999998,0.00887215051325625,0.000214484126984127
2024-06-06,0.8651994497936727,12.58,11661.37,140.18,5.398,1.8704349696504913e-05,-0.00018692454305058919,0.007119414516686166,0.01582564,0.008706225483313831,0.0002142063492063492
2024-06-07,0.8480222068008328,12.22,11650.49,139.61,5.396,5.618450993056103e-05,-0.0009334305190553077,0.007166550984184735,0.014932840000000001,0.007766289015815266,0.00021412698412698412
2024-06-10,0.8726027397260274,12.74,11681.54,141.56,5.39,1.866873267306551e-05,0.0026615788107467713,0.007001714592734465,0.016230760000000004,0.009229045407265539,0.00021388888888888887
2024-06-11,0.8868184955141476,12.85,11713.3,144.7,5.372,1.8625268902302838e-05,0.002715130303181773,0.007020989448583881,0.01651225,0.009491260551416119,0.00021317460317460318
2024-06-12,0.8526912181303116,12.04,11813.17,150.66,5.392,3.6946040308096374e-05,0.008490062461112067,0.007566318804164914,0.014496159999999998,0.006929841195835083,0.000213968253968254
2024-06-13,0.8426252646436132,11.94,11841.02,162.25,5.389,1.8436408218934016e-05,0.002354763605840271,0.007442826365540112,0.014256359999999997,0.006813533634459886,0.00021384920634920636
2024-06-14,0.8530997304582211,12.66,11839.27,156.18,5.385,1.8425537795367644e-05,-0.00014780224424494032,0.006115432352575425,0.016027559999999996,0.009912127647424572,0.00021369047619047618
2024-06-17,0.8620689655172414,12.75,11931.48,153.84,5.388,1.8280365972910154e-05,0.0077583132648717,0.00649167735154827,0.01625625,0.009764572648451729,0.0002138095238095238
2024-06-18,0.8373042886317223,12.3,11961.93,142.9,5.383,1.823203916240354e-05,0.0025488213264530696,0.0064993044337474885,0.015129000000000004,0.008629695566252515,0.00021361111111111111
2024-06-20,0.8617780661907851,13.28,11931.8,148.6,5.374,3.656708231267688e-05,-0.002522001878328628,0.0067088829868998555,0.01763584,0.010926957013100144,0.00021325396825396824
2024-06-21,0.8701384311140409,13.2,11913.78,151.79,5.364,5.513540336137161e-05,-0.0015113914973141592,0.0068018215898422805,0.017424000000000002,0.010622178410157722,0.00021285714285714286
2024-06-24,0.8752462245567958,13.33,11878.04,147.13,5.352,5.5285781418398585e-05,-0.0030043962070672326,0.0068340890623845825,0.01776889,0.010934800937615417,0.0002123809523809524
2024-06-25,0.8640646029609691,12.84,11924.75,146.64,5.351,1.8356202101768448e-05,0.003924755035766342,0.0058943756060917405,0.016486559999999997,0.010592184393908258,0.00021234126984126986
2024-06-26,0.8531611148878314,12.55,11943.53,143.49,5.378,1.8331301614054436e-05,0.0015736369671766543,0.005543116601412914,0.01575025,0.010207133398587087,0.00021341269841269842
2024-06-27,0.8488210818307906,12.24,11954.5,143.06,5.372,1.830345294638169e-05,0.0009180673696119354,0.005525934961126072,0.014981760000000002,0.00945582503887393,0.00021317460317460318
2024-06-28,0.8567493112947658,12.44,11907.15,141.79,5.358,5.513641668422954e-05,-0.0039687165095174705,0.004891182842728019,0.015475359999999999,0.01058417715727198,0.0002126190476190476
2024-07-01,0.861169837914024,12.22,11939.38,145.82,5.361,3.6672350881019875e-05,0.0027031202967478015,0.0041155750254953495,0.014932840000000001,0.01081726497450465,0.00021273809523809524
2024-07-02,0.8586723768736616,12.03,12013.4,147.16,5.37,1.821576574523595e-05,0.0061805131281151195,0.0038757761086958137,0.014472089999999998,0.010596313891304185,0.00021309523809523808
2024-07-03,0.8623395149786021,12.09,12074.83,148.83,5.388,1.8136148063496296e-05,0.005100427318385839,0.003970612037687577,0.01461681,0.010646197962312422,0.0002138095238095238
2024-07-05,0.8696864111498258,12.48,12142.54,150.2,5.38,1.8027600255975525e-05,0.005591868682289956,0.004091836336373119,0.015575040000000002,0.011483203663626883,0.0002134920634920635
2024-07-08,0.8656403079076277,12.37,12155.27,148.53,5.375,1.8006824586501914e-05,0.0010478311555438343,0.0029550662747396634,0.015301689999999998,0.012346623725260335,0.0002132936507936508
2024-07-09,0.8693537178596247,12.51,12164.57,151.09,5.358,0.0,0.000764807700488274,0.0029142914166079862,0.01565001,0.012735718583392012,0.0002126190476190476
2024-07-10,0.8862068965517241,12.85,12290.21,156.96,5.372,3.5634743875245986e-05,0.010275382191708959,0.003590050034101275,0.01651225,0.012922199965898724,0.00021317460317460318
2024-07-11,0.8807089297886844,12.92,12182.97,152.23,5.344,1.7972197011207292e-05,-0.008763935573048194,0.005123126835063038,0.01669264,0.011569513164936963,0.00021206349206349208
2024-07-12,0.8670842032011136,12.46,12250.19,150.86,5.338,1.7860172707853842e-05,0.0055023721529702425,0.0052664832613025635,0.015525160000000001,0.010258676738697438,0.00021182539682539683
2024-07-15,0.8823133826496301,13.12,12286.05,147.4,5.332,1.780991477954158e-05,0.0029230253317171187,0.004746715002760191,0.017213439999999997,0.012466724997239807,0.00021158730158730158
2024-07-16,0.8846411804158283,13.19,12364.56,151.53,5.335,1.7704598769514282e-05,0.006369843623436001,0.004989312758838425,0.017397609999999997,0.012408297241161572,0.0002117063492063492
2024-07-17,0.9170360987967069,14.48,12192.49,146.39,5.342,1.7955094309116526e-05,-0.014014127604292591,0.008068163504769273,0.020967040000000003,0.01289887649523073,0.00021198412698412696
2024-07-18,0.9619565217391305,15.93,12097.25,151.12,5.34,1.8094143830332854e-05,-0.007842034380333656,0.008488944458819899,0.025376489999999998,0.016887545541180098,0.0002119047619047619
2024-07-19,0.9627039627039626,16.52,12011.61,146.99,5.334,3.643385433762432e-05,-0.007104471983528004,0.009146977266647217,0.027291039999999996,0.018144062733352777,0.00021166666666666667
2024-07-22,0.9266625233064015,14.91,12141.75,141.38,5.326,3.605942593390634e-05,0.0107762447460533,0.010357796209600737,0.022230810000000004,0.011873013790399267,0.00021134920634920633
2024-07-23,0.9194253591505309,14.72,12122.83,137.0,5.303,3.611933829368961e-05,-0.0015594750730813882,0.010360661772175431,0.02166784,0.01130717822782457,0.00021043650793650795
2024-07-24,0.9788388497015735,18.04,11842.36,136.84,5.314,3.695491500366188e-05,-0.023407517816776344,0.017326734925648866,0.03254416,0.015217425074351136,0.00021087301587301586
2024-07-25,0.9876939539860888,18.46,11781.57,134.17,5.309,1.8575793882974178e-05,-0.005146487834607541,0.017384255927550548,0.03407716,0.016692904072449454,0.00021067460317460317
2024-07-26,0.9506960556844549,16.39,11913.04,131.73,5.295,5.510805771645566e-05,0.011097152404952418,0.018988333899922414,0.026863210000000005,0.007874876100077591,0.0002101190476190476
2024-07-29,0.9673659673659675,16.6,11922.89,128.93,5.287,3.671408903163251e-05,0.0008264834273879573,0.018986034811144248,0.027556000000000004,0.008569965188855756,0.0002098015873015873
2024-07-30,0.9822320932815103,17.69,11863.8,127.31,5.289,5.536025687154154e-05,-0.004968334942761185,0.019094823128994097,0.03129361,0.012198786871005902,0.00020988095238095238
2024-07-31,0.9640542133176193,16.36,12052.09,136.69,5.287,7.267177791518714e-05,0.015746341907696092,0.022081904349957826,0.026764959999999997,0.004683055650042171,0.0002098015873015873
2024-08-01,0.9712643678160919,18.59,11887.54,132.23,5.257,3.682902126872629e-05,-0.013747296135475626,0.023968268196377485,0.03455881,0.010590541803622518,0.0002086111111111111
2024-08-02,1.0021422450728363,23.39,11669.18,139.65,5.181,7.504549633208311e-05,-0.01853961455359229,0.027337244917235583,0.05470921,0.02737196508276442,0.0002055952380952381
2024-08-05,1.1441708691782853,38.57,11319.96,145.3,5.214,7.730514272476916e-05,-0.030383638991440858,0.03632337523690968,0.14876449,0.11244111476309032,0.00020690476190476193
2024-08-06,1.0355007473841553,27.71,11437.32,145.43,5.204,1.9149934411457222e-05,0.01031415357299347,0.03837844312096312,0.07678441000000001,0.03840596687903689,0.0002065079365079365
2024-08-07,1.0310995927434283,27.85,11349.24,146.36,5.223,1.928101109620435e-05,-0.007730911439838398,0.03846015598613899,0.07756225000000001,0.03910209401386102,0.00020726190476190475
2024-08-08,0.9859096560298384,23.79,11610.84,147.37,5.222,1.8845700824482272e-05,0.022788363180706685,0.04462089238845618,0.05659641,0.01197551761154382,0.00020722222222222222
2024-08-09,0.9617563739376771,20.37,11666.49,144.52,5.215,5.629626849561868e-05,0.004781485335755934,0.044755405375575937,0.04149369000000001,-0.00326171537557593,0.00020694444444444444
2024-08-12,0.9574664817383265,20.71,11668.59,140.82,5.213,3.750515695904776e-05,0.00017998652720887636,0.044080669066654574,0.042890410000000004,-0.0011902590666545698,0.00020686507936507937
2024-08-13,0.9123867069486405,18.12,11865.29,143.87,5.181,1.8450014298744302e-05,0.016716714847380566,0.04818502978940203,0.03283344,-0.015351589789402029,0.0002055952380952381
2024-08-14,0.8775067750677508,16.19,11911.02,141.82,5.208,1.8389620897948463e-05,0.0038466907933989575,0.04775089915444854,0.026211610000000007,-0.02153928915444853,0.00020666666666666668
2024-08-15,0.8517897091722596,15.23,12106.68,143.56,5.223,5.424415293250472e-05,0.016293344368467005,0.049429266363407526,0.023195289999999997,-0.02623397636340753,0.00020726190476190475
2024-08-16,0.8309938236945538,14.8,12132.48,142.55,5.213,3.608675255310492e-05,0.002128787445046105,0.04873635389167544,0.021904000000000007,-0.02683235389167543,0.00020686507936507937
2024-08-19,0.8328595793064242,14.65,12251.74,141.5,5.197,1.7871344193137237e-05,0.009781813889212516,0.04907599006854642,0.02146225,-0.02761374006854642,0.00020623015873015875
2024-08-20,0.8687089715536105,15.88,12227.8,146.26,5.174,1.79010964421408e-05,-0.001955919729873671,0.04786615113868117,0.02521744,-0.022648711138681173,0.0002053174603174603
2024-08-21,0.8756727664155006,16.27,12280.18,149.67,5.149,1.7834690256000756e-05,0.004274532601678161,0.04799586898572184,0.026471289999999995,-0.021524578985721847,0.00020432539682539684
2024-08-22,0.90650826446281,17.55,12170.71,154.16,5.165,1.7978982569360046e-05,-0.008954335113539354,0.04175344382370336,0.030800250000000005,-0.010953193823703352,0.00020496031746031746
2024-08-23,0.8719076415612973,15.86,12310.63,153.95,5.134,1.7790903511018627e-05,0.011430871312474786,0.04235715216205232,0.025153959999999996,-0.017203192162052322,0.00020373015873015874
2024-08-26,0.884931506849315,16.15,12272.08,151.5,5.132,1.7834054126338054e-05,-0.003136353282484418,0.041558166169593964,0.02608224999999999,-0.015475916169593974,0.00020365079365079365
2024-08-27,0.8702763677382966,15.43,12292.64,151.83,5.108,1.7808646097664227e-05,0.0016739457889949833,0.041554238293993434,0.023808489999999998,-0.017745748293993436,0.00020269841269841268
2024-08-28,0.9052910052910054,17.11,12219.23,151.68,5.11,1.7910394297314166e-05,-0.005989768995955899,0.04173207813622542,0.02927521,-0.01245686813622542,0.0002027777777777778
2024-08-29,0.8694444444444445,15.65,12219.38,153.01,5.125,1.791103588494773e-05,1.2275657249135017e-05,0.03901675609089867,0.02449225,-0.01452450609089867,0.00020337301587301587
2024-08-30,0.8605851979345955,15.0,12344.43,159.0,5.117,1.7744182126470933e-05,0.01018173323290414,0.03720232158157337,0.0225,-0.01470232158157337,0.00020305555555555555
2024-09-03,0.9548387096774194,20.72,12084.57,163.6,5.117,3.622072912324431e-05,-0.021275516968382903,0.03869417114879259,0.04293184,0.00423766885120741,0.00020305555555555555
2024-09-04,0.966017217942909,21.32,12065.69,160.9,5.081,3.630884301868418e-05,-0.001563544561945248,0.025385037872782526,0.04545424,0.020069202127217474,0.00020162698412698414
2024-09-05,0.9507883420926898,19.9,12029.72,156.71,5.066,3.639208836016431e-05,-0.0029856330910930885,0.025069018823410866,0.03960099999999999,0.014531981176589125,0.00020103174603174602
2024-09-06,0.9841688654353562,22.38,11823.57,148.98,5.057,1.850395522041154e-05,-0.01728525773745899,0.028604790006171537,0.05008644,0.021481649993828466,0.0002006746031746032
2024-09-09,0.9315134099616859,19.45,11961.74,140.33,5.027,3.660322108342205e-05,0.01161822605762108,0.024236238201402076,0.03783025,0.013594011798597927,0.000199484126984127
2024-09-10,0.9284671532846714,19.08,12015.57,139.75,4.969,3.644580508780124e-05,0.004490085871874542,0.024212556824706927,0.03640463999999999,0.01219208317529306,0.0001971825396825397
2024-09-11,0.9030117406840226,17.69,12143.85,139.73,5.006,1.8039307651355934e-05,0.010619560036050262,0.02519837961381918,0.03129361,0.00609523038618082,0.00019865079365079366
2024-09-12,0.8762833675564682,17.07,12235.06,145.88,4.971,1.7888607640208053e-05,0.007482732048314066,0.022774027739002303,0.029138489999999996,0.0063644622609976935,0.00019726190476190478
2024-09-13,0.858921161825726,16.56,12303.26,149.99,4.886,5.338695756642032e-05,0.005558667065061784,0.022912106157505118,0.02742336,0.004511253842494883,0.0001938888888888889
2024-09-16,0.8652195860676427,17.14,12321.21,152.17,4.87,1.776624945589245e-05,0.0014578996566708355,0.020038678622375003,0.029377959999999998,0.009339281377624995,0.00019325396825396824
2024-09-17,0.8748137108792846,17.61,12324.75,157.54,4.856,3.551703929957168e-05,0.0002872681789911182,0.020019398926646857,0.03101121,0.010991811073353144,0.0001926984126984127
2024-09-18,0.8958230958230958,18.23,12289.26,167.42,4.759,5.344402184074165e-05,-0.0028837255363259357,0.01906128508376702,0.033233290000000006,0.014172004916232987,0.00018884920634920635
2024-09-19,0.8563188253801782,16.33,12498.59,171.72,4.719,1.751543547749863e-05,0.016890127734810873,0.022325309339249408,0.02666688999999999,0.004341580660750584,0.00018726190476190478
2024-09-20,0.8526927138331573,16.15,12474.44,165.75,4.663,1.7602379841738597e-05,-0.0019340870954100036,0.02228228213174972,0.02608224999999999,0.0037999678682502716,0.00018503968253968256
2024-09-23,0.8497326203208557,15.89,12509.61,165.6,4.62,1.7556025666893557e-05,0.0028153980824684906,0.021067096598226302,0.025249210000000005,0.004182113401773702,0.00018333333333333334
2024-09-24,0.8332430969139145,15.39,12541.09,162.41,4.615,1.7505930133816914e-05,0.0025133043444538795,0.01974650062188414,0.02368521,0.00393870937811586,0.00018313492063492065
2024-09-25,0.8298330640818524,15.41,12517.82,160.48,4.619,3.508833488303621e-05,-0.0018572241720595216,0.019636567971871143,0.023746810000000004,0.00411024202812886,0.00018329365079365078
2024-09-26,0.8330623306233063,15.37,12569.13,158.67,4.619,1.7474116464970347e-05,0.004090578691055576,0.019751095274202317,0.023623690000000003,0.003872594725797686,0.00018329365079365078
2024-09-27,0.8679631525076766,16.96,12553.78,160.99,4.611,1.7500721904762655e-05,-0.0012219923496229555,0.019176956858772635,0.02876416,0.009587203141227366,0.00018297619047619046
2024-09-30,0.8704474505723205,16.73,12608.07,154.3,4.627,0.0,0.004315269683825309,0.019261003905013972,0.02798929,0.008728286094986028,0.00018361111111111112
2024-10-01,0.9219722355193873,19.26,12490.87,158.59,4.578,1.758411802458419e-05,-0.009339107694348937,0.01955863927276106,0.03709476000000001,0.017536120727238952,0.00018166666666666667
2024-10-02,0.917921321029626,18.9,12493.35,161.5,4.593,5.273937081925816e-05,0.00019852530982711813,0.01327520234750366,0.03572099999999999,0.02244579765249633,0.00018226190476190477
2024-10-03,0.9472954230235784,20.49,12472.39,162.78,4.588,5.2836901291814185e-05,-0.0016791014345675873,0.013284528768209044,0.04198400999999999,0.028699481231790946,0.00018206349206349208
2024-10-04,0.930266343825666,19.21,12586.91,156.43,4.622,5.23637886946104e-05,0.009139983737957807,0.013654210107899854,0.03690241000000001,0.023248199892100155,0.0001834126984126984
2024-10-07,1.0022133687472332,22.64,12466.41,155.57,4.651,1.76113699005919e-05,-0.009619557744294231,0.010603777782935279,0.05125696000000001,0.04065318221706473,0.00018456349206349206
2024-10-08,0.9953531598513012,21.42,12587.25,156.28,4.634,1.7447896219897416e-05,0.009646569569119402,0.010198428824960666,0.045881640000000015,0.03568321117503935,0.00018388888888888893
2024-10-09,0.9976087996174079,20.86,12677.16,156.93,4.658,1.7328469809457712e-05,0.007117552285318549,0.010417859980280433,0.043513960000000004,0.03309610001971957,0.00018484126984126987
2024-10-10,0.9957183634633682,20.93,12652.84,154.09,4.646,1.7358248205575303e-05,-0.001920253254881473,0.009755547358498888,0.04380649,0.03405094264150111,0.00018436507936507937
2024-10-11,0.9850746268656717,20.46,12729.52,159.43,4.634,1.7255213231281814e-05,0.006042009747906952,0.009579771187834988,0.04186116,0.03228138881216501,0.00018388888888888893
2024-10-14,0.9791252485089462,19.7,12827.63,153.08,4.634,1.7114935348316157e-05,0.007677732606734125,0.009829747752056098,0.03880899999999999,0.02897925224794389,0.00018388888888888893
2024-10-15,0.9923076923076923,20.64,12731.1,159.69,4.628,3.4496438242720064e-05,-0.007553619368169876,0.010924500978825281,0.04260096,0.03167645902117472,0.00018365079365079365
2024-10-16,0.9635826771653543,19.58,12790.84,161.85,4.628,3.4350096180238065e-05,0.00468147085260422,0.01101545573894495,0.03833763999999999,0.02732218426105504,0.00018365079365079365
2024-10-17,0.9646643109540637,19.11,12788.78,165.82,4.644,1.7173720772458343e-05,-0.00016106572376394857,0.010785277203304246,0.036519209999999996,0.025733932796695752,0.0001842857142857143
2024-10-18,0.9395518499218343,18.03,12840.3,155.55,4.636,5.132196836851349e-05,0.0040204384548410375,0.007910395421365402,0.03250809,0.024597694578634602,0.00018396825396825396
2024-10-21,0.9547817047817049,18.37,12817.39,150.97,4.632,3.4265350877356593e-05,-0.0017858198527321686,0.007898633799513713,0.03374569,0.025847056200486287,0.0001838095238095238
2024-10-22,0.9494001043296817,18.2,12811.36,146.8,4.633,1.714339593548013e-05,-0.0004705652918123548,0.00790201452658586,0.033124,0.02522198547341414,0.00018384920634920637
2024-10-23,0.9600798403193612,19.24,12693.82,146.97,4.638,1.730328329799006e-05,-0.009217016474089153,0.009145789057948201,0.03701776,0.027871970942051794,0.00018404761904761903
2024-10-24,0.9612090680100754,19.08,12721.05,144.71,4.619,3.453217535435505e-05,0.002142840818739749,0.00909248003844962,0.03640463999999999,0.02731215996155037,0.00018329365079365078
2024-10-25,0.9708691499522444,20.33,12717.34,148.91,4.642,1.7270411467537508e-05,-0.0002916851283672534,0.008955886759142414,0.041330889999999995,0.03237500324085758,0.0001842063492063492
2024-10-28,0.9816559246405552,19.8,12751.22,148.46,4.614,1.7218372002911463e-05,0.0026605367547154033,0.008962599696773217,0.039204,0.030241400303226786,0.00018309523809523809
2024-10-29,0.9689378757515029,19.34,12771.8,150.74,4.595,1.7190844156386665e-05,0.0016126621740032365,0.008806963717896809,0.037403559999999995,0.028596596282103186,0.00018234126984126983
2024-10-30,0.9802504816955684,20.35,12729.73,153.45,4.579,5.172904327149369e-05,-0.0032994128716930964,0.007729770783817278,0.041412250000000005,0.033682479216182726,0.0001817063492063492
2024-10-31,1.0229681978798586,23.16,12493.74,152.07,4.548,7.035688530062376e-05,-0.018712483737562898,0.012356537140881918,0.05363856,0.041282022859118084,0.00018047619047619048
2024-11-01,0.9986307622090369,21.88,12545.4,146.66,4.516,3.502504290564571e-05,0.004126345657242655,0.012515110313459728,0.047873439999999996,0.03535832968654027,0.0001792063492063492
2024-11-04,1.0190078813166434,21.98,12510.73,148.95,4.527,3.5101883216002614e-05,-0.00276738842961811,0.011557339305070477,0.04831204,0.036754700694929525,0.00017964285714285716
2024-11-05,1.0148588410104011,20.49,12664.32,152.68,4.535,3.468067766060708e-05,0.012201914643365279,0.012140619935272007,0.04198400999999999,0.02984339006472798,0.00017996031746031748
2024-11-06,0.9207696661007356,16.27,12984.73,148.11,4.54,5.07592741423336e-05,0.024985460938537457,0.018402865501712974,0.026471289999999995,0.00806842449828702,0.00018015873015873017
2024-11-07,0.8967551622418879,15.2,13081.53,152.12,4.542,3.35824028208913e-05,0.007427259989790108,0.01844801197296339,0.023104,0.004655988027036609,0.0001802380952380952
2024-11-08,0.8877005347593584,14.94,13133.47,150.34,4.533,3.3430839949823335e-05,0.003962622007635837,0.01835697380833555,0.02232036,0.003963386191664451,0.0001798809523809524
2024-11-11,0.8910714285714286,14.97,13146.2,140.32,4.533,1.6702158754003765e-05,0.000968809805883428,0.018120351843667906,0.02241009,0.004289738156332094,0.0001798809523809524
2024-11-12,0.8803111909036505,14.71,13108.95,141.5,4.535,3.3507572711402306e-05,-0.002837540443959825,0.017819144584363275,0.021638410000000004,0.0038192654156367287,0.00017996031746031748
2024-11-13,0.8491823137492428,14.02,13112.57,142.92,4.5,3.3490739810602326e-05,0.00027610909077715724,0.016860574541236913,0.019656039999999996,0.0027954654587630835,0.00017857142857142857
2024-11-14,0.8579136690647482,14.31,13034.79,147.98,4.529,3.3705214196605565e-05,-0.005949375341823305,0.017339231375527286,0.02047761,0.003138378624472714,0.0001797222222222222
2024-11-15,0.9062324536777092,16.14,12864.42,149.55,4.501,3.414659131649077e-05,-0.013156575626516794,0.019713201111602446,0.026049960000000004,0.006336758888397558,0.0001786111111111111
2024-11-18,0.9063408958696916,15.58,12916.8,147.33,4.516,1.700260990060428e-05,0.0040634285012474255,0.01971727460615333,0.02427364,0.00455636539384667,0.0001792063492063492
2024-11-19,0.9242509892594687,16.35,12968.16,149.46,4.523,1.6940969192832117e-05,0.003968332761571849,0.019814629220469525,0.026732250000000003,0.006917620779530478,0.00017948412698412698
2024-11-20,0.9397590361445782,17.16,12968.85,153.0,4.537,1.6934657623544095e-05,5.320582443101945e-05,0.01980436009707028,0.02944656,0.009642199902929721,0.00018003968253968254
2024-11-21,0.927942794279428,16.87,13040.08,155.72,4.545,5.053950926131911e-05,0.005477363204396257,0.01876696745457432,0.028459690000000006,0.009692722545425685,0.00018035714285714286
2024-11-22,0.8809248554913295,15.24,13085.86,161.64,4.545,3.3586350507123346e-05,0.003504566484939355,0.018818774824885275,0.02322576,0.004406985175114727,0.00018035714285714286
2024-11-25,0.8654416123295791,14.6,13125.46,167.28,4.527,3.347616497070081e-05,0.003021597548628954,0.01881373843435943,0.021315999999999998,0.002502261565640568,0.00017964285714285716
2024-11-26,0.8529945553539019,14.1,13201.47,166.23,4.492,1.664627497980125e-05,0.005774331545637783,0.019020824897273005,0.019880999999999996,0.0008601751027269913,0.00017825396825396826
2024-11-27,0.8493975903614457,14.1,13152.08,167.94,4.5,1.6700485149078394e-05,-0.0037482660078341575,0.019371073269490988,0.019880999999999996,0.0005099267305090083,0.00017857142857142857
2024-11-29,0.8308733087330873,13.51,13227.13,164.62,4.492,3.319722471198388e-05,0.0056901023565679295,0.019276868648950455,0.01825201,-0.001024858648950456,0.00017825396825396826
2024-12-02,0.8164014687882497,13.34,13261.08,170.65,4.467,3.313123281314285e-05,0.0025634060278588227,0.013697485743684294,0.01779556,0.004098074256315705,0.00017726190476190473
2024-12-03,0.8189655172413794,13.3,13267.33,170.23,4.459,1.6560266951488195e-05,0.00047119296751189644,0.013739171935364818,0.017689000000000003,0.003949828064635185,0.00017694444444444444
2024-12-04,0.8206223306894447,13.45,13347.88,172.45,4.458,3.291639236336703e-05,0.00605294836551417,0.013465434403191796,0.018090249999999995,0.004624815596808199,0.0001769047619047619
2024-12-05,0.8166465621230399,13.54,13323.74,173.93,4.446,1.64851921761128e-05,-0.0018101642563606137,0.012602034921783313,0.018333159999999998,0.005731125078216685,0.00017642857142857144
2024-12-06,0.7824754901960784,12.77,13358.5,168.05,4.398,1.6450479942737367e-05,0.0026054798745603395,0.005884386757583388,0.016307290000000002,0.010422903242416615,0.00017452380952380953
2024-12-09,0.8303101228788765,14.19,13278.29,163.14,4.399,4.961671090818877e-05,-0.006022515658922989,0.005995817579347899,0.020135609999999998,0.014139792420652098,0.00017456349206349206
2024-12-10,0.8351001177856301,14.18,13239.21,165.12,4.38,3.3174097664513356e-05,-0.0029474896421552038,0.006002576608614842,0.020107240000000002,0.01410466339138516,0.0001738095238095238
2024-12-11,0.8045023696682465,13.58,13347.51,169.06,4.364,3.292126878566906e-05,0.008146969540934699,0.0067270624353360006,0.018441640000000002,0.011714577564664002,0.00017317460317460318
2024-12-12,0.8023054755043227,13.92,13275.24,167.43,4.332,1.654683996722221e-05,-0.0054292045352715675,0.007040245646892327,0.019376639999999997,0.01233639435310767,0.0001719047619047619
2024-12-13,0.8052478134110788,13.81,13276.56,169.91,4.325,4.964627032389676e-05,9.942828742970022e-05,0.007042063471893535,0.01907161,0.012029546528106463,0.00017162698412698414
2024-12-16,0.836084234490609,14.69,13328.78,166.79,4.313,1.6480845137723674e-05,0.003925532773370196,0.006584461455326969,0.021579610000000003,0.014995148544673034,0.00017115079365079362
2024-12-17,0.8753447324875896,15.87,13277.55,173.04,4.329,4.9650378584091547e-05,-0.0038509680449377638,0.004289300166904149,0.025185689999999993,0.020896389833095844,0.00017178571428571427
2024-12-18,1.1394389438943895,27.62,12886.21,168.92,4.343,5.1167034785203174e-05,-0.029916891736655526,0.01595462782821353,0.07628644,0.060331812171786466,0.00017234126984126983
2024-12-19,0.9979287489643744,24.09,12875.09,163.1,4.333,3.412212307846691e-05,-0.0008633105231994276,0.015737843991204377,0.058032810000000004,0.04229496600879563,0.00017194444444444446
2024-12-20,0.9134328358208954,18.36,13015.66,161.21,4.325,3.384667456419328e-05,0.010858811062555596,0.01724686051130052,0.033708959999999996,0.016462099488699478,0.00017162698412698414
2024-12-23,0.8997319034852548,16.78,13111.3,170.65,4.321,3.3625878476044604e-05,0.007321205926144245,0.01753419050874241,0.028156840000000002,0.010622649491257592,0.00017146825396825396
2024-12-24,0.8296511627906977,14.27,13256.07,180.09,4.32,4.989563496348923e-05,0.010981106932629853,0.018816398100176678,0.02036329,0.0015468918998233216,0.00017142857142857143
2024-12-26,0.8485023041474655,14.73,13251.76,173.72,4.331,3.326513979671974e-05,-0.0003251869381975508,0.018747873086013594,0.021697290000000004,0.0029494169139864107,0.00017186507936507936
2024-12-27,0.8826784726065301,15.95,13106.39,167.92,4.283,1.680686392321096e-05,-0.011030476262158754,0.019884489128800944,0.02544025,0.005555760871199057,0.00016996031746031748
2024-12-30,0.918690601900739,17.4,12966.22,161.08,4.283,1.6999719504612714e-05,-0.01075238347540561,0.021074010764925263,0.030275999999999997,0.009201989235074735,0.00016996031746031748
2024-12-31,0.9141201264488936,17.35,12911.82,169.16,4.321,3.412911042470574e-05,-0.0042043431522208515,0.02066105498371032,0.030102250000000004,0.009441195016289684,0.00017146825396825396
2025-01-02,0.9275737196068289,17.93,12883.58,157.2,4.311,1.7106444853082846e-05,-0.002189538544241647,0.020487502543497817,0.032148489999999995,0.011660987456502177,0.00017107142857142858
2025-01-03,0.8891951488423373,16.13,13046.88,157.32,4.299,5.068809083301267e-05,0.012595392358907716,0.022815593880053896,0.02601769,0.003202096119946103,0.0001705952380952381
2025-01-06,0.8896283971159178,16.04,13120.14,152.64,4.298,5.038671806107326e-05,0.00559942946607526,0.0227397660691907,0.025728159999999996,0.0029883939308092966,0.00017055555555555555
2025-01-07,0.9286086503387181,17.82,12974.59,155.1,4.31,1.6985859272140482e-05,-0.011155624867319351,0.024021128965234895,0.03175524,0.007734111034765102,0.00017103174603174602
2025-01-08,0.9152016546018614,17.7,12995.13,154.34,4.312,1.6965974737648185e-05,0.0015818425676499721,0.023933874184919688,0.031328999999999996,0.007395125815080308,0.00017111111111111114
2025-01-10,0.9318073438245112,19.54,12797.39,151.45,4.324,1.7226083735977374e-05,-0.015333428007183486,0.026079150153367227,0.03818116,0.012102009846632771,0.00017158730158730158
2025-01-13,0.9393049437102301,19.19,12817.56,170.55,4.323,5.158760865635382e-05,0.0015748618809551384,0.026188855307877977,0.03682561000000001,0.010636754692122032,0.00017154761904761908
2025-01-14,0.9359679839919961,18.71,12832.29,167.64,4.314,5.153089706718153e-05,0.0011485448545909612,0.025067968948508636,0.03500641000000001,0.009938441051491373,0.00017119047619047618
2025-01-15,0.884256719692814,16.12,13068.56,163.54,4.307,3.374046831766956e-05,0.018244694971383743,0.02967275735594515,0.025985440000000002,-0.0036873173559451473,0.00017091269841269842
2025-01-16,0.9046321525885559,16.6,13041.19,167.41,4.304,1.690031350080007e-05,-0.002096535587304573,0.029683773217871072,0.027556000000000004,-0.002127773217871068,0.0001707936507936508
2025-01-17,0.8779549202858713,15.97,13171.75,165.35,4.3,1.6734861226148064e-05,0.009961574676700075,0.030847646716606298,0.025504090000000004,-0.0053435567166062944,0.0001706349206349206
2025-01-21,0.8605714285714287,15.06,13287.58,173.0,4.304,1.658608593249613e-05,0.008755379665894191,0.03171059212156991,0.022680360000000004,-0.009030232121569906,0.0001707936507936508
2025-01-22,0.8478382930937676,15.1,13369.36,179.98,4.322,1.6492533005666676e-05,0.006135757260035729,0.020095148437449178,0.022801,0.0027058515625508206,0.00017150793650793652
2025-01-23,0.8573059360730594,15.02,13440.61,179.32,4.318,3.2801941874929165e-05,0.005315199363690294,0.020145919504258786,0.02256004,0.002414120495741214,0.00017134920634920633
2025-01-24,0.8461538461538461,14.85,13403.51,173.16,4.31,3.28985245013332e-05,-0.0027641080148081893,0.019347841648650277,0.02205225,0.002704408351349722,0.00017103174603174602
2025-01-27,0.9435951502372166,17.9,13208.19,168.55,4.298,1.6682932525864227e-05,-0.014679521219564005,0.021872433327906803,0.032041,0.010168566672093197,0.00017055555555555555
2025-01-28,0.9051296194153338,16.41,13329.95,163.64,4.29,1.6543281359842682e-05,0.009176291510409473,0.02142803192253205,0.026928809999999997,0.0055007780774679466,0.00017023809523809523
2025-01-29,0.912396694214876,16.56,13267.65,157.43,4.294,3.323363243599503e-05,-0.004684641767346959,0.021720889442582825,0.02742336,0.005702470557417176,0.0001703968253968254
2025-01-30,0.8844221105527638,15.84,13337.85,156.7,4.291,3.3059490553220505e-05,0.005277116604498273,0.020355700469770248,0.025090559999999994,0.0047348595302297465,0.0001702777777777778
2025-01-31,0.8914812805208898,16.43,13271.38,158.47,4.289,1.6617230406193084e-05,-0.0049960211745175565,0.019072659876410627,0.02699449,0.007921830123589373,0.0001701984126984127
2025-02-03,0.9524296675191816,18.62,13171.21,155.45,4.296,1.673234110549056e-05,-0.007576449899021764,0.01966051761285058,0.034670440000000004,0.015009922387149422,0.00017047619047619048
2025-02-04,0.9232832618025751,17.21,13266.45,159.44,4.314,3.323639385123691e-05,0.00720490482116778,0.01997700410076785,0.02961841,0.009641405899232153,0.00017119047619047618
2025-02-05,0.8780623608017817,15.77,13318.43,162.64,4.32,0.0,0.003910498466784162,0.018430714592517883,0.024869290000000002,0.006438575407482119,0.00017142857142857143
2025-02-06,0.8639910813823857,15.5,13366.96,163.57,4.323,3.2984250020585156e-05,0.003637200243367567,0.018248542893126288,0.024025,0.0057764571068737135,0.00017154761904761908
2025-02-07,0.8878153515834676,16.54,13241.34,166.53,4.333,1.664488960275457e-05,-0.009442236693933799,0.017763780604280126,0.02735716,0.009593379395719873,0.00017194444444444446
2025-02-10,0.8672517827756445,15.81,13332.15,166.95,4.335,3.3069876649330024e-05,0.006834657660466167,0.018175995817032536,0.024995610000000005,0.006819614182967469,0.00017202380952380952
2025-02-11,0.8763676148796498,16.02,13337.0,168.81,4.324,1.6523053790786588e-05,0.0003637161329451937,0.01458509917167054,0.025664040000000003,0.011078940828329463,0.00017158730158730158
2025-02-12,0.8678317859093393,15.89,13302.1,166.1,4.333,1.6573715744186198e-05,-0.0026202101397692777,0.014837707133897307,0.025249210000000005,0.010411502866102698,0.00017194444444444446
2025-02-13,0.8464125560538116,15.1,13440.93,163.36,4.323,3.280409395108171e-05,0.01038261162912433,0.015717022597304457,0.022801,0.007083977402695542,0.00017154761904761908
2025-02-14,0.8293093767546322,14.77,13443.1,167.97,4.318,4.920412330548825e-05,0.00016143413057588505,0.012332571632623976,0.02181529,0.009482718367376025,0.00017134920634920633
2025-02-18,0.8613916947250281,15.35,13478.02,183.12,4.319,1.635684083974533e-05,0.0025942471624243084,0.012189731457839248,0.02356225,0.011372518542160752,0.0001713888888888889
2025-02-19,0.8516452872281093,15.27,13510.29,175.76,4.326,1.6315742243889194e-05,0.002391406900163736,0.011276369609734226,0.02331729,0.012040920390265775,0.00017166666666666665
2025-02-20,0.869516935036091,15.66,13453.54,178.57,4.315,1.6382834066450258e-05,-0.00420934887916683,0.010827710322555764,0.024523559999999996,0.013695849677444232,0.00017123015873015874
2025-02-21,0.9348049281314169,18.21,13224.45,165.0,4.305,5.0001250031205305e-05,-0.01717487946574838,0.014091235891080722,0.03316041,0.019069174108919278,0.00017083333333333333
2025-02-24,0.9556898288016114,18.98,13159.21,156.93,4.295,1.6744949304650748e-05,-0.004945495277723016,0.013846082783848102,0.03602404,0.0221779572161519,0.00017043650793650795
2025-02-25,0.9700449326010983,19.43,13097.85,157.6,4.29,3.36587007741195e-05,-0.004673799099948465,0.01397437816510832,0.03775249,0.02377811183489168,0.00017023809523809523
2025-02-26,0.9670886075949368,19.1,13099.91,153.44,4.303,1.682269718321531e-05,0.0001572653543085879,0.011538173747058171,0.036481,0.02494282625294183,0.00017075396825396824
2025-02-27,0.9957587181903864,21.13,12892.2,149.32,4.3,1.7092702270749953e-05,-0.01598288262489744,0.013067586493258739,0.04464769,0.03158010350674126,0.0001706349206349206
2025-02-28,0.9727452923686818,19.63,13098.22,157.94,4.299,3.366663300019442e-05,0.015853865782676814,0.016527877382006045,0.03853369,0.022005812617993958,0.0001705952380952381
2025-03-03,1.0270513976555455,22.78,12868.95,154.26,4.299,3.424716176643746e-05,-0.017658909914070868,0.01943676421499091,0.05189284,0.03245607578500909,0.0001705952380952381
2025-03-04,1.0320456540825285,23.51,12711.86,151.38,4.29,1.7334777898142413e-05,-0.012282017240296489,0.02067819285522073,0.05527201,0.03459381714477927,0.00017023809523809523
2025-03-05,1.009668508287293,21.93,12853.99,138.88,4.309,1.7151628975946395e-05,0.011118853022934139,0.02226928283520768,0.048092489999999995,0.025823207164792316,0.00017099206349206351
2025-03-06,1.049367088607595,24.87,12625.31,137.65,4.304,1.7457948167336016e-05,-0.017950739665430763,0.024559683907536562,0.06185169,0.03729200609246344,0.0001707936507936508
2025-03-07,1.0345285524568393,23.37,12696.9,139.94,4.303,3.473186996384726e-05,0.005654339865034913,0.024871678710512653,0.05461569000000001,0.029744011289487355,0.00017075396825396824
2025-03-10,1.0832037325038881,27.86,12356.69,146.04,4.283,1.7833100016925226e-05,-0.027160252368304102,0.03166445355110552,0.07761796000000001,0.045953506448894496,0.00016996031746031748
2025-03-11,1.0623520126282557,26.92,12263.31,132.79,4.288,1.7981892234503483e-05,-0.007585739056329575,0.03143914835812823,0.07246864,0.04102949164187177,0.00017015873015873017
2025-03-12,1.0236586396282212,24.23,12323.5,128.69,4.303,1.7892128358112568e-05,0.004896130912468853,0.030971867835945764,0.058709290000000004,0.02773742216405424,0.00017075396825396824
2025-03-13,1.0249376558603491,24.66,12153.33,128.86,4.298,1.8131873113135464e-05,-0.01390480235908987,0.03193716296092164,0.06081156000000001,0.02887439703907837,0.00017055555555555555
2025-03-14,0.9819576003608479,21.77,12414.28,130.3,4.294,1.7768774931796165e-05,0.02124421660753919,0.0398570629385827,0.047393290000000005,0.007536227061417301,0.0001703968253968254
2025-03-17,0.9629107981220658,20.51,12494.82,133.9,4.291,1.7636217736728138e-05,0.006466735504114046,0.0386919304424323,0.04206601,0.0033740795575677024,0.0001702777777777778
2025-03-18,0.9877105143377333,21.7,12362.16,136.75,4.284,1.782324686106706e-05,-0.010673964378023605,0.03910766514874085,0.047089,0.007981334851259146,0.00016999999999999999
2025-03-19,0.9553528564570332,19.9,12495.74,136.45,4.299,1.7636217736728138e-05,0.010747592179914936,0.04125856723260705,0.03960099999999999,-0.0016575672326070573,0.0001705952380952381
2025-03-20,0.9560598744567842,19.8,12469.97,140.79,4.292,3.535567812207519e-05,-0.002064432307544176,0.0408236760229071,0.039204,-0.0016196760229071003,0.00017031746031746033
2025-03-21,0.9474201474201475,19.28,12480.59,141.73,4.29,1.772436834780688e-05,0.0008512835496554549,0.04108078607623974,0.03717184,-0.00390894607623974,0.00017023809523809523
2025-03-24,0.9180672268907564,17.48,12700.91,144.01,4.288,3.484259856096899e-05,0.01749900697601078,0.043624491232157364,0.030555040000000006,-0.013069451232157359,0.00017015873015873017
2025-03-25,0.900262467191601,17.15,12721.41,148.68,4.28,3.476144955241472e-05,0.0016127563844169316,0.04364118219506886,0.029412249999999994,-0.014228932195068864,0.00016984126984126986
2025-03-26,0.923891129032258,18.33,12579.48,144.75,4.296,1.7582572154464488e-05,-0.011219485860416297,0.04466051179898737,0.03359889,-0.01106162179898737,0.00017047619047619048
2025-03-27,0.9396681749622926,18.69,12537.93,140.85,4.296,3.5272746512375106e-05,-0.003308465156265369,0.044622971919787875,0.03493161,-0.009691361919787873,0.00017047619047619048
2025-03-28,0.9836437982735119,21.65,12290.86,139.04,4.294,1.7990950551856044e-05,-0.019902553088918976,0.04617981954244043,0.04687225,0.0006924304575595674,0.0001703968253968254
2025-03-31,1.0141101502048249,22.28,12360.21,148.58,4.299,1.788444857772296e-05,0.005626545456796722,0.04276277496326853,0.04963984,0.006877065036731467,0.0001705952380952381
2025-04-01,0.9977085242896425,21.77,12407.26,143.01,4.299,3.5647446751594e-05,0.003799342976674142,0.04023257198091046,0.047393290000000005,0.007160718019089546,0.0001705952380952381
2025-04-02,1.002797202797203,21.51,12491.1,144.27,4.305,1.7710242718860356e-05,0.006734605562728838,0.039520122134387235,0.046268010000000005,0.00674788786561277,0.00017083333333333333
2025-04-03,1.0964207450693937,30.02,11887.15,139.2,4.294,5.579786294179858e-05,-0.049558405969715676,0.06542380110316959,0.09012004000000001,0.024696238896830425,0.0001703968253968254
2025-04-04,1.2342685916643967,45.31,11178.48,136.54,4.253,3.9564004668516566e-05,-0.06146748332839707,0.10375004262563084,0.20529961,0.10154956737436915,0.00016876984126984126
2025-04-07,1.2738611713665942,46.98,11152.56,133.82,4.272,5.945715616416659e-05,-0.002321433452302622,0.10221202864923923,0.22071204,0.11850001135076077,0.00016952380952380954
2025-04-08,1.2609638554216867,52.33,10977.5,135.68,4.301,4.0260890570862814e-05,-0.015821344511725663,0.09775873037227363,0.27384289,0.1760841596277264,0.00017067460317460317
2025-04-09,1.123663101604278,33.62,12022.21,142.23,4.331,0.00014721036360967343,0.09090804898604997,0.2093309869371326,0.11303044,-0.0963005469371326,0.00017186507936507936
2025-04-10,1.1402968356202743,40.72,11608.22,127.54,4.318,7.623549143318399e-05,-0.035042304590905536,0.2225926003864784,0.16581184000000002,-0.05678076038647839,0.00017134920634920633
2025-04-11,1.107637864936597,37.56,11818.53,128.64,4.323,3.745458631406009e-05,0.017955170912811062,0.22589559100179343,0.14107536000000004,-0.0848202310017934,0.00017154761904761908
2025-04-14,1.0425244684441446,30.89,11912.45,135.71,4.311,3.710781676156708e-05,0.00791543293804786,0.2204450470235803,0.09541921,-0.1250258370235803,0.00017107142857142858
2025-04-15,1.0386206896551724,30.12,11892.99,135.76,4.305,3.719477041524578e-05,-0.0016349207857246023,0.2195112672895671,0.09072144000000001,-0.1287898272895671,0.00017083333333333333
2025-04-16,1.054945054945055,32.64,11626.79,131.32,4.313,1.9021351467004432e-05,-0.022637232799441916,0.22373795120749532,0.10653696000000001,-0.1172009912074953,0.00017115079365079362
2025-04-17,1.010221465076661,29.65,11642.4,130.02,4.319,5.6994670998209825e-05,0.0013416885024073533,0.2215598974844782,0.08791225,-0.13364764748447822,0.0001713888888888889
2025-04-21,1.0625196355639335,33.82,11368.98,125.77,4.323,1.9455820695138777e-05,-0.023765012641229107,0.22649785678421588,0.11437924000000001,-0.11211861678421588,0.00017154761904761908
2025-04-22,1.0380305602716469,30.57,11654.83,125.93,4.312,3.79557056916393e-05,0.024832092391007324,0.23657324406199293,0.09345249000000001,-0.14312075406199293,0.00017111111111111114
2025-04-23,1.015346181299072,28.45,11849.25,126.67,4.317,1.8678496381024337e-05,0.01654388807217346,0.23608454955665367,0.08094024999999999,-0.15514429955665368,0.0001713095238095238
2025-04-24,1.0011346444780636,26.47,12089.31,129.02,4.306,5.489126954352917e-05,0.02005701659880614,0.24245267879305046,0.07006609,-0.17238658879305047,0.0001708730158730159
2025-04-25,0.9791091840756799,24.84,12178.49,132.37,4.301,3.632796890322558e-05,0.007349689831214083,0.24247601720827436,0.061702560000000004,-0.18077345720827437,0.00017067460317460317
2025-04-28,0.9774582199766808,25.15,12186.52,131.28,4.295,1.815096154737781e-05,0.0006591419655261511,0.24248836727592554,0.06325225,-0.17923611727592553,0.00017043650793650795
2025-04-29,0.9583663758921492,24.17,12257.27,134.29,4.288,3.609196231995851e-05,0.005788807510700103,0.2383999885798307,0.058418890000000015,-0.1799810985798307,0.00017015873015873017
2025-04-30,0.9671104150352389,24.7,12276.39,132.73,4.288,5.41179229540678e-05,0.001558675213641381,0.2380084214829065,0.061009,-0.17699942148290648,0.00017015873015873017
2025-05-01,0.9650843468026679,24.6,12353.87,134.07,4.297,3.581405343473873e-05,0.006291468751962238,0.23834190378892273,0.060516000000000014,-0.1778259037889227,0.000170515873015873
2025-05-02,0.945,22.68,12536.2,134.78,4.319,3.529577862484436e-05,0.014651084668003479,0.2404784403967402,0.05143824,-0.18904020039674022,0.0001713888888888889
2025-05-05,0.9629327902240326,23.64,12456.84,134.12,4.316,5.323443558184833e-05,-0.006350589341309055,0.20873353166362704,0.05588496,-0.15284857166362703,0.00017126984126984127
2025-05-06,0.9744195198740654,24.76,12361.16,133.24,4.311,5.3685029929558796e-05,-0.0077105708789866724,0.15712303100130687,0.06130576000000001,-0.09581727100130685,0.00017107142857142858
2025-05-07,0.9534412955465588,23.55,12414.98,132.21,4.323,5.345544933754927e-05,0.004344509245853105,0.15646182702987324,0.05546025000000001,-0.10100157702987322,0.00017154761904761908
2025-05-08,0.946127946127946,22.48,12487.0,131.52,4.329,1.7701778143598428e-05,0.005784295128666209,0.15066909806356524,0.05053504,-0.10013405806356523,0.00017178571428571427
2025-05-09,0.9366980325064157,21.9,12480.31,128.4,4.324,3.5442768789065575e-05,-0.0005359007566380686,0.05566368246345704,0.04796099999999999,-0.007702682463457053,0.00017158730158730158
2025-05-12,0.9094955489614244,18.39,12888.13,137.67,4.388,3.4314734747069194e-05,0.03215453034997577,0.047493906570441474,0.03381921,-0.013674696570441472,0.00017412698412698415
2025-05-13,0.9069188651070184,18.22,12981.89,140.52,4.381,3.4082582096582365e-05,0.007248576578350242,0.04536886968047745,0.03319684,-0.012172029680477453,0.00017384920634920637
2025-05-14,0.9047619047619049,18.62,12995.78,138.94,4.389,1.7019683263678984e-05,0.0010693800732465503,0.04533701998720446,0.034670440000000004,-0.01066657998720446,0.00017416666666666668
2025-05-15,0.8804938271604937,17.83,13052.72,140.85,4.362,1.6937525935571184e-05,0.004371851791202737,0.044895116901280965,0.031790889999999995,-0.01310422690128097,0.0001730952380952381
2025-05-16,0.8585657370517928,17.24,13145.88,136.01,4.343,1.682694330159924e-05,0.007111860378636603,0.035222912735404385,0.02972176,-0.005501152735404385,0.00017234126984126983
2025-05-19,0.8767520541324311,18.14,13159.31,135.94,4.345,1.6808558918376952e-05,0.0010210913638620447,0.03526054840149564,0.032905960000000005,-0.002354588401495633,0.0001724206349206349
2025-05-20,0.8730694980694981,18.09,13108.52,137.27,4.329,1.6868953534452147e-05,-0.0038670924316548286,0.025170823651858427,0.03272481,0.007553986348141573,0.00017178571428571427
2025-05-21,0.9210061782877317,20.87,12897.42,137.28,4.343,1.715339422786724e-05,-0.016235109115029702,0.026726706228018895,0.04355569,0.016828983771981106,0.00017234126984126983
2025-05-22,0.9086021505376345,20.28,12891.95,139.04,4.344,1.7151628975946395e-05,-0.000424205793474339,0.02517037692867609,0.041127840000000006,0.015957463071323917,0.0001723809523809524
2025-05-23,0.9365546218487394,22.29,12806.24,139.34,4.339,1.7265938619572506e-05,-0.006670533435433522,0.02293862638000926,0.04968440999999999,0.02674578361999073,0.0001721825396825397
2025-05-27,0.8905589478628465,18.96,13069.32,140.89,4.311,0.0,0.020334946602605524,0.02646934511692662,0.03594816000000001,0.009478814883073387,0.00017107142857142858
2025-05-28,0.8910936778957083,19.31,12996.67,137.65,4.334,1.701533932838908e-05,-0.005574327936274191,0.02736014987185389,0.03728761,0.009927460128146107,0.00017198412698412696
2025-05-29,0.8871415356151711,19.18,13049.01,137.26,4.344,1.694929618046069e-05,0.004019098019681704,0.027276254779828507,0.03678724,0.009510985220171492,0.0001723809523809524
2025-05-30,0.8685687558465857,18.57,13049.13,138.25,4.342,1.6964535638232813e-05,9.19605765012685e-06,0.0273605879419895,0.03448449,0.007123902058010501,0.00017230158730158728
2025-06-02,0.8705547652916074,18.36,13104.24,141.04,4.336,1.6874077198887838e-05,0.004214377081596043,0.027235198817044115,0.033708959999999996,0.006473761182955881,0.00017206349206349208
2025-06-03,0.8537644787644789,17.69,13180.45,141.6,4.332,1.6775286647695334e-05,0.005798829170568038,0.02553361378180284,0.03129361,0.005759996218197158,0.0001719047619047619
2025-06-04,0.8523717328170377,17.61,13181.97,137.46,4.345,3.356267830169795e-05,0.00011531566538137676,0.02461169828323032,0.03101121,0.006399511716769682,0.0001724206349206349
2025-06-05,0.8754144954997631,18.48,13113.47,140.09,4.338,1.6863832980582823e-05,-0.005210040596385954,0.024031084745267446,0.034151039999999994,0.010119955254732547,0.00017214285714285715
2025-06-06,0.8376623376623377,16.77,13249.81,138.85,4.342,1.6693794082034815e-05,0.010343266505901956,0.02469436699469298,0.028123289999999995,0.0034289230053070156,0.00017230158730158728
2025-06-09,0.8541562966650075,17.16,13263.13,139.18,4.351,1.667875876694702e-05,0.001004792461391542,0.024645066808989473,0.02944656,0.004801493191010527,0.00017265873015873015
2025-06-10,0.850050150451354,16.95,13336.29,141.22,4.34,1.658251042623835e-05,0.005500885694761545,0.024564034154595623,0.028730249999999995,0.004166215845404372,0.00017222222222222224
2025-06-11,0.8502463054187193,17.26,13299.87,141.39,4.358,1.6627730065414995e-05,-0.0027346301190816916,0.013677910873410897,0.02979076,0.016112849126589102,0.0001729365079365079
2025-06-12,0.8726392251815981,18.02,13350.85,145.6,4.371,1.656465599349159e-05,0.0038257924875211066,0.013322442125556092,0.03247204,0.01914959787444391,0.000173452380952381
2025-06-13,0.9204244031830239,20.82,13202.26,149.65,4.358,1.6751962073542627e-05,-0.011192026172954157,0.015208469439001717,0.043347239999999995,0.028138770560998276,0.0001729365079365079
2025-06-16,0.9001413094677343,19.11,13328.43,156.6,4.357,1.6591865008571198e-05,0.009511320750797712,0.015994439625327594,0.036519209999999996,0.020524770374672402,0.00017289682539682542
2025-06-17,0.9428197293758185,21.6,13217.52,154.36,4.314,1.6734581175444666e-05,-0.008356125537438107,0.016481376731803422,0.04665600000000001,0.030174623268196588,0.00017119047619047618
2025-06-18,0.91670459717797,20.14,13213.88,148.41,4.329,1.673766225069822e-05,-0.00027542998274879477,0.01647664253422823,0.04056196,0.02408531746577177,0.00017178571428571427
2025-06-20,0.9172597864768683,20.62,13185.84,149.19,4.307,1.6828642349263165e-05,-0.002124265753138145,0.01633459733510803,0.04251844000000001,0.02618384266489198,0.00017091269841269842
2025-06-23,0.9087992667277726,19.83,13312.75,154.78,4.267,1.6663750510312202e-05,0.00957869610014966,0.01358758412297873,0.03932288999999999,0.02573530587702126,0.00016932539682539685
2025-06-24,0.8718204488778055,17.48,13461.1,154.97,4.273,1.64811167604567e-05,0.011081821866908164,0.01461562961160391,0.030555040000000006,0.015939410388396094,0.00016956349206349205
2025-06-25,0.8520589730554143,16.76,13461.17,152.24,4.296,1.64721579350353e-05,5.200155856050489e-06,0.013682163184134823,0.02808976000000001,0.014407596815865186,0.00017047619047619048
2025-06-26,0.8529562982005142,16.59,13569.29,147.46,4.316,1.6342940258367023e-05,0.00799990652219094,0.009925302940495009,0.027522809999999998,0.01759750705950499,0.00017126984126984127
2025-06-27,0.8390745501285347,16.32,13641.1,143.44,4.301,1.6263997202577688e-05,0.0052781431439676875,0.009325232981593882,0.026634240000000003,0.01730900701840612,0.00017067460317460317
2025-06-30,0.86059670781893,16.73,13712.71,139.65,4.298,1.6183717561746395e-05,0.005235845653197358,0.009395572302620024,0.02798929,0.018593717697379976,0.00017055555555555555
2025-07-01,0.8626345463864683,16.83,13697.68,140.07,4.328,1.619262749687011e-05,-0.0010966645499276978,0.009475826411704616,0.02832488999999999,0.018849063588295377,0.00017174603174603177
2025-07-02,0.8599483204134366,16.64,13763.04,139.28,4.334,1.611928269190555e-05,0.004760262908036051,0.00950560280205315,0.02768896,0.01818335719794685,0.00017198412698412696
2025-07-03,0.8526808953669963,16.38,13879.98,141.36,4.356,1.5991172872559793e-05,0.008460775819164129,0.009822940860198325,0.02683044,0.017007499139801676,0.00017285714285714287
2025-07-07,0.880257298367145,17.79,13771.11,137.96,4.348,1.61088961378775e-05,-0.007874594641893337,0.011061603715858475,0.03164841,0.02058680628414153,0.00017253968253968252
2025-07-08,0.8585291113381001,16.81,13761.33,140.8,4.352,1.6121101716076615e-05,-0.0007104347025795639,0.0104777111351232,0.02825761,0.017779898864876797,0.0001726984126984127
2025-07-09,0.8380651945320715,15.94,13844.92,141.75,4.362,1.602551261607023e-05,0.006055893535974461,0.009828882430014518,0.025408359999999994,0.015579477569985477,0.0001730952380952381
2025-07-10,0.8340380549682874,15.78,13884.89,143.32,4.354,1.597916317139185e-05,0.0028828201622291545,0.00981974564433753,0.024900839999999997,0.015081094355662466,0.0001727777777777778
2025-07-11,0.8466701084150747,16.4,13839.11,144.96,4.342,1.6035791887478298e-05,-0.0033025567457612465,0.010013375791933113,0.026895999999999993,0.016882624208066882,0.00017230158730158728
2025-07-14,0.8669354838709677,17.2,13858.62,147.0,4.336,1.6007043098948985e-05,0.0014087799416578801,0.009749840578553926,0.029583999999999996,0.01983415942144607,0.00017206349206349208
2025-07-15,0.8664007976071785,17.38,13805.08,143.72,4.338,3.214865538245939e-05,-0.0038707813379197163,0.010098747115255512,0.030206439999999994,0.020107692884744482,0.00017214285714285715
2025-07-16,0.8541562966650075,17.16,13849.17,146.71,4.338,1.6021147915233557e-05,0.0031886626726336095,0.00794712717420493,0.02944656,0.02149943282579507,0.00017214285714285715
2025-07-17,0.8390045708481462,16.52,13923.75,151.12,4.341,3.1848148030163076e-05,0.005370712137491114,0.007398110427884827,0.027291039999999996,0.019892929572115168,0.00017226190476190477
2025-07-18,0.838100102145046,16.41,13923.35,150.45,4.337,1.5934096576544857e-05,-2.8728305642399058e-05,0.0060400651834441885,0.026928809999999997,0.02088874481655581,0.00017210317460317459
2025-07-21,0.8534085084572013,16.65,13943.16,154.83,4.327,0.0,0.0014217785676845281,0.005956896515619045,0.027722249999999993,0.02176535348438095,0.0001717063492063492
2025-07-22,0.8448540706605222,16.5,13952.35,153.44,4.316,1.590267562515947e-05,0.0006588874218448928,0.005721444020666341,0.027225000000000003,0.021503555979333663,0.00017126984126984127
2025-07-23,0.828125,15.37,14061.52,159.29,4.349,1.5769015461505317e-05,0.007794035786217169,0.0054498867050821525,0.023623690000000003,0.01817380329491785,0.00017257936507936508
2025-07-24,0.8292025862068967,15.39,14071.45,159.41,4.353,1.5761807564077113e-05,0.0007059333168433561,0.0045255244305732615,0.02368521,0.01915968556942674,0.00017273809523809524
2025-07-25,0.8149563318777292,14.93,14128.12,145.57,4.351,1.5698217467392297e-05,0.004019215632556901,0.004505801873381262,0.022290489999999996,0.017784688126618736,0.00017265873015873015
2025-07-28,0.8276431718061673,15.03,14130.61,147.65,4.339,1.570117523295191e-05,0.0001762287269416215,0.00411708995840462,0.022590089999999997,0.018473000041595376,0.0001721825396825397
2025-07-29,0.8513585508790624,15.98,14088.86,149.12,4.341,0.0,-0.0029589521320905828,0.004236338339402019,0.02553604,0.02129970166059798,0.00017226190476190477
2025-07-30,0.8435967302452315,15.48,14071.34,154.08,4.343,1.5760565489075415e-05,-0.0012443095049415108,0.004136382563498004,0.023963039999999998,0.019826657436501992,0.00017234126984126983
2025-07-31,0.8735632183908045,16.72,14020.46,152.29,4.341,1.582366112045905e-05,-0.0036224133474361962,0.004360985507476728,0.027955839999999996,0.023594854492523267,0.00017226190476190477
2025-08-01,0.9595103578154426,20.38,13796.83,155.49,4.28,1.6084540344033688e-05,-0.016078835708425068,0.007654813793398734,0.04153443999999999,0.03387962620660126,0.00016984126984126986
2025-08-04,0.8934217236104028,17.52,14000.69,159.31,4.251,0.0,0.01466775848422845,0.009422269498435863,0.03069504,0.021272770501564137,0.00016869047619047622
2025-08-05,0.8911632551173241,17.85,13932.88,149.91,4.239,1.5922933004244902e-05,-0.004855099666913479,0.008901114433133676,0.03186225000000001,0.022961135566866332,0.0001682142857142857
2025-08-06,0.8613251155624038,16.77,14034.35,149.71,4.237,0.0,0.007256381503790534,0.009408477347363208,0.028123289999999995,0.01871481265263679,0.00016813492063492063
2025-08-07,0.8563307493540051,16.57,14023.35,147.03,4.24,1.581540262059783e-05,-0.0007840985229421063,0.00908731154606184,0.027456490000000004,0.018369178453938165,0.00016825396825396826
2025-08-08,0.8101604278074866,15.15,14134.02,147.53,4.243,0.0,0.007860859866276014,0.009669827025387306,0.02295225,0.013282422974612695,0.00016837301587301588
2025-08-11,0.8441558441558441,16.25,14100.03,148.55,4.25,1.5727350649132093e-05,-0.0024077322538208676,0.00958586860819029,0.026406250000000003,0.016820381391809712,0.00016865079365079366
2025-08-12,0.8031624863685932,14.73,14260.43,151.45,4.228,1.5560932722293224e-05,0.011311643767784926,0.010892271045991312,0.021697290000000004,0.010805018954008693,0.00016777777777777776
2025-08-13,0.7905073649754502,14.49,14306.96,153.13,4.207,1.5507121645601645e-05,0.0032575633368629796,0.0105622220571677,0.02099601,0.010433787942832298,0.00016694444444444444
2025-08-14,0.8020551649540293,14.83,14311.81,150.62,4.218,1.5505438532727474e-05,0.00033893839926947843,0.010552800247664544,0.021992889999999998,0.011440089752335453,0.00016738095238095238
2025-08-15,0.8095493562231759,15.09,14273.57,153.79,4.217,1.5541102330374157e-05,-0.0026754951524891888,0.010557984118267798,0.022770810000000002,0.012212825881732205,0.00016734126984126985
2025-08-18,0.8124661246612467,14.99,14273.22,153.95,4.228,1.554545101238336e-05,-2.4521145811300084e-05,0.010557856011346303,0.022470010000000002,0.011912153988653699,0.00016777777777777776
2025-08-19,0.8238095238095239,15.57,14190.8,153.17,4.204,3.126172314615138e-05,-0.005791186933467448,0.011138558065143082,0.024242490000000002,0.01310393193485692,0.0001668253968253968
2025-08-20,0.8214659685863873,15.69,14156.65,144.56,4.216,0.0,-0.0024093889588306305,0.011265404034262337,0.024617609999999995,0.013352205965737657,0.00016730158730158732
2025-08-21,0.8552292632663576,16.6,14101.79,144.32,4.235,1.5733536820395234e-05,-0.0038827386735341847,0.010811824661436237,0.027556000000000004,0.016744175338563767,0.00016805555555555557
2025-08-22,0.8006756756756757,14.22,14316.55,146.39,4.191,1.549798913589552e-05,0.015114471037255715,0.013509971339512691,0.020220839999999997,0.0067108686604873055,0.0001663095238095238
2025-08-25,0.820754716981132,14.79,14255.76,149.99,4.197,1.556456570969113e-05,-0.004255175148565956,0.013664954004636508,0.02187441,0.008209455995363492,0.00016654761904761904
2025-08-26,0.8167597765363128,14.62,14315.6,156.53,4.179,1.550087192403163e-05,0.004188816177943965,0.013832677494780107,0.021374439999999998,0.007541762505219891,0.00016583333333333334
2025-08-27,0.8277591973244146,14.85,14349.86,150.88,4.176,1.546539231832557e-05,0.0023903343126261156,0.013693692661209239,0.02205225,0.00835855733879076,0.00016571428571428572
2025-08-28,0.8143340857787811,14.43,14395.51,152.5,4.177,3.0822815047670276e-05,0.003176166344461694,0.013692199355621404,0.020822489999999996,0.007130290644378591,0.00016575396825396822
2025-08-29,0.8370572207084468,15.36,14304.68,152.1,4.146,0.0,-0.006329595953843029,0.01410126142865546,0.023592959999999996,0.009491698571344536,0.0001645238095238095
2025-09-02,0.8859649122807018,17.17,14208.5,151.48,4.127,1.5616825567852617e-05,-0.0067463793790454646,0.011140259105540446,0.029480890000000006,0.01834063089445956,0.00016376984126984128
2025-09-03,0.8637083993660857,16.35,14281.23,150.22,4.122,1.553675608068378e-05,0.005105710583809353,0.009040422741486047,0.026732250000000003,0.017691827258513954,0.00016357142857142856
2025-09-04,0.831973898858075,15.3,14401.71,153.96,4.081,1.5408676625793977e-05,0.008400861875870908,0.009211632215959036,0.023409,0.014197367784040963,0.00016194444444444446
2025-09-05,0.8241042345276872,15.18,14358.11,148.16,4.009,1.545129365954759e-05,-0.0030320101726324157,0.009009099138392367,0.023043239999999996,0.01403414086160763,0.00015908730158730158
2025-09-08,0.8261344997266266,15.11,14389.13,148.82,4.024,1.541318906586966e-05,0.002158121060637594,0.008974318866873644,0.022831209999999994,0.01385689113312635,0.00015968253968253967
2025-09-09,0.823207443897099,15.04,14428.25,150.93,4.025,0.0,0.0027150298903454374,0.008431718917715918,0.022620159999999993,0.014188441082284075,0.00015972222222222223
2025-09-10,0.8324295010845986,15.35,14471.71,151.92,4.035,1.5332132316287943e-05,0.0030076188867224902,0.008321165830756714,0.02356225,0.015241084169243286,0.00016011904761904764
2025-09-11,0.8158624514697725,14.71,14594.64,147.63,4.028,1.5206928276508952e-05,0.008458628823562409,0.007694658862478186,0.021638410000000004,0.013943751137521818,0.00015984126984126983
2025-09-12,0.8172757475083057,14.76,14588.18,149.49,4.028,1.5211554696933967e-05,-0.00044272624136503994,0.007658069666113024,0.02178576,0.014127690333886977,0.00015984126984126983
2025-09-15,0.8467350242849433,15.69,14660.13,152.11,3.994,3.0264053869988362e-05,0.004919952307307124,0.007842019542040338,0.024617609999999995,0.016775590457959656,0.0001584920634920635
2025-09-16,0.8651507139079851,16.36,14641.77,148.21,3.964,1.5153007493320696e-05,-0.0012531612218136309,0.007729356097426126,0.026764959999999997,0.01903560390257387,0.00015730158730158732
2025-09-17,0.8524945770065075,15.72,14627.8,146.37,3.972,3.0341646944568558e-05,-0.0009545750799075798,0.00776873567199512,0.024711840000000002,0.01694310432800488,0.0001576190476190476
2025-09-18,0.8477321814254859,15.7,14698.08,148.19,3.976,1.509923975326469e-05,0.004793045224682546,0.0072567376975578215,0.024649,0.01739226230244218,0.00015777777777777776
2025-09-19,0.836038961038961,15.45,14769.93,146.97,3.971,1.5068978247916194e-05,0.004876484186294259,0.007144289492386037,0.02387025,0.016725960507613963,0.0001575793650793651
2025-09-22,0.849604221635884,16.1,14836.27,145.46,3.942,1.4998012763295222e-05,0.004481501241645366,0.0067397547837069,0.025921000000000003,0.0191812452162931,0.00015642857142857144
2025-09-23,0.8559670781893004,16.64,14754.63,146.53,3.944,1.507738467684024e-05,-0.005517926602062342,0.005246626213519363,0.02768896,0.022442333786480636,0.00015650793650793653
2025-09-24,0.845350052246604,16.18,14712.72,145.87,3.958,1.5127792023101508e-05,-0.0028445060895237882,0.005068217133756461,0.02617924,0.02111102286624354,0.00015706349206349207
2025-09-25,0.8602261048304213,16.74,14639.18,145.89,3.977,1.519883880870119e-05,-0.00501092971009094,0.005461050433945332,0.028022759999999997,0.022561709566054664,0.00015781746031746032
2025-09-26,0.830526887561108,15.29,14725.98,141.51,3.955,1.5111561099805673e-05,0.005911784768007971,0.005727525129228918,0.023378409999999995,0.01765088487077108,0.00015694444444444444
2025-09-29,0.8592750533049041,16.12,14764.92,143.03,3.96,1.5069205325443457e-05,0.002640816158905761,0.005704736623073968,0.025985440000000002,0.020280703376926036,0.00015714285714285713
2025-09-30,0.8673415023974428,16.28,14826.8,143.44,3.939,1.5013098928801737e-05,0.004182257077090801,0.005034407579710586,0.02650384,0.021469432420289414,0.00015630952380952382
2025-10-01,0.8683368869936033,16.29,14877.96,143.68,3.935,1.4958751243432593e-05,0.0034445691925929045,0.004109712553307972,0.026536409999999996,0.022426697446692026,0.00015615079365079366
2025-10-02,0.8803599788247749,16.63,14887.32,145.93,3.948,0.0,0.0006289206960944047,0.0040215476709799525,0.02765569,0.023634142329020048,0.00015666666666666666
2025-10-03,0.8726415094339622,16.65,14889.84,144.65,3.956,2.9886431560044545e-05,0.0001692572432036771,0.0035025782862391367,0.027722249999999993,0.024219671713760858,0.00015698412698412698
2025-10-06,0.8561715481171548,16.37,14945.23,142.5,3.947,1.4889926220402034e-05,0.003713084208513873,0.003263369545851433,0.026797690000000002,0.02353432045414857,0.00015662698412698413
2025-10-07,0.8746829020801622,17.24,14888.37,145.22,3.923,1.494466736905244e-05,-0.0038118141188203396,0.0036534884919093135,0.02972176,0.026068271508090685,0.0001556746031746032
2025-10-08,0.8463136033229491,16.3,14975.13,145.76,3.937,1.4857847543612842e-05,0.005810453837935557,0.0038535614280066515,0.026569000000000002,0.02271543857199335,0.00015623015873015872
2025-10-09,0.847781217750258,16.43,14934.38,145.34,3.956,1.4899021879369463e-05,-0.002724887516652736,0.004069340780382923,0.02699449,0.022925149219617077,0.00015698412698412698
2025-10-10,0.9495835160017537,21.66,14531.41,138.86,3.946,0.0,-0.027353424102704783,0.013178188828915019,0.04691556000000001,0.03373737117108499,0.0001565873015873016
2025-10-13,0.9092212135690397,19.03,14758.07,142.81,3.946,1.5081477683341137e-05,0.015477538335360051,0.01612497667753063,0.03621409000000001,0.02008911332246938,0.0001565873015873016
2025-10-14,0.9446209714026327,20.81,14735.21,146.48,3.939,1.5101063869935902e-05,-0.0015501839454851922,0.015915039939645673,0.043305609999999994,0.027390570060354322,0.00015630952380952382
2025-10-15,0.9407474931631723,20.64,14795.66,144.98,3.957,1.503567213211981e-05,0.004094026653043899,0.016056508495651593,0.04260096,0.026544451504348407,0.00015702380952380954
2025-10-16,1.0176919983916364,25.31,14702.57,147.14,3.939,1.5136035115587703e-05,-0.006311586086927069,0.01659695598357348,0.06405960999999999,0.047462654016426506,0.00015630952380952382
2025-10-17,0.9406971480307832,20.78,14780.36,147.63,3.921,1.5053099809735729e-05,0.0052769640272439106,0.016655255418266193,0.043180840000000005,0.026525584581733812,0.00015559523809523807
2025-10-20,0.8975873953717382,18.23,14938.29,151.31,3.879,1.4897246244018242e-05,0.010628442859612643,0.017720587338942925,0.033233290000000006,0.01551270266105708,0.00015392857142857143
2025-10-21,0.8939469734867435,17.87,14938.83,149.95,3.875,0.0,3.614806246761483e-05,0.01751615282155557,0.03193369,0.01441753717844443,0.00015376984126984128
2025-10-22,0.9158050221565732,18.6,14859.33,152.85,3.88,1.4974206928722163e-05,-0.005335912595050637,0.01748973632999951,0.03459600000000001,0.0171062636700005,0.00015396825396825397
2025-10-23,0.8804071246819339,17.3,14946.13,154.34,3.883,1.488970451380038e-05,0.005824452659698016,0.017696584003596687,0.029929000000000004,0.012232415996403317,0.0001540873015873016
2025-10-24,0.8526041666666667,16.37,15064.91,153.49,3.852,1.4768758168955929e-05,0.007915795002575308,0.017825299209939985,0.026797690000000002,0.008972390790060018,0.00015285714285714284
2025-10-27,0.8314902580305424,15.79,15250.14,148.5,3.818,1.4594811544482658e-05,0.012220484886911676,0.019025727088664627,0.024932409999999995,0.005906682911335368,0.0001515079365079365
2025-10-28,0.8398976982097187,16.42,15285.1,140.37,3.803,1.4556570471983558e-05,0.0022898143440388775,0.019018578563806402,0.026961640000000005,0.007943061436193603,0.00015091269841269842
2025-10-29,0.8532526475037823,16.92,15284.53,139.45,3.879,1.4549793029180927e-05,-3.72919135800158e-05,0.018962842500724223,0.028628640000000007,0.009665797499275784,0.00015392857142857143
2025-10-30,0.8463463463463463,16.91,15133.23,141.15,3.843,1.4706639312304169e-05,-0.00994821760756159,0.020441354199777943,0.028594810000000002,0.00815345580022206,0.0001525
2025-10-31,0.8511469009272817,17.44,15173.95,142.78,3.816,1.4663509124355215e-05,0.0026871536383497176,0.02048279284839566,0.03041536,0.00993256715160434,0.00015142857142857143
2025-11-03,0.8424926398429834,17.17,15201.0,141.99,3.867,1.4633682346643991e-05,0.001781073361484921,0.020483957737725357,0.029480890000000006,0.008996932262274649,0.00015345238095238096
2025-11-04,0.8924377642085487,19.0,15022.75,144.01,3.875,1.4807246666505127e-05,-0.011795496370297571,0.022303917299972574,0.0361,0.013796082700027426,0.00015376984126984128
2025-11-05,0.8742718446601941,18.01,15077.71,143.64,3.884,1.4760038671287895e-05,0.0036517754928935883,0.022209108212678092,0.03243601,0.010226901787321909,0.00015412698412698412
2025-11-06,0.9133489461358313,19.5,14909.28,143.54,3.852,1.4919917343644347e-05,-0.01123365641224892,0.02345793756639169,0.038025,0.014567062433608315,0.00015285714285714284
2025-11-07,0.9004247286455874,19.08,14929.63,141.27,3.851,2.9809813390541064e-05,0.0013639910543011117,0.0233994165635563,0.03640463999999999,0.013005223436443687,0.00015281746031746033
2025-11-10,0.8695652173913044,17.6,15161.47,142.94,3.873,1.4677283234859876e-05,0.015409512286033723,0.015883004298925467,0.030976000000000007,0.01509299570107454,0.00015369047619047618
2025-11-11,0.8558692421991084,17.28,15192.94,143.45,3.84,1.4643754072780784e-05,0.002073505054141264,0.013493711595875668,0.029859840000000002,0.016366128404124332,0.00015238095238095237
2025-11-12,0.86086529006883,17.51,15203.13,138.57,3.875,1.4634753148287961e-05,0.0006704814393266652,0.013388750504846524,0.03066001,0.017271259495153478,0.00015376984126984128
2025-11-13,0.9153318077803203,20.0,14951.87,142.49,3.885,2.9759247686360592e-05,-0.016664952079599452,0.017197027189010658,0.04000000000000001,0.02280297281098935,0.00015416666666666666
2025-11-14,0.9189063948100092,19.83,14947.52,137.93,3.879,1.488194894001965e-05,-0.0002909758380149504,0.016598532630772697,0.03932288999999999,0.022724357369227295,0.00015392857142857143
2025-11-17,0.9654874892148404,22.38,14812.02,140.9,3.864,3.0044465809541363e-05,-0.009106386481414578,0.01745360012504636,0.05008644,0.03263283987495365,0.00015333333333333334
2025-11-18,1.0061124694376529,24.69,14690.81,142.98,3.857,1.5147957676592475e-05,-0.008216885090631872,0.016716274112691713,0.060959610000000004,0.04424333588730829,0.00015305555555555556
2025-11-19,0.9862442684451855,23.66,14746.44,143.05,3.875,4.527379326472751e-05,0.003779569506223566,0.016962885824854355,0.055979560000000005,0.03901667417514565,0.00015376984126984128
2025-11-20,1.0256211180124224,26.42,14518.95,144.96,3.866,3.065040152023204e-05,-0.015547004990318672,0.019428287786577302,0.06980164,0.05037335221342269,0.0001534126984126984
2025-11-21,0.9778797996661102,23.43,14662.68,148.34,3.828,3.0345790280388274e-05,0.009850797386799172,0.020325761046599722,0.054896490000000006,0.034570728953400284,0.0001519047619047619
2025-11-24,0.9391304347826086,20.52,14889.67,148.6,3.82,1.4952041327428632e-05,0.015362193806064914,0.022647630965488864,0.04210704,0.019459409034511134,0.00015158730158730158
2025-11-25,0.8953207911239749,18.56,15025.54,151.68,3.776,1.4814705076245221e-05,0.009083735950134548,0.021755678057400973,0.034447359999999996,0.012691681942599023,0.00014984126984126983
2025-11-26,0.8586413586413587,17.19,15129.57,145.04,3.843,1.4713563698682262e-05,0.006899687164216703,0.022358771636778588,0.029549610000000007,0.00719083836322142,0.0001525
2025-11-28,0.8324847250509165,16.35,15211.14,143.0,3.803,7.316627034930239e-05,0.005376947113382387,0.022771899627937946,0.026732250000000003,0.003960350372062056,0.00015091269841269842
2025-12-01,0.8526211671612265,17.24,15132.0,144.86,3.772,1.4699937525252148e-05,-0.005216347382091332,0.021881660426215595,0.02972176,0.007840099573784405,0.00014968253968253967
2025-12-02,0.8361895161290323,16.59,15169.63,144.94,3.752,1.4673837281805035e-05,0.0024836960483087364,0.021868359931883883,0.027522809999999998,0.005654450068116115,0.0001488888888888889
2025-12-03,0.8158295281582951,16.08,15215.34,149.23,3.711,1.4623838318996499e-05,0.0030087266488815446,0.021941965818204793,0.02585663999999999,0.003914674181795197,0.00014726190476190476
2025-12-04,0.8096459722934839,15.78,15232.81,148.91,3.706,2.9222249820987145e-05,0.0011475246881705178,0.020090314536500797,0.024900839999999997,0.0048105254634992,0.00014706349206349207
2025-12-05,0.7996886351842242,15.41,15264.64,148.83,3.701,1.458480700652802e-05,0.002087388391976687,0.02000178747431267,0.023746810000000004,0.0037450225256873346,0.00014686507936507938
2025-12-08,0.8367654445002511,16.66,15212.84,150.63,3.7,1.462768875202543e-05,-0.0033992344431486056,0.018404654879645644,0.02775556,0.009350905120354355,0.00014682539682539685
2025-12-09,0.8431274900398407,16.93,15199.66,150.32,3.708,1.4640109508005806e-05,-0.0008667489239705136,0.01844164828792657,0.028662490000000002,0.010220841712073433,0.00014714285714285716
2025-12-10,0.8149870801033591,15.77,15302.75,147.55,3.673,1.454640667387815e-05,0.006759491628439996,0.016166613400979673,0.024869290000000002,0.00870267659902033,0.00014575396825396825
2025-12-11,0.7795275590551181,14.85,15334.74,148.32,3.65,1.451073431569685e-05,0.0020882919342022762,0.016167224092004964,0.02205225,0.005885025907995035,0.00014484126984126984
2025-12-12,0.8176623376623376,15.74,15172.13,153.59,3.615,1.4668671385075953e-05,-0.010660650538197404,0.01764282582141812,0.024774760000000003,0.007131934178581885,0.00014345238095238096
2025-12-15,0.8384146341463414,16.5,15150.46,161.86,3.622,1.4690651603838527e-05,-0.0014292976747120136,0.014067328891175238,0.027225000000000003,0.013157671108824764,0.00014373015873015874
2025-12-16,0.8378240976105744,16.48,15114.92,156.99,3.617,1.4730686229004581e-05,-0.0023485590688602266,0.014165798677724375,0.027159040000000002,0.012993241322275627,0.00014353174603174603
2025-12-17,0.8774900398406376,17.62,14940.01,153.49,3.624,1.4896358585130315e-05,-0.01163948641338375,0.014857949137913832,0.03104644000000001,0.016188490862086177,0.0001438095238095238
2025-12-18,0.8611536498213375,16.87,15058.71,155.38,3.608,1.4782512287949895e-05,0.007913712283937436,0.014473670905805832,0.028459690000000006,0.013986019094194174,0.00014317460317460318
2025-12-19,0.816986301369863,14.91,15191.85,155.87,3.607,1.4693025955216986e-05,0.008802538511119291,0.015105758612357384,0.022230810000000004,0.00712505138764262,0.00014313492063492065
2025-12-22,0.7914558740865655,14.08,15290.55,159.93,3.616,1.4602910360021474e-05,0.0064758906734967165,0.011511211085403405,0.01982464,0.008313428914596596,0.0001434920634920635
2025-12-23,0.7847533632286996,14.0,15360.18,160.53,3.591,1.4536468364997501e-05,0.004543455883818582,0.010861509485146295,0.019600000000000003,0.008738490514853708,0.00014250000000000002
2025-12-24,0.7580191333708498,13.47,15409.7,161.3,3.642,1.4486769957323288e-05,0.0032187348636595003,0.008607219272344575,0.018144090000000005,0.00953687072765543,0.00014452380952380953
2025-12-26,0.7653348339898706,13.6,15406.48,151.45,3.629,1.4487609471985896e-05,-0.00020898112690933857,0.007899094305522021,0.018496000000000002,0.01059690569447798,0.00014400793650793653
2025-12-29,0.7968574635241301,14.2,15353.16,150.47,3.625,1.4538370394049306e-05,-0.003466884099142964,0.007697680895970252,0.020163999999999998,0.012466319104029747,0.00014384920634920634
2025-12-30,0.8064153066966798,14.33,15332.07,148.33,3.555,2.9114624275912736e-05,-0.001374602916181853,0.007448709278045153,0.020534890000000004,0.01308618072195485,0.00014107142857142855
2025-12-31,0.8223322332233223,14.95,15220.45,148.7,3.633,1.4666089800454509e-05,-0.007306794765771359,0.007795806562501135,0.02235025,0.014554443437498864,0.00014416666666666668
2026-01-02,0.8052164261931187,14.51,15252.82,141.86,3.618,1.4637752226754746e-05,0.002124485634459338,0.007777384542081199,0.02105401,0.013276625457918802,0.00014357142857142856
2026-01-05,0.8133187772925764,14.9,15349.78,142.45,3.597,1.4540484343520258e-05,0.006336737691966041,0.00814078085949243,0.022201,0.014060219140507568,0.00014273809523809524
2026-01-06,0.81267217630854,14.75,15446.03,146.23,3.586,1.4454940337220612e-05,0.00625087071266526,0.008547014142459208,0.021756249999999998,0.01320923585754079,0.00014230158730158728
2026-01-07,0.827326519634212,15.38,15392.99,143.57,3.594,1.4501475525121493e-05,-0.0034398014138234114,0.008715065695890901,0.023654440000000006,0.014939374304109104,0.00014261904761904762
2026-01-08,0.8401305057096248,15.45,15394.18,147.08,3.592,1.4504209846894873e-05,7.730492933216242e-05,0.008527367204390306,0.02387025,0.015342882795609693,0.00014253968253968255
2026-01-09,0.8104026845637584,14.49,15494.51,146.04,3.598,4.322673141066507e-05,0.0064962517243480145,0.008912410062639214,0.02099601,0.012083599937360785,0.00014277777777777778
2026-01-12,0.8294020844761382,15.12,15520.26,149.75,3.617,1.4385280980487668e-05,0.0016604995566059622,0.008473407067707337,0.02286144,0.014388032932292663,0.00014353174603174603
2026-01-13,0.8477453580901856,15.98,15490.45,151.6,3.64,1.4414310527478585e-05,-0.0019225621846187513,0.008523309121338047,0.02553604,0.017012730878661952,0.00014444444444444446
2026-01-14,0.8647392875580795,16.75,15408.15,152.52,3.645,1.448362264384713e-05,-0.005327114796575532,0.007367161782056613,0.028056250000000005,0.020689088217943394,0.00014464285714285715
2026-01-15,0.8380952380952381,15.84,15448.3,151.57,3.648,1.4447004774886182e-05,0.0026023747164152207,0.007342318978360076,0.025090559999999994,0.017748241021639917,0.00014476190476190475
2026-01-16,0.8351764086361243,15.86,15439.47,153.59,3.635,1.4459329520876965e-05,-0.0005717473446959865,0.007233536110655891,0.025153959999999996,0.017920423889344103,0.00014424603174603175
2026-01-20,0.944078947368421,20.09,15121.52,154.96,3.653,2.951506744190226e-05,-0.020808322783389732,0.0111654536208048,0.04036081,0.029195356379195195,0.00014496031746031747
2026-01-21,0.8729338842975206,16.9,15297.02,144.41,3.673,1.4591830034516378e-05,0.011539143386973347,0.01199364517285707,0.028560999999999996,0.016567354827142926,0.00014575396825396825
2026-01-22,0.8341333333333334,15.64,15381.22,141.31,3.67,1.4515368146011403e-05,0.005489246542492894,0.011452840729634681,0.024460960000000004,0.013008119270365322,0.00014563492063492063
2026-01-23,0.8402088772845954,16.09,15387.63,144.02,3.669,1.4509892119103859e-05,0.0004166551621352423,0.01099466680739216,0.025888809999999995,0.014894143192607835,0.0001455952380952381
2026-01-26,0.846879916098584,16.15,15464.66,148.1,3.658,2.8871694190988867e-05,0.004993480876842572,0.011045204906147974,0.02608224999999999,0.015037045093852017,0.00014515873015873016
2026-01-27,0.8506763787721126,16.35,15527.82,147.25,3.649,2.8754636685139333e-05,0.004075833068967355,0.011116569069284266,0.026732250000000003,0.015615680930715737,0.0001448015873015873
2026-01-28,0.8471502590673575,16.35,15526.69,144.98,3.671,1.4379695869419285e-05,-7.277525876261132e-05,0.011114826295987194,0.026732250000000003,0.015617423704012808,0.00014567460317460316
2026-01-29,0.8581596339603456,16.88,15506.84,143.74,3.665,1.4409948628520033e-05,-0.0012792616700105365,0.010960728543881821,0.02849343999999999,0.01753271145611817,0.00014543650793650794
2026-01-30,0.8689586447433981,17.44,15441.15,143.65,3.66,0.0,-0.004245193219564211,0.011193358191405482,0.03041536,0.019222001808594517,0.00014523809523809525
2026-02-02,0.8435725348477026,16.34,15525.11,146.56,3.666,2.8757530878372623e-05,0.0054226894523786056,0.010685647930431294,0.026699559999999997,0.016013912069568703,0.00014547619047619047
2026-02-03,0.8845208845208845,18.0,15394.75,143.85,3.672,1.4504209846894873e-05,-0.008432170934697182,0.011708856033868443,0.0324,0.020691143966131555,0.00014571428571428572
2026-02-04,0.903976721629486,18.64,15316.75,143.16,3.681,8.745208354597666e-05,-0.005079541390765184,0.011576702614392469,0.034744960000000005,0.023168257385607537,0.0001460714285714286
2026-02-05,0.9697104677060133,21.77,15129.23,137.16,3.665,2.9522909778128683e-05,-0.012318366577004951,0.012741438274549762,0.047393290000000005,0.03465185172545024,0.00014543650793650794
2026-02-06,0.8718703976435935,17.76,15427.83,140.31,3.674,1.4479218701345706e-05,0.019544387120455586,0.01765994706802773,0.03154176,0.01388181293197227,0.0001457936507936508
2026-02-09,0.8641114982578397,17.36,15501.65,145.23,3.68,4.323233778879044e-05,0.004773448513887748,0.017921000217860274,0.03013696,0.012215959782139726,0.00014603174603174603
2026-02-10,0.8707782672540382,17.79,15451.32,145.71,3.676,2.8898393249309052e-05,-0.0032520332850984033,0.017546882694169534,0.03164841,0.014101527305830468,0.00014587301587301588
2026-02-11,0.8664702994599901,17.65,15451.0,143.78,3.693,2.8905493489011305e-05,-2.0710419153768697e-05,0.017504819381469725,0.031152249999999996,0.01364743061853027,0.00014654761904761904
2026-02-12,0.9391069012178619,20.82,15210.3,142.5,3.686,4.4036374044921084e-05,-0.015700896225714838,0.02037652079242045,0.043347239999999995,0.022970719207579544,0.00014626984126984126
2026-02-13,0.9291835814163284,20.6,15220.13,139.35,3.677,1.4671469127547744e-05,0.0006460638474001522,0.020133626864290162,0.04243600000000001,0.022302373135709846,0.0001459126984126984
2026-02-17,0.9393518518518518,20.29,15237.84,140.28,3.677,0.0,0.0011629141401000814,0.02004288391495152,0.041168409999999996,0.021125526085048474,0.0001459126984126984
2026-02-18,0.9172510518934082,19.62,15323.23,139.17,3.691,2.9145172102214756e-05,0.0055881696688348,0.020510862416691863,0.038494440000000005,0.017983577583308142,0.00014646825396825397
2026-02-19,0.9245886654478976,20.23,15282.09,141.19,3.681,2.92167002658454e-05,-0.0026884231093602913,0.01511362832869502,0.04092529,0.025811661671304983,0.0001460714285714286
2026-02-20,0.9051683262209578,19.09,15388.64,145.52,3.679,2.9012417314584266e-05,0.00694802038564546,0.01408972642667353,0.03644280999999999,0.022353083573326462,0.00014599206349206348
2026-02-23,0.9489611562782295,21.01,15229.28,141.43,3.671,1.4653839672326818e-05,-0.010409684200524036,0.01503768427444296,0.04414201,0.029104325725557042,0.00014567460317460316
2026-02-24,0.9161199625117151,19.55,15346.74,141.94,3.668,4.3644298963408206e-05,0.0076831829530119135,0.01583417504494595,0.038220250000000004,0.022386074955054056,0.00014555555555555556
2026-02-25,0.880648330058939,17.93,15472.06,146.05,3.674,1.4428452909123694e-05,0.008132743048857716,0.016357489746635756,0.032148489999999995,0.01579100025336424,0.0001457936507936508
2026-02-26,0.8952426717924075,18.63,15389.13,146.57,3.674,1.4506945200001313e-05,-0.005374400638061799,0.016463955004492516,0.03470769,0.018243734995507483,0.0001457936507936508
2026-02-27,0.9211502782931354,19.86,15323.8,146.67,3.661,1.4571842828090004e-05,-0.0042542407078431654,0.016636420870591136,0.03944196,0.022805539129408862,0.00014527777777777778
2026-03-02,0.9554367201426025,21.44,15331.18,151.78,3.671,2.913922722766742e-05,0.0004814878458624628,0.016644653367645645,0.045967360000000006,0.02932270663235436,0.00014567460317460316
2026-03-03,1.0012744265080715,23.57,15186.99,152.83,3.676,1.4699937525252148e-05,-0.00944952288646478,0.017455278510948455,0.05555449,0.03809921148905154,0.00014587301587301588
2026-03-04,0.9488559892328398,21.15,15305.01,152.87,3.682,1.4595663628322747e-05,0.007741085488385862,0.017882764743140947,0.044732249999999994,0.026849485256859047,0.0001461111111111111
2026-03-05,0.9953897736797989,23.75,15219.14,153.95,3.671,1.467491396847035e-05,-0.005626379540527184,0.017429104677070293,0.05640625,0.0389771453229297,0.00014567460317460316
2026-03-06,1.0700290275761974,29.49,15019.2,151.8,3.665,1.487044128033147e-05,-0.01322446363729278,0.019155634953782603,0.08696601,0.0678103750462174,0.00014543650793650794
2026-03-09,1.0063141278610892,25.5,15145.38,157.98,3.674,5.897182620997453e-05,0.008366152352880827,0.01835581696498259,0.065025,0.04666918303501741,0.0001457936507936508
2026-03-10,0.9772638181105449,24.93,15114.7,154.46,3.676,2.9539479514512007e-05,-0.002027754752298866,0.013343042872216314,0.062150489999999996,0.04880744712778368,0.00014587301587301588
2026-03-11,0.9703644373247898,24.23,15102.57,152.44,3.686,2.957092586566196e-05,-0.0008028521869484711,0.01290819411333177,0.058709290000000004,0.04580109588666823,0.00014626984126984126
2026-03-12,1.0126159554730982,27.29,14873.22,139.94,3.692,3.0028226532913655e-05,-0.015302647608368336,0.015261206229787275,0.07447440999999999,0.05921320377021272,0.0001465079365079365
2026-03-13,0.9967008797653959,27.19,14785.07,137.76,3.69,3.019779556089659e-05,-0.00594439258438481,0.015414318611232351,0.07392961000000002,0.05851529138876767,0.00014642857142857144
2026-03-16,0.9434189406099518,23.51,14936.37,141.49,3.69,2.9897600717515223e-05,0.0101812904731992,0.014580670499118334,0.05527201,0.04069133950088167,0.00014642857142857144
2026-03-17,0.9194410193177148,22.37,14974.18,145.04,3.688,1.4909240001477363e-05,0.002528206277690002,0.014694869303041555,0.05004169000000001,0.03534682069695845,0.00014634920634920635
2026-03-18,0.9446536144578314,25.09,14770.48,136.54,3.702,4.534838899843959e-05,-0.013696790249750089,0.01661862454355344,0.06295081000000001,0.04633218545644657,0.00014690476190476188
2026-03-19,0.942051683633516,24.06,14730.74,138.26,3.696,4.547280347408083e-05,-0.002694127499618241,0.015965848948295683,0.05788835999999999,0.04192251105170431,0.00014666666666666666
2026-03-20,0.9763033175355451,26.78,14508.12,139.12,3.705,3.083944982418709e-05,-0.015227974137948635,0.018108891596455193,0.07171684000000002,0.053607948403544825,0.0001470238095238095
2026-03-23,1.0019157088122603,26.15,14675.17,142.02,3.696,3.0517112470790256e-05,0.011448457289106439,0.019420602575925438,0.06838225,0.048961647424074564,0.00014666666666666666
2026-03-24,1.014683734939759,26.95,14620.38,142.63,3.694,1.530936397245984e-05,-0.0037405041982319282,0.018584776041488848,0.07263025000000001,0.054045473958511156,0.0001465873015873016
2026-03-25,0.9882949668357394,25.33,14700.18,140.88,3.705,1.5227305604395978e-05,0.005443292831764322,0.018101628017758144,0.06416088999999998,0.04605926198224184,0.0001470238095238095
2026-03-26,1.0103092783505154,27.44,14444.36,143.99,3.711,1.5501592788644936e-05,-0.01755571165925354,0.019428804809794937,0.07529536000000002,0.055866555190205086,0.00014726190476190476
2026-03-27,1.0608131192347114,31.05,14203.24,139.0,3.687,1.5771005007279746e-05,-0.016833919353719206,0.02161151048960139,0.09641025,0.07479873951039862,0.00014630952380952382
2026-03-30,1.0508067284586338,30.61,14147.31,142.23,3.688,3.1645068907108765e-05,-0.003945607584966906,0.02160926558540162,0.09369720999999999,0.07208794441459837,0.00014634920634920635
2026-03-31,0.9882583170254403,25.25,14560.75,145.45,3.677,0.00010765007573941967,0.028805052421163362,0.03429469563667674,0.06375625,0.02946155436332326,0.0001459126984126984
2026-04-01,0.9871279163314561,24.54,14665.68,143.77,3.693,3.052596233110824e-05,0.00718051782906181,0.03468223287155,0.06022115999999999,0.02553892712844999,0.00014654761904761904
2026-04-02,0.9656148867313916,23.87,14683.2,146.95,3.695,6.098397646012963e-05,0.0011939128226442577,0.03364500250000096,0.05697769000000001,0.023332687499999054,0.0001466269841269841
2026-04-06,0.9757771497779573,24.17,14749.31,147.6,3.71,1.5177155345759738e-05,0.00449231894799779,0.03394260464090638,0.058418890000000015,0.024476285359093637,0.00014722222222222223
2026-04-07,1.0082127493156043,25.78,14760.64,148.45,3.691,3.0337044565090876e-05,0.0007678766352850157,0.03215551207353191,0.06646084000000002,0.034305327926468114,0.00014646825396825397
2026-04-08,0.927689594356261,21.04,15130.86,150.36,3.685,5.918210333189859e-05,0.024772188232811746,0.039186117194726755,0.04426816,0.005082042805273246,0.00014623015873015872
2026-04-09,0.8936267767079321,19.49,15225.18,143.27,3.675,1.4708802482832481e-05,0.006214269287466069,0.039589612655327254,0.037986009999999994,-0.0016036026553272603,0.00014583333333333332
