Date,VIX_VIX3M_Ratio,VIX_Close,SPX_Close,Skew,RF_Rate,Bid_Ask_Spread,SPX_Ret,realized_var,implied_var,vrp,Daily_RF,regime
2008-02-05,1.0463134494257131,28.24,2102.23,112.01,2.167,0.0001489979885272,-0.0324240920245579,0.0657288415955155,0.0797497599999999,0.0140209184044844,8.599206349206348e-05,1.0
2008-02-06,1.0492575153929735,28.97,2087.05,111.93,2.09,7.518514341559268e-05,-0.0072471004269608,0.0655219420364648,0.08392609,0.0184041479635351,8.293650793650792e-05,1.0
2008-02-07,1.0344053851907256,27.66,2104.02,112.71,2.193,0.0002984629159826,0.0080982148914153,0.063782655654922,0.07650756,0.0127249043450779,8.702380952380953e-05,1.0
2008-02-08,1.0351071692535108,28.01,2095.21,111.71,2.223,7.515124187420362e-05,-0.0041960135196801,0.0606778364743069,0.07845601,0.017778173525693,8.821428571428572e-05,1.0
2008-02-11,1.0348706411698538,27.6,2107.65,114.57,2.254,-7.474679523108649e-05,0.0059197957242954,0.0601887177389625,0.076176,0.0159872822610374,8.944444444444444e-05,1.0
2008-02-12,1.008425890463424,26.33,2123.06,113.97,2.29,7.410426470036611e-05,0.0072848614769842,0.059695557901619,0.0693268899999999,0.0096313320983809,9.087301587301588e-05,1.0
2008-02-13,0.9837880585211546,24.88,2152.76,116.25,2.265,0.0001465953236092,0.0138922955892712,0.0607819238856346,0.0619014399999999,0.0011195161143653,8.988095238095238e-05,1.0
2008-02-14,1.0027483313702394,25.54,2123.94,114.19,2.285,7.401650568090986e-05,-0.0134778854114542,0.0554358904781546,0.06522916,0.0097932695218453,9.067460317460318e-05,1.0
2008-02-15,0.9834905660377358,25.02,2125.85,112.03,2.192,0.0002219509488403,0.0008988680045841,0.0552049466967821,0.06260004,0.0073950933032178,8.6984126984127e-05,1.0
2008-02-19,1.0047114252061249,25.59,2124.12,113.57,2.223,7.373271889394216e-05,-0.0008141234387787,0.0442938766381145,0.06548481,0.0211909333618854,8.821428571428572e-05,1.0
2008-02-20,0.989055533036076,24.4,2141.95,112.24,2.229,0.0002206612482071,0.0083590301237826,0.0443588624845203,0.059536,0.0151771375154796,8.845238095238095e-05,1.0
2008-02-21,1.0011956954962136,25.12,2115.13,112.44,2.193,0.000222642769676,-0.0126003527523695,0.0448413770600025,0.06310144,0.0182600629399974,8.702380952380953e-05,1.0
2008-02-22,0.9860655737704918,24.06,2132.02,113.58,2.192,0.0,0.0079536107922959,0.0402694998900687,0.0578883599999999,0.0176188601099312,8.6984126984127e-05,1.0
2008-02-25,0.9623903050564148,23.03,2161.51,113.42,2.182,0.0002913752913754,0.0137371644090503,0.0413104006488068,0.05303809,0.0117276893511931,8.658730158730159e-05,1.0
2008-02-26,0.9476417135439203,21.9,2176.48,112.39,2.105,7.22517250098689e-05,0.006901841371295,0.0379119984371133,0.0479609999999999,0.0100490015628866,8.353174603174603e-05,1.0
2008-02-27,0.9577880962431404,22.69,2175.0,111.61,1.967,0.000144749221973,-0.0006802283623354,0.0347587834388716,0.05148361,0.0167248265611283,7.805555555555555e-05,1.0
2008-02-28,0.9687114038699054,23.53,2155.8,111.33,1.905,-0.0002923121894184,-0.0088667801752563,0.0355203652797843,0.05536609,0.0198457247202156,7.55952380952381e-05,1.0
2008-02-29,1.0056839712012124,26.54,2097.48,110.19,1.843,7.47523827321316e-05,-0.0274252602125326,0.0445854453348581,0.0704371599999999,0.0258517146651418,7.313492063492063e-05,1.0
2008-03-03,1.0076687116564418,26.28,2098.64,110.4,1.648,7.492039707803638e-05,0.0005528917331008,0.0405597611506592,0.06906384,0.0285040788493407,6.539682539682539e-05,1.0
2008-03-04,0.9906832298136644,25.52,2091.42,110.07,1.654,0.0002256742016775,-0.0034462547771611,0.0380908669587205,0.06512704,0.0270361730412794,6.563492063492064e-05,1.0
2008-03-05,0.9875551987153754,24.6,2103.42,110.24,1.495,0.000224156610752,0.0057213303647354,0.0378922704806879,0.060516,0.022623729519312,5.9325396825396834e-05,1.0
2008-03-06,1.0203703703703704,27.55,2057.44,110.46,1.362,0.0002288416796979,-0.0221020999335417,0.0311314338896224,0.07590025,0.0447688161103776,5.4047619047619046e-05,1.0
2008-03-07,1.0140169679085207,27.49,2040.17,110.28,1.444,0.0,-0.0084293538225626,0.0313335643888053,0.0755700099999999,0.0442364456111946,5.73015873015873e-05,1.0
2008-03-10,1.0370631839039888,29.38,2008.71,109.89,1.331,0.000312744331509,-0.0155404127272527,0.0325704881683583,0.08631844,0.0537479518316416,5.281746031746032e-05,1.0
2008-03-11,1.0103487926408583,26.36,2083.36,112.71,1.48,0.0001507159005275,0.0364892500081048,0.0503951949115799,0.06948496,0.01908976508842,5.873015873015873e-05,1.0
2008-03-12,0.9945195469492144,27.22,2065.21,111.47,1.413,0.0001523229246002,-0.0087500588406082,0.0506893728514768,0.07409284,0.0234034671485231,5.6071428571428575e-05,1.0
2008-03-13,1.004047093451067,27.29,2075.88,112.58,1.362,0.0,0.0051532440070762,0.0503005464283595,0.0744744099999999,0.0241738635716404,5.4047619047619046e-05,1.0
2008-03-14,1.061307901907357,31.16,2032.79,110.59,1.167,0.0001544043850843,-0.0209759264761331,0.0517428660781666,0.09709456,0.0453516939218333,4.630952380952381e-05,1.0
2008-03-17,1.0899256254225829,32.24,2014.88,113.51,1.004,0.0001559697418701,-0.0088495934132168,0.0507464253528106,0.10394176,0.0531953346471893,3.984126984126984e-05,1.0
2008-03-18,0.9915417147251055,25.79,2100.38,112.4,0.886,0.00029924440787,0.041558640465023,0.0740780030284154,0.06651241,-0.0075655930284153,3.515873015873016e-05,1.0
2008-03-19,1.036831132731063,29.84,2049.4,113.11,0.565,0.0002303174542244,-0.0245712133569419,0.0809945675824778,0.0890425599999999,0.0080479924175221,2.242063492063492e-05,1.0
2008-03-20,0.9754488823744962,26.62,2098.46,113.71,0.575,0.0003026405387,0.0236566749921454,0.0876825745500014,0.07086244,-0.0168201345500014,2.2817460317460315e-05,1.0
2008-03-24,0.9911402157164868,25.73,2130.62,114.56,1.075,7.419223207323445e-05,0.0152092748024047,0.0888172659031266,0.06620329,-0.0226139759031266,4.265873015873015e-05,1.0
2008-03-25,0.9824293353705118,25.72,2135.54,114.87,1.285,0.0001483789598635,0.0023065249222829,0.0881175362129289,0.0661518399999999,-0.0219656962129289,5.099206349206349e-05,1.0
2008-03-26,0.9800826756858324,26.08,2116.93,112.08,1.27,0.0001501952538298,-0.0087526161532179,0.0864461049336332,0.0680166399999999,-0.0184294649336332,5.0396825396825395e-05,1.0
2008-03-27,0.9847792998477928,25.88,2093.11,111.78,1.27,0.0003013182674201,-0.0113159277247458,0.0868046065071922,0.0669774399999999,-0.0198271665071922,5.0396825396825395e-05,1.0
2008-03-28,0.9798018292682928,25.71,2076.56,110.78,1.372,0.0001520218911521,-0.0079383197762631,0.0872209986976659,0.06610041,-0.0211205886976659,5.444444444444445e-05,1.0
2008-03-31,0.9988299531981278,25.61,2088.42,110.36,1.321,0.0003032140691327,0.0056951207717597,0.0873211719693788,0.0655872099999999,-0.0217339619693788,5.242063492063492e-05,1.0
2008-04-01,0.960609911054638,22.68,2163.38,111.31,1.398,0.0003657778265482,0.0352640142460681,0.0935436866789611,0.05143824,-0.0421054466789611,5.547619047619047e-05,1.0
2008-04-02,0.9641975308641976,23.43,2159.63,112.08,1.372,0.0001462522851918,-0.0017349027370234,0.0936595472006881,0.05489649,-0.0387630572006881,5.444444444444445e-05,1.0
2008-04-03,0.9622719734660032,23.21,2162.46,111.88,1.393,7.299003685990223e-05,0.0013095518161059,0.0933544488197808,0.05387041,-0.0394840388197808,5.527777777777778e-05,1.0
2008-04-04,0.9545068027210885,22.45,2164.21,111.48,1.372,0.0001461240593262,0.000808936246781,0.0931326790130264,0.05040025,-0.0427324290130264,5.444444444444445e-05,1.0
2008-04-07,0.9663793103448276,22.42,2167.61,111.57,1.392,0.000219162070351,0.001569779306708,0.0858630606112244,0.05026564,-0.0355974206112244,5.523809523809523e-05,1.0
2008-04-08,0.9692241005635024,22.36,2157.28,112.13,1.377,7.308071765258087e-05,-0.0047770091928588,0.0850186867268393,0.04999696,-0.0350217267268393,5.464285714285714e-05,1.0
2008-04-09,0.9685774946921444,22.81,2139.99,110.96,1.3,0.0001473187978786,-0.0080470127779817,0.0822560527140655,0.05202961,-0.0302264427140655,5.158730158730159e-05,1.0
2008-04-10,0.95316565481353,21.98,2149.67,110.82,1.239,7.34942858192107e-05,0.0045131858612869,0.0675519807069525,0.04831204,-0.0192399407069525,4.916666666666667e-05,1.0
2008-04-11,0.9698222405952872,23.46,2106.01,109.9,1.188,0.0002249803142225,-0.0205191799483405,0.0722517412080633,0.05503716,-0.0172145812080633,4.714285714285714e-05,1.0
2008-04-14,0.9758295780417862,23.82,2098.92,109.62,1.075,0.0002257081593499,-0.0033722353137571,0.0722169563822282,0.0567392399999999,-0.0154777163822282,4.265873015873015e-05,1.0
2008-04-15,0.9611814345991562,22.78,2108.59,109.9,1.142,0.0002249634434404,0.0045965509414675,0.0662082185198653,0.05189284,-0.0143153785198653,4.531746031746032e-05,1.0
2008-04-16,0.9408799266727772,20.53,2156.67,112.47,1.127,0.0002191940963723,0.0225458877722566,0.0696555593787837,0.04214809,-0.0275074693787837,4.472222222222222e-05,1.0
2008-04-17,0.9365517241379312,20.37,2158.08,113.52,1.28,0.0006568623873298,0.0006535720726302,0.0502334218586485,0.04149369,-0.0087397318586485,5.0793650793650794e-05,1.0
2008-04-18,0.941974730931212,20.13,2197.24,115.35,1.351,0.0002166143182064,0.0179830897975966,0.0442305532615095,0.0405216899999999,-0.0037088632615095,5.361111111111111e-05,1.0
2008-04-21,0.9552656104380242,20.5,2193.87,115.31,1.3,7.215267506036225e-05,-0.0015349197180837,0.0389336899254752,0.0420249999999999,0.0030913100745247,5.158730158730159e-05,1.0
2008-04-22,0.9573394495412844,20.87,2174.59,114.42,1.275,0.0001450536698577,-0.0088269665666229,0.0379365995643422,0.04355569,0.0056190904356577,5.059523809523809e-05,1.0
2008-04-23,0.9388322520852644,20.26,2180.91,113.33,1.219,7.264010460168457e-05,0.0029020798694162,0.0379608735137576,0.04104676,0.0030858864862423,4.837301587301588e-05,0.0
2008-04-24,0.9471199244570347,20.06,2194.96,114.27,1.249,-7.22778360017298e-05,0.0064216022329695,0.0369942375486767,0.04024036,0.0032461224513232,4.956349206349207e-05,0.0
2008-04-25,0.9518950437317784,19.59,2209.25,114.49,1.362,0.000143297270187,0.0064892682895113,0.0349477919478851,0.03837681,0.0034290180521148,5.4047619047619046e-05,0.0
2008-04-28,0.9622733953944144,19.64,2207.02,114.61,1.372,7.164093563055418e-05,-0.0010099021072225,0.0336888488626587,0.03857296,0.0048841111373412,5.444444444444445e-05,0.0
2008-04-29,0.9721421709894332,20.24,2198.5,114.58,1.469,7.193985827841377e-05,-0.0038678796700264,0.0341130212449111,0.04096576,0.0068527387550888,5.82936507936508e-05,0.0
2008-04-30,0.9783529411764704,20.79,2190.13,112.48,1.382,7.226216714232688e-05,-0.003814406841503,0.0201201682759802,0.04322241,0.0231022417240197,5.484126984126984e-05,0.0
2008-05-01,0.954499494438827,18.88,2228.09,116.0,1.403,0.0002835270768357,0.017183813425028,0.0233090718412861,0.03564544,0.0123363681587138,5.5674603174603176e-05,0.0
2008-05-02,0.9308755760368664,18.18,2235.3,117.49,1.505,7.064891024069607e-05,0.0032307310234017,0.0233448163211605,0.0330512399999999,0.0097064236788394,5.972222222222222e-05,0.0
2008-05-05,0.944055944055944,18.9,2225.37,115.32,1.597,0.0001420252805,-0.004452253317624,0.0237788847841843,0.0357209999999999,0.0119421152158156,6.337301587301586e-05,0.0
2008-05-06,0.9220253164556964,18.21,2242.47,117.63,1.633,0.0001407558589625,0.0076547430068767,0.0242604284192733,0.03316041,0.0088999815807266,6.48015873015873e-05,0.0
2008-05-07,0.9413167938931296,19.73,2202.77,116.24,1.669,0.0001433075379763,-0.0178622776517829,0.0284234694666914,0.03892729,0.0105038205333085,6.623015873015873e-05,0.0
2008-05-08,0.92911877394636,19.4,2210.95,114.99,1.659,0.000143667839954,0.003706628134761,0.0274034647717162,0.0376359999999999,0.0102325352282837,6.583333333333334e-05,0.0
2008-05-09,0.9300431241015812,19.41,2196.54,117.77,1.689,7.195538765958558e-05,-0.0065388923601098,0.0280449054257139,0.0376748099999999,0.009629904574286,6.702380952380953e-05,0.0
2008-05-12,0.8789525691699605,17.79,2220.81,117.42,1.792,0.0002135003380422,0.0109885991442789,0.0228501281124886,0.03164841,0.0087982818875113,7.111111111111112e-05,0.0
2008-05-13,0.8923076923076924,17.98,2220.46,117.93,1.828,0.0,-0.0001576125751077,0.022496207613973,0.03232804,0.0098318323860269,7.253968253968255e-05,0.0
2008-05-14,0.883,17.66,2229.74,118.92,1.823,0.000142015195626,0.004170605119462,0.0224778186860659,0.03118756,0.008709741313934,7.234126984126984e-05,0.0
2008-05-15,0.8454356846473029,16.3,2253.76,121.05,1.833,0.0001402721279282,0.0107149458284996,0.0182287777964252,0.026569,0.0083402222035747,7.273809523809524e-05,0.0
2008-05-16,0.8415942769545222,16.47,2256.64,119.49,1.843,7.007954027815204e-05,0.0012770487723504,0.0182107657142198,0.0271260899999999,0.0089153242857801,7.313492063492063e-05,0.0
2008-05-19,0.857358870967742,17.01,2258.74,117.96,1.853,6.988852779809836e-05,0.0009301543397931,0.0148863132588183,0.02893401,0.0140476967411817,7.353174603174603e-05,0.0
2008-05-20,0.8447861604997597,17.58,2237.79,117.44,1.864,0.0001409840688002,-0.0093183639801439,0.0161721961449034,0.0309056399999999,0.0147334438550965,7.396825396825397e-05,0.0
2008-05-21,0.8407960199004976,18.59,2202.02,114.51,1.864,7.16974368165686e-05,-0.0161136507955324,0.0186035132136601,0.03455881,0.0159552967863398,7.396825396825397e-05,0.0
2008-05-22,0.8387546468401488,18.05,2208.2,114.41,1.864,7.164093563055418e-05,0.0028025831115238,0.0185978521987875,0.03258025,0.0139823978012124,7.396825396825397e-05,0.0
2008-05-23,0.8685028876055086,19.55,2179.05,113.11,1.853,0.0001453488372093,-0.0132887020180342,0.0203643262184527,0.03822025,0.0178559237815472,7.353174603174603e-05,0.0
2008-05-27,0.8862815884476535,19.64,2193.98,113.38,1.894,0.0001441649246739,0.0068282440363418,0.0204240968136767,0.03857296,0.0181488631863232,7.515873015873015e-05,0.0
2008-05-28,0.8804247460757156,19.07,2203.1,113.93,1.885,0.0003587958810231,0.0041482133951753,0.0206550301187472,0.03636649,0.0157114598812527,7.480158730158729e-05,0.0
2008-05-29,0.8721153846153846,18.14,2215.12,114.83,1.905,-0.0001428673476677,0.005441118665481,0.0208074248278429,0.03290596,0.012098535172157,7.55952380952381e-05,0.0
2008-05-30,0.8684851436921577,17.83,2218.5,113.53,1.884,0.0002138503760202,0.0015247137349638,0.0205880343427284,0.0317908899999999,0.0112028556572715,7.476190476190476e-05,0.0
2008-06-02,0.9129834254143646,19.83,2195.27,114.39,1.833,0.0001440299582313,-0.0105262460406997,0.0182308249898612,0.0393228899999999,0.0210920650101387,7.273809523809524e-05,0.0
2008-06-03,0.9154228855721392,20.24,2182.65,114.6,1.849,0.0,-0.005765310903867,0.0183093647254343,0.04096576,0.0226563952745656,7.337301587301588e-05,0.0
2008-06-04,0.9207613988490484,20.8,2183.01,114.37,1.849,0.0002172574863308,0.0001649235170929,0.0181792166370247,0.043264,0.0250847833629753,7.337301587301588e-05,0.0
2008-06-05,0.8837760910815939,18.63,2225.74,114.76,1.849,0.0001420454545455,0.0193847861846243,0.0223635844370108,0.03470769,0.0123441055629891,7.337301587301588e-05,0.0
2008-06-06,0.9735537190082644,23.56,2157.24,113.55,1.838,0.0002935564362248,-0.0312598177297899,0.0304277471814498,0.0555073599999999,0.0250796128185501,7.293650793650794e-05,0.0
2008-06-09,0.9693920335429768,23.12,2159.03,114.98,1.889,0.0002926543751828,0.0008294198938517,0.0301862234774876,0.05345344,0.0232672165225123,7.496031746031746e-05,0.0
2008-06-10,0.9723154362416108,23.18,2153.77,114.3,2.013,7.352130279762767e-05,-0.0024392518123081,0.0298292738748074,0.05373124,0.0239019661251925,7.988095238095238e-05,1.0
2008-06-11,0.9917763157894736,24.12,2117.84,113.2,1.941,0.0,-0.0168230935850916,0.0307534924176011,0.05817744,0.0274239475823988,7.702380952380953e-05,1.0
2008-06-12,0.9843881856540084,23.33,2124.94,113.97,1.992,7.436879485361175e-05,0.0033468653229991,0.0310866009244182,0.0544288899999999,0.0233422890755817,7.904761904761905e-05,1.0
2008-06-13,0.938938053097345,21.22,2156.96,113.77,1.971,0.0001469507714916,0.0149562562769777,0.0341852326571694,0.04502884,0.0108436073428305,7.821428571428572e-05,1.0
2008-06-16,0.9340169415960766,20.95,2157.14,114.71,1.951,0.0,8.344730076002134e-05,0.0322475267084229,0.04389025,0.011642723291577,7.742063492063492e-05,0.0
2008-06-17,0.9399466192170818,21.13,2142.55,115.71,1.982,7.377079414253185e-05,-0.0067865618210172,0.0323443037701376,0.04464769,0.0123033862298623,7.865079365079366e-05,0.0
2008-06-18,0.9443736730360932,22.24,2121.78,112.74,1.92,7.453508739232218e-05,-0.0097413494008413,0.0327963681764897,0.0494617599999999,0.0166653918235102,7.619047619047618e-05,0.0
2008-06-19,0.944833625218914,21.58,2130.3,113.44,1.91,0.0001487652484378,0.0040074558345023,0.0327983563548674,0.0465696399999999,0.0137712836451325,7.579365079365079e-05,0.0
2008-06-20,0.9703012303775986,22.87,2090.82,113.13,1.859,0.0003040206734057,-0.0187064813466698,0.033778723265368,0.05230369,0.0185249667346319,7.376984126984127e-05,0.0
2008-06-23,0.9716738197424892,22.64,2090.94,113.59,1.889,7.607744684081483e-05,5.739210286225737e-05,0.0335045738122475,0.05125696,0.0177523861877524,7.496031746031746e-05,0.0
2008-06-24,0.965962947005601,22.42,2085.08,112.2,1.839,0.0002287369905836,-0.0028065018109749,0.0319992028780113,0.05026564,0.0182664371219887,7.297619047619047e-05,0.0
2008-06-25,0.9471326164874552,21.14,2097.36,110.7,1.798,0.0005307654395874,0.0058721871860234,0.0317950874161514,0.04468996,0.0128948725838485,7.134920634920634e-05,0.0
2008-06-26,0.9843685726038668,23.93,2036.4,109.67,1.716,7.800616248676552e-05,-0.0294958679592176,0.0400428867457983,0.0572644899999999,0.0172216032542016,6.809523809523808e-05,0.0
2008-06-27,0.9795236105307148,23.44,2028.89,110.52,1.664,7.83238691991785e-05,-0.0036946975704648,0.0389291878520866,0.05494336,0.0160141721479133,6.603174603174603e-05,0.0
2008-06-30,1.0075725704669751,23.95,2031.47,112.0,1.736,7.80975438323974e-05,0.0012708234477844,0.038893450919992,0.0573602499999999,0.0184667990800079,6.88888888888889e-05,0.0
2008-07-01,0.9991550485847064,23.65,2039.66,112.69,1.869,7.787858728235586e-05,0.0040234583756624,0.0391120020339131,0.0559322499999999,0.0168202479660868,7.416666666666666e-05,1.0
2008-07-02,1.0359712230215827,25.92,2002.64,110.96,1.818,0.0001585665583128,-0.0183168171731828,0.0417186688303709,0.06718464,0.025465971169629,7.214285714285715e-05,1.0
2008-07-03,1.0147420147420148,24.78,2004.87,111.72,1.848,0.0,0.0011129106253844,0.0418313086847899,0.06140484,0.01957353131521,7.333333333333333e-05,1.0
2008-07-07,1.0416161616161617,25.78,1988.09,111.75,1.817,0.0001600384092182,-0.0084048419117961,0.0346846055670177,0.06646084,0.0317762344329822,7.21031746031746e-05,1.0
2008-07-08,1.0039028620988726,23.15,2022.83,112.21,1.859,0.0001572327044024,0.0173231422017094,0.0313200505534893,0.0535922499999999,0.0222721994465106,7.376984126984127e-05,1.0
2008-07-09,1.0357142857142858,25.23,1976.97,110.25,1.798,8.015068328450211e-05,-0.0229321514746237,0.0357643898676655,0.06365529,0.0278909001323344,7.134920634920634e-05,1.0
2008-07-10,1.04920049200492,25.59,1990.78,110.91,1.665,0.0003191319610659,0.0069611521727033,0.0372407055916801,0.06548481,0.0282441044083198,6.607142857142857e-05,1.0
2008-07-11,1.077194357366771,27.49,1968.86,110.87,1.583,8.072002260164763e-05,-0.0110718266923803,0.0357425303129236,0.0755700099999999,0.0398274796870763,6.281746031746032e-05,1.0
2008-07-14,1.1004636785162287,28.48,1951.08,111.11,1.46,-0.0002444688913335,-0.0090716296335133,0.0354587742323402,0.08111104,0.0456522657676597,5.793650793650794e-05,1.0
2008-07-15,1.0989603388525222,28.54,1929.85,110.81,1.338,8.262072954108412e-05,-0.0109407857241584,0.031093419777268,0.08145316,0.0503597402227319,5.30952380952381e-05,1.0
2008-07-16,1.0219869706840392,25.1,1978.47,111.93,1.358,0.0003225286244154,0.0248815390369395,0.041835680951853,0.063001,0.0211653190481469,5.3888888888888896e-05,1.0
2008-07-17,1.0262617972917525,25.01,2002.3,113.93,1.399,0.0006386715631486,0.0119727010903586,0.0447966643745065,0.0625500099999999,0.0177533456254934,5.551587301587302e-05,1.0
2008-07-18,1.0105042016806722,24.05,2002.88,113.85,1.46,-7.933674481328815e-05,0.0002896249377328,0.0443566046626979,0.05784025,0.013483645337302,5.793650793650794e-05,1.0
2008-07-21,0.9943917169974116,23.05,2001.86,114.1,1.429,0.0003172085646312,-0.0005093963763222,0.0438327007669862,0.05313025,0.0092975492330137,5.670634920634921e-05,1.0
2008-07-22,0.9601087941976428,21.18,2028.91,113.2,1.542,7.845906398329532e-05,0.0134219546559844,0.0434716151186303,0.0448592399999999,0.0013876248813696,6.119047619047619e-05,1.0
2008-07-23,0.95990990990991,21.31,2037.15,115.06,1.552,7.799399446235545e-05,0.004053069202188,0.043813099919242,0.0454116099999999,0.0015985100807578,6.158730158730159e-05,1.0
2008-07-24,0.9865319865319864,23.44,1990.09,113.19,1.644,7.972256547208438e-05,-0.0233719083916663,0.0496996263322523,0.05494336,0.0052437336677476,6.523809523809524e-05,1.0
2008-07-25,0.9836839845427222,22.91,1998.41,113.9,1.726,0.0001594769157164,0.0041720005354751,0.0493875915706047,0.05248681,0.0030992184293952,6.84920634920635e-05,1.0
2008-07-28,1.0100041684035015,24.23,1961.23,111.49,1.695,0.0001618384851918,-0.0187800369448243,0.0434219508059461,0.05870929,0.0152873391940538,6.726190476190477e-05,1.0
2008-07-29,0.9914491449144917,22.03,2007.21,112.18,1.716,7.921733275233417e-05,0.0231738706871981,0.050796042773006,0.04853209,-0.002263952773006,6.809523809523808e-05,1.0
2008-07-30,0.9892723880597016,21.21,2040.81,112.11,1.685,7.776352113216614e-05,0.016601089750427,0.0543048298830818,0.04498641,-0.0093184198830818,6.686507936507937e-05,1.0
2008-07-31,1.011910013233348,22.94,2014.39,110.66,1.665,0.0003154076644062,-0.013030367834383,0.0561595921896225,0.05262436,-0.0035352321896224,6.607142857142857e-05,1.0
2008-08-01,0.992087912087912,22.57,2003.16,111.38,1.664,7.950705625128297e-05,-0.0055904863651166,0.0524192246261244,0.05094049,-0.0014787346261244,6.603174603174603e-05,1.0
2008-08-04,1.0173235166738848,23.49,1985.23,111.2,1.695,7.998400319940104e-05,-0.0089911572286701,0.0533641066804883,0.05517801,0.0018139033195116,6.726190476190477e-05,1.0
2008-08-05,0.9832558139534884,21.14,2042.44,109.69,1.736,7.789071932072209e-05,0.028410395111061,0.0622658160382063,0.04468996,-0.0175758560382063,6.88888888888889e-05,1.0
2008-08-06,0.9551463644948064,20.23,2050.23,113.22,1.644,7.755244484075308e-05,0.0038068104233152,0.058995103650789,0.04092529,-0.018069813650789,6.523809523809524e-05,1.0
2008-08-07,0.9675205855443731,21.15,2013.66,111.97,1.675,0.000236285590517,-0.0179980202059992,0.0563562019852789,0.0447322499999999,-0.0116239519852789,6.646825396825397e-05,1.0
2008-08-08,0.9542725173210164,20.66,2061.77,113.33,1.695,7.727079550276944e-05,0.0236108754085619,0.0622360751044987,0.04268356,-0.0195525151044987,6.726190476190477e-05,1.0
2008-08-11,0.9384328358208956,20.12,2076.59,111.55,1.818,7.651402119431428e-05,0.0071622881302906,0.0603716982525549,0.04048144,-0.0198902582525549,7.214285714285715e-05,1.0
2008-08-12,0.9536036036036036,21.17,2051.66,111.26,1.859,0.0002319916483006,-0.0120779037394306,0.061359581786447,0.04481689,-0.016542691786447,7.376984126984127e-05,1.0
2008-08-13,0.956078083407276,21.55,2046.35,111.76,1.838,7.773329705794496e-05,-0.0025915031792408,0.0593905220822488,0.0464402499999999,-0.0129502720822488,7.293650793650794e-05,1.0
2008-08-14,0.9390581717451524,20.34,2057.72,113.07,1.859,7.716942547355716e-05,0.0055408553407988,0.0531127672189345,0.04137156,-0.0117412072189345,7.376984126984127e-05,1.0
2008-08-15,0.9158091674462112,19.58,2066.36,113.21,1.838,7.679606804124644e-05,0.0041900315418609,0.0518582761703681,0.0383376399999999,-0.0135206361703681,7.293650793650794e-05,1.0
2008-08-18,0.9488919041157848,20.98,2035.3,112.29,1.766,0.0001557026080187,-0.0151453770990112,0.0551877909988096,0.04401604,-0.0111717509988096,7.007936507936507e-05,1.0
2008-08-19,0.9491525423728814,21.28,2016.52,111.4,1.798,0.0003148614609572,-0.0092699747195395,0.0563900246913805,0.04528384,-0.0111061846913805,7.134920634920634e-05,1.0
2008-08-20,0.9091718610863758,20.42,2029.15,111.95,1.685,7.835455435840082e-05,0.0062437326973488,0.0546432848618946,0.04169764,-0.0129456448618946,6.686507936507937e-05,1.0
2008-08-21,0.8976449275362319,19.82,2034.35,111.9,1.716,7.823195775478285e-05,0.0025593713983011,0.0545177081482607,0.03928324,-0.0152344681482607,6.809523809523808e-05,1.0
2008-08-22,0.8756983240223463,18.81,2057.64,111.8,1.695,7.721113384564975e-05,0.0113833374438162,0.048600327126531,0.0353816099999999,-0.013218717126531,6.726190476190477e-05,1.0
2008-08-25,0.9193336256028056,20.97,2017.27,110.34,1.674,7.875566056314326e-05,-0.0198145828117475,0.0539435876451348,0.04397409,-0.0099694976451348,6.642857142857142e-05,1.0
2008-08-26,0.9098579040852576,20.49,2024.72,110.8,1.706,7.845906398329532e-05,0.0036863072082889,0.0491148356700175,0.0419840099999999,-0.0071308256700175,6.769841269841269e-05,1.0
2008-08-27,0.9006381039197813,19.76,2041.24,110.51,1.675,0.0002333450005833,0.008126046938402,0.0436197293880144,0.03904576,-0.0045739693880144,6.646825396825397e-05,1.0
2008-08-28,0.902042711234912,19.43,2071.86,111.21,1.736,7.683147017011182e-05,0.0148892882153114,0.0429732988275482,0.03775249,-0.0052208088275482,6.88888888888889e-05,0.0
2008-08-29,0.91696269982238,20.65,2043.53,110.58,1.715,7.77030964683236e-05,-0.0137680499375573,0.0432354248789412,0.0426422499999999,-0.0005931748789412,6.805555555555556e-05,0.0
2008-09-02,0.9515361315447858,21.99,2035.24,110.38,1.685,0.0,-0.0040649565507435,0.0430221426301408,0.0483560099999999,0.0053338673698591,6.686507936507937e-05,0.0
2008-09-03,0.9399122807017544,21.43,2032.13,110.5,1.685,0.0001563721657544,-0.0015292440107901,0.0418573411047859,0.04592449,0.004067148895214,6.686507936507937e-05,0.0
2008-09-04,0.986858316221766,24.03,1971.37,110.48,1.675,8.060290976496921e-05,-0.0303557715262241,0.0428723336437459,0.05774409,0.014871756356254,6.646825396825397e-05,0.0
2008-09-05,0.9717656974294142,23.06,1980.18,109.46,1.777,0.0002409735330736,0.004459017143809,0.0429677239834974,0.05317636,0.0102086360165025,7.051587301587301e-05,0.0
2008-09-08,0.9779697624190066,22.64,2021.13,109.1,1.705,7.869987801511751e-05,0.0204690112791605,0.0448822799712585,0.05125696,0.0063746800287414,6.765873015873016e-05,0.0
2008-09-09,1.0127236580516898,25.47,1952.14,108.57,1.665,0.000243635034718,-0.0347305542140064,0.0512733767182647,0.06487209,0.0135987132817352,6.607142857142857e-05,0.0
2008-09-10,0.9991850040749796,24.52,1964.25,109.49,1.644,8.07982870762405e-05,0.006184286343268,0.051044211343461,0.06012304,0.0090788286565389,6.523809523809524e-05,0.0
2008-09-11,1.001231527093596,24.39,1992.0,110.5,1.613,0.0004776689754,0.0140286660886125,0.0530193201322273,0.05948721,0.0064678898677726,6.40079365079365e-05,0.0
2008-09-12,1.0255795363709033,25.66,1996.26,110.15,1.47,0.0003963378383735,0.0021362707647428,0.0531462111363829,0.06584356,0.012697348863617,5.833333333333333e-05,1.0
2008-09-15,1.1349803079126388,31.7,1902.17,110.74,0.813,8.330209504761469e-05,-0.0482800901976485,0.0787909791897582,0.100489,0.0216980208102417,3.226190476190476e-05,1.0
2008-09-16,1.127232142857143,30.3,1935.49,112.29,0.701,-0.0001639209900827,0.0173651846691064,0.083507875222774,0.091809,0.0083011247772259,2.7817460317460315e-05,1.0
2008-09-17,1.1977513227513228,36.22,1844.31,112.97,0.061,0.0007713734733233,-0.0482553005953135,0.106700346509312,0.1311888399999999,0.0244884934906879,2.4206349206349204e-06,1.0
2008-09-18,1.15815255423373,33.1,1924.85,117.42,0.076,8.321198252552623e-05,0.0427428188224487,0.1331642355799091,0.109561,-0.0236032355799091,3.0158730158730155e-06,1.0
2008-09-19,1.1437232524964338,32.07,2002.32,114.48,0.92,0.0004022687960094,0.039458465654049,0.153483318986477,0.1028484899999999,-0.050634828986477,3.650793650793651e-05,1.0
2008-09-22,1.1385805583585604,33.85,1925.86,114.32,0.838,8.252527336501023e-05,-0.0389338870578104,0.1708046950311341,0.11458225,-0.056222445031134,3.3253968253968256e-05,1.0
2008-09-23,1.1426743442098528,35.72,1895.78,111.63,0.721,8.435615167228399e-05,-0.0157422578768625,0.1700691182371512,0.1275918399999999,-0.0424772782371512,2.861111111111111e-05,1.0
2008-09-24,1.1515052356020945,35.19,1892.05,111.58,0.462,8.407953924404847e-05,-0.0019694660033101,0.166734385427453,0.12383361,-0.042900775427453,1.8333333333333333e-05,1.0
2008-09-25,1.1278350515463915,32.82,1929.24,112.53,0.757,0.0002484163457955,0.0194652456389231,0.1724012848246821,0.1077152399999999,-0.0646860448246821,3.003968253968254e-05,1.0
2008-09-26,1.168123739071957,34.74,1935.79,110.56,0.848,0.0003307151715584,0.0033893689158608,0.1714259906073959,0.12068676,-0.0507392306073958,3.365079365079365e-05,1.0
2008-09-29,1.2881169010201268,46.72,1765.72,111.33,0.35,0.0002689738647061,-0.0919569726816432,0.2615288785316422,0.21827584,-0.0432530385316421,1.3888888888888888e-05,1.0
2008-09-30,1.192552225249773,39.39,1861.44,111.43,0.91,8.606963033085945e-05,0.0527918425253102,0.3043688027836181,0.15515721,-0.1492115927836181,3.611111111111112e-05,1.0
2008-10-01,1.1904904306220097,39.81,1853.26,112.14,0.808,0.0002582088909928,-0.0044041312740497,0.3043669417367668,0.15848361,-0.1458833317367668,3.2063492063492065e-05,1.0
2008-10-02,1.2403398191285282,45.26,1778.9,112.24,0.604,8.930564858231852e-05,-0.0409510547171228,0.3201040371293638,0.20484676,-0.1152572771293638,2.396825396825397e-05,1.0
2008-10-03,1.2101876675603218,45.14,1754.91,114.17,0.472,0.0008164376105592,-0.0135776221975093,0.3133269989896383,0.20376196,-0.1095650389896382,1.873015873015873e-05,1.0
2008-10-06,1.3301814464605162,52.05,1687.34,112.09,0.472,0.0002860548271752,-0.0392642490970535,0.3252520201918233,0.27092025,-0.0543317701918233,1.873015873015873e-05,1.0
2008-10-07,1.323797780517879,53.68,1590.51,110.2,0.767,0.0003992812936714,-0.0590986049361997,0.3449013225914979,0.2881542399999999,-0.056747082591498,3.0436507936507936e-05,1.0
2008-10-08,1.362624348649929,57.53,1573.34,111.04,0.614,0.0003074242967669,-0.0108539713098119,0.3377104474166374,0.33097009,-0.0067403574166373,2.4365079365079363e-05,1.0
2008-10-09,1.3313892938971048,63.92,1453.52,109.58,0.523,0.0009901534737884,-0.0792125473964645,0.3898065671211924,0.40857664,0.0187700728788075,2.0753968253968258e-05,1.0
2008-10-10,1.3739933215478295,69.95,1436.56,107.23,0.188,0.0043931286961419,-0.0117368340605427,0.3793539382624004,0.48930025,0.1099463117375996,7.46031746031746e-06,1.0
2008-10-13,1.2975460122699387,54.99,1602.93,109.73,0.188,9.88679618370173e-05,0.1095818378001596,0.5658199369804074,0.30239001,-0.2634299269804074,7.46031746031746e-06,1.0
2008-10-14,1.282391253779949,55.13,1594.41,113.55,0.304,0.0002003405789843,-0.0053294427030542,0.5470109966197265,0.30393169,-0.2430793066197265,1.2063492063492062e-05,1.0
2008-10-15,1.4004044489383214,69.25,1450.5,118.94,0.218,0.0004433606739081,-0.0945954372692891,0.6247267735401628,0.47955625,-0.1451705235401628,8.650793650793651e-06,1.0
2008-10-16,1.3871563397620024,67.61,1512.21,113.18,0.431,0.0004261666311526,0.0416638324227398,0.6435323406176491,0.45711121,-0.186421130617649,1.7103174603174603e-05,1.0
2008-10-17,1.375513397222765,70.33,1502.84,118.81,0.797,0.0001072558588511,-0.006215505656976,0.6078975922969378,0.49463089,-0.1132667022969378,3.162698412698413e-05,1.0
2008-10-20,1.214351215038973,52.97,1574.5,124.83,1.083,0.0001011378002527,0.0465811102138568,0.6177041543056628,0.2805820899999999,-0.3371220643056629,4.2976190476190474e-05,1.0
2008-10-21,1.212833980360813,53.11,1526.02,120.38,1.073,0.000104161241602,-0.0312747226226668,0.6131026701257509,0.28206721,-0.3310354601257509,4.257936507936508e-05,1.0
2008-10-22,1.3977523580172588,69.65,1433.22,119.34,1.011,0.0002208724461622,-0.0627393777984891,0.6451273930103295,0.48511225,-0.1600151430103294,4.0119047619047614e-05,1.0
2008-10-23,1.362540192926045,67.8,1451.37,120.69,0.971,0.0003273858241938,0.0125842768122695,0.651831755296153,0.4596839999999999,-0.192147755296153,3.853174603174603e-05,1.0
2008-10-24,1.4309222423146473,79.13,1401.29,116.67,0.848,0.0005747456750387,-0.0351146970121269,0.6434401748281685,0.62615569,-0.0172844848281684,3.365079365079365e-05,1.0
2008-10-27,1.2740292807129217,80.06,1356.78,116.94,0.757,0.0002386634844868,-0.0322789955571083,0.64197523210264,0.64096036,-0.0010148721026399,3.003968253968254e-05,1.0
2008-10-28,1.2313350496506066,66.96,1503.16,125.95,0.757,0.0001064906022042,0.102455313483366,0.7279274782667713,0.4483641599999999,-0.2795633182667713,3.003968253968254e-05,1.0
2008-10-29,1.2099619508820476,69.96,1486.73,120.15,0.584,0.0002150768899881,-0.0109904815108549,0.679570697565371,0.4894401599999998,-0.1901305375653711,2.3174603174603172e-05,1.0
2008-10-30,1.1702325581395348,62.9,1525.37,124.02,0.381,0.000103955507043,0.0256579262286747,0.6951875199940943,0.395641,-0.2995465199940943,1.511904761904762e-05,1.0
2008-10-31,1.117976479372783,59.89,1548.81,122.19,0.438,0.0003099333643266,0.0152498905488956,0.6882239902364173,0.35868121,-0.3295427802364173,1.738095238095238e-05,1.0
2008-11-03,1.0484375,53.68,1544.91,117.13,0.442,0.0003086260994804,-0.002521237905116,0.6877455859507499,0.2881542399999999,-0.3995913459507499,1.753968253968254e-05,1.0
2008-11-04,1.0317769130998702,47.73,1608.0,117.78,0.482,0.0,0.0400255145309888,0.6968607678690468,0.2278152899999999,-0.4690454778690469,1.9126984126984125e-05,1.0
2008-11-05,1.097345132743363,54.56,1524.21,129.35,0.391,0.0001040312093627,-0.0535149277096264,0.6892419177209215,0.2976793599999999,-0.3915625577209215,1.5515873015873016e-05,1.0
2008-11-06,1.1343070894193088,63.68,1448.01,122.15,0.309,0.000330269169373,-0.0512860430301222,0.7178520869572708,0.40551424,-0.3123378469572707,1.2261904761904762e-05,1.0
2008-11-07,1.066337198251283,56.1,1490.31,122.85,0.289,0.0002127885945312,0.0287939519914494,0.6529979055569071,0.3147210000000001,-0.338276905556907,1.1468253968253968e-05,1.0
2008-11-10,1.109713228492137,59.98,1471.64,126.27,0.208,0.0001081139521055,-0.0126067268301316,0.6532903653093275,0.35976004,-0.2935303253093275,8.253968253968254e-06,1.0
2008-11-11,1.1044400503325542,61.44,1439.22,120.67,0.431,0.0001114640807,-0.0222761250114868,0.5016252941733531,0.3774873599999999,-0.1241379341733531,1.7103174603174603e-05,1.0
2008-11-12,1.1245346869712352,66.46,1365.15,121.11,0.147,0.0001166112763104,-0.0528369874575193,0.5289475581445081,0.44169316,-0.0872543981445081,5.833333333333333e-06,1.0
2008-11-13,1.1059149722735675,59.83,1459.82,124.98,0.188,-0.0009883050568275,0.0670488277391251,0.4872778488038447,0.3579628899999999,-0.1293149588038448,7.46031746031746e-06,1.0
2008-11-14,1.1184010794400403,66.31,1399.2,118.59,0.137,0.0001156002543206,-0.0424124957262071,0.4844758487675861,0.43970161,-0.044774238767586,5.436507936507937e-06,1.0
2008-11-17,1.106223004319309,69.15,1363.14,113.4,0.096,0.0001169659044389,-0.0261097826824963,0.490487028952379,0.47817225,-0.012314778952379,3.80952380952381e-06,1.0
2008-11-18,1.1018081120703698,67.64,1376.82,116.05,0.117,0.0001149623498303,0.0099856302080431,0.4593158347600294,0.45751696,-0.0017988747600294,4.642857142857143e-06,1.0
2008-11-19,1.11685967814709,74.26,1292.76,115.86,0.066,0.0001225114854516,-0.0629970245358378,0.4912854789467337,0.55145476,0.0601692810532663,2.6190476190476192e-06,1.0
2008-11-20,1.1678220681686886,80.86,1206.04,114.93,0.025,0.0005300119252682,-0.0694372024611459,0.5010800155887524,0.6538339599999999,0.1527539444112475,9.92063492063492e-07,1.0
2008-11-21,1.1292929292929297,72.67,1282.59,118.88,0.015,0.0012567550584392,0.0615392057883845,0.5555022603298471,0.52809289,-0.027409370329847,5.952380952380952e-07,1.0
2008-11-24,1.0873949579831934,64.7,1365.63,116.16,0.015,0.0002342194636375,0.0627343895831434,0.598325955616266,0.418609,-0.179716955616266,5.952380952380952e-07,1.0
2008-11-25,1.050181065700983,60.9,1374.79,114.1,0.106,0.0001166384790341,0.0066851315594633,0.5860550490584835,0.3708809999999999,-0.2151740490584835,4.206349206349206e-06,1.0
2008-11-26,1.0221477759166202,54.92,1423.9,113.3,0.046,0.0002245677071636,0.035098593623002,0.4676574838125043,0.30162064,-0.1660368438125042,1.8253968253968256e-06,1.0
2008-11-28,1.030638612033961,55.84,1437.68,113.12,0.046,0.0001112161485848,0.0096311174368176,0.4683896128723738,0.31181056,-0.1565790528723738,1.8253968253968256e-06,1.0
2008-12-01,1.0980926430517712,68.51,1309.39,112.75,0.046,0.0001213518597171,-0.0934693233316265,0.5568641351215379,0.46936201,-0.0875021251215378,1.8253968253968256e-06,1.0
2008-12-02,1.0558256496227996,62.98,1361.79,112.2,0.056,0.0031770312408073,0.0392386309075584,0.5773834529187817,0.3966480399999998,-0.1807354129187818,2.2222222222222225e-06,1.0
2008-12-03,1.037948717948718,60.72,1397.72,112.55,0.015,0.000689259046525,0.0260423268110799,0.5897700953538066,0.3686918399999999,-0.2210782553538067,5.952380952380952e-07,1.0
2008-12-04,1.0383423070647742,63.64,1356.81,111.77,-0.016,0.0002347142354183,-0.0297059813172815,0.5694075921739368,0.4050049599999999,-0.1644026321739368,-6.34920634920635e-07,1.0
2008-12-05,1.0322080606269377,59.93,1406.36,116.45,0.028,0.0006837606837607,0.0358684498222568,0.5629585930543052,0.3591604899999999,-0.2037981030543052,1.1111111111111112e-06,1.0
2008-12-08,1.03339222614841,58.49,1460.6,120.77,0.015,0.0005522726017561,0.0378425040702553,0.5517016580137987,0.3421080099999999,-0.2095936480137987,5.952380952380952e-07,1.0
2008-12-09,1.0197334256534532,58.91,1426.88,118.58,0.003,0.000781555295037,-0.0233570677468974,0.547039001121862,0.34703881,-0.200000191121862,1.1904761904761907e-07,1.0
2008-12-10,0.9923433048433048,55.73,1444.0,119.51,-0.005,0.0004439511653718,0.0119267980136596,0.5477481542733103,0.31058329,-0.2371648642733102,-1.9841269841269841e-07,1.0
2008-12-11,0.99447316812266,55.78,1403.2,121.83,0.005,0.0005698330389195,-0.0286616978348528,0.5516767678817062,0.31114084,-0.2405359278817062,1.9841269841269841e-07,1.0
2008-12-12,0.9844033369604644,54.28,1413.07,116.24,0.02,0.000670990829792,0.00700929982539,0.5167910810775629,0.2946318400000001,-0.2221592410775628,7.936507936507937e-07,1.0
2008-12-16,0.9897939897939898,52.37,1466.87,119.25,0.003,0.0003265661568606,0.0373662365494379,0.4784400165581808,0.2742616899999999,-0.2041783265581808,1.1904761904761907e-07,1.0
2008-12-17,0.9664533643591235,49.84,1452.88,115.07,0.015,0.0020900940542324,-0.0095830855825034,0.4560955565056906,0.24840256,-0.2076929965056906,5.952380952380952e-07,1.0
2008-12-18,0.9506024096385544,47.34,1422.19,116.55,0.017,0.0001112037809286,-0.0213498563454106,0.4530205299203359,0.22410756,-0.2289129699203358,6.746031746031746e-07,1.0
2008-12-19,1.035253456221198,44.93,1426.39,118.73,0.02,0.0001133979701762,0.002948839803326,0.4522020955610481,0.2018704899999999,-0.2503316055610481,7.936507936507937e-07,1.0
2008-12-22,1.0194463509494396,44.56,1400.42,115.16,0.018,0.0001144361160382,-0.0183745852558105,0.4033628318195863,0.19855936,-0.2048034718195863,7.142857142857142e-07,1.0
2008-12-23,1.0121402877697845,45.02,1387.08,112.01,0.01,0.0005800127602806,-0.0095713735181718,0.3358689693904086,0.20268004,-0.1331889293904086,3.9682539682539683e-07,1.0
2008-12-24,1.0056869881710646,44.21,1395.76,112.31,0.023,0.0001153469058193,0.0062382516774702,0.2960884341516905,0.19545241,-0.1006360241516905,9.126984126984128e-07,1.0
2008-12-26,0.9407937540663632,43.38,1403.22,112.56,0.024,0.0004590314436537,0.005330525880387,0.250705448418699,0.18818244,-0.062523008418699,9.523809523809523e-07,1.0
2008-12-29,0.9432746024924796,43.9,1398.25,113.77,0.066,0.0002288591372011,-0.0035481409503361,0.2505715812183988,0.192721,-0.0578505812183988,2.6190476190476192e-06,1.0
2008-12-30,0.9374014861517678,41.63,1432.65,116.08,0.091,0.0003357018967157,0.024304421447159,0.2426416432970975,0.17330569,-0.0693359532970974,3.611111111111111e-06,1.0
2008-12-31,0.9263547938860583,40.0,1452.98,116.5,0.081,0.0002235136343316,0.0140907437017793,0.2439298871795999,0.16,-0.0839298871795998,3.2142857142857147e-06,1.0
2009-01-02,0.966222879684418,39.19,1499.17,124.21,0.084,0.0012943587531009,0.0312950017609474,0.1352653818104256,0.1535856099999999,0.0183202281895743,3.3333333333333333e-06,0.0
2009-01-05,0.957373836354728,39.08,1492.21,116.12,0.091,0.0009708214227927,-0.0046533790820817,0.1221114253252598,0.15272464,0.0306132146747401,3.611111111111111e-06,0.0
2009-01-06,0.956586454973952,38.56,1503.87,115.49,0.14,0.0004284031273428,0.00778354307425,0.1161332922429352,0.14868736,0.0325540677570647,5.555555555555557e-06,0.0
2009-01-07,0.9904131476831772,43.39,1459.58,118.21,0.096,0.0019804158873364,-0.029893062519552,0.1162901925779598,0.18826921,0.0719790174220401,3.80952380952381e-06,1.0
2009-01-08,0.985869817002548,42.56,1464.6,118.24,0.076,0.000329362683208,0.0034334445427702,0.1024388225348449,0.18113536,0.078696537465155,3.0158730158730155e-06,1.0
2009-01-09,0.9540998217468806,42.82,1433.41,118.82,0.061,0.0015716210148181,-0.021525946671784,0.0910093948236795,0.18335524,0.0923458451763205,2.4206349206349204e-06,1.0
2009-01-12,0.9681098204857445,45.84,1401.07,118.36,0.064,0.0003430335601166,-0.0228199905551466,0.0907088443466226,0.21013056,0.1194217156533774,2.53968253968254e-06,1.0
2009-01-13,0.9179041154009334,43.27,1403.63,118.22,0.106,0.0006849315068493,0.0018255076913244,0.0886760138068849,0.18722929,0.0985532761931151,4.206349206349206e-06,1.0
2009-01-14,0.9696132596685084,49.14,1356.79,119.99,0.096,0.0011923214498629,-0.033940122363904,0.0926432223489484,0.24147396,0.1488307376510515,3.80952380952381e-06,1.0
2009-01-15,0.9862695803519628,51.0,1358.64,124.7,0.106,0.0005887547836325,0.0013625836690551,0.0918005389887855,0.2601,0.1682994610112144,4.206349206349206e-06,1.0
2009-01-16,0.9419816138917262,46.11,1368.92,126.05,0.117,0.0007023293924849,0.0075379083692438,0.0729840613578579,0.21261321,0.139629148642142,4.642857142857143e-06,1.0
2009-01-20,1.0324403134681976,56.65,1296.63,119.17,0.106,0.0006170934896636,-0.054253516856157,0.1040125184420959,0.32092225,0.2169097315579041,4.206349206349206e-06,1.0
2009-01-21,0.9291433146517214,46.42,1353.33,120.58,0.115,0.0001189272759708,0.042799630960847,0.1276395771765691,0.21548164,0.0878420628234309,4.563492063492064e-06,1.0
2009-01-22,0.9433472970277278,47.29,1332.84,117.76,0.101,0.0003621220351258,-0.0152562179034192,0.1291796207654955,0.2236344099999999,0.0944547892345044,4.007936507936508e-06,1.0
2009-01-23,0.9576580226904376,47.27,1340.02,121.31,0.101,0.000120809423135,0.0053725352396802,0.1268839302273298,0.22344529,0.0965613597726702,4.007936507936508e-06,1.0
2009-01-26,0.9625026332420475,45.69,1347.47,120.65,0.101,0.0004764173415913,0.0055442208777739,0.1267795374428003,0.2087576099999999,0.0819780725571996,4.007936507936508e-06,1.0
2009-01-27,0.9351482957060646,42.25,1362.18,119.68,0.135,0.0052782827986628,0.0108575974831058,0.1279223754278068,0.1785062499999999,0.0505838745721931,5.357142857142857e-06,1.0
2009-01-28,0.9398104265402842,39.66,1408.07,122.39,0.181,0.0002291738283487,0.0331336148236947,0.1417457813795933,0.1572915599999999,0.0155457786204066,7.182539682539683e-06,0.0
2009-01-30,1.0053811659192826,44.84,1330.51,115.88,0.231,0.0012038040207055,-0.0566576450303453,0.1805617999783142,0.20106256,0.0205007600216858,9.166666666666666e-06,0.0
2009-02-06,0.999769479022591,43.37,1401.06,122.27,0.279,0.002396029436933,0.0516667656115003,0.2079353764738466,0.1880956899999999,-0.0198396864738466,1.1071428571428572e-05,0.0
2009-02-09,1.004835367257656,43.64,1403.19,122.62,0.276,0.0124812203859932,0.0015191230522406,0.2050315403740449,0.19044496,-0.0145865803740449,1.0952380952380951e-05,0.0
2009-02-24,1.0084238528042564,45.49,1249.76,114.2,0.307,0.0001287912937086,-0.1157966831626923,0.3425069725595275,0.20693401,-0.1355729625595274,1.2182539682539682e-05,1.0
2009-03-02,1.0817752208752824,52.65,1133.43,115.42,0.238,0.0002816108138551,-0.0977030994455334,0.4369998653083634,0.27720225,-0.1597976153083634,9.444444444444445e-06,1.0
2009-03-03,1.0498866213151927,50.93,1126.18,113.77,0.259,-0.0030331479742905,-0.0064170585886459,0.431948003589268,0.2593864899999999,-0.172561513589268,1.027777777777778e-05,1.0
2009-03-10,1.0462155152086772,44.37,1164.83,115.59,0.238,0.0001384753860002,0.0337437787774521,0.4546911369457357,0.1968696899999999,-0.2578214469457358,9.444444444444445e-06,1.0
2009-05-11,0.9844264749925128,32.87,1477.2,113.99,0.165,0.0001096070586944,0.2375732503731482,1.1961858553191524,0.10804369,-1.0881421653191523,6.547619047619047e-06,1.0
2009-05-26,0.971138598160482,30.62,1481.1,120.89,0.175,0.0003282455276546,0.0026366509545187,1.1898363555247216,0.09375844,-1.0960779155247216,6.944444444444444e-06,1.0
2009-06-23,0.9432449105490436,30.58,1458.92,116.01,0.198,0.000335476656416,-0.0150886189902393,1.1858039666509197,0.0935136399999999,-1.0922903266509196,7.857142857142858e-06,1.0
2009-07-06,0.9418642416368952,29.0,1465.58,118.41,0.157,0.0001111172842936,0.0045546325958571,1.1858863863486435,0.0841,-1.1017863863486437,6.23015873015873e-06,1.0
2009-07-07,0.9613586787161108,30.85,1436.74,116.35,0.186,0.0001132695248344,-0.0198744103280391,1.1755012528991002,0.09517225,-1.0803290028991002,7.380952380952381e-06,1.0
2009-09-14,0.9034456645210148,23.86,1719.04,121.0,0.135,0.0027580959627182,0.1793893372442577,1.5497049615008578,0.05692996,-1.4927750015008578,5.357142857142857e-06,1.0
2009-12-02,0.8516129032258065,21.12,1825.4,119.0,0.044,0.0008064154831773,0.0600331456280135,1.5779243003356291,0.0446054399999999,-1.5333188603356291,1.7460317460317458e-06,1.0
2009-12-03,0.880439043512348,22.46,1810.13,117.04,0.042,9.080590238357236e-05,-0.0084004751976484,1.5246300177643608,0.05044516,-1.4741848577643608,1.6666666666666669e-06,1.0
2010-01-19,0.8415509813307802,17.58,1896.72,124.28,0.049,0.0007819627264434,0.046727412679701,1.527478947787069,0.0309056399999999,-1.4965733077870689,1.9444444444444444e-06,1.0
2010-01-25,1.0087336244541485,25.41,1808.93,122.54,0.049,0.0006370875995448,-0.0473905683300509,1.5652412545005006,0.06456681,-1.5006744445005005,1.9444444444444444e-06,1.0
2010-01-28,0.9618970409404134,23.73,1788.97,117.98,0.074,0.0005550929780738,-0.0110954750114367,1.5723016906305318,0.05631129,-1.5159904006305318,2.9365079365079366e-06,1.0
2010-01-29,0.9700551615445232,24.62,1771.4,117.5,0.074,0.0003726823814403,-0.0098698408478592,1.578344017775655,0.06061444,-1.517729577775655,2.9365079365079366e-06,1.0
2010-02-01,0.9555837563451776,22.59,1796.67,119.22,0.089,0.0001832172957126,0.0141647571452989,1.578294567971415,0.0510308099999999,-1.5272637579714152,3.5317460317460317e-06,1.0
2010-02-02,0.9367640645442652,21.48,1819.99,120.46,0.092,0.0007256894049346,0.0128960550294699,1.5730348653753308,0.04613904,-1.5268958253753309,3.6507936507936503e-06,1.0
2010-02-04,1.0038491147036182,26.08,1754.3,116.02,0.089,0.0002813862964873,-0.0367610896151126,1.5432507718445834,0.0680166399999999,-1.4752341318445834,3.5317460317460317e-06,1.0
2010-02-05,1.0042307692307693,26.11,1759.38,118.75,0.09,0.0009376465072668,0.0028915573071727,1.5244776386923835,0.06817321,-1.4563044286923834,3.5714285714285714e-06,1.0
2010-02-12,0.929272281275552,22.73,1776.5,113.71,0.092,0.0009229349330872,0.0096836622187699,1.5233589132337688,0.05166529,-1.4716936232337687,3.6507936507936503e-06,1.0
2010-02-16,0.9439966058549004,22.25,1808.72,120.89,0.091,0.0006366240734845,0.0179742763069791,1.309873677609756,0.04950625,-1.260367427609756,3.611111111111111e-06,1.0
2010-02-17,0.9325890940317731,21.72,1816.7,119.63,0.092,9.07399845741201e-05,0.0044022556766385,1.1382901923905089,0.0471758399999999,-1.091114352390509,3.6507936507936503e-06,1.0
2010-02-18,0.9056189640035116,20.63,1828.81,122.56,0.112,0.0002723929722613,0.0066438136473885,1.1308310330213915,0.0425596899999999,-1.0882713430213915,4.444444444444445e-06,1.0
2010-02-19,0.897355445988346,20.02,1833.09,118.53,0.099,0.0009885419006964,0.0023375853785932,1.134233329528213,0.04008004,-1.094153289528213,3.928571428571429e-06,1.0
2010-02-22,0.9176254026691212,19.94,1831.21,121.33,0.089,0.0005399082156033,-0.0010261169472787,0.5187567163766401,0.03976036,-0.4789963563766401,3.5317460317460317e-06,1.0
2010-02-23,0.9447391688771,21.37,1809.05,120.82,0.115,0.0001817190623296,-0.0121751049301952,0.5242236128681447,0.04566769,-0.4785559228681447,4.563492063492064e-06,1.0
2010-02-24,0.9180253623188406,20.27,1826.99,120.61,0.115,0.0001806032147371,0.0098679583160705,0.5162181812657476,0.04108729,-0.4751308912657476,4.563492063492064e-06,1.0
2010-02-25,0.9107385591300408,20.1,1823.64,121.28,0.12,0.0009017132551849,-0.0018353001757638,0.5176998181303203,0.040401,-0.4772988181303202,4.7619047619047615e-06,1.0
2010-02-26,0.9006928406466513,19.5,1826.27,120.13,0.12,0.0003598740440846,0.0014411316745774,0.5068854043591957,0.038025,-0.4688604043591957,4.7619047619047615e-06,1.0
2010-03-01,0.898320895522388,19.26,1844.87,120.8,0.128,0.0004466878098896,0.0101331788794567,0.134241123369469,0.03709476,-0.097146363369469,5.07936507936508e-06,1.0
2010-03-02,0.8999055712936732,19.06,1849.17,120.28,0.13,0.0004453747828798,0.0023280754632562,0.0917930980299368,0.03632836,-0.0554647380299368,5.158730158730158e-06,1.0
2010-03-03,0.8979494515975203,18.83,1850.24,119.03,0.14,8.912258811987794e-05,0.0005784706371219,0.0907203840591571,0.03545689,-0.0552634940591571,5.555555555555557e-06,1.0
2010-03-04,0.8901569186875891,18.72,1857.2,120.75,0.14,0.0002659220848291,0.00375461675784,0.0634087135595981,0.0350438399999999,-0.0283648735595981,5.555555555555557e-06,1.0
2010-03-05,0.8610973801285221,17.42,1883.28,118.03,0.148,0.0002627775587964,0.0139449603415606,0.0368535788466632,0.03034564,-0.0065079388466632,5.873015873015873e-06,0.0
2010-03-08,0.8780848963474827,17.79,1883.29,117.56,0.15,0.0006139004604254,5.309870784399027e-06,0.0346919023101937,0.03164841,-0.0030434923101937,5.9523809523809525e-06,0.0
2010-03-09,0.888888888888889,17.92,1886.6,116.64,0.155,0.00052442968272,0.0017560198576409,0.0327054389777174,0.03211264,-0.0005927989777174,6.1507936507936505e-06,0.0
2010-03-10,0.9054119941491956,18.57,1895.38,117.98,0.15,0.0007829831658618,0.0046430789022667,0.0311145145698226,0.03448449,0.0033699754301773,5.9523809523809525e-06,0.0
2010-03-11,0.872463768115942,18.06,1903.68,117.48,0.15,0.0006058770069675,0.0043695088815212,0.0297632210608053,0.03261636,0.0028531389391946,5.9523809523809525e-06,0.0
2010-03-12,0.8672915638875184,17.58,1903.29,118.96,0.147,0.0009520924395204,-0.0002048873520749,0.0099623914561222,0.0309056399999999,0.0209432485438777,5.833333333333333e-06,0.0
2010-03-15,0.8687258687258688,18.0,1904.19,120.63,0.15,0.000346050696427,0.0004727536411287,0.0100929470145949,0.0324,0.022307052985405,5.9523809523809525e-06,0.0
2010-03-16,0.8774801587301588,17.69,1919.02,123.51,0.165,8.59069627592535e-05,0.0077579177596367,0.0098502934724291,0.03129361,0.0214433165275708,6.547619047619047e-06,0.0
2010-03-17,0.8575050709939148,16.91,1930.22,119.66,0.152,0.0004264210481429,0.0058193469916806,0.0072431923097148,0.02859481,0.0213516176902851,6.031746031746031e-06,0.0
2010-03-18,0.8531827515400411,16.62,1929.63,120.27,0.15,0.0003418511238356,-0.0003057113642213,0.0073541885146734,0.02762244,0.0202682514853265,5.9523809523809525e-06,0.0
2010-03-19,0.8506265664160401,16.97,1919.8,121.97,0.149,0.0009488893681259,-0.005107260746254,0.0078942293066461,0.0287980899999999,0.0209038606933538,5.9126984126984124e-06,0.0
2010-03-22,0.8388861263053208,16.87,1929.64,123.63,0.142,0.000513698630137,0.0051124430734817,0.007988404662727,0.02845969,0.0204712853372729,5.634920634920634e-06,0.0
2010-03-23,0.8307926829268294,16.35,1943.7,121.18,0.135,0.000936927728802,0.0072599161211031,0.0080876529630375,0.02673225,0.0186445970369624,5.357142857142857e-06,0.0
2010-03-24,0.8740039840637451,17.55,1933.04,122.67,0.138,0.0002565966727964,-0.0054994799068226,0.0060966821720678,0.03080025,0.0247035678279321,5.4761904761904765e-06,0.0
2010-03-25,0.8940719144800777,18.4,1929.75,122.14,0.135,0.000429276668813,-0.0017034323872353,0.0057464693578621,0.033856,0.0281095306421378,5.357142857142857e-06,0.0
2010-03-26,0.8858424725822532,17.77,1931.18,123.14,0.14,0.0032434277910549,0.0007407542044993,0.0055378045733281,0.03157729,0.0260394854266718,5.555555555555557e-06,0.0
2010-03-29,0.886146095717884,17.59,1942.51,123.2,0.131,8.521153764224036e-05,0.0058497361992368,0.0056280210172124,0.03094081,0.0253127889827875,5.198412698412698e-06,0.0
2010-03-30,0.8766632548618218,17.13,1942.81,124.03,0.155,0.0002555039816037,0.0001544274348553,0.0050136820640304,0.0293436899999999,0.0243300079359695,6.1507936507936505e-06,0.0
2010-03-31,0.8830321285140561,17.59,1936.48,123.7,0.155,0.0009379663184821,-0.0032634866782612,0.005407904647846,0.03094081,0.0255329053521539,6.1507936507936505e-06,0.0
2010-04-01,0.8778894472361809,17.47,1950.91,123.93,0.157,0.0012730744748568,0.0074240383791412,0.0056910528709589,0.0305200899999999,0.024829037129041,6.23015873015873e-06,0.0
2010-04-05,0.8795865633074934,17.02,1966.44,123.78,0.165,8.420698075874798e-05,0.007928870976698,0.0060297130750559,0.0289680399999999,0.022938326924944,6.547619047619047e-06,0.0
2010-04-06,0.8614649681528662,16.23,1969.76,123.29,0.168,0.0002523447028641,0.0016869065531718,0.0043659204949974,0.02634129,0.0219753695050026,6.666666666666667e-06,0.0
2010-04-07,0.8660760812923397,16.62,1959.04,123.27,0.165,8.459879023722267e-05,-0.0054571505823118,0.0050175474598625,0.02762244,0.0226048925401374,6.547619047619047e-06,0.0
2010-04-08,0.8637316561844864,16.48,1965.72,122.67,0.16,8.409368035996397e-05,0.0034040330875474,0.0050450803014303,0.02715904,0.0221139596985696,6.349206349206349e-06,0.0
2010-04-09,0.8668098818474759,16.14,1978.86,124.36,0.152,8.3420229405555e-05,0.0066623308962419,0.005230725936749,0.02604996,0.0208192340632509,6.031746031746031e-06,0.0
2010-04-12,0.8217299578059072,15.58,1982.4,123.16,0.14,8.358757888582034e-05,0.0017873105740958,0.0051599650426754,0.02427364,0.0191136749573245,5.555555555555557e-06,0.0
2010-04-13,0.8530805687203792,16.2,1983.91,125.54,0.155,0.0003333333333332,0.0007614130377866,0.0051191960476405,0.026244,0.0211248039523594,6.1507936507936505e-06,0.0
2010-04-14,0.8305807139051679,15.59,2006.06,125.77,0.155,0.0006603929337957,0.0111029544311052,0.0060726505250391,0.02430481,0.0182321594749608,6.1507936507936505e-06,0.0
2010-04-15,0.8407407407407408,15.89,2007.74,126.29,0.155,0.0003305238803504,0.0008371120126094,0.0057272275395632,0.02524921,0.0195219824604367,6.1507936507936505e-06,0.0
2010-04-16,0.907563025210084,18.36,1975.36,131.33,0.156,0.0003345600535295,-0.0162590511508485,0.0095363544073846,0.0337089599999999,0.0241726055926153,6.190476190476191e-06,0.0
2010-04-19,0.876200101061142,17.34,1984.32,131.14,0.151,0.0003330557868443,0.004525625955982,0.0096452146432413,0.03006756,0.0204223453567586,5.992063492063493e-06,0.0
2010-04-20,0.8283307003686151,15.73,2000.33,134.19,0.151,0.0004127966976265,0.0080358807695663,0.0095857697072426,0.0247432899999999,0.0151575202927573,5.992063492063493e-06,0.0
2010-04-21,0.8455958549222797,16.32,1998.31,129.84,0.15,0.0002493454681461,-0.0010103436027417,0.0095487223063658,0.02663424,0.0170855176936342,5.9523809523809525e-06,0.0
2010-04-22,0.8407350689127105,16.47,2002.93,127.48,0.155,0.0022377854212424,0.0023092851481676,0.0091448484702391,0.0271260899999999,0.0179812415297608,6.1507936507936505e-06,0.0
2010-04-23,0.8571428571428572,16.62,2017.19,126.13,0.155,0.0002464976788135,0.0070943453471301,0.0088491168271655,0.02762244,0.0187733231728345,6.1507936507936505e-06,0.0
2010-04-26,0.8796576032225579,17.47,2008.55,124.25,0.155,0.0001649620587264,-0.0042923851345027,0.009173066793533,0.0305200899999999,0.0213470232064669,6.1507936507936505e-06,0.0
2010-04-27,1.0039612676056338,22.81,1961.6,124.98,0.15,0.0001684494230606,-0.0236526019472407,0.0170296886343293,0.05202961,0.0349999213656706,5.9523809523809525e-06,0.0
2010-04-28,0.9448677722994172,21.08,1974.63,128.4,0.157,0.000250867583727,0.0066205722705163,0.0171359933134148,0.0444366399999999,0.0273006466865851,6.23015873015873e-06,0.0
2010-04-29,0.8797709923664122,18.44,2000.34,129.28,0.157,0.0002483752121538,0.0129361270813111,0.018894651164501,0.03400336,0.0151087088354989,6.23015873015873e-06,0.0
2010-04-30,0.9315589353612168,22.05,1967.05,125.41,0.159,0.0006730041221502,-0.0167822076072915,0.0226728992542857,0.04862025,0.0259473507457142,6.30952380952381e-06,0.0
2010-05-03,0.8941541186891055,20.19,1992.87,125.35,0.165,8.315662550417958e-05,0.0130408522998616,0.023996736543123,0.04076361,0.016766873456877,6.547619047619047e-06,0.0
2010-05-04,0.9509373753490228,23.84,1945.37,124.86,0.166,0.0001701258931609,-0.0241236204629667,0.0307392411133865,0.05683456,0.0260953188866134,6.587301587301587e-06,0.0
2010-05-05,0.9446340538490708,24.91,1933.25,122.82,0.151,0.0002561147394032,-0.0062496658341783,0.0310551301094397,0.0620508099999999,0.0309956798905602,5.992063492063493e-06,0.0
2010-05-06,1.2438376943496396,32.8,1870.95,122.16,0.11,0.0003556503956609,-0.0327562012493169,0.0431392673444026,0.1075839999999999,0.0644447326555973,4.365079365079366e-06,1.0
2010-05-07,1.1182413981430914,40.95,1842.32,123.86,0.125,0.0002683243146548,-0.0154206763000671,0.0447375792564159,0.16769025,0.122952670743584,4.96031746031746e-06,1.0
2010-05-10,0.9951690821256038,28.84,1923.39,128.64,0.15,0.0003448275862068,0.0430636071985585,0.0695816536837752,0.08317456,0.0135929063162247,5.9523809523809525e-06,0.0
2010-05-11,0.9809490820921372,28.32,1917.25,127.09,0.157,8.672650795720147e-05,-0.0031973864933506,0.0694852403597246,0.08020224,0.0107169996402753,6.23015873015873e-06,0.0
2010-05-12,0.9575984990619136,25.52,1944.25,124.26,0.155,0.0004260939963356,0.013984430930084,0.0723673750956104,0.06512704,-0.0072403350956104,6.1507936507936505e-06,0.0
2010-05-13,0.9663165519739224,26.68,1920.76,126.2,0.16,0.0002585872516485,-0.0121553575412385,0.0717876215816532,0.07118224,-0.0006053815816532,6.349206349206349e-06,0.0
2010-05-14,1.0142857142857142,31.24,1884.67,128.47,0.15,0.000438808196937,-0.0189682017905959,0.0750441410603827,0.09759376,0.0225496189396172,5.9523809523809525e-06,0.0
2010-05-17,1.0108161258603736,30.84,1887.11,128.87,0.156,0.0021048938782669,0.0012938190140321,0.0728818858257697,0.09511056,0.0222286741742303,6.190476190476191e-06,0.0
2010-05-20,1.121479304433015,45.79,1779.3,123.36,0.16,0.0003730995242981,-0.0588265297444598,0.1103442437119799,0.2096724099999999,0.09932816628802,6.349206349206349e-06,1.0
2010-05-25,0.9916905444126076,34.61,1783.4,123.28,0.163,0.0001855459690137,0.0023016261879886,0.1088271855949483,0.11978521,0.0109580244050516,6.468253968253969e-06,0.0
2010-05-26,1.031516936671576,35.02,1773.65,121.48,0.165,9.380423057084674e-05,-0.0054820845466069,0.1085650205499328,0.12264004,0.0140750194500671,6.547619047619047e-06,0.0
2010-05-27,0.9686684073107048,29.68,1832.61,125.73,0.165,0.0001808481779545,0.0327016100901986,0.1257675806407567,0.08809024,-0.0376773406407567,6.547619047619047e-06,1.0
2010-05-28,1.0021875,32.07,1809.98,123.13,0.16,0.0002746875429199,-0.0124253847693048,0.1247684699845834,0.1028484899999999,-0.0219199799845834,6.349206349206349e-06,1.0
2010-06-01,1.0446796002351555,35.54,1778.99,119.63,0.151,0.0006514961142911,-0.0172700079604987,0.1265052910635527,0.12630916,-0.0001961310635527,5.992063492063493e-06,0.0
2010-06-02,0.9862700228832952,30.17,1825.25,123.69,0.15,0.0001814717357771,0.025671176421628,0.133483644321414,0.09102289,-0.0424607543214139,5.9523809523809525e-06,1.0
2010-06-03,0.9742063492063492,29.46,1832.72,123.83,0.14,0.0004509582863586,0.0040842381888975,0.1329184105646104,0.08678916,-0.0461292505646104,5.555555555555557e-06,1.0
2010-06-04,1.032295606633692,35.48,1769.72,121.11,0.126,9.336632276742558e-05,-0.0349798601613017,0.1405612807854403,0.1258830399999999,-0.0146782407854403,5e-06,1.0
2010-06-07,1.0359773371104817,36.57,1745.87,119.21,0.112,0.0001899515623515,-0.0135683432354196,0.139798469208116,0.13373649,-0.006061979208116,4.444444444444445e-06,1.0
2010-06-08,1.0014858841010403,33.7,1765.29,120.74,0.117,9.394522993099832e-05,0.0110619840912903,0.1389118938808056,0.113569,-0.0253428938808056,4.642857142857143e-06,1.0
2010-06-09,0.9979289940828402,33.73,1754.91,119.97,0.095,9.429069822266856e-05,-0.0058974092859466,0.1344703902538714,0.11377129,-0.0206991002538713,3.7698412698412697e-06,1.0
2010-06-10,0.9714013346043852,30.57,1806.69,122.34,0.085,0.0001836210062432,0.029078868277619,0.1482517818706951,0.09345249,-0.054799291870695,3.3730158730158734e-06,1.0
2010-06-11,0.9302100161550888,28.79,1815.26,122.81,0.074,0.0001826984561981,0.0047322663169221,0.1372171503568486,0.08288641,-0.0543307403568485,2.9365079365079366e-06,1.0
2010-06-14,0.9315514993481094,28.58,1812.02,121.69,0.056,0.0002737600949035,-0.0017864630586508,0.1346439742122417,0.08168164,-0.0529623342122417,2.2222222222222225e-06,1.0
2010-06-15,0.9093145869947276,25.87,1854.61,124.8,0.081,8.939346533772955e-05,0.0232321862802578,0.1174476348531168,0.06692569,-0.0505219448531168,3.2142857142857147e-06,1.0
2010-06-16,0.9006254343293955,25.92,1853.62,121.48,0.094,8.933756197785237e-05,-0.0005339474754914,0.1174345438264234,0.06718464,-0.0502499038264234,3.73015873015873e-06,1.0
2010-06-17,0.8879829847571783,25.05,1856.25,122.13,0.092,8.915437079307374e-05,0.0014178396766377,0.1143920435915552,0.06275025,-0.0516417935915552,3.6507936507936503e-06,1.0
2010-06-18,0.8565808297567954,23.95,1858.7,122.98,0.099,8.969012063325813e-05,0.0013189950632975,0.1131922709484438,0.0573602499999999,-0.0558320209484438,3.928571428571429e-06,1.0
2010-06-21,0.9034132171387074,24.88,1851.55,121.73,0.113,8.969816567243041e-05,-0.0038541924942969,0.1093046722794662,0.0619014399999999,-0.0474032322794662,4.484126984126984e-06,1.0
2010-06-22,0.9298728085252664,27.05,1822.05,120.42,0.123,0.000365363536719,-0.0160608853056207,0.1119838338615129,0.07317025,-0.0388135838615129,4.880952380952381e-06,1.0
2010-06-23,0.9196855775803144,26.91,1816.65,119.84,0.125,0.000274788184108,-0.0029680951792202,0.0689713783333785,0.07241481,0.0034434316666214,4.96031746031746e-06,0.0
2010-06-24,0.948341836734694,29.74,1786.13,119.56,0.126,0.0006508903249801,-0.0169428774938051,0.0727791344130673,0.08844676,0.0156676255869326,5e-06,0.0
2010-06-25,0.9293159609120522,28.53,1791.24,119.37,0.132,9.259687948520872e-05,0.0028568492917845,0.0724462703531332,0.08139609,0.0089498196468667,5.2380952380952384e-06,0.0
2010-06-28,0.9366925064599484,29.0,1787.94,120.3,0.14,0.0,-0.0018439983097193,0.058707792224695,0.0841,0.0253922077753049,5.555555555555557e-06,0.0
2010-06-29,0.9927283304246656,34.13,1732.55,118.13,0.147,9.618621651522258e-05,-0.0314698074469536,0.0684593040301514,0.11648569,0.0480263859698486,5.833333333333333e-06,0.0
2010-06-30,0.9804144195288108,34.54,1715.23,116.87,0.175,9.712981399631786e-05,-0.010047129281311,0.0663208705732644,0.1193011599999999,0.0529802894267355,6.944444444444444e-06,1.0
2010-07-01,0.9527399246158306,32.86,1709.77,116.76,0.17,9.73757242319988e-05,-0.0031883238687652,0.0563817173018014,0.10797796,0.0515962426981985,6.746031746031747e-06,1.0
2010-07-02,0.9047762090717932,30.12,1701.86,114.65,0.165,9.809210848992216e-05,-0.0046370879455169,0.0557128211068964,0.09072144,0.0350086188931036,6.547619047619047e-06,1.0
2010-07-06,0.9262730396751016,29.65,1710.97,116.01,0.165,9.712038071194208e-05,0.0053386905515172,0.0432634787676856,0.08791225,0.0446487712323143,6.547619047619047e-06,1.0
2010-07-07,0.9030955585464334,26.84,1765.42,117.77,0.157,0.0,0.0313281612668697,0.0539196129962999,0.0720385599999999,0.0181189470037,6.23015873015873e-06,0.0
2010-07-08,0.8917793964620188,25.71,1782.1,117.22,0.15,9.327053117572276e-05,0.009403821779784,0.0535125319883103,0.06610041,0.0125878780116896,5.9523809523809525e-06,0.0
2010-07-09,0.8867589634362797,24.98,1794.94,117.97,0.15,9.284620026916952e-05,0.0071791510008142,0.0534724007545147,0.06240004,0.0089276392454852,5.9523809523809525e-06,0.0
2010-07-12,0.860514265586474,24.43,1796.3,118.72,0.142,0.0001849454410949,0.000757398594922,0.0431105657271395,0.05968249,0.0165719242728604,5.634920634920634e-06,0.0
2010-07-13,0.867231638418079,24.56,1824.07,119.33,0.152,0.0003644314868805,0.0153412743160835,0.0457997598291819,0.0603193599999999,0.014519600170818,6.031746031746031e-06,0.0
2010-07-14,0.8633368019424211,24.89,1823.82,120.07,0.15,0.0001824318161086,-0.0001370655367301,0.0457485691759033,0.06195121,0.0162026408240966,5.9523809523809525e-06,0.0
2010-07-15,0.8600752651385563,25.14,1826.0,118.58,0.152,0.0002737600949035,0.0011945796007704,0.0388461557300094,0.06320196,0.0243558042699905,6.031746031746031e-06,0.0
2010-07-16,0.8578431372549019,26.25,1773.43,118.67,0.15,0.0003746019853904,-0.0292122576948236,0.0485663598261066,0.06890625,0.0203398901738933,5.9523809523809525e-06,0.0
2010-07-19,0.8633643617021277,25.97,1784.06,118.78,0.152,0.0003741114852225,0.0059761414013072,0.0492204721662817,0.06744409,0.0182236178337182,6.031746031746031e-06,0.0
2010-07-20,0.8479801559177889,23.93,1804.48,119.07,0.155,0.0003684598378775,0.0113807957574198,0.0512487326986049,0.0572644899999999,0.006015757301395,6.1507936507936505e-06,0.0
2010-07-21,0.8817056396148556,25.64,1781.6,117.29,0.155,0.0002805442558563,-0.0127606246756594,0.0527492617501585,0.06574096,0.0129916982498414,6.1507936507936505e-06,0.0
2010-07-22,0.8827956989247312,24.63,1821.76,118.22,0.15,0.0004572682792995,0.0222912298195592,0.0566498489996272,0.0606636899999999,0.0040138410003727,5.9523809523809525e-06,0.0
2010-07-23,0.8695813264171915,23.47,1836.75,119.69,0.15,0.0002712109569226,0.0081946387376698,0.0573123328932349,0.0550840899999999,-0.0022282428932349,5.9523809523809525e-06,0.0
2010-07-26,0.8596822995461422,22.73,1857.34,119.29,0.157,0.0005383097075182,0.0111476511002065,0.0544168049833358,0.05166529,-0.0027515149833358,6.23015873015873e-06,0.0
2010-07-27,0.8794084186575655,23.19,1855.39,121.32,0.152,0.0,-0.0010504400693324,0.0545020142757855,0.05377761,-0.0007244042757855,6.031746031746031e-06,0.0
2010-07-28,0.9078996630475475,24.25,1842.66,121.91,0.151,0.0002708681323642,-0.0068847367034168,0.0552540005869865,0.05880625,0.0035522494130134,5.992063492063493e-06,0.0
2010-07-29,0.8897492625368731,24.13,1835.29,119.36,0.15,9.07317515765106e-05,-0.0040076726787469,0.0415320285715666,0.05822569,0.0166936614284333,5.9523809523809525e-06,0.0
2010-07-30,0.8658806190125277,23.5,1835.4,119.53,0.145,0.000452427272316,5.99342358155987e-05,0.0395001779979018,0.0552249999999999,0.0157248220020981,5.753968253968254e-06,0.0
2010-08-02,0.8665354330708662,22.01,1875.85,122.5,0.145,8.874295602778458e-05,0.0217994486284205,0.0429547174975892,0.04844401,0.0054892925024107,5.753968253968254e-06,0.0
2010-08-03,0.8700499807766243,22.63,1866.87,121.39,0.146,8.900360464603371e-05,-0.0047986583190599,0.0429918846775216,0.05121169,0.0082198053224783,5.793650793650793e-06,0.0
2010-08-04,0.8555469953775039,22.21,1878.81,120.99,0.15,8.849949112797128e-05,0.006375365990708,0.043029127609484,0.04932841,0.0062992823905159,5.9523809523809525e-06,0.0
2010-08-05,0.8448012232415902,22.1,1876.51,120.43,0.145,8.860927739138821e-05,-0.0012249290540281,0.0337014036449161,0.048841,0.0151395963550838,5.753968253968254e-06,0.0
2010-08-06,0.8323124042879019,21.74,1869.77,119.67,0.142,0.0002667022269636,-0.00359823999919,0.033601008068542,0.0472627599999999,0.0136617519314579,5.634920634920634e-06,0.0
2010-08-09,0.8505570495582021,22.14,1880.06,123.75,0.142,8.843687817824557e-05,0.005488262576579,0.033426852710968,0.04901796,0.0155911072890319,5.634920634920634e-06,0.0
2010-08-10,0.8502470543519575,22.37,1868.88,122.79,0.15,8.889283968180911e-05,-0.005964370271502,0.0342144645309825,0.05004169,0.0158272254690174,5.9523809523809525e-06,0.0
2010-08-11,0.8849773440223074,25.39,1817.13,118.45,0.15,9.170525929653723e-05,-0.0280809875947699,0.0421172911336652,0.06446521,0.0223479188663347,5.9523809523809525e-06,0.0
2010-08-12,0.8796581196581197,25.73,1807.61,115.18,0.152,0.0001843997787202,-0.0052528026228597,0.0424256093172077,0.06620329,0.0237776806827922,6.031746031746031e-06,0.0
2010-08-13,0.8755422088755422,26.24,1800.39,115.28,0.152,9.247699634720597e-05,-0.0040022226371204,0.0425375744978854,0.0688537599999999,0.0263161855021144,6.031746031746031e-06,0.0
2010-08-16,0.8758389261744967,26.1,1800.7,121.1,0.155,9.235742322793918e-05,0.0001721700933693,0.0317656431468432,0.068121,0.0363553568531567,6.1507936507936505e-06,0.0
2010-08-17,0.8515925796289814,24.33,1823.18,121.96,0.158,0.0004567252797442,0.0124067509722838,0.0331125609037351,0.0591948899999999,0.0260823290962648,6.26984126984127e-06,0.0
2010-08-18,0.8603918824352694,24.59,1826.14,121.26,0.155,9.157928476583283e-05,0.0016222203857858,0.0317106003188246,0.06046681,0.0287562096811753,6.1507936507936505e-06,0.0
2010-08-19,0.892338845764428,26.44,1795.24,120.26,0.15,9.28548214866532e-05,-0.0170657318134556,0.0333790334526698,0.06990736,0.0365283265473301,5.9523809523809525e-06,0.0
2010-08-20,0.8628977657413676,25.49,1788.67,119.62,0.15,9.289795160021474e-05,-0.0036663908188118,0.0271207734586551,0.0649740099999999,0.0378532365413448,5.9523809523809525e-06,0.0
2010-08-23,0.8760669170365313,25.66,1781.47,118.38,0.155,0.000186706497386,-0.0040334607389518,0.0261209479147578,0.06584356,0.0397226120852421,6.1507936507936505e-06,0.0
2010-08-24,0.9059716265258992,27.46,1755.65,117.39,0.155,9.4755294452126e-05,-0.0145997074621486,0.0258989255534681,0.07540516,0.0495062344465318,6.1507936507936505e-06,0.0
2010-08-25,0.8944723618090452,26.7,1761.62,117.01,0.155,9.428180832499792e-05,0.0033946815189736,0.026318713087196,0.071289,0.0449702869128039,6.1507936507936505e-06,1.0
2010-08-26,0.9012183075403358,27.37,1748.14,115.99,0.15,9.521542489888232e-05,-0.007681474677629,0.0264149773029194,0.07491169,0.0484967126970805,5.9523809523809525e-06,1.0
2010-08-27,0.8609154929577465,24.45,1777.6,116.03,0.143,0.0002804917956149,0.0167117743438595,0.0307832456779776,0.05978025,0.0289970043220223,5.674603174603174e-06,0.0
2010-08-30,0.906697767410863,27.21,1751.79,115.06,0.135,9.517917479646795e-05,-0.0146260175868725,0.032786336640968,0.07403841,0.0412520733590319,5.357142857142857e-06,0.0
2010-08-31,0.897038567493113,26.05,1752.55,115.02,0.137,0.0002835940823368,0.000433747873731,0.0253316966669414,0.06786025,0.0425285533330585,5.436507936507937e-06,1.0
2010-09-01,0.8754122389153537,23.89,1804.46,116.36,0.135,0.0001839249586168,0.0291895078597228,0.0378570098318682,0.05707321,0.0192162001681317,5.357142857142857e-06,0.0
2010-09-02,0.8711495116453795,23.19,1820.98,116.74,0.133,0.00027388505957,0.0091134396589611,0.0384985906850079,0.05377761,0.015279019314992,5.277777777777778e-06,0.0
2010-09-03,0.8419596997234294,21.31,1845.1,119.11,0.13,9.011038522194292e-05,0.0131586588569285,0.0410768686496037,0.0454116099999999,0.0043347413503962,5.158730158730158e-06,0.0
2010-09-07,0.8890549122151663,23.8,1824.05,118.73,0.13,0.0002734606444555,-0.0114741730085678,0.0423758511134529,0.056644,0.014268148886547,5.158730158730158e-06,0.0
2010-09-08,0.8840304182509505,23.25,1836.21,120.3,0.135,0.0,0.0066443611853455,0.0425861278202837,0.05405625,0.0114701221797162,5.357142857142857e-06,0.0
2010-09-09,0.8739463601532567,22.81,1845.09,119.31,0.14,0.0001803914494452,0.0048243920480888,0.0426668606549292,0.05202961,0.0093627493450707,5.555555555555557e-06,0.0
2010-09-10,0.8593200468933176,21.99,1854.1,121.09,0.137,8.963384574006996e-05,0.0048713463311044,0.0328853108337582,0.0483560099999999,0.0154706991662417,5.436507936507937e-06,0.0
2010-09-13,0.856969696969697,21.21,1875.41,121.89,0.142,8.875870944841003e-05,0.0114278990632993,0.0336130650011484,0.04498641,0.0113733449988515,5.634920634920634e-06,0.0
2010-09-14,0.8714632174616006,21.56,1874.07,120.98,0.145,8.875083203909576e-05,-0.0007147658112856,0.0332659337090681,0.0464833599999999,0.0132174262909318,5.753968253968254e-06,0.0
2010-09-15,0.8864821500200563,22.1,1880.74,119.74,0.151,8.837435376245774e-05,0.0035527800425926,0.0332550310114753,0.048841,0.0155859689885246,5.992063492063493e-06,0.0
2010-09-16,0.8701923076923076,21.72,1880.37,124.32,0.155,0.0,-0.0001967504280351,0.0318784727844154,0.0471758399999999,0.0152973672155845,6.1507936507936505e-06,0.0
2010-09-17,0.8761942675159236,22.01,1881.93,124.9,0.152,8.892445867227696e-05,0.0008292800092507,0.0318829917000673,0.04844401,0.0165610182999327,6.031746031746031e-06,0.0
2010-09-20,0.8743391622610818,21.5,1910.6,124.88,0.155,0.0001752694768207,0.0151194828562785,0.0293099144142118,0.0462249999999999,0.0169150855857881,6.1507936507936505e-06,0.0
2010-09-21,0.8961507618283882,22.35,1905.74,122.81,0.16,8.777704630243682e-05,-0.0025469442592663,0.0291378621686523,0.04995225,0.0208143878313476,6.349206349206349e-06,0.0
2010-09-22,0.8946740858505565,22.51,1896.77,121.75,0.157,8.816398501216765e-05,-0.0047179450618672,0.0292651315502119,0.05067001,0.021404878449788,6.23015873015873e-06,0.0
2010-09-23,0.9124617737003058,23.87,1880.97,121.57,0.155,8.887703861699244e-05,-0.0083648383042472,0.0269685144646659,0.05697769,0.0300091755353341,6.1507936507936505e-06,0.0
2010-09-24,0.8771717171717172,21.71,1920.84,123.0,0.145,0.000348523133223,0.0209749891360794,0.0307266838039622,0.04713241,0.0164057261960377,5.753968253968254e-06,0.0
2010-09-27,0.8944444444444445,22.54,1909.98,120.21,0.135,0.0002626165360878,-0.0056698195649427,0.0301769632355978,0.0508051599999999,0.0206281967644021,5.357142857142857e-06,0.0
2010-09-28,0.8918705603788477,22.6,1919.59,121.69,0.152,0.0001744591765527,0.0050188507702288,0.0281356928013655,0.051076,0.0229403071986344,6.031746031746031e-06,0.0
2010-09-29,0.8973369355461212,23.25,1914.84,119.27,0.16,0.0001745962461806,-0.0024775533415562,0.0243087923205819,0.05405625,0.0297474576794181,6.349206349206349e-06,0.0
2010-09-30,0.8977272727272727,23.7,1908.95,120.48,0.158,8.764625969578776e-05,-0.0030807155510131,0.0247939227006252,0.056169,0.0313750772993747,6.26984126984127e-06,0.0
2010-10-01,0.8754863813229572,22.5,1917.42,119.61,0.155,8.718015779600633e-05,0.0044271797208699,0.0164774977316504,0.050625,0.0341475022683495,6.1507936507936505e-06,0.0
2010-10-04,0.8939969604863223,23.53,1902.15,118.29,0.152,8.778475178865924e-05,-0.0079957070311747,0.0173075320049826,0.05536609,0.0380585579950174,6.031746031746031e-06,0.0
2010-10-05,0.8676236044657099,21.76,1941.82,117.77,0.118,0.0002587210555819,0.0206408522558918,0.0200688542950333,0.04734976,0.0272809057049666,4.682539682539682e-06,0.0
2010-10-06,0.8627057406663989,21.49,1941.5,116.57,0.12,8.616604196290651e-05,-0.0001648074331882,0.0176401972817059,0.0461820099999999,0.0285418127182939,4.7619047619047615e-06,0.0
2010-10-07,0.8662113298513459,21.56,1938.31,116.69,0.12,8.609186001455732e-05,-0.0016444107927122,0.017697466411734,0.0464833599999999,0.0287858935882659,4.7619047619047615e-06,0.0
2010-10-08,0.8607647547797175,20.71,1950.18,117.96,0.12,0.000171629623273,0.0061052166109974,0.0177896975904669,0.04289041,0.025100712409533,4.7619047619047615e-06,0.0
2010-10-11,0.7906588824020017,18.96,1950.47,115.87,0.12,8.56714499893349e-05,0.0001486931667975,0.0177915217317271,0.03594816,0.0181566382682728,4.7619047619047615e-06,0.0
2010-10-12,0.8100128369704749,18.93,1957.92,117.02,0.12,0.0001709986320109,0.0038123160805532,0.0167573948542811,0.03583449,0.0190770951457188,4.7619047619047615e-06,0.0
2010-10-13,0.8298520452567449,19.07,1972.08,118.43,0.132,8.483563096492814e-05,0.0072061380536839,0.0169583663103511,0.03636649,0.0194081236896488,5.2380952380952384e-06,0.0
2010-10-14,0.8438030560271647,19.88,1964.9,120.24,0.14,0.0,-0.0036474698678919,0.0173763011167349,0.0395214399999999,0.022145138883265,5.555555555555557e-06,0.0
2010-10-15,0.8202586206896553,19.03,1968.87,121.48,0.14,0.0,0.0020184206742243,0.01730783615452,0.03621409,0.0189062538454799,5.555555555555557e-06,0.0
2010-10-18,0.837280701754386,19.09,1983.17,120.57,0.14,0.0005918410484042,0.0072368004418251,0.017580787885506,0.0364428099999999,0.0188620221144939,5.555555555555557e-06,0.0
2010-10-19,0.8745231030097499,20.63,1951.67,119.57,0.14,0.0001712182176183,-0.0160111582350201,0.0193065211815048,0.0425596899999999,0.0232531688184951,5.555555555555557e-06,0.0
2010-10-20,0.8733451015004413,19.79,1972.51,120.04,0.137,8.476372112740086e-05,0.0106214271114905,0.0202061284290101,0.03916441,0.0189582815709898,5.436507936507937e-06,0.0
2010-10-21,0.8672367236723673,19.27,1976.12,118.17,0.127,8.473499131458632e-05,0.0018284827931666,0.0196715547772145,0.0371332899999999,0.0174617352227854,5.03968253968254e-06,0.0
2010-10-22,0.8674364896073904,18.78,1980.83,117.38,0.125,8.433480919253735e-05,0.0023806225625494,0.0182636000469622,0.03526884,0.0170052399530377,4.96031746031746e-06,0.0
2010-10-25,0.9059790050205386,19.85,1985.11,116.45,0.12,8.421407217150294e-05,0.0021583794316443,0.0137345099682053,0.03940225,0.0256677400317946,4.7619047619047615e-06,0.0
2010-10-26,0.9108108108108108,20.22,1985.13,116.44,0.132,0.0,1.00749576854142e-05,0.013085781927468,0.04088484,0.0277990580725319,5.2380952380952384e-06,0.0
2010-10-27,0.9163716814159292,20.71,1980.05,116.97,0.135,0.000168961730168,-0.0025623062657221,0.0131677251670266,0.04289041,0.0297226848329733,5.357142857142857e-06,0.0
2010-10-28,0.9153879877246822,20.88,1982.45,116.29,0.128,8.446302631027589e-05,0.0012113566150042,0.0129634333515596,0.0435974399999999,0.0306340066484403,5.07936507936508e-06,0.0
2010-10-29,0.9237472766884532,21.2,1981.59,116.04,0.116,8.44059928255338e-05,-0.0004339007747111,0.012731806575454,0.044944,0.0322121934245459,4.603174603174603e-06,0.0
2010-11-01,0.9373121511378274,21.83,1983.47,116.83,0.106,0.0001684068710003,0.0009482833252869,0.012644824660775,0.04765489,0.0350100653392249,4.206349206349206e-06,0.0
2010-11-02,0.9370112945264988,21.57,1998.86,116.14,0.123,8.349684799391229e-05,0.007729181969751,0.0118045823006722,0.04652649,0.0347219076993277,4.880952380952381e-06,0.0
2010-11-03,0.9034642032332564,19.56,2006.58,118.21,0.123,8.319121500761952e-05,0.0038547623029737,0.0074535309929929,0.03825936,0.030805829007007,4.880952380952381e-06,0.0
2010-11-04,0.9003403014098201,18.52,2045.62,116.59,0.12,8.175612148952217e-05,0.0192691416784014,0.0111398969190888,0.03429904,0.0231591430809111,4.7619047619047615e-06,0.0
2010-11-05,0.8838334946757019,18.26,2053.77,116.98,0.12,0.000162999185004,0.0039762065759884,0.010933733765754,0.03334276,0.0224090262342459,4.7619047619047615e-06,0.0
2010-11-08,0.8822961890979256,18.29,2049.69,118.27,0.116,8.166932091963834e-05,-0.001988566402253,0.0110365793670755,0.0334524099999999,0.0224158306329244,4.603174603174603e-06,0.0
2010-11-09,0.8862052949372967,19.08,2033.85,119.61,0.125,8.227405487671978e-05,-0.0077580136090077,0.0122293351566991,0.0364046399999999,0.0241753048433008,4.96031746031746e-06,0.0
2010-11-10,0.8679511278195488,18.47,2043.16,122.16,0.132,0.0,0.0045670803763048,0.0122707681853526,0.0341140899999999,0.0218433218146473,5.2380952380952384e-06,0.0
2010-11-11,0.8681881695388916,18.64,2034.48,123.59,0.13,0.0001645413410118,-0.0042573709844728,0.0123522205664405,0.03474496,0.0223927394335595,5.158730158730158e-06,0.0
2010-11-12,0.8988225032708242,20.61,2010.57,121.72,0.13,8.335764598012017e-05,-0.0118219940273867,0.0142110440257107,0.04247721,0.0282661659742892,5.158730158730158e-06,0.0
2010-11-15,0.8855765015344147,20.2,2008.25,122.04,0.132,8.326741329773017e-05,-0.0011545678869511,0.0142579533437995,0.0408039999999999,0.0265460466562004,5.2380952380952384e-06,0.0
2010-11-16,0.9377076411960132,22.58,1976.26,120.86,0.138,8.474935378622074e-05,-0.0160575264544908,0.0170749190102736,0.0509856399999999,0.0339107209897263,5.4761904761904765e-06,0.0
2010-11-17,0.9131347041544272,21.76,1977.0,120.34,0.137,8.457017210034348e-05,0.0003743745711858,0.0137541235731326,0.04734976,0.0335956364268673,5.436507936507937e-06,0.0
2010-11-18,0.8359340169415961,18.75,2007.38,121.73,0.138,0.000332585017045,0.0152498450230554,0.015178411920483,0.03515625,0.0199778380795169,5.4761904761904765e-06,0.0
2010-11-19,0.8429906542056075,18.04,2012.59,121.26,0.135,0.0,0.0025920605960089,0.0152045357841334,0.03254416,0.0173396242158665,5.357142857142857e-06,0.0
2010-11-22,0.8612283169245196,18.37,2009.52,122.34,0.13,0.0,-0.0015265622253951,0.0152390716920153,0.03374569,0.0185066183079846,5.158730158730158e-06,0.0
2010-11-23,0.9132359451084552,20.63,1980.89,119.86,0.141,8.453442664517439e-05,-0.0143496489188023,0.0178962221779853,0.0425596899999999,0.0246634678220146,5.595238095238094e-06,0.0
2010-11-24,0.8968363136176066,19.56,2010.56,122.16,0.157,8.326048041301459e-05,0.0148670515690984,0.0205866916204598,0.03825936,0.0176726683795401,6.23015873015873e-06,0.0
2010-11-26,1.018798716185236,22.22,1996.03,119.02,0.157,8.409368035996397e-05,-0.0072530823960028,0.0212252661881384,0.0493728399999999,0.0281475738118615,6.23015873015873e-06,0.0
2010-11-29,0.9220556745182013,21.53,1993.83,118.54,0.16,8.392430028107007e-05,-0.001102795698577,0.0212412092493204,0.04635409,0.0251128807506795,6.349206349206349e-06,0.0
2010-11-30,0.9344978165938864,23.54,1981.84,116.71,0.165,0.0003384094754652,-0.006031706027481,0.0217168923390878,0.0554131599999999,0.0336962676609121,6.547619047619047e-06,0.0
2010-12-01,0.8903709879116298,21.36,2024.97,118.69,0.161,0.0001653302471688,0.021529179523563,0.027288472501242,0.0456249599999999,0.0183364874987579,6.388888888888889e-06,0.0
2010-12-02,0.8817644383810824,19.39,2050.96,120.88,0.15,8.144317302606276e-05,0.0127530905844978,0.0284450457427424,0.03759721,0.0091521642572575,5.9523809523809525e-06,0.0
2010-12-03,0.8576190476190477,18.01,2056.4,120.42,0.137,0.0001627869119323,0.0026489049807675,0.0283825912901212,0.03243601,0.0040534187098787,5.436507936507937e-06,0.0
2010-12-06,0.8564638783269962,18.02,2053.8,121.15,0.13,8.147635148890622e-05,-0.0012651454171549,0.0240757134024347,0.03247204,0.0083963265975652,5.158730158730158e-06,0.0
2010-12-07,0.8578922269909394,17.99,2054.89,118.13,0.142,0.0001628797133316,0.0005305827529314,0.0238894293913104,0.0323640099999999,0.0084745806086895,5.634920634920634e-06,0.0
2010-12-08,0.8704612365063787,17.74,2063.03,119.53,0.14,8.105369807490096e-05,0.0039534573776221,0.0240114677696661,0.0314707599999999,0.0074592922303338,5.555555555555557e-06,0.0
2010-12-09,0.8633633633633634,17.25,2071.12,123.93,0.14,0.0002423361201987,0.0039137478448979,0.0232735152599575,0.0297562499999999,0.0064827347400424,5.555555555555557e-06,0.0
2010-12-10,0.8876008064516129,17.61,2083.57,123.01,0.122,0.0001605394124258,0.0059932448706999,0.023430983257648,0.03101121,0.0075802267423519,4.841269841269841e-06,0.0
2010-12-13,0.8577712609970675,17.55,2084.0,120.74,0.125,8.022141109454819e-05,0.0002063552629114,0.0230862800265213,0.03080025,0.0077139699734786,4.96031746031746e-06,0.0
2010-12-14,0.8636586562040215,17.61,2085.93,121.99,0.142,8.022141109454819e-05,0.0009256750774299,0.0208707241817982,0.03101121,0.0101404858182017,5.634920634920634e-06,0.0
2010-12-15,0.8649951783992287,17.94,2075.29,121.98,0.14,8.051205668041468e-05,-0.0051138960151285,0.0213488640902073,0.03218436,0.0108354959097926,5.555555555555557e-06,0.0
2010-12-16,0.835254562920269,17.39,2088.19,124.81,0.13,0.0001601794009291,0.0061967590956525,0.0174097912705695,0.03024121,0.0128314187294304,5.158730158730158e-06,0.0
2010-12-17,0.7939871858058157,16.11,2089.95,125.24,0.106,8.052502315087092e-05,0.0008424801964988,0.017385890600507,0.0259532099999999,0.0085673193994929,4.206349206349206e-06,0.0
2010-12-20,0.8164179104477611,16.41,2095.32,125.84,0.106,0.000160681288664,0.0025661440943262,0.0152877506903283,0.0269288099999999,0.0116410593096716,4.206349206349206e-06,0.0
2010-12-21,0.8282270215971873,16.49,2108.26,124.87,0.137,0.0001594896331738,0.0061566763919501,0.0154896656430408,0.0271920099999999,0.0117023443569591,5.436507936507937e-06,0.0
2010-12-22,0.7894736842105262,15.45,2115.69,123.65,0.135,7.94880966575662e-05,0.0035180376960758,0.0153198503628369,0.02387025,0.008550399637163,5.357142857142857e-06,0.0
2010-12-23,0.8057729941291584,16.47,2112.37,125.35,0.137,0.0002387679573401,-0.0015704605338409,0.0118689196417401,0.0271260899999999,0.0152571703582598,5.436507936507937e-06,0.0
2010-12-27,0.8398288973384032,17.67,2113.67,123.86,0.131,7.955765941370075e-05,0.0006152331927789,0.0100659118725802,0.03122289,0.0211569781274197,5.198412698412698e-06,0.0
2010-12-28,0.8271954674220963,17.52,2115.32,123.53,0.143,0.0002385401343776,0.0007803282030581,0.0088898870083028,0.03069504,0.0218051529916971,5.674603174603174e-06,0.0
2010-12-29,0.8291746641074856,17.28,2117.83,122.4,0.125,7.941234862025107e-05,0.001185878267556,0.0087297223172629,0.02985984,0.021130117682737,4.96031746031746e-06,0.0
2010-12-30,0.8338886244645406,17.52,2114.7,122.17,0.113,7.94817788021373e-05,-0.0014790210916751,0.0079568209466731,0.03069504,0.0227382190533268,4.484126984126984e-06,0.0
2010-12-31,0.8492822966507177,17.75,2114.29,120.74,0.125,0.0005552250644457,-0.0001938997260737,0.0035254502831102,0.03150625,0.0279807997168897,4.96031746031746e-06,0.0
2011-01-03,0.8540252182347235,17.61,2138.3,122.68,0.125,7.88177339900761e-05,0.0112920620737239,0.0031572001904839,0.03101121,0.027854009809516,4.96031746031746e-06,0.0
2011-01-04,0.8432799611838913,17.38,2135.53,121.96,0.14,7.879289288110244e-05,-0.0012962613804797,0.0032780539089848,0.0302064399999999,0.0269283860910151,5.555555555555557e-06,0.0
2011-01-05,0.8488778054862842,17.02,2146.5,121.23,0.14,0.000235211101964,0.0051237492495053,0.0032747029184442,0.0289680399999999,0.0256933370815557,5.555555555555557e-06,0.0
2011-01-06,0.8550368550368549,17.4,2142.76,121.01,0.145,0.0001569981945208,-0.0017438909965013,0.0034268634998295,0.0302759999999999,0.0268491365001704,5.753968253968254e-06,0.0
2011-01-07,0.8447511089206506,17.14,2138.81,121.22,0.14,0.000314663310258,-0.001845118085485,0.0035440101404069,0.0293779599999999,0.025833949859593,5.555555555555557e-06,0.0
2011-01-10,0.8564453124999999,17.54,2135.86,121.47,0.14,7.878668505026681e-05,-0.0013802237217453,0.003587366716863,0.03076516,0.0271777932831369,5.555555555555557e-06,0.0
2011-01-11,0.8386295928500497,16.89,2143.82,122.29,0.15,0.0003139717425432,0.0037199085814915,0.0033900094986556,0.0285272099999999,0.0251372005013443,5.9523809523809525e-06,0.0
2011-01-12,0.844513780551222,16.24,2163.36,121.94,0.147,7.769705916646072e-05,0.0090732841680728,0.0040762697217312,0.0263737599999999,0.0222974902782687,5.833333333333333e-06,0.0
2011-01-13,0.8536458333333334,16.39,2159.66,121.29,0.145,0.0003108486167235,-0.0017117667294908,0.0042165036193414,0.02686321,0.0226467063806585,5.753968253968254e-06,0.0
2011-01-14,0.8415895481763745,15.46,2175.68,123.52,0.15,7.730066092058056e-05,0.0073904574571375,0.0039601501003111,0.02390116,0.0199410098996888,5.9523809523809525e-06,0.0
2011-01-18,0.8634385201305768,15.87,2178.72,128.16,0.15,7.699711260820716e-05,0.0013962890381703,0.0037591819696815,0.0251856899999999,0.0214265080303183,5.9523809523809525e-06,0.0
2011-01-19,0.8813645621181262,17.31,2156.97,123.41,0.16,7.793928529668294e-05,-0.0100330892896702,0.0055014938406532,0.0299636099999999,0.0244621161593467,6.349206349206349e-06,0.0
2011-01-20,0.9040201005025126,17.99,2154.18,126.19,0.16,7.815247547958974e-05,-0.0012943184020495,0.0055769114461148,0.0323640099999999,0.026787098553885,6.349206349206349e-06,0.0
2011-01-21,0.9248873309964948,18.47,2159.43,133.99,0.155,7.787858728235586e-05,0.0024341572799769,0.0052894086739019,0.0341140899999999,0.028824681326098,6.1507936507936505e-06,0.0
2011-01-24,0.9014300306435138,17.65,2172.03,131.86,0.155,0.0003869220352099,0.0058179161486132,0.0054905916663412,0.0311522499999999,0.0256616583336587,6.1507936507936505e-06,0.0
2011-01-25,0.9095139607032058,17.59,2172.67,134.61,0.155,0.0003097893432465,0.0002946118280336,0.0053997025990102,0.03094081,0.0255411074009897,6.1507936507936505e-06,0.0
2011-01-26,0.8841657810839533,16.64,2181.92,131.76,0.16,7.706238199837651e-05,0.0042483971683547,0.0054917172030274,0.02768896,0.0221972427969725,6.349206349206349e-06,0.0
2011-01-27,0.8739177489177489,16.15,2186.93,130.56,0.145,0.0001538816649994,0.0022935107390409,0.0054912437601404,0.0260822499999999,0.0205910062398595,5.753968253968254e-06,0.0
2011-01-28,0.9732880038853812,20.04,2147.95,128.23,0.145,7.839140830157884e-05,-0.0179848349581455,0.0100944307899736,0.04016016,0.0300657292100263,5.753968253968254e-06,0.0
2011-01-31,0.9692307692307692,19.53,2164.4,130.3,0.15,0.0001554243083619,0.0076292878781609,0.0105961353287083,0.03814209,0.0275459546712916,5.9523809523809525e-06,0.0
2011-02-01,0.9293621507643648,17.63,2200.54,129.0,0.155,7.653744594535919e-05,0.016559598004243,0.0134154043049302,0.0310816899999999,0.0176662856950697,6.1507936507936505e-06,0.0
2011-02-02,0.9062336301728654,17.3,2194.94,127.52,0.155,0.0002299467290077,-0.0025480734890916,0.0124397042792391,0.029929,0.0174892957207608,6.1507936507936505e-06,0.0
2011-02-03,0.8821353065539111,16.69,2200.42,127.13,0.147,7.648476041141845e-05,0.0024935399327631,0.01236936374922,0.02785561,0.0154862462507799,5.833333333333333e-06,0.0
2011-02-04,0.8690671031096564,15.93,2206.8,127.45,0.15,7.623985056982354e-05,0.0028952511817809,0.0122212657142109,0.0253764899999999,0.013155224285789,5.9523809523809525e-06,0.0
2011-02-07,0.891566265060241,16.28,2220.6,127.63,0.147,7.576044547135046e-05,0.0062339272218895,0.0123691895662169,0.02650384,0.014134650433783,5.833333333333333e-06,0.0
2011-02-08,0.8857142857142857,15.81,2230.59,129.54,0.15,7.54233133460867e-05,0.0044886948315044,0.0122848835071428,0.02499561,0.0127107264928572,5.9523809523809525e-06,0.0
2011-02-09,0.8885778275475924,15.87,2224.64,129.33,0.136,7.556579891934035e-05,-0.0026710196948066,0.0124148550693884,0.0251856899999999,0.0127708349306115,5.396825396825397e-06,0.0
2011-02-10,0.8889502762430939,16.09,2226.51,129.24,0.115,0.0002268002268002,0.0008402323489513,0.0123851520534056,0.0258888099999999,0.0135036579465943,4.563492063492064e-06,0.0
2011-02-11,0.8784994400895857,15.69,2239.08,131.31,0.117,7.509480719401424e-05,0.0056297300913436,0.0118964812581881,0.0246176099999999,0.0127211287418118,4.642857142857143e-06,0.0
2011-02-14,0.8890746934225194,15.95,2244.89,127.41,0.115,0.0,0.002591455005938,0.0117554179529662,0.02544025,0.0136848320470337,4.563492063492064e-06,0.0
2011-02-15,0.8960043787629995,16.37,2237.9,131.78,0.125,7.515689000782312e-05,-0.0031185960819869,0.0116116118429761,0.02679769,0.0151860781570238,4.96031746031746e-06,0.0
2011-02-16,0.9126637554585152,16.72,2252.3,130.69,0.112,0.0,0.0064139901862235,0.0119205160639322,0.0279558399999999,0.0160353239360677,4.444444444444445e-06,0.0
2011-02-17,0.890499194847021,16.59,2259.42,130.97,0.094,7.450732034415605e-05,0.0031562268539039,0.0101476174482098,0.0275228099999999,0.0173751925517901,3.73015873015873e-06,0.0
2011-02-18,0.8693121693121694,16.43,2263.79,136.43,0.094,0.0005940888162779,0.0019322566759704,0.0099876362937661,0.02699449,0.0170068537062338,3.73015873015873e-06,0.0
2011-02-22,0.975609756097561,20.8,2217.35,125.9,0.106,0.000151699029126,-0.0207276106843675,0.0163839151624706,0.043264,0.0268800848375293,4.206349206349206e-06,0.0
2011-02-23,0.9848687138406764,22.13,2203.89,124.53,0.122,0.0003816939577847,-0.0060888083814412,0.016717677282856,0.04897369,0.0322560127171439,4.841269841269841e-06,0.0
2011-02-24,0.9577717879604672,21.32,2202.23,124.68,0.122,7.651402119431428e-05,-0.0007534974438007,0.0167413930747914,0.04545424,0.0287128469252085,4.841269841269841e-06,0.0
2011-02-25,0.9343704423918326,19.22,2226.05,128.76,0.13,7.557150954104914e-05,0.0107582310705444,0.0178413025959009,0.0369408399999999,0.019099537404099,5.158730158730158e-06,0.0
2011-02-28,0.9175,18.35,2238.55,129.37,0.14,7.51343025657681e-05,0.0055996204193975,0.0180841085714828,0.03367225,0.0155881414285171,5.555555555555557e-06,0.0
2011-03-01,0.9593607305936076,21.01,2203.32,122.43,0.14,0.000229735421373,-0.0158630210954436,0.01711708851766,0.04414201,0.0270249214823399,5.555555555555557e-06,0.0
2011-03-02,0.9547970479704796,20.7,2207.24,123.06,0.127,7.631548822826653e-05,0.0017775525249246,0.0165816808755087,0.042849,0.0262673191244912,5.03968253968254e-06,0.0
2011-03-03,0.9099804305283756,18.6,2245.33,125.71,0.126,7.493724006138039e-05,0.0171096374453601,0.0168019071672452,0.034596,0.0177940928327547,5e-06,0.0
2011-03-04,0.9163461538461536,19.06,2228.78,125.9,0.116,7.549733871895608e-05,-0.0073981531457228,0.0175128903862402,0.03632836,0.0188154696137597,4.603174603174603e-06,0.0
2011-03-07,0.9455377574370708,20.66,2210.26,122.95,0.105,0.0,-0.0083441948959084,0.0184403314814916,0.04268356,0.0242432285185083,4.166666666666666e-06,0.0
2011-03-08,0.924009324009324,19.82,2230.4,123.37,0.11,0.0002264578222306,0.0090707859154551,0.019315481708221,0.03928324,0.0199677582917789,4.365079365079366e-06,0.0
2011-03-09,0.9266727772685608,20.22,2227.7,122.6,0.096,0.0003030073479281,-0.0012112784953766,0.0189060879348276,0.04088484,0.0219787520651723,3.80952380952381e-06,0.0
2011-03-10,0.9613356766256588,21.88,2185.65,119.26,0.072,7.69852573233714e-05,-0.0190563959428548,0.0229854317142365,0.0478734399999999,0.0248880082857634,2.857142857142857e-06,0.0
2011-03-11,0.9181527206218564,20.08,2201.81,118.54,0.074,0.0001525785779677,0.0073664822365933,0.0237639780614414,0.0403206399999999,0.0165566619385585,2.9365079365079366e-06,0.0
2011-03-14,0.9395286794130724,21.13,2188.56,121.52,0.079,0.0001538224888479,-0.0060359560710468,0.0241006498570444,0.04464769,0.0205470401429555,3.134920634920635e-06,0.0
2011-03-15,1.012068248023304,24.32,2164.06,121.52,0.094,0.0003113325031132,-0.0112577062789857,0.0247786835610698,0.05914624,0.0343675564389302,3.73015873015873e-06,0.0
2011-03-16,1.092530657748049,29.4,2121.94,122.46,0.089,7.906700929041404e-05,-0.019655322452421,0.0283551174878705,0.0864359999999999,0.0580808825121293,3.5317460317460317e-06,1.0
2011-03-17,1.036556603773585,26.37,2150.43,125.85,0.079,0.0007041978013378,0.0133370575622616,0.0314236053890386,0.06953769,0.0381140846109613,3.134920634920635e-06,1.0
2011-03-18,1.0041084634346755,24.44,2159.69,126.81,0.069,0.0001563966218329,0.0042968707355494,0.0310339045778853,0.05973136,0.0286974554221146,2.7380952380952382e-06,0.0
2011-03-21,0.9389521640091116,20.61,2192.09,124.59,0.074,7.710992019116247e-05,0.0148907337592698,0.0342108541402705,0.04247721,0.0082663558597294,2.9365079365079366e-06,0.0
2011-03-22,0.931336405529954,20.21,2184.57,120.83,0.091,7.738440704191066e-05,-0.0034364137951165,0.0341004094087898,0.04084441,0.0067440005912101,3.611111111111111e-06,0.0
2011-03-23,0.915910176779742,19.17,2190.96,120.75,0.089,7.714561234322781e-05,0.0029207911008575,0.0294698323285217,0.03674889,0.0072790576714782,3.5317460317460317e-06,0.0
2011-03-24,0.8964143426294822,18.0,2211.42,119.97,0.079,0.0,0.0092950391869659,0.0301703478559034,0.0324,0.0022296521440965,3.134920634920635e-06,0.0
2011-03-25,0.8941587618572141,17.91,2218.42,121.43,0.085,0.0003043213633598,0.0031603876556993,0.0302638327658907,0.03207681,0.0018129772341092,3.3730158730158734e-06,0.0
2011-03-28,0.9319271332694152,19.44,2212.32,122.68,0.084,7.654916370031696e-05,-0.0027534921272924,0.0289102682269205,0.03779136,0.0088810917730794,3.3333333333333333e-06,0.0
2011-03-29,0.9093640460691036,18.16,2228.41,124.11,0.099,0.0003029155622869,0.0072465880209648,0.0291874502666156,0.03297856,0.0037911097333843,3.928571428571429e-06,0.0
2011-03-30,0.8967088607594937,17.71,2243.55,123.5,0.094,7.53097111871891e-05,0.0067711061121724,0.0264104557248227,0.03136441,0.0049539542751772,3.73015873015873e-06,0.0
2011-03-31,0.8941532258064515,17.74,2239.44,124.64,0.094,7.546885023199808e-05,-0.001833598179569,0.0264835902933339,0.0314707599999999,0.004987169706666,3.73015873015873e-06,0.0
2011-04-01,0.8882082695252679,17.4,2250.58,128.64,0.061,7.510608734852476e-05,0.0049621261633846,0.0232278973329203,0.0302759999999999,0.0070481026670796,2.4206349206349204e-06,0.0
2011-04-04,0.9025270758122744,17.5,2251.64,128.05,0.038,7.49934380741003e-05,0.0004708788195981,0.0224818531078002,0.0306249999999999,0.0081431468921997,1.5079365079365078e-06,0.0
2011-04-05,0.8891752577319588,17.25,2251.26,128.06,0.068,0.0002254029076975,-0.000168780119879,0.0214647160654412,0.0297562499999999,0.0082915339345587,2.6984126984126986e-06,0.0
2011-04-06,0.87203302373581,16.9,2257.11,125.18,0.058,0.0002249465751884,0.0025951744347859,0.0206305240209427,0.0285609999999999,0.0079304759790572,2.3015873015873014e-06,0.0
2011-04-07,0.8774358974358974,17.11,2253.76,126.46,0.038,0.0001500712838599,-0.0014853013347203,0.0206437038736286,0.02927521,0.0086315061263713,1.5079365079365078e-06,0.0
2011-04-08,0.8912718204488779,17.87,2244.74,125.92,0.041,7.527569724107724e-05,-0.0040102310051194,0.0159248726349095,0.03193369,0.0160088173650904,1.626984126984127e-06,0.0
2011-04-11,0.8290854572713643,16.59,2238.51,122.94,0.038,7.55486722320168e-05,-0.0027792356036895,0.0156014777065775,0.0275228099999999,0.0119213322934224,1.5079365079365078e-06,0.0
2011-04-12,0.8406296114117069,17.09,2221.12,121.94,0.048,0.0002285453091075,-0.0077988927970177,0.0159418976037978,0.02920681,0.0132649123962021,1.904761904761905e-06,0.0
2011-04-13,0.846423211605803,16.92,2221.77,124.55,0.053,0.0001522765341859,0.0002926023397551,0.0140613707131838,0.02862864,0.0145672692868161,2.103174603174603e-06,0.0
2011-04-14,0.815130260521042,16.27,2221.99,125.09,0.068,0.0001521143900213,9.90152484290868e-05,0.0083356988112147,0.0264712899999999,0.0181355911887852,2.6984126984126986e-06,0.0
2011-04-15,0.7991653625456442,15.32,2230.71,130.45,0.063,7.558293337357549e-05,0.0039167296910301,0.006755316302264,0.02347024,0.0167149236977359,2.5e-06,0.0
2011-04-18,0.8514056224899598,16.96,2206.15,129.37,0.053,7.66136755410144e-05,-0.0110710055551071,0.0086012424544538,0.02876416,0.0201629175455461,2.103174603174603e-06,0.0
2011-04-19,0.8253388946819604,15.83,2218.86,129.4,0.056,7.604851895502418e-05,0.0057446355842669,0.0064066156532582,0.02505889,0.0186522743467417,2.2222222222222225e-06,0.0
2011-04-20,0.8154761904761905,15.07,2248.9,131.13,0.058,0.0003001425677196,0.0134476573048468,0.0081194282989217,0.02271049,0.0145910617010782,2.3015873015873014e-06,0.0
2011-04-21,0.8005449591280653,14.69,2260.84,131.78,0.053,0.0004492026652691,0.0052952178613944,0.0082791569913421,0.02157961,0.0133004530086578,2.103174603174603e-06,0.0
2011-04-25,0.8501347708894879,15.77,2257.24,130.88,0.048,0.0001497454327641,-0.0015935976175129,0.007561645915652,0.02486929,0.0173076440843479,1.904761904761905e-06,0.0
2011-04-26,0.8549534756431308,15.62,2277.51,127.45,0.058,0.0001486325802614,0.008939912895516,0.0082805407736699,0.02439844,0.01611789922633,2.3015873015873014e-06,0.0
2011-04-27,0.8575418994413408,15.35,2292.13,126.93,0.053,0.000294963498267,0.0063987753450174,0.0083619428334654,0.02356225,0.0152003071665345,2.103174603174603e-06,0.0
2011-04-28,0.8344748858447488,14.62,2300.46,124.99,0.041,0.0001470912701329,0.0036275866710525,0.0080121364282013,0.0213744399999999,0.0133623035717986,1.626984126984127e-06,0.0
2011-04-29,0.8428571428571429,14.75,2305.76,127.45,0.041,7.310208706472696e-05,0.0023012371701442,0.0076598726936876,0.0217562499999999,0.0140963773063123,1.626984126984127e-06,0.0
2011-05-02,0.8694942903752039,15.99,2301.72,124.15,0.033,7.342413451294765e-05,-0.0017536705684546,0.0076536328544631,0.02556801,0.0179143771455368,1.3095238095238096e-06,0.0
2011-05-03,0.8738880167451596,16.7,2293.95,127.49,0.025,7.370011423511003e-05,-0.0033814470593549,0.0077203338924644,0.0278889999999999,0.0201686661075355,9.92063492063492e-07,0.0
2011-05-04,0.8786008230452673,17.08,2278.63,125.29,0.018,0.0001484009794465,-0.0067008373057872,0.0084167015132975,0.0291726399999999,0.0207559384867024,7.142857142857142e-07,0.0
2011-05-05,0.9173387096774194,18.2,2258.08,124.89,0.013,0.0002239390885679,-0.0090594904907578,0.0095301779757624,0.033124,0.0235938220242375,5.158730158730158e-07,0.0
2011-05-06,0.9241587142139628,18.4,2266.97,124.61,0.008,0.0001492871538402,0.0039292434062335,0.0096339384200158,0.033856,0.0242220615799841,3.174603174603175e-07,0.0
2011-05-09,0.89375,17.16,2277.3,124.67,0.008,0.0001483899688379,0.004546392618902,0.0098132006586178,0.02944656,0.0196333593413821,3.174603174603175e-07,0.0
2011-05-10,0.8660860097985846,15.91,2295.72,126.23,0.028,0.0001472211998528,0.0080559890924578,0.0101904884603652,0.0253128099999999,0.0151223215396347,1.1111111111111112e-06,0.0
2011-05-11,0.889763779527559,16.95,2271.47,126.23,0.018,0.0,-0.0106193208028984,0.0116884617202442,0.0287302499999999,0.0170417882797557,7.142857142857142e-07,0.0
2011-05-12,0.8693058568329718,16.03,2282.84,122.59,0.018,0.0002957267484843,0.0049930828696317,0.0109136713242564,0.0256960899999999,0.0147824186757435,7.142857142857142e-07,0.0
2011-05-13,0.8951232302045097,17.07,2264.52,121.9,0.025,0.0002987973407036,-0.0080574659210188,0.0119634226224036,0.0291384899999999,0.0171750673775963,9.92063492063492e-07,0.0
2011-05-16,0.917966784096628,18.24,2250.61,123.58,0.023,7.515124187420362e-05,-0.0061615253634039,0.0125613147159986,0.0332697599999999,0.0207084452840013,9.126984126984128e-07,0.0
2011-05-17,0.9023136246786632,17.55,2250.35,121.14,0.038,7.516818882242195e-05,-0.0001155309090902,0.0124203600256642,0.03080025,0.0183798899743357,1.5079365079365078e-06,0.0
2011-05-18,0.8758769562871019,16.23,2270.57,121.14,0.041,0.0001488649050986,0.0089451416198635,0.0114332721152899,0.02634129,0.01490801788471,1.626984126984127e-06,0.0
2011-05-19,0.8541552008805723,15.52,2275.71,127.16,0.043,7.425283088932115e-05,0.0022611903314622,0.0111949170603267,0.02408704,0.0128921229396732,1.7063492063492063e-06,0.0
2011-05-20,0.9149606299212598,17.43,2258.21,129.15,0.046,0.0002249971875351,-0.0077196275654891,0.0100409762545959,0.03038049,0.020339513745404,1.8253968253968256e-06,0.0
2011-05-23,0.9231935320869126,18.27,2231.31,124.78,0.048,0.0,-0.0119836071196453,0.0114036520771937,0.03337929,0.0219756379228062,1.904761904761905e-06,0.0
2011-05-24,0.9295774647887324,17.82,2229.49,123.13,0.053,0.0001516760200213,-0.0008159971758372,0.01139194890111,0.03175524,0.0203632910988899,2.103174603174603e-06,0.0
2011-05-25,0.904610492845787,17.07,2236.75,123.14,0.048,0.0002270061670008,0.003251059680841,0.0104142425156287,0.0291384899999999,0.0187242474843712,1.904761904761905e-06,0.0
2011-05-26,0.8845519516217701,16.09,2246.13,125.43,0.048,7.510044684759043e-05,0.00418481587242,0.0100680850574784,0.0258888099999999,0.0158207249425215,1.904761904761905e-06,0.0
2011-05-27,0.8814120242691672,15.98,2255.74,125.43,0.046,7.490917262812018e-05,0.0042693434492862,0.0101473058261687,0.02553604,0.0153887341738312,1.8253968253968256e-06,0.0
2011-05-31,0.8798405466970387,15.45,2279.66,123.91,0.048,7.408230544148851e-05,0.0105482302721457,0.0116359897080852,0.02387025,0.0122342602919147,1.904761904761905e-06,0.0
2011-06-01,0.9452479338842976,18.3,2227.96,119.33,0.043,7.585239124656506e-05,-0.0229399404569101,0.0176691381005199,0.033489,0.01581986189948,1.7063492063492063e-06,0.0
2011-06-02,0.936335403726708,18.09,2225.36,119.2,0.038,0.0002276953436302,-0.0011676682993425,0.0176258304787698,0.03272481,0.0150989795212301,1.5079365079365078e-06,0.0
2011-06-03,0.9219311761684644,17.95,2203.81,116.8,0.033,7.686690495400212e-05,-0.0097310196050795,0.0181373114970778,0.03222025,0.0140829385029221,1.3095238095238096e-06,0.0
2011-06-06,0.9263527054108216,18.49,2180.14,116.02,0.025,7.748634303197012e-05,-0.0107985857556321,0.0185009637222917,0.0341880099999999,0.0156870462777081,9.92063492063492e-07,0.0
2011-06-07,0.9266666666666666,18.07,2178.15,116.07,0.038,0.000232477042892,-0.0009132022597369,0.0180987572283289,0.03265249,0.014553732771671,1.5079365079365078e-06,0.0
2011-06-08,0.9418546365914788,18.79,2169.5,118.76,0.036,0.0001559332605645,-0.0039791664064508,0.0175853115726853,0.0353064099999999,0.0177210984273146,1.4285714285714284e-06,0.0
2011-06-09,0.9226375908618898,17.77,2185.52,117.27,0.038,7.734251131149174e-05,0.0073570602470679,0.0174086109370483,0.03157729,0.0141686790629516,1.5079365079365078e-06,0.0
2011-06-10,0.9378418697165588,18.86,2155.0,122.65,0.043,0.0003921107320708,-0.014063062947625,0.0182692038553666,0.03556996,0.0173007561446333,1.7063492063492063e-06,0.0
2011-06-13,0.9593933463796476,19.61,2157.15,120.99,0.041,0.0002348612361529,0.0009971824626501,0.0177056274405998,0.03845521,0.0207495825594001,1.626984126984127e-06,0.0
2011-06-14,0.939783839423572,18.26,2184.48,125.3,0.048,7.723498744924429e-05,0.0125899079359431,0.02003215692824,0.03334276,0.0133106030717599,1.904761904761905e-06,0.0
2011-06-15,0.9971936389148738,21.32,2146.45,124.32,0.048,0.0002359325232983,-0.017562499277115,0.0228698607460193,0.04545424,0.0225843792539806,1.904761904761905e-06,0.0
2011-06-16,1.0053073861123396,22.73,2150.58,122.35,0.036,0.0001569365976145,0.0019222585235488,0.0230296341672539,0.05166529,0.0286356558327461,1.4285714285714284e-06,0.0
2011-06-20,0.9420358152686144,19.99,2168.8,117.44,0.023,0.0001565067689177,0.0084364460015805,0.0228903883839881,0.03996001,0.0170696216160118,9.126984126984128e-07,0.0
2011-06-21,0.92,18.86,2198.15,116.52,0.023,0.0002321352574766,0.0134420783086574,0.0256429095674131,0.03556996,0.0099270504325868,9.126984126984128e-07,0.0
2011-06-22,0.8938223938223938,18.52,2184.03,114.74,0.015,7.785433454000471e-05,-0.0064443034589229,0.0254674000601658,0.03429904,0.0088316399398341,5.952380952380952e-07,0.0
2011-06-23,0.9216435738174868,19.29,2177.85,116.79,0.008,0.0002340732649319,-0.002833642436384,0.0240756307813359,0.0372104099999999,0.013134779218664,3.174603174603175e-07,0.0
2011-06-24,0.9625912408759124,21.1,2152.31,115.92,0.01,0.0002365464222353,-0.0117964676460211,0.0254287314067579,0.044521,0.019092268593242,3.9682539682539683e-07,0.0
2011-06-27,0.9562790697674418,20.56,2172.08,119.46,0.015,7.806096561429551e-05,0.0091435498362671,0.0265772602139176,0.0422713599999999,0.0156940997860823,5.952380952380952e-07,0.0
2011-06-28,0.9342105263157896,19.17,2200.68,122.15,0.025,7.702676680161238e-05,0.0130811697086915,0.0287783963361946,0.03674889,0.0079704936638053,9.92063492063492e-07,0.0
2011-06-29,0.8892893923789906,17.27,2219.2,128.73,0.025,7.641462575930084e-05,0.008380367063823,0.0295243437764542,0.0298252899999999,0.0003009462235457,9.92063492063492e-07,0.0
2011-06-30,0.8736118455843469,16.52,2241.66,122.09,0.015,7.580639047864841e-05,0.0100698922592455,0.0293905655892993,0.0272910399999999,-0.0020995255892993,5.952380952380952e-07,0.0
2011-07-01,0.8851087562744004,15.87,2274.26,119.63,0.018,7.465193535156827e-05,0.0144380619266655,0.0253022009737411,0.0251856899999999,-0.0001165109737411,7.142857142857142e-07,0.0
2011-07-05,0.8868028713418,16.06,2271.29,121.78,0.0,7.457955774315475e-05,-0.0013067727437361,0.0253099597358294,0.0257923599999999,0.0004824002641705,0.0,0.0
2011-07-06,0.8875611080934275,16.34,2274.42,121.51,0.008,0.0,0.0013771228233486,0.0237943749247199,0.0266995599999999,0.00290518507528,3.174603174603175e-07,0.0
2011-07-07,0.8975801913337085,15.95,2298.31,121.86,0.023,0.0002212144674261,0.0104489953974031,0.0226257949277481,0.02544025,0.0028144550722518,9.126984126984128e-07,0.0
2011-07-08,0.8880846325167037,15.95,2282.32,119.68,0.025,7.426937502335273e-05,-0.0069816007621922,0.0235917349862569,0.02544025,0.001848515013743,9.92063492063492e-07,0.0
2011-07-11,0.9204204204204204,18.39,2241.07,123.08,0.015,0.0002267316630767,-0.0182390390928773,0.028261178180075,0.03381921,0.0055580318199249,5.952380952380952e-07,0.0
2011-07-12,0.9493549928332538,19.87,2231.15,119.21,0.023,0.0003802715138607,-0.004436282771999,0.0282030398642865,0.03948169,0.0112786501357135,9.126984126984128e-07,0.0
2011-07-13,0.954916067146283,19.91,2238.29,124.79,0.0,7.590997077480795e-05,0.0031950338628117,0.0252331275013344,0.03964081,0.0144076824986655,0.0,0.0
2011-07-14,0.9634089856415008,20.8,2223.29,126.63,0.008,7.625147737252148e-05,-0.006724100662487,0.0261058807256087,0.043264,0.0171581192743912,3.174603174603175e-07,0.0
2011-07-15,0.9326647564469914,19.53,2235.65,129.24,0.008,0.0001516300227445,0.0055439327092221,0.0247215314270354,0.03814209,0.0134205585729645,3.174603174603175e-07,0.0
2011-07-18,0.9592490842490842,20.95,2217.55,123.92,0.008,0.0003064429633036,-0.0081290306621195,0.0213522888899883,0.04389025,0.0225379611100116,3.174603174603175e-07,0.0
2011-07-19,0.9370731707317074,19.21,2253.71,126.12,0.018,0.000678502770553,0.016174764318725,0.0239229532505222,0.03690241,0.0129794567494777,7.142857142857142e-07,0.0
2011-07-20,0.9371624938635248,19.09,2252.52,122.97,0.018,0.0003016136329361,-0.000528157696195,0.023485346245705,0.0364428099999999,0.0129574637542949,7.142857142857142e-07,0.0
2011-07-21,0.9145833333333332,17.56,2283.23,122.42,0.038,7.422527370562929e-05,0.0135415176232666,0.0235146294294926,0.0308353599999999,0.0073207305705073,1.5079365079365078e-06,0.0
2011-07-22,0.9125,17.52,2285.34,121.59,0.033,7.430800668786422e-05,0.000923702668461,0.0226337814591608,0.03069504,0.0080612585408391,1.3095238095238096e-06,0.0
2011-07-25,0.9550839091806516,19.35,2272.47,119.45,0.035,7.472445357757764e-05,-0.0056474641137464,0.0230828259467554,0.03744225,0.0143594240532445,1.3888888888888892e-06,0.0
2011-07-26,0.968405935854476,20.23,2263.15,120.12,0.069,7.51343025657681e-05,-0.0041096975132819,0.0211145148749922,0.04092529,0.0198107751250077,2.7380952380952382e-06,0.0
2011-07-27,1.012780960775672,22.98,2217.29,119.44,0.079,0.0001533389557617,-0.020471918671928,0.0266001088332509,0.05280804,0.0262079311667491,3.134920634920635e-06,0.0
2011-07-28,1.0344226579520697,23.74,2210.33,120.36,0.074,0.0001536216299253,-0.0031439038276975,0.0248117163372345,0.0563587599999999,0.0315470436627654,2.9365079365079366e-06,0.0
2011-07-29,1.1021388040157136,25.25,2196.08,120.65,0.094,0.0006170458927881,-0.0064678727930911,0.0243995905938475,0.06375625,0.0393566594061524,3.73015873015873e-06,0.0
2011-08-01,1.0571939231456655,23.66,2187.0,118.64,0.076,7.787252268030141e-05,-0.004143211161597,0.0230383814234359,0.05597956,0.032941178576564,3.0158730158730155e-06,0.0
2011-08-02,1.0504237288135592,24.79,2131.1,116.08,0.058,0.000239492276374,-0.0258924633534876,0.0266884567932937,0.0614544099999999,0.0347659532067062,2.3015873015873014e-06,0.0
2011-08-03,1.0112456747404843,23.38,2142.56,117.27,0.013,7.941234862025107e-05,0.0053630974239758,0.0275230410032403,0.0546624399999999,0.0271393989967596,5.158730158730158e-07,0.0
2011-08-04,1.1085434173669468,31.66,2040.2,113.17,0.008,0.0003321155762204,-0.0489535334988374,0.0526505451331031,0.10023556,0.0475850148668968,3.174603174603175e-07,1.0
2011-08-05,1.081446434606286,32.0,2039.04,119.36,0.008,0.0001663063362713,-0.0005687334068442,0.0497692479996176,0.1024,0.0526307520003823,3.174603174603175e-07,1.0
2011-08-08,1.2598425196850394,48.0,1903.47,121.06,0.023,0.0002685404824777,-0.0688005725845117,0.097625171587686,0.2304,0.1327748284123139,9.126984126984128e-07,1.0
2011-08-09,1.1284196974573544,35.06,1993.76,124.51,0.028,8.500148752607518e-05,0.0463437669374947,0.1320598588100182,0.12292036,-0.0091394988100182,1.1111111111111112e-06,1.0
2011-08-10,1.1752323674138874,42.99,1906.53,118.65,0.013,0.0002655924925855,-0.0447374673795155,0.1504005728124589,0.18481401,0.034413437187541,5.158730158730158e-07,1.0
2011-08-11,1.153163808397398,39.0,1995.14,119.99,0.013,8.520427725476177e-05,0.0454293874853376,0.1831746791793523,0.1521,-0.0310746791793523,5.158730158730158e-07,1.0
2011-08-12,1.1102290076335877,36.36,2005.67,119.79,0.013,0.0004228866240961,0.0052639462082679,0.1845222168731764,0.1322049599999999,-0.0523172568731764,5.158730158730158e-07,1.0
2011-08-15,1.0595079787234043,31.87,2049.51,121.76,0.003,0.0005815644082582,0.0216225706626803,0.1918582988866221,0.1015696899999999,-0.0902886088866221,1.1904761904761907e-07,1.0
2011-08-16,1.0791721419185285,32.85,2029.92,122.41,0.008,0.0008350033400134,-0.0096043567790394,0.1920327384341989,0.10791225,-0.0841204884341989,3.174603174603175e-07,1.0
2011-08-17,1.0516150516150515,31.58,2032.41,126.16,0.008,0.000334672021419,0.0012258976064652,0.1870352488831957,0.0997296399999999,-0.0873056088831957,3.174603174603175e-07,1.0
2011-08-18,1.1658469945355192,42.67,1941.92,124.44,0.003,0.0003480985118789,-0.0455451066407021,0.2063694163090602,0.18207289,-0.0242965263090602,1.1904761904761907e-07,1.0
2011-08-19,1.1358839050131926,43.05,1912.77,124.05,0.003,0.0003540763034433,-0.0151247211512324,0.2013442740454732,0.18533025,-0.0160140240454732,1.1904761904761907e-07,1.0
2011-08-22,1.1092524830109776,42.44,1913.27,119.4,-0.003,0.0006199353495993,0.0002613668455354,0.2011934100649205,0.18011536,-0.0210780500649205,-1.1904761904761907e-07,1.0
2011-08-23,1.0425409600459905,36.27,1978.89,124.05,0.008,8.59069627592535e-05,0.0337222613772891,0.222585414889493,0.13155129,-0.091034124889493,3.174603174603175e-07,1.0
2011-08-24,1.0316091954022988,35.9,2005.13,123.37,-0.008,8.495094083171317e-05,0.0131728151143767,0.2272486393278416,0.128881,-0.0983676393278416,-3.174603174603175e-07,1.0
2011-08-25,1.08604206500956,39.76,1973.96,120.81,-0.003,8.600301010539768e-05,-0.0156672191804182,0.2257448767102464,0.1580857599999999,-0.0676591167102464,-1.1904761904761907e-07,1.0
2011-08-26,1.0342923568730022,35.59,2004.11,122.97,-0.003,8.464891861010807e-05,0.015158394554301,0.2308675814332549,0.12666481,-0.1042027714332548,-1.1904761904761907e-07,1.0
2011-08-29,1.0093808630393997,32.28,2061.05,122.97,0.003,0.000247127146917,0.0280154897462133,0.2435691852786747,0.10419984,-0.1393693452786747,1.1904761904761907e-07,1.0
2011-08-30,1.0129350169387128,32.89,2066.37,119.9,0.008,8.262755629006499e-05,0.002577883009804,0.2439213321564569,0.10817521,-0.1357461221564569,3.174603174603175e-07,1.0
2011-08-31,0.9984212188190716,31.62,2076.78,120.01,0.013,8.168266285485085e-05,0.0050251725891715,0.2373237037739073,0.09998244,-0.1373412637739073,5.158730158730158e-07,1.0
2011-09-01,0.994685839324789,31.82,2052.3,120.23,0.013,0.0003314001657,-0.0118575018280299,0.2380213712564661,0.1012512399999999,-0.1367701312564661,5.158730158730158e-07,1.0
2011-09-02,1.003847292098254,33.92,2000.5,119.33,0.018,0.0,-0.0255639661377723,0.2169402156466944,0.11505664,-0.1018835756466944,7.142857142857142e-07,1.0
2011-09-06,1.0457885811192764,37.0,1985.67,121.04,0.02,0.0001708963513629,-0.00744076064079,0.2174433550866016,0.1369,-0.0805433550866016,7.936507936507937e-07,1.0
2011-09-07,1.012742718446602,33.38,2043.05,118.75,0.02,0.0,0.0284874006746636,0.1654437617090774,0.11142244,-0.0540213217090774,7.936507936507937e-07,1.0
2011-09-08,1.0180955206170277,34.32,2021.42,118.59,0.013,0.0001678133915086,-0.0106435546067683,0.1427003060572692,0.11778624,-0.0249140660572692,5.158730158730158e-07,1.0
2011-09-09,1.0513100436681224,38.52,1967.47,116.9,0.008,0.0004296086265411,-0.027051781325451,0.1262227387121039,0.14837904,0.0221563012878961,3.174603174603175e-07,1.0
2011-09-12,1.0412844036697249,38.59,1981.3,117.23,0.008,8.557614137182933e-05,0.0070047415012693,0.1014016288693546,0.14891881,0.0475171811306453,3.174603174603175e-07,1.0
2011-09-13,1.02357182473655,36.91,2000.08,118.05,0.003,0.000169966856463,0.0094339848418903,0.102198294492811,0.1362348099999999,0.0340365155071889,1.1904761904761907e-07,1.0
2011-09-14,0.9897025171624714,34.6,2027.04,115.73,0.003,8.377665144728451e-05,0.0133894211116394,0.098497986327613,0.119716,0.021218013672387,1.1904761904761907e-07,0.0
2011-09-15,0.953758949880668,31.97,2062.25,120.0,0.003,0.0001644736842104,0.0172210188870979,0.1009955276360142,0.1022080899999999,0.0012125623639857,1.1904761904761907e-07,0.0
2011-09-16,0.9402124430955994,30.98,2074.06,123.27,0.003,8.215914225859685e-05,0.0057104192348073,0.1012903642845677,0.09597604,-0.0053143242845677,1.1904761904761907e-07,0.0
2011-09-19,0.9680567879325642,32.73,2053.74,120.76,0.003,0.0003324191805866,-0.0098455177778387,0.0747411322997754,0.1071252899999999,0.0323841577002245,1.1904761904761907e-07,0.0
2011-09-20,0.9773944080904224,32.86,2050.39,120.61,0.008,8.324661810606372e-05,-0.0016325022569932,0.0708767076608716,0.10797796,0.0371012523391283,3.174603174603175e-07,0.0
2011-09-21,1.0312240950538825,37.32,1990.2,120.18,0.008,0.0001721170395868,-0.0297948827597546,0.0840251635939718,0.1392782399999999,0.0552530764060281,3.174603174603175e-07,0.0
2011-09-22,1.0561941251596425,41.35,1926.76,119.37,0.003,0.0004420280245767,-0.0323953004494936,0.0834245076656062,0.17098225,0.0875577423343938,1.1904761904761907e-07,1.0
2011-09-23,1.042983565107459,41.25,1938.73,118.24,-0.003,0.000264003168038,0.0061932837807614,0.0814685913060053,0.1701562499999999,0.0886876586939946,-1.1904761904761907e-07,1.0
2011-09-26,1.026032079936892,39.02,1983.97,120.34,0.003,0.0001718065458293,0.0230667682504237,0.0857450116982137,0.15225604,0.0665110283017862,1.1904761904761907e-07,1.0
2011-09-27,1.013437248051599,37.71,2005.19,119.55,0.013,0.0001701403658017,0.0106389315804476,0.0842911540847467,0.14220441,0.0579132559152532,5.158730158730158e-07,1.0
2011-09-28,1.039473684210526,41.08,1964.2,118.21,0.008,0.0001732051615139,-0.0206537816195268,0.078386958804434,0.1687566399999999,0.0903696811955659,3.174603174603175e-07,1.0
2011-09-29,1.0172865374541646,38.84,1980.23,118.97,0.013,0.0004301260269258,0.0081279618348306,0.0794377009845472,0.15085456,0.0714168590154528,5.158730158730158e-07,1.0
2011-09-30,1.041707080504365,42.96,1930.79,114.83,0.023,0.0003543900062018,-0.0252837539859101,0.0850744410514923,0.18455616,0.0994817189485076,9.126984126984128e-07,1.0
2011-10-03,1.0477178423236515,45.45,1875.95,113.09,-0.003,0.0001829826166513,-0.0288140478136326,0.0921083614236549,0.20657025,0.114461888576345,-1.1904761904761907e-07,1.0
2011-10-04,1.0091470951792336,40.82,1918.39,115.28,0.003,0.0001784917447567,0.0223710948234713,0.0939693867693827,0.16662724,0.0726578532306172,1.1904761904761907e-07,1.0
2011-10-05,0.986948577394936,37.81,1953.67,113.87,0.003,8.764625969578776e-05,0.0182233624179136,0.0983516727411841,0.14295961,0.0446079372588158,1.1904761904761907e-07,1.0
2011-10-06,0.9792116630669548,36.27,1989.61,115.42,0.003,8.592172530828815e-05,0.0182289846121241,0.0920501577000712,0.13155129,0.0395011322999287,1.1904761904761907e-07,1.0
2011-10-07,0.9702492629321898,36.2,1973.42,116.1,0.008,8.612151746118172e-05,-0.0081705614480174,0.0915389022760125,0.131044,0.0395050977239875,3.174603174603175e-07,0.0
2011-10-10,0.9491233112963496,33.02,2040.76,116.81,0.008,8.355964069358776e-05,0.0335542093142616,0.0960483265335869,0.10903204,0.0129837134664131,3.174603174603175e-07,0.0
2011-10-11,0.9647680563711096,32.86,2041.9,118.91,0.003,0.0001673500125512,0.0005584594502743,0.0956920050679864,0.10797796,0.0122859549320135,1.1904761904761907e-07,0.0
2011-10-12,0.9481346678798908,31.26,2062.22,121.6,0.018,0.0001662372205136,0.0099023254881954,0.0957890468625554,0.0977187599999999,0.0019297131374445,7.142857142857142e-07,0.0
2011-10-13,0.9385509018648732,30.7,2056.26,121.98,0.018,0.0001661267547139,-0.0028942736934433,0.094074471450582,0.094249,0.0001745285494179,7.142857142857142e-07,0.0
2011-10-14,0.929253043764396,28.24,2091.99,121.9,0.015,8.162932125223555e-05,0.0172269673349247,0.0940769511587314,0.0797497599999999,-0.0143271911587315,5.952380952380952e-07,0.0
2011-10-17,0.99375,33.39,2051.54,124.46,0.023,0.0001666111296234,-0.0195250354381621,0.0985210324989911,0.11148921,0.0129681775010088,9.126984126984128e-07,0.0
2011-10-18,0.9868667917448404,31.56,2093.43,127.99,0.018,0.0001628001628001,0.020213138451393,0.102299333349304,0.0996033599999999,-0.002695973349304,7.142857142857142e-07,0.0
2011-10-19,1.0014539110206455,34.44,2067.28,122.57,0.023,8.245722531441036e-05,-0.0125701355420251,0.1044361123819959,0.1186113599999999,0.014175247618004,9.126984126984128e-07,0.0
2011-10-20,1.0169590643274853,34.78,2076.75,122.57,0.018,8.228759514507398e-05,0.0045704381893093,0.0924669579886858,0.12096484,0.0284978820113141,7.142857142857142e-07,0.0
2011-10-21,0.9796684391617142,31.32,2115.86,127.19,0.018,8.060940711785188e-05,0.0186571774992811,0.0794580372290638,0.0980942399999999,0.018636202770936,7.142857142857142e-07,0.0
2011-10-24,0.96028880866426,29.26,2143.13,124.85,0.008,0.0003193357815743,0.0128060280377042,0.0802719196817643,0.08561476,0.0053428403182357,3.174603174603175e-07,0.0
2011-10-25,0.9956736711990112,32.22,2100.17,122.65,0.008,8.124466831868315e-05,-0.0202490834401667,0.0828184053098195,0.1038128399999999,0.0209944346901804,3.174603174603175e-07,0.0
2011-10-26,0.965093729799612,29.86,2122.32,122.65,0.013,8.043434546555494e-05,0.0104915361195898,0.0827892165508838,0.0891619599999999,0.0063727434491161,5.158730158730158e-07,0.0
2011-10-27,0.9419163891971885,25.46,2195.22,122.82,0.015,0.0001552915599037,0.0337724393416456,0.0863004774991019,0.06482116,-0.0214793174991018,5.952380952380952e-07,0.0
2011-10-28,0.9249622926093516,24.53,2196.13,121.18,0.003,0.0002331455216631,0.0004144511428266,0.0864638046698288,0.06017209,-0.0262917146698287,1.1904761904761907e-07,0.0
2011-10-31,0.986499835363846,29.96,2141.81,120.69,-0.013,0.0002395687762028,-0.0250454544941616,0.086283061303646,0.08976016,0.003477098696354,-5.158730158730158e-07,0.0
2011-11-01,1.022045855379189,34.77,2081.97,126.65,-0.008,0.0002440512507626,-0.0283367050767019,0.0858797771865931,0.12089529,0.0350155128134068,-3.174603174603175e-07,0.0
2011-11-02,0.995742092457421,32.74,2115.7,123.95,0.003,0.0001612383102224,0.0160711661400734,0.0835921898618461,0.10719076,0.0235985701381538,1.1904761904761907e-07,0.0
2011-11-03,0.9645793801391525,30.5,2155.87,124.19,0.003,0.000237896990603,0.018808627375677,0.0837963142376666,0.093025,0.0092286857623333,1.1904761904761907e-07,0.0
2011-11-04,0.9657380723663144,30.16,2142.34,123.56,-0.003,0.000159134309357,-0.006295664794823,0.0826462803409533,0.0909625599999999,0.0083162796590466,-1.1904761904761907e-07,0.0
2011-11-07,0.951242829827916,29.85,2156.0,124.93,0.003,0.0003167062549484,0.0063559634587622,0.0808982758596806,0.08910225,0.0082039741403193,1.1904761904761907e-07,0.0
2011-11-08,0.9308943089430894,27.48,2182.61,124.77,0.008,0.0001564333202971,0.0122667553311663,0.0705965799880718,0.0755150399999999,0.0049184600119281,3.174603174603175e-07,0.0
2011-11-09,1.0188785573400956,36.16,2102.72,122.87,0.008,0.0001623640201331,-0.0372896636505511,0.0903057343954715,0.13075456,0.0404488256045284,3.174603174603175e-07,0.0
2011-11-10,0.9721481481481482,32.81,2121.14,125.24,0.003,8.044728691528993e-05,0.0087219352774996,0.0900694760812621,0.10764961,0.0175801339187378,1.1904761904761907e-07,0.0
2011-11-11,0.950632911392405,30.04,2162.48,124.56,0.003,0.0002368265245707,0.0193020312213502,0.0936123444579577,0.09024016,-0.0033721844579577,1.1904761904761907e-07,0.0
2011-11-14,0.9514058679706602,31.13,2142.09,124.56,0.008,7.955765941370075e-05,-0.0094737232766174,0.0921899721147083,0.0969076899999999,0.0047177178852915,3.174603174603175e-07,0.0
2011-11-15,0.9600246002460024,31.22,2152.8,124.97,0.008,0.000158831003812,0.0049873324809606,0.0866432658435553,0.0974688399999999,0.0108255741564446,3.174603174603175e-07,0.0
2011-11-16,0.9744111660366384,33.51,2117.64,122.92,0.008,8.085054776238756e-05,-0.016467059369554,0.0862253167270573,0.1122920099999999,0.0260666932729426,3.174603174603175e-07,0.0
2011-11-17,0.977066817667044,34.51,2082.1,121.59,0.003,8.191685439283324e-05,-0.0169252612819934,0.0878925764265191,0.1190940099999999,0.0312014335734808,1.1904761904761907e-07,0.0
2011-11-18,0.935672514619883,32.0,2081.42,120.04,0.003,0.0,-0.0003266466864797,0.0876583091690557,0.1024,0.0147416908309442,1.1904761904761907e-07,0.0
2011-11-21,0.9462334675100632,32.91,2042.71,115.15,0.008,0.0002507627366573,-0.0187729954481503,0.0869732104906527,0.1083068099999999,0.0213335995093472,3.174603174603175e-07,0.0
2011-11-22,0.9337032710280372,31.97,2034.41,114.92,0.018,0.0002524721228697,-0.0040715070765013,0.0842322603901941,0.1022080899999999,0.0179758296098058,7.142857142857142e-07,0.0
2011-11-23,0.9473097295790354,33.98,1989.54,116.78,0.018,8.575226171594662e-05,-0.0223023943309883,0.0852023323394648,0.1154640399999999,0.030261707660535,7.142857142857142e-07,0.0
2011-11-25,0.9456790123456787,34.47,1984.5,114.77,0.018,8.622547962927455e-05,-0.0025364629959086,0.0829486379764744,0.11881809,0.0358694520235255,7.142857142857142e-07,0.0
2011-11-28,0.9466705951679436,32.13,2042.8,118.63,0.013,0.0001671122994652,0.0289544225503688,0.0787385552967264,0.10323369,0.0244951347032735,5.158730158730158e-07,0.0
2011-11-29,0.9226136705811504,30.64,2048.06,116.45,0.013,8.319813636178807e-05,0.0025715878317645,0.0790031989374781,0.09388096,0.0148777610625218,5.158730158730158e-07,0.0
2011-11-30,0.9090909090909092,27.8,2137.08,116.56,0.003,7.99968001280358e-05,0.0425474076706611,0.0968296911085017,0.077284,-0.0195456911085016,1.1904761904761907e-07,0.0
2011-12-01,0.9127539127539128,27.41,2133.07,116.9,-0.003,0.0,-0.0018781547152961,0.0864068918797691,0.07513081,-0.0112760818797691,-1.1904761904761907e-07,0.0
2011-12-02,0.9219430485762145,27.52,2132.64,116.31,-0.003,0.0002401248649297,-0.0002016077049104,0.0834676568344088,0.07573504,-0.0077326168344087,-1.1904761904761907e-07,0.0
2011-12-05,0.931103678929766,27.84,2154.68,116.14,-0.003,7.933045099365448e-05,0.0102815717767791,0.0803801563566734,0.0775065599999999,-0.0028735963566734,-1.1904761904761907e-07,0.0
2011-12-06,0.9326923076923076,28.13,2157.1,115.16,0.003,7.931786634943578e-05,0.001122506368184,0.0798685240649267,0.07912969,-0.0007388340649267,1.1904761904761907e-07,0.0
2011-12-07,0.9363161332462444,28.67,2162.07,115.87,0.003,0.0001575051189163,0.0023013691026521,0.0794497821756736,0.08219689,0.0027471078243263,1.1904761904761907e-07,0.0
2011-12-08,0.9532564661888436,30.59,2116.41,115.37,0.003,0.0002416529058762,-0.0213448390797843,0.0827299588587974,0.09357481,0.0108448511412026,1.1904761904761907e-07,0.0
2011-12-09,0.8933288181510328,26.38,2152.15,116.83,0.003,-7.907951445170935e-05,0.0167460854312531,0.068988108413115,0.0695904399999999,0.0006023315868848,1.1904761904761907e-07,0.0
2011-12-12,0.8508452104739808,25.67,2120.15,120.26,0.003,8.056394763336076e-05,-0.0149805015747496,0.0711810386842344,0.06589489,-0.0052861486842344,1.1904761904761907e-07,0.0
2011-12-13,0.8422273781902552,25.41,2102.15,119.44,0.008,0.0002434768494095,-0.0085262103802491,0.0669224134547496,0.06456681,-0.0023556034547496,3.174603174603175e-07,0.0
2011-12-14,0.8560157790927021,26.04,2078.51,120.66,-0.003,0.0002463155301941,-0.011309339656779,0.0673387516733565,0.0678081599999999,0.0004694083266434,-1.1904761904761907e-07,0.0
2011-12-15,0.8523421588594704,25.11,2085.44,122.35,-0.003,8.1702683933209e-05,0.0033285733010013,0.0671033198279735,0.06305121,-0.0040521098279735,-1.1904761904761907e-07,0.0
2011-12-16,0.8367206338270754,24.29,2092.18,119.22,-0.003,0.0,0.0032267204044013,0.0643363990835952,0.05900041,-0.0053359890835952,-1.1904761904761907e-07,0.0
2011-12-19,0.8670842032011136,24.92,2067.67,116.58,-0.003,0.0002492418892535,-0.0117842151215422,0.0625354432204071,0.06210064,-0.0004348032204071,-1.1904761904761907e-07,0.0
2011-12-20,0.8641607740975065,23.22,2129.67,120.66,0.008,0.000564311338627,0.0295446686963047,0.0732463961320808,0.0539168399999999,-0.0193295561320808,3.174603174603175e-07,0.0
2011-12-21,0.8384194053208138,21.43,2133.86,115.16,0.003,0.0002417697546037,0.0019655080878559,0.0680261525957727,0.04592449,-0.0221016625957727,1.1904761904761907e-07,0.0
2011-12-22,0.8370253164556962,21.16,2152.04,115.56,0.003,0.0003190555954375,0.0084836832584916,0.0679718398391483,0.04477456,-0.0231972798391483,1.1904761904761907e-07,0.0
2011-12-23,0.8219666931007138,20.73,2171.5,117.14,-0.003,7.909827961245889e-05,0.0090019435053495,0.0600261497129299,0.04297329,-0.0170528597129299,-1.1904761904761907e-07,0.0
2011-12-27,0.8578700078308535,21.91,2171.71,116.53,0.008,7.908576851599602e-05,9.670266929936688e-05,0.059664514585889,0.0480048099999999,-0.011659704585889,3.174603174603175e-07,0.0
2011-12-28,0.8792523364485981,23.52,2145.09,116.32,0.003,0.0002402979694821,-0.0123333661203143,0.0544614057684806,0.05531904,0.0008576342315193,1.1904761904761907e-07,0.0
2011-12-29,0.8628571428571428,22.65,2168.12,116.57,0.003,0.0002378781271062,0.0106789230573955,0.0553001900512612,0.0513022499999999,-0.0039979400512612,1.1904761904761907e-07,0.0
2011-12-30,0.8711839166046165,23.4,2158.94,116.21,0.013,0.0001590963328294,-0.0042430720964332,0.0346025148452807,0.0547559999999999,0.0201534851547192,5.158730158730158e-07,0.0
2012-01-03,0.8817658349328215,22.97,2192.4,117.1,0.01,0.0003918341757767,0.0153794736871376,0.037148872789734,0.05276209,0.0156132172102659,3.9682539682539683e-07,0.0
2012-01-04,0.8779138680363493,22.22,2193.28,117.63,0.013,7.828707871758645e-05,0.000401306074228,0.0371303229162004,0.0493728399999999,0.0122425170837995,5.158730158730158e-07,0.0
2012-01-05,0.8696356275303644,21.48,2199.73,117.76,0.013,7.82686964347897e-05,0.0029364852958825,0.0361217721666355,0.04613904,0.0100172678333644,5.158730158730158e-07,0.0
2012-01-06,0.8563719385637194,20.63,2194.98,118.29,0.01,7.820136852387805e-05,-0.0021616906916233,0.0362398524837316,0.0425596899999999,0.0063198375162683,3.9682539682539683e-07,0.0
2012-01-09,0.8735489220563847,21.07,2200.0,119.07,0.008,0.0001562499999999,0.0022844254959586,0.0362392272421318,0.04439449,0.0081552627578681,3.174603174603175e-07,0.0
2012-01-10,0.8737331081081082,20.69,2219.58,118.99,0.013,0.0001549666821631,0.0088606284321964,0.030310079680039,0.04280761,0.0124975303199609,5.158730158730158e-07,0.0
2012-01-11,0.8730817088345085,21.05,2220.48,120.2,0.018,0.0001547269070092,0.0004053999325803,0.0275518201928629,0.04431025,0.016758429807137,7.142857142857142e-07,0.0
2012-01-12,0.8514975041597338,20.47,2225.74,120.78,0.028,0.0001542971763615,0.0023660558649306,0.0239635597886431,0.0419020899999999,0.0179385302113568,1.1111111111111112e-06,0.0
2012-01-13,0.8475881637616538,20.91,2214.73,121.92,0.023,0.0001546312045769,-0.0049589446893479,0.0231417458263485,0.04372281,0.0205810641736515,9.126984126984128e-07,0.0
2012-01-17,0.888,22.2,2222.59,125.63,0.023,7.72887119835445e-05,0.0035426826195277,0.020626185514232,0.049284,0.0286578144857679,9.126984126984128e-07,0.0
2012-01-18,0.8639371381306865,20.89,2247.64,130.78,0.023,0.0001530456075911,0.0112075943343775,0.0213983455666837,0.04363921,0.0222408644333162,9.126984126984128e-07,0.0
2012-01-19,0.8401691331923891,19.87,2258.8,129.6,0.043,0.0001521259602949,0.0049529219580096,0.0214193131804249,0.03948169,0.018062376819575,1.7063492063492063e-06,0.0
2012-01-20,0.8010517090271692,18.28,2260.37,129.24,0.043,0.0001520218911521,0.0006948178816739,0.018434748254213,0.03341584,0.0149810917457869,1.7063492063492063e-06,0.0
2012-01-23,0.8364695340501793,18.67,2261.47,125.83,0.038,7.600228006854894e-05,0.0004865276178272,0.0100398343993036,0.03485689,0.0248170556006963,1.5079365079365078e-06,0.0
2012-01-24,0.858374943259192,18.91,2259.22,127.38,0.038,0.000228024170562,-0.0009954233472269,0.0102117400997622,0.0357588099999999,0.0255470699002377,1.5079365079365078e-06,0.0
2012-01-25,0.8572097378277154,18.31,2278.83,125.22,0.038,0.0001509775798292,0.0086425323922202,0.0102351211860444,0.03352561,0.0232904888139555,1.5079365079365078e-06,0.0
2012-01-26,0.856549815498155,18.57,2265.84,122.96,0.048,7.577766832107684e-05,-0.0057166022508054,0.0105069533181012,0.03448449,0.0239775366818987,1.904761904761905e-06,0.0
2012-01-27,0.8658878504672898,18.53,2262.35,121.5,0.053,7.592726168345414e-05,-0.0015414550586633,0.0106187638722665,0.03433609,0.0237173261277334,2.103174603174603e-06,0.0
2012-01-30,0.8850364963503649,19.4,2256.72,121.99,0.048,7.614116572117794e-05,-0.0024916643967763,0.0082393605459057,0.0376359999999999,0.0293966394540942,1.904761904761905e-06,0.0
2012-01-31,0.8800362154821186,19.44,2255.69,121.96,0.053,0.0001523925632429,-0.0004565188083034,0.0074085847354918,0.03779136,0.0303827752645081,2.103174603174603e-06,0.0
2012-02-01,0.861188486536676,18.55,2276.24,121.39,0.058,7.549163930087875e-05,0.0090690460129851,0.0074792111688772,0.0344102499999999,0.0269310388311227,2.3015873015873014e-06,0.0
2012-02-02,0.8557829604950024,17.98,2278.92,122.26,0.079,0.000225997212701,0.0011766876725411,0.005297092473756,0.03232804,0.0270309475262439,3.134920634920635e-06,0.0
2012-02-03,0.8528678304239402,17.1,2312.49,122.14,0.074,0.0,0.0146232195387518,0.0072075235292788,0.029241,0.0220334764707211,2.9365079365079366e-06,0.0
2012-02-06,0.8710152035311428,17.76,2311.55,123.63,0.069,7.442414319198381e-05,-0.0004065708830149,0.0073065759960678,0.03154176,0.0242351840039321,2.7380952380952382e-06,0.0
2012-02-07,0.8763654419066533,17.65,2316.27,123.02,0.084,7.412623698151221e-05,0.0020398380389193,0.0070395408453477,0.0311522499999999,0.0241127091546522,3.3333333333333333e-06,0.0
2012-02-08,0.8781431334622825,18.16,2322.11,124.76,0.079,7.397817643809378e-05,0.0025181218813132,0.0070385662475454,0.03297856,0.0259399937524545,3.134920634920635e-06,0.0
2012-02-09,0.873008434864105,18.63,2325.56,126.48,0.089,0.0001478305861483,0.001484615144222,0.0065225919653522,0.03470769,0.0281850980346477,3.5317460317460317e-06,0.0
2012-02-10,0.893041237113402,20.79,2309.6,129.59,0.084,7.434667856206762e-05,-0.0068865208856203,0.0074943018799051,0.04322241,0.0357281081200948,3.3333333333333333e-06,0.0
2012-02-13,0.860759493670886,19.04,2325.81,127.89,0.099,7.38525165244334e-05,0.0069940160968123,0.007808720767422,0.0362521599999999,0.0284434392325779,3.928571428571429e-06,0.0
2012-02-14,0.8562664329535494,19.54,2324.0,129.96,0.109,0.0002218688754945,-0.0007785264737356,0.0072754035263435,0.03818116,0.0309057564736564,4.3253968253968256e-06,0.0
2012-02-15,0.8764510779436152,21.14,2312.28,128.88,0.109,0.0001485222040693,-0.0050557882459906,0.0078918902869732,0.04468996,0.0367980697130267,4.3253968253968256e-06,0.0
2012-02-16,0.8295209322399654,19.22,2338.12,130.29,0.099,7.35483396461656e-05,0.0111131369086619,0.0078698037939277,0.0369408399999999,0.0290710362060722,3.928571428571429e-06,0.0
2012-02-17,0.794104510942385,17.78,2343.67,129.54,0.079,7.328423289743379e-05,0.002370889168359,0.0077498179000769,0.03161284,0.023863022099923,3.134920634920635e-06,0.0
2012-02-21,0.8138702460850112,18.19,2345.41,128.46,0.064,0.0002931047116583,0.000742149880089,0.0077485785657039,0.03308761,0.025339031434296,2.53968253968254e-06,0.0
2012-02-22,0.8234495246717972,18.19,2337.67,127.7,0.084,0.000146983170427,-0.0033055198918516,0.0080426978330163,0.03308761,0.0250449121669836,3.3333333333333333e-06,0.0
2012-02-23,0.8084696823869105,16.8,2348.11,127.81,0.089,0.0001461988304094,0.0044560424411677,0.0080457796890142,0.028224,0.0201782203109857,3.5317460317460317e-06,0.0
2012-02-24,0.8172804532577903,17.31,2352.34,128.72,0.094,0.0002923976608186,0.0017998281619342,0.0074342471326946,0.0299636099999999,0.0225293628673053,3.73015873015873e-06,0.0
2012-02-27,0.8317329675354367,18.19,2355.74,126.98,0.104,0.0001457619707019,0.0014443257510724,0.0067451843325474,0.03308761,0.0263424256674525,4.126984126984127e-06,0.0
2012-02-28,0.8314814814814815,17.96,2364.03,125.65,0.094,0.0001453277139949,0.0035128866555528,0.0066194131579209,0.03225616,0.025636746842079,3.73015873015873e-06,0.0
2012-02-29,0.8454128440366973,18.43,2353.23,124.59,0.079,7.31288164100399e-05,-0.0045789372941044,0.0069128704732844,0.0339664899999999,0.0270536195267155,3.134920634920635e-06,0.0
2012-03-01,0.8207322872087495,17.26,2367.87,127.63,0.074,0.0001450326323423,0.0062019643415691,0.0070336941019083,0.02979076,0.0227570658980916,2.9365079365079366e-06,0.0
2012-03-02,0.8132643461900281,17.29,2360.28,125.2,0.064,0.0001456027955737,-0.0032105607984599,0.0067519656251255,0.02989441,0.0231424443748744,2.53968253968254e-06,0.0
2012-03-05,0.8208276489313325,18.05,2351.28,126.23,0.064,0.0001461027102053,-0.003820395345305,0.0071208444145144,0.03258025,0.0254594055854855,2.53968253968254e-06,0.0
2012-03-06,0.8732217573221758,20.87,2315.21,126.49,0.074,0.0001485442661914,-0.0154594645553336,0.0080232326972361,0.04355569,0.0355324573027638,2.9365079365079366e-06,0.0
2012-03-07,0.8393485915492959,19.07,2331.89,126.02,0.079,7.36404138592682e-05,0.0071787013973687,0.0086252533436287,0.03636649,0.0277412366563712,3.134920634920635e-06,0.0
2012-03-08,0.8218864468864469,17.95,2355.01,125.08,0.079,0.0001458576429403,0.0098658761794722,0.0096802299984946,0.03222025,0.0225400200015053,3.134920634920635e-06,0.0
2012-03-09,0.8063147973609802,17.11,2363.56,124.78,0.084,7.261373125651457e-05,0.0036239832650323,0.0097430681380583,0.02927521,0.0195321418619416,3.3333333333333333e-06,0.0
2012-03-12,0.7515617491590583,15.64,2364.1,139.25,0.079,7.260845888539413e-05,0.000228442824716,0.0097416775659539,0.02446096,0.014719282434046,3.134920634920635e-06,0.0
2012-03-13,0.7551020408163265,14.8,2407.79,122.89,0.084,7.136994611562577e-05,0.0183119145076816,0.0124912568258548,0.021904,0.0094127431741451,3.3333333333333333e-06,0.0
2012-03-14,0.7378313253012049,15.31,2404.98,118.82,0.084,7.1482183066009e-05,-0.0011677268264663,0.012259901346432,0.02343961,0.0111797086535679,3.3333333333333333e-06,0.0
2012-03-15,0.750730282375852,15.42,2419.37,136.51,0.084,7.110099896917293e-05,0.005965588183365,0.0124024897501585,0.02377764,0.0113751502498414,3.3333333333333333e-06,0.0
2012-03-16,0.7103583701521846,14.47,2422.09,138.43,0.084,0.000285001781261,0.0011236281147324,0.0117751945075275,0.02093809,0.0091628954924724,3.3333333333333333e-06,0.0
2012-03-19,0.7542627883650952,15.04,2431.73,128.85,0.079,7.098995492131405e-05,0.0039721343910037,0.0107848594537637,0.0226201599999999,0.0118353005462362,3.134920634920635e-06,0.0
2012-03-20,0.7805611222444889,15.58,2424.46,128.02,0.094,0.0001424095699229,-0.0029941190238202,0.0110624481533118,0.02427364,0.0132111918466881,3.73015873015873e-06,0.0
2012-03-21,0.785974025974026,15.13,2420.02,124.6,0.089,7.130887438955557e-05,-0.0018330145828566,0.0111985937183285,0.02289169,0.0116930962816714,3.5317460317460317e-06,0.0
2012-03-22,0.7964194373401534,15.57,2402.71,121.17,0.074,7.174887892370157e-05,-0.007178537605872,0.011846758753186,0.02424249,0.0123957312468139,2.9365079365079366e-06,0.0
2012-03-23,0.7950643776824035,14.82,2410.16,122.98,0.074,7.150774071286715e-05,0.0030958683489535,0.011761014591427,0.02196324,0.0102022254085729,2.9365079365079366e-06,0.0
2012-03-26,0.8181296615031555,14.26,2443.64,118.02,0.076,0.0001408649105508,0.0137955956103729,0.013656418011863,0.02033476,0.0066783419881369,3.0158730158730155e-06,0.0
2012-03-27,0.8395261173936457,15.59,2437.01,121.13,0.084,7.087925718532022e-05,-0.0027168529102318,0.0139028884491565,0.02430481,0.0104019215508434,3.3333333333333333e-06,0.0
2012-03-28,0.8233102714209687,15.47,2425.55,121.61,0.079,7.120224999103497e-05,-0.0047135752434862,0.0143215591642097,0.02393209,0.0096105308357902,3.134920634920635e-06,0.0
2012-03-29,0.821656050955414,15.48,2421.7,121.69,0.064,7.129362278557964e-05,-0.0015885299126721,0.0139916187056591,0.0239630399999999,0.0099714212943408,2.53968253968254e-06,0.0
2012-03-30,0.8328855454056959,15.5,2430.67,124.97,0.069,7.098995492131405e-05,0.0036971666289281,0.013761641143455,0.024025,0.0102633588565449,2.7380952380952382e-06,0.0
2012-04-02,0.847237269772481,15.64,2449.08,123.13,0.064,7.058906575365056e-05,0.0075455043176953,0.0139418622638418,0.02446096,0.0105190977361581,2.53968253968254e-06,0.0
2012-04-03,0.8325358851674641,15.66,2439.89,123.84,0.076,7.077391273590237e-05,-0.0037594875092674,0.0139333435907166,0.0245235599999999,0.0105902164092833,3.0158730158730155e-06,0.0
2012-04-04,0.8452442159383035,16.44,2415.05,121.0,0.074,7.153843402361416e-05,-0.0102329654977148,0.0119929941457327,0.02702736,0.0150343658542672,2.9365079365079366e-06,0.0
2012-04-05,0.8425832492431886,16.7,2414.4,120.61,0.071,7.166660694442903e-05,-0.0002691817925125,0.0116886351825904,0.0278889999999999,0.0162003648174095,2.817460317460317e-06,0.0
2012-04-09,0.8868458274398867,18.81,2387.03,119.05,0.079,7.247164546885042e-05,-0.0114008936766477,0.0127159735492035,0.0353816099999999,0.0226656364507964,3.134920634920635e-06,0.0
2012-04-10,0.9014146772767462,20.39,2346.27,119.27,0.084,7.340796476411015e-05,-0.0172230822317394,0.0163651760144452,0.04157521,0.0252100339855547,3.3333333333333333e-06,0.0
2012-04-11,0.8909657320872274,20.02,2364.09,118.43,0.084,0.0002921840759678,0.0075663367620967,0.0171182056236062,0.04008004,0.0229618343763937,3.3333333333333333e-06,0.0
2012-04-12,0.8493827160493826,17.2,2396.69,119.87,0.084,0.0002157264588501,0.0136954488763855,0.0152436078858193,0.0295839999999999,0.0143403921141806,3.3333333333333333e-06,0.0
2012-04-13,0.8890404729422465,19.55,2366.84,118.19,0.084,7.300602299683085e-05,-0.0125328866276393,0.0170650315711759,0.03822025,0.021155218428824,3.3333333333333333e-06,0.0
2012-04-16,0.8870235934664248,19.55,2365.65,116.67,0.079,7.303801628741121e-05,-0.0005029065143637,0.0164706162866764,0.03822025,0.0217496337133235,3.134920634920635e-06,0.0
2012-04-17,0.8853717026378897,18.46,2402.29,121.83,0.079,0.0001440092165897,0.0153696234733748,0.0196932398350446,0.03407716,0.0143839201649553,3.134920634920635e-06,0.0
2012-04-18,0.8825757575757576,18.64,2392.57,119.5,0.069,0.0003613891800078,-0.0040543470777281,0.0195838386141668,0.03474496,0.0151611213858331,2.7380952380952382e-06,0.0
2012-04-19,0.8648139425341498,18.36,2378.48,117.6,0.069,0.0002177463255307,-0.0059064738212607,0.0198486248260479,0.0337089599999999,0.013860335173952,2.7380952380952382e-06,0.0
2012-04-20,0.8515625,17.44,2381.32,118.05,0.069,7.24558924755956e-05,0.0011933275923444,0.019888272232162,0.03041536,0.0105270877678379,2.7380952380952382e-06,0.0
2012-04-23,0.8868630201028517,18.97,2361.35,117.19,0.076,0.0,-0.0084214663994692,0.0201076109747699,0.0359860899999999,0.01587847902523,3.0158730158730155e-06,0.0
2012-04-24,0.8824963432471965,18.1,2370.04,118.36,0.084,0.0001454228168398,0.0036733432549442,0.0201686974913333,0.032761,0.0125923025086666,3.3333333333333333e-06,0.0
2012-04-25,0.8643371017471737,16.82,2402.71,122.53,0.089,0.0001436368859523,0.0136904343496374,0.0201301526673966,0.02829124,0.0081610873326033,3.5317460317460317e-06,0.0
2012-04-26,0.8754716981132075,16.24,2418.89,121.03,0.089,0.0,0.0067114902664749,0.0207424781265711,0.0263737599999999,0.0056312818734288,3.5317460317460317e-06,0.0
2012-04-27,0.8708644610458912,16.32,2424.78,120.08,0.089,0.0002137132680318,0.002432041366647,0.0205704191680977,0.02663424,0.0060638208319022,3.5317460317460317e-06,0.0
2012-04-30,0.8876811594202898,17.15,2415.42,119.83,0.094,7.147196512161602e-05,-0.0038676135976101,0.0207231153888144,0.0294122499999999,0.0086891346111855,3.73015873015873e-06,0.0
2012-05-01,0.8677469942498695,16.6,2429.1,120.18,0.089,7.115158845934986e-05,0.0056476333511471,0.0209565669558777,0.027556,0.0065994330441222,3.5317460317460317e-06,0.0
2012-05-02,0.8879537085744343,16.88,2423.29,119.94,0.079,7.128345867335001e-05,-0.0023946973662421,0.0202444545457427,0.0284934399999999,0.0082489854542572,3.134920634920635e-06,0.0
2012-05-03,0.9005128205128204,17.56,2405.17,116.18,0.079,0.0001437401178669,-0.0075055338815309,0.0207201576859404,0.0308353599999999,0.0101152023140594,3.134920634920635e-06,0.0
2012-05-04,0.9247104247104247,19.16,2366.39,115.83,0.074,0.0,-0.0162549999930609,0.0226046708881598,0.0367105599999999,0.0141058891118401,2.9365079365079366e-06,0.0
2012-05-07,0.9261613691931542,18.94,2367.26,116.68,0.079,0.0002188263612823,0.0003675810462523,0.0226207701995102,0.03587236,0.0132515898004897,3.134920634920635e-06,0.0
2012-05-08,0.9154252763094668,19.05,2357.45,117.23,0.094,0.0001466490687782,-0.0041526417906373,0.0213402771401359,0.03629025,0.014949972859864,3.73015873015873e-06,0.0
2012-05-09,0.9326521133302368,20.08,2342.31,115.05,0.089,0.0002211818483429,-0.0064429044772632,0.0182172998285125,0.0403206399999999,0.0221033401714874,3.5317460317460317e-06,0.0
2012-05-10,0.902252036415908,18.83,2348.93,115.11,0.094,0.0002200784946631,0.0028222834023332,0.01757319923165,0.03545689,0.0178836907683499,3.73015873015873e-06,0.0
2012-05-11,0.9229698375870068,19.89,2341.23,114.7,0.094,0.0001475252637014,-0.0032834730234926,0.0150416731094881,0.03956121,0.0245195368905118,3.73015873015873e-06,0.0
2012-05-14,0.9521114497170224,21.87,2315.45,119.18,0.089,7.464079119231876e-05,-0.0110723791971671,0.0146470322737679,0.04782969,0.033182657726232,3.5317460317460317e-06,0.0
2012-05-15,0.9184782608695652,21.97,2302.56,120.04,0.094,0.0002248959856066,-0.0055825056575058,0.0148872283273838,0.0482680899999999,0.0333808616726161,3.73015873015873e-06,0.0
2012-05-16,0.8936597110754413,22.27,2293.21,118.47,0.094,7.528703180891645e-05,-0.0040689646784972,0.0112621457040771,0.04959529,0.0383331442959228,3.73015873015873e-06,0.0
2012-05-17,0.927300265051117,24.49,2258.93,119.54,0.094,7.650231419493482e-05,-0.0150613329179362,0.0132267775087358,0.0599760099999999,0.0467492324912641,3.73015873015873e-06,0.0
2012-05-18,0.9074475777295734,25.1,2242.25,119.28,0.079,0.0001541901164136,-0.0074114238273174,0.0133741577410451,0.063001,0.0496268422589548,3.134920634920635e-06,0.0
2012-05-21,0.8907324969647916,22.01,2278.24,119.56,0.069,7.567444852260265e-05,0.0159233890345718,0.0174633812228617,0.04844401,0.0309806287771382,2.7380952380952382e-06,0.0
2012-05-22,0.8910027744748316,22.48,2279.4,119.31,0.084,7.572028925143608e-05,0.0005090353889505,0.0169994162662268,0.05053504,0.0335356237337731,3.3333333333333333e-06,0.0
2012-05-23,0.8892871365989645,22.33,2283.36,119.52,0.084,7.566872233355458e-05,0.001735791930446,0.0167829857364397,0.0498628899999999,0.0330799042635602,3.3333333333333333e-06,0.0
2012-05-24,0.8692493946731235,21.54,2286.87,120.64,0.094,7.527569724107724e-05,0.0015360280292759,0.0138190533162319,0.0463971599999999,0.032578106683768,3.73015873015873e-06,0.0
2012-05-25,0.8728439630966708,21.76,2281.92,120.38,0.084,0.0004543389368469,-0.0021668765414182,0.0127369136761261,0.04734976,0.0346128463238738,3.3333333333333333e-06,0.0
2012-05-29,0.8802846379238175,21.03,2307.57,122.39,0.079,7.46630828386225e-05,0.0111778289382673,0.0148025529883423,0.04422609,0.0294235370116576,3.134920634920635e-06,0.0
2012-05-30,0.9217258495609012,24.14,2275.19,118.54,0.068,-7.604851895502418e-05,-0.0141314573969461,0.0164568286003842,0.05827396,0.0418171313996157,2.6984126984126986e-06,0.0
2012-05-31,0.9176201372997712,24.06,2270.25,119.32,0.068,0.0003048083517487,-0.0021736078113222,0.0155164259481086,0.0578883599999999,0.0423719340518913,2.6984126984126986e-06,0.0
2012-06-01,0.93642430628732,26.66,2214.41,116.35,0.068,0.000390487719161,-0.0249039552608302,0.021127993742122,0.07107556,0.0499475662578779,2.6984126984126986e-06,0.0
2012-06-04,0.9288762446657184,26.12,2214.7,116.66,0.068,7.817691435723032e-05,0.0001309518166919,0.0212094484465346,0.06822544,0.0470159915534653,2.6984126984126986e-06,0.0
2012-06-05,0.918496464458504,24.68,2227.45,117.07,0.079,7.743234349002538e-05,0.0057404792781208,0.0201827898978564,0.06091024,0.0407274501021435,3.134920634920635e-06,0.0
2012-06-06,0.8968029138000809,22.16,2279.42,119.66,0.084,7.566872233355458e-05,0.0230635912180561,0.0282222829408732,0.0491065599999999,0.0208842770591267,3.3333333333333333e-06,0.0
2012-06-07,0.8876174908050675,21.72,2279.28,120.01,0.079,7.564582624146832e-05,-6.142101916940339e-05,0.0281806451485511,0.0471758399999999,0.0189951948514488,3.134920634920635e-06,0.0
2012-06-08,0.8980541455160744,21.23,2297.82,122.09,0.079,0.0002247611912343,0.0081012437562959,0.0289461573860189,0.04507129,0.0161251326139811,3.134920634920635e-06,0.0
2012-06-11,0.9239215686274508,23.56,2268.94,119.28,0.079,0.0001523345266205,-0.0126480852960152,0.0303618624778102,0.0555073599999999,0.0251454975221897,3.134920634920635e-06,0.0
2012-06-12,0.8857257417802726,22.09,2295.4,121.82,0.089,0.0001500825454,0.0115943581834804,0.0324055859066605,0.0487968099999999,0.0163912240933394,3.5317460317460317e-06,0.0
2012-06-13,0.9158490566037736,24.27,2280.13,120.37,0.094,7.568017557793852e-05,-0.0066746613796602,0.0315149241757995,0.05890329,0.0273883658242004,3.73015873015873e-06,0.0
2012-06-14,0.8672,21.68,2304.83,115.05,0.099,7.471328775815984e-05,0.0107744621324794,0.0327261639211613,0.0470022399999999,0.0142760760788386,3.928571428571429e-06,0.0
2012-06-15,0.8918462188424164,21.11,2328.66,126.08,0.091,-7.44407637621685e-05,0.0102860738265879,0.0337100597513557,0.0445632099999999,0.0108531502486442,3.611111111111111e-06,0.0
2012-06-18,0.8278355173971984,18.32,2332.07,121.2,0.079,7.426937502335273e-05,0.0014632903465608,0.0304107765245761,0.03356224,0.0031514634754238,3.134920634920635e-06,0.0
2012-06-19,0.8385036496350364,18.38,2355.01,123.09,0.089,7.373815580865616e-05,0.0097886885534678,0.0300907757558968,0.03378244,0.0036916642441031,3.5317460317460317e-06,0.0
2012-06-20,0.8272552783109405,17.24,2351.14,122.06,0.084,7.373271889394216e-05,-0.0016446568308827,0.0277792658129806,0.02972176,0.0019424941870193,3.3333333333333333e-06,0.0
2012-06-21,0.8670120898100172,20.08,2299.16,118.4,0.079,7.553155330653974e-05,-0.0223564780772984,0.0346241714143939,0.0403206399999999,0.005696468585606,3.134920634920635e-06,0.0
2012-06-22,0.8419339841933984,18.11,2315.65,116.37,0.079,0.0001501839753699,0.0071465868296727,0.0351561260822414,0.0327972099999999,-0.0023589160822414,3.134920634920635e-06,0.0
2012-06-25,0.8849326964828483,20.38,2278.98,116.29,0.079,0.0001523925632429,-0.015962451219169,0.0384480223217708,0.0415344399999999,0.0030864176782291,3.134920634920635e-06,0.0
2012-06-26,0.8776145972407654,19.72,2289.86,114.69,0.089,0.0,0.0047627058799369,0.0386745989846136,0.0388878399999999,0.0002132410153863,3.5317460317460317e-06,0.0
2012-06-27,0.8698568872987478,19.45,2310.98,115.85,0.089,7.508916838760522e-05,0.0091809966664448,0.0381682999291943,0.03783025,-0.0003380499291942,3.5317460317460317e-06,0.0
2012-06-28,0.8858426966292136,19.71,2306.22,116.9,0.084,0.0002258781011181,-0.0020618564005588,0.0355968774779641,0.03884841,0.0032515325220358,3.3333333333333333e-06,0.0
2012-06-29,0.8405511811023622,17.08,2363.79,119.09,0.084,7.334335692537977e-05,0.0246564425186906,0.042329346860384,0.0291726399999999,-0.013156706860384,3.3333333333333333e-06,0.0
2012-07-02,0.8489135927235979,16.8,2369.75,118.89,0.074,0.0001466598225414,0.0025182012403108,0.0328148084254471,0.028224,-0.0045908084254471,2.9365079365079366e-06,0.0
2012-07-03,0.8623188405797101,16.66,2385.06,118.33,0.084,0.000218173884586,0.006439816905557,0.0327999713148756,0.02775556,-0.0050444113148756,3.3333333333333333e-06,0.0
2012-07-05,0.870213823968175,17.5,2373.91,117.91,0.074,0.0001462522851918,-0.0046858964869653,0.0335234077318838,0.0306249999999999,-0.0028984077318838,2.9365079365079366e-06,0.0
2012-07-06,0.8532934131736528,17.1,2352.34,118.45,0.074,0.0002208887089055,-0.0091278073575711,0.0297090948141163,0.029241,-0.0004680948141163,2.9365079365079366e-06,0.0
2012-07-09,0.8826705940108002,17.98,2348.52,119.62,0.074,7.379256908843543e-05,-0.0016252348892934,0.0297999540254787,0.03232804,0.0025280859745212,2.9365079365079366e-06,0.0
2012-07-10,0.8969813128893147,18.72,2329.46,119.34,0.089,0.0002981736861721,-0.0081488614622035,0.0302348199492053,0.0350438399999999,0.0048090200507946,3.5317460317460317e-06,0.0
2012-07-11,0.8864197530864197,17.95,2329.71,117.3,0.094,0.0005214735352182,0.0001073152515319,0.0279123459127176,0.03222025,0.0043079040872823,3.73015873015873e-06,0.0
2012-07-12,0.8859352344127597,18.33,2318.09,116.13,0.099,7.491478443285257e-05,-0.0050002255736079,0.0268946734379383,0.03359889,0.0067042165620616,3.928571428571429e-06,0.0
2012-07-13,0.8633316142341412,16.74,2356.4,119.13,0.086,0.0002209049740436,0.0163914599269337,0.0291272029152673,0.0280227599999999,-0.0011044429152673,3.4126984126984127e-06,0.0
2012-07-16,0.8725140234574197,17.11,2350.94,115.09,0.089,0.0001477868913028,-0.0023197824880007,0.0281464122507021,0.02927521,0.0011287977492978,3.5317460317460317e-06,0.0
2012-07-17,0.8710359408033826,16.48,2368.36,117.22,0.094,0.0002198849268882,0.0073824843164544,0.0275639638275728,0.02715904,-0.0004049238275728,3.73015873015873e-06,0.0
2012-07-18,0.853220696937698,16.16,2384.54,116.59,0.089,0.0002912904165452,0.0068085011268362,0.0279954921063349,0.02611456,-0.0018809321063349,3.5317460317460317e-06,0.0
2012-07-19,0.830198817839871,15.45,2391.27,114.19,0.079,0.0001451168190394,0.0028183719431142,0.0270452203801366,0.02387025,-0.0031749703801366,3.134920634920635e-06,0.0
2012-07-20,0.8284114052953157,16.27,2367.26,116.52,0.089,0.0001465845793021,-0.01009143738034,0.028406353830483,0.0264712899999999,-0.001935063830483,3.5317460317460317e-06,0.0
2012-07-23,0.8791312559017942,18.62,2346.22,120.26,0.094,0.000148148148148,-0.0089276457078389,0.0228946684479048,0.03467044,0.0117757715520951,3.73015873015873e-06,0.0
2012-07-24,0.9195867026055704,20.47,2325.02,119.13,0.099,0.0001496893945064,-0.0090768813227615,0.023525788129207,0.0419020899999999,0.0183763018707929,3.928571428571429e-06,0.0
2012-07-25,0.8839122486288848,19.34,2324.33,118.58,0.099,0.0003728421759068,-0.0002968156860919,0.0200932593506786,0.0374035599999999,0.0173103006493213,3.928571428571429e-06,0.0
2012-07-26,0.8661067193675891,17.53,2362.85,116.92,0.104,0.0002204018660691,0.0164366920942887,0.0228537298402445,0.03073009,0.0078763601597554,4.126984126984127e-06,0.0
2012-07-27,0.849440488301119,16.7,2408.07,114.4,0.104,7.202794684330971e-05,0.0189570792304434,0.025894293902896,0.0278889999999999,0.0019947060971039,4.126984126984127e-06,0.0
2012-07-30,0.895678092399404,18.03,2406.99,114.86,0.099,0.0001442689172616,-0.0004485925484257,0.0257620315648904,0.03250809,0.0067460584351095,3.928571428571429e-06,0.0
2012-07-31,0.9109720885466794,18.93,2396.62,113.99,0.099,0.0001451484142536,-0.0043175928559775,0.0193201384746772,0.03583449,0.0165143515253227,3.928571428571429e-06,0.0
2012-08-01,0.9172714078374457,18.96,2389.73,114.59,0.094,0.0001452749328104,-0.0028790225366448,0.0194165317687074,0.03594816,0.0165316282312926,3.73015873015873e-06,0.0
2012-08-02,0.8685121107266436,17.57,2372.31,114.35,0.089,0.0002923762882831,-0.007316224854686,0.0195934925781728,0.0308704899999999,0.0112769974218271,3.5317460317460317e-06,0.0
2012-08-03,0.8372591006423983,15.64,2417.77,120.25,0.079,0.0004300458715596,0.0189814637388187,0.0236727010866627,0.02446096,0.0007882589133372,3.134920634920635e-06,0.0
2012-08-06,0.8511205976520811,15.95,2423.46,114.79,0.079,0.0002865329512893,0.0023506433778272,0.0223613107239955,0.02544025,0.0030789392760044,3.134920634920635e-06,0.0
2012-08-07,0.850079744816587,15.99,2435.88,113.55,0.099,7.127837770426121e-05,0.005111816438129,0.0223892416244358,0.02556801,0.0031787683755641,3.928571428571429e-06,0.0
2012-08-08,0.8245425188374598,15.32,2438.16,115.36,0.109,0.0002135915417749,0.0009355689187224,0.0211159184582986,0.02347024,0.0023543215417013,4.3253968253968256e-06,0.0
2012-08-09,0.8381788261108063,15.28,2440.23,119.84,0.114,0.0002132575084414,0.0008486406885194,0.021083946307302,0.0233478399999999,0.0022638936926979,4.5238095238095235e-06,0.0
2012-08-10,0.8125689084895259,14.74,2445.64,117.89,0.104,7.100003549995317e-05,0.0022145502074313,0.0203982065720044,0.02172676,0.0013285534279955,4.126984126984127e-06,0.0
2012-08-13,0.7581627006087437,13.7,2443.05,121.65,0.099,7.099499485300007e-05,-0.0010595886596702,0.0179659444222386,0.0187689999999999,0.0008030555777613,3.928571428571429e-06,0.0
2012-08-14,0.8022690437601295,14.85,2443.16,122.05,0.109,0.0002131211593791,4.502467148082527e-05,0.0177923309070112,0.02205225,0.0042599190929887,4.3253968253968256e-06,0.0
2012-08-15,0.7757158006362673,14.63,2446.82,119.89,0.084,7.092953151058145e-05,0.0014969389173175,0.0173848179933514,0.02140369,0.0040188720066485,3.3333333333333333e-06,0.0
2012-08-16,0.7703504043126684,14.29,2464.38,121.94,0.084,7.044485928652973e-05,0.0071510322653513,0.0174315991199853,0.02042041,0.0029888108800146,3.3333333333333333e-06,0.0
2012-08-17,0.7329700272479563,13.45,2469.0,123.79,0.069,0.0002110669433988,0.0018729558033501,0.0174125422211084,0.0180902499999999,0.0006777077788915,2.7380952380952382e-06,0.0
2012-08-20,0.7541689080150619,14.02,2468.99,125.84,0.089,7.037545304191495e-05,-4.050230964460641e-06,0.0156811239050719,0.0196560399999999,0.003974916094928,3.5317460317460317e-06,0.0
2012-08-21,0.7989361702127659,15.02,2460.41,129.99,0.104,0.000211558125595,-0.0034811574084857,0.014536762234423,0.02256004,0.0080232777655769,4.126984126984127e-06,0.0
2012-08-22,0.7780638516992789,15.11,2461.12,125.32,0.104,0.0001409741312467,0.0002885281629596,0.0129129924845745,0.0228312099999999,0.0099182175154254,4.126984126984127e-06,0.0
2012-08-23,0.794425087108014,15.96,2441.29,122.41,0.099,7.110099896917293e-05,-0.0080899427633906,0.0142320785883928,0.02547216,0.0112400814116071,3.928571428571429e-06,0.0
2012-08-24,0.788981288981289,15.18,2457.4,123.74,0.094,0.0001411831144993,0.0065772923281725,0.0118956164847204,0.0230432399999999,0.0111476235152795,3.73015873015873e-06,0.0
2012-08-27,0.8207831325301205,16.35,2456.22,121.53,0.094,7.067887055178518e-05,-0.0004802976309459,0.0080589224490182,0.02673225,0.0186733275509817,3.73015873015873e-06,0.0
2012-08-28,0.8319878910191725,16.49,2454.39,120.28,0.099,0.0001414227124876,-0.0007453249534029,0.0080703831163027,0.0271920099999999,0.0191216268836972,3.928571428571429e-06,0.0
2012-08-29,0.8338220918866079,17.06,2457.05,120.55,0.099,0.0002122166024122,0.0010831854853484,0.0077063949367902,0.0291043599999999,0.0213979650632097,3.928571428571429e-06,0.0
2012-08-30,0.8522944550669215,17.83,2438.2,119.0,0.099,-0.0001424805870198,-0.0077013812034246,0.0084794292076169,0.0317908899999999,0.023311460792383,3.928571428571429e-06,0.0
2012-08-31,0.8472356935014548,17.47,2450.6,120.78,0.074,0.000212532322624,0.0050728303843003,0.0077386155967704,0.0305200899999999,0.0227814744032295,2.9365079365079366e-06,0.0
2012-09-04,0.8694390715667312,17.98,2447.8,119.59,0.089,0.0002123668283014,-0.0011432305671079,0.0037564602196227,0.03232804,0.0285715797803772,3.5317460317460317e-06,0.0
2012-09-05,0.8874437218609305,17.74,2445.81,120.49,0.104,7.090941322454107e-05,-0.0008133055595739,0.0037360338133919,0.0314707599999999,0.027734726186608,4.126984126984127e-06,0.0
2012-09-06,0.8378088077336197,15.6,2496.12,119.31,0.104,6.956279781566489e-05,0.0203611698680727,0.008322946503025,0.024336,0.0160130534969749,4.126984126984127e-06,0.0
2012-09-07,0.8175099488345652,14.38,2506.37,120.7,0.104,6.923050295954104e-05,0.0040979649511693,0.0084248065287059,0.02067844,0.012253633471294,4.126984126984127e-06,0.0
2012-09-10,0.8896174863387979,16.28,2491.11,122.37,0.104,0.0,-0.0061070969484042,0.0090869462039462,0.02650384,0.0174168937960537,4.126984126984127e-06,0.0
2012-09-11,0.8972115910333516,16.41,2498.95,122.82,0.099,0.0001391691601141,0.0031422493720862,0.0091260726014694,0.0269288099999999,0.0178027373985305,3.928571428571429e-06,0.0
2012-09-12,0.8977272727272727,15.8,2504.84,123.38,0.104,0.0001383700013837,0.0023542165919685,0.0090864296966822,0.024964,0.0158775703033177,4.126984126984127e-06,0.0
2012-09-13,0.8541033434650457,14.05,2546.03,115.69,0.099,6.83130102127329e-05,0.0163104230136904,0.0117921182033793,0.01974025,0.0079481317966206,3.928571428571429e-06,0.0
2012-09-14,0.8585798816568048,14.51,2556.13,117.26,0.099,0.0001358326541701,0.0039591126866903,0.0118358891186239,0.02105401,0.009218120881376,3.928571428571429e-06,0.0
2012-09-17,0.8517221249270287,14.59,2548.26,122.69,0.094,0.0002045198895592,-0.003083622621367,0.0117852895368263,0.02128681,0.0095015204631736,3.73015873015873e-06,0.0
2012-09-18,0.8526758869512929,14.18,2545.05,127.38,0.099,0.0001364442625188,-0.0012604771455123,0.0118810702209923,0.02010724,0.0082261697790076,3.928571428571429e-06,0.0
2012-09-19,0.8417222559126745,13.88,2548.11,122.44,0.109,0.000136407038603,0.0012016117177495,0.0118544990889335,0.01926544,0.0074109409110664,4.3253968253968256e-06,0.0
2012-09-20,0.84,14.07,2547.11,128.03,0.109,6.816400259036384e-05,-0.0003925247635389,0.0115811153421511,0.0197964899999999,0.0082153746578488,4.3253968253968256e-06,0.0
2012-09-21,0.8326384752829066,13.98,2546.92,130.6,0.104,0.0001372495196265,-7.459712647479082e-05,0.0115951480467093,0.01954404,0.0079488919532907,4.126984126984127e-06,0.0
2012-09-24,0.8529234478601567,14.15,2541.23,129.12,0.099,0.0001372966293678,-0.0022365702158538,0.0105722829405382,0.02002225,0.0094499670594617,3.928571428571429e-06,0.0
2012-09-25,0.8767045454545453,15.43,2514.83,125.45,0.109,0.0003466084364494,-0.010443008953107,0.0120469525124594,0.0238084899999999,0.0117615374875405,4.3253968253968256e-06,0.0
2012-09-26,0.9086486486486486,16.81,2500.92,124.06,0.104,6.982508815411029e-05,-0.0055465426549337,0.0125567182501418,0.02825761,0.0157008917498581,4.126984126984127e-06,0.0
2012-09-27,0.8693614528412419,14.84,2525.23,127.56,0.089,6.912999896298714e-05,0.0096734835091106,0.0134381641896676,0.02202256,0.0085843958103323,3.5317460317460317e-06,0.0
2012-09-28,0.8932424758659853,15.73,2513.93,125.87,0.094,0.0002777006387114,-0.0044848819806609,0.013848337010684,0.0247432899999999,0.0108949529893159,3.73015873015873e-06,0.0
2012-10-01,0.9107142857142856,16.32,2520.71,128.17,0.084,6.9302470633212e-05,0.0026933421649062,0.0128421162220863,0.02663424,0.0137921237779136,3.3333333333333333e-06,0.0
2012-10-02,0.8855693348365278,15.71,2523.08,127.1,0.089,6.912999896298714e-05,0.0009397695678946,0.0126838119704657,0.02468041,0.0119965980295342,3.5317460317460317e-06,0.0
2012-10-03,0.8777019340159272,15.43,2532.79,125.4,0.089,6.894887440956256e-05,0.0038410844971827,0.0126640012549512,0.0238084899999999,0.0111444887450487,3.5317460317460317e-06,0.0
2012-10-04,0.8528722157092615,14.55,2550.98,120.39,0.104,0.0002052896294522,0.0071561371290249,0.0129363956281368,0.02117025,0.0082338543718631,4.126984126984127e-06,0.0
2012-10-05,0.8464264619019493,14.33,2551.03,123.85,0.099,6.845329773755625e-05,1.9600118385306023e-05,0.0084921460258192,0.02053489,0.0120427439741807,3.928571428571429e-06,0.0
2012-10-08,0.8703917050691244,15.11,2542.21,122.06,0.099,0.0001374003847209,-0.0034634177130927,0.0085948256908489,0.0228312099999999,0.014236384309151,3.928571428571429e-06,0.0
2012-10-09,0.90893947806774,16.37,2517.14,121.21,0.099,0.0002081093267663,-0.0099104450932169,0.0094185433046079,0.02679769,0.017379146695392,3.928571428571429e-06,0.0
2012-10-10,0.8985107556536128,16.29,2501.75,120.46,0.099,0.0003491254407709,-0.0061328493898677,0.0098321239604971,0.0265364099999999,0.0167042860395027,3.928571428571429e-06,0.0
2012-10-11,0.8873079112122937,15.59,2502.66,120.83,0.099,6.972285166476782e-05,0.0003636792389232,0.009764254603139,0.02430481,0.0145405553968609,3.928571428571429e-06,0.0
2012-10-12,0.9098083427282976,16.14,2495.28,120.97,0.099,0.0002101944298476,-0.002953218871664,0.0062793887742244,0.02604996,0.0197705712257755,3.928571428571429e-06,0.0
2012-10-15,0.8924605493863238,15.27,2515.44,122.45,0.094,0.0,0.008046791192207,0.0069864876032163,0.02331729,0.0163308023967836,3.73015873015873e-06,0.0
2012-10-16,0.8968768414849736,15.22,2541.28,122.52,0.089,0.0002061784818391,0.0102201525568133,0.0083327498412677,0.02316484,0.0148320901587322,3.5317460317460317e-06,0.0
2012-10-17,0.9072847682119206,15.07,2552.05,124.95,0.109,0.000136742786818,0.0042290666623945,0.0085380695407639,0.02271049,0.014172420459236,4.3253968253968256e-06,0.0
2012-10-18,0.9065138721351026,15.03,2545.95,124.58,0.099,0.0003432297923458,-0.0023930964735895,0.0085961308250315,0.0225900899999999,0.0139939591749684,3.928571428571429e-06,0.0
2012-10-19,0.9415011037527592,17.06,2503.8,125.39,0.094,0.0002097682061322,-0.016694283450088,0.0119297601472454,0.0291043599999999,0.0171745998527545,3.73015873015873e-06,0.0
2012-10-22,0.9300503637381086,16.62,2504.96,122.99,0.094,0.0002784739626844,0.00046318850204,0.0119432872553934,0.02762244,0.0156791527446065,3.73015873015873e-06,0.0
2012-10-23,0.9681233933161952,18.83,2468.78,120.16,0.104,7.079896633502712e-05,-0.0145486648532694,0.0142108338148086,0.03545689,0.0212460561851913,4.126984126984127e-06,0.0
2012-10-24,0.951219512195122,18.33,2461.18,119.33,0.109,7.082403767832363e-05,-0.0030831917583555,0.0131794505081425,0.03359889,0.0204194394918574,4.3253968253968256e-06,0.0
2012-10-25,0.9481946624803768,18.12,2468.6,120.89,0.114,0.0002120815807147,0.0030102785938512,0.0130834954835283,0.03283344,0.0197499445164716,4.5238095238095235e-06,0.0
2012-10-26,0.9363827549947424,17.81,2466.8,119.31,0.114,0.0001414627245719,-0.0007294241924904,0.0116838272887777,0.0317196099999999,0.0200357827112222,4.5238095238095235e-06,0.0
2012-10-31,0.9632314862765408,18.6,2467.51,115.04,0.109,0.0002840303912518,0.0002877808669905,0.0115518411520121,0.034596,0.0230441588479878,4.3253968253968256e-06,0.0
2012-11-01,0.9413423575860124,16.69,2494.67,117.85,0.094,0.0001399090591116,0.0109469109245084,0.0131140792262093,0.02785561,0.0147415307737906,3.73015873015873e-06,0.0
2012-11-02,0.9482479784366576,17.59,2471.3,115.78,0.094,0.0002124871622339,-0.0094121279529164,0.0140258701652978,0.03094081,0.0169149398347021,3.73015873015873e-06,0.0
2012-11-05,0.9710068529256722,18.42,2476.94,115.52,0.091,0.0004230714990833,0.0022795993898393,0.0138651296900637,0.03392964,0.0200645103099363,3.611111111111111e-06,0.0
2012-11-06,0.9638157894736842,17.58,2496.46,116.34,0.094,6.985923364434195e-05,0.0078498010351399,0.0140145557610013,0.0309056399999999,0.0168910842389986,3.73015873015873e-06,0.0
2012-11-07,0.9631499242806664,19.08,2439.48,116.1,0.099,7.162554166809371e-05,-0.0230888265599264,0.0198120568269757,0.0364046399999999,0.0165925831730242,3.928571428571429e-06,0.0
2012-11-08,0.9324256177508824,18.49,2409.72,116.69,0.089,0.0001447701773435,-0.0122743436586044,0.021039898838371,0.0341880099999999,0.0131481111616289,3.5317460317460317e-06,0.0
2012-11-09,0.9272546088689586,18.61,2413.92,115.4,0.094,0.0003617552364071,0.0017414239293958,0.0205074909177768,0.03463321,0.0141257190822231,3.73015873015873e-06,0.0
2012-11-12,0.8710182767624022,16.68,2414.24,114.23,0.094,0.0001444251877528,0.0001325556735767,0.0203250591215034,0.02782224,0.0074971808784965,3.73015873015873e-06,0.0
2012-11-13,0.8777016341591987,16.65,2405.38,114.81,0.089,0.0002177463255307,-0.0036766425488176,0.020311289727419,0.0277222499999999,0.0074109602725809,3.5317460317460317e-06,0.0
2012-11-14,0.9018621036738804,17.92,2372.94,113.23,0.104,0.0002942258183154,-0.0135782025504802,0.0219512070250963,0.03211264,0.0101614329749036,4.126984126984127e-06,0.0
2012-11-15,0.909044972208186,17.99,2369.32,113.65,0.079,0.0001472645607833,-0.0015266985374597,0.0205321978885362,0.0323640099999999,0.0118318121114637,3.134920634920635e-06,0.0
2012-11-16,0.866877971473851,16.41,2381.02,115.85,0.079,7.315021396451724e-05,0.0049259731550042,0.019124838846288,0.0269288099999999,0.0078039711537119,3.134920634920635e-06,0.0
2012-11-19,0.8664013644115975,15.24,2428.47,113.46,0.079,0.0,0.0197324621214,0.0248731867908008,0.02322576,-0.0016474267908008,3.134920634920635e-06,0.0
2012-11-20,0.8726851851851851,15.08,2430.29,117.25,0.074,7.179523997552433e-05,0.0007491623727543,0.024989336332509,0.0227406399999999,-0.002248696332509,2.9365079365079366e-06,0.0
2012-11-21,0.8708759954493744,15.31,2435.97,116.62,0.094,0.00021498441363,0.0023344427052758,0.0223907867007507,0.02343961,0.0010488232992492,3.73015873015873e-06,0.0
2012-11-23,0.8612059158134244,15.14,2468.06,117.82,0.089,7.085414673887346e-05,0.0130873824298927,0.0248666452474101,0.02292196,-0.0019446852474101,3.5317460317460317e-06,0.0
2012-11-26,0.8954361640670133,15.5,2463.12,116.96,0.094,7.090941322454107e-05,-0.002003577907342,0.0223792444022471,0.024025,0.0016457555977528,3.73015873015873e-06,0.0
2012-11-27,0.9035187287173666,15.92,2450.48,116.65,0.086,0.0002136219603375,-0.0051449152889459,0.0225847627760149,0.02534464,0.002759877223985,3.4126984126984127e-06,0.0
2012-11-28,0.9017441860465116,15.51,2470.47,116.12,0.094,0.0001414727311309,0.0081244922046197,0.0233133232502869,0.0240560099999999,0.000742686749713,3.73015873015873e-06,0.0
2012-11-29,0.8953626634958383,15.06,2481.42,117.35,0.084,7.029629889979899e-05,0.0044225610211954,0.0235324560365562,0.02268036,-0.0008520960365562,3.3333333333333333e-06,0.0
2012-11-30,0.9189345686160972,15.87,2481.82,117.07,0.079,0.000211052094692,0.0001611850327068,0.0235326279698469,0.0251856899999999,0.001653062030153,3.134920634920635e-06,0.0
2012-12-03,0.9337822671156004,16.64,2470.07,115.98,0.079,0.0001414527194286,-0.0047456716737228,0.0222676171290555,0.02768896,0.0054213428709444,3.134920634920635e-06,0.0
2012-12-04,0.9411764705882352,17.12,2465.9,115.31,0.099,7.080397918376695e-05,-0.0016896378997723,0.0212434312682208,0.02930944,0.0080660087317792,3.928571428571429e-06,0.0
2012-12-05,0.923163208076276,16.46,2470.59,114.55,0.094,0.0001413327680023,0.0019001360930987,0.0212223644845683,0.0270931599999999,0.0058707955154316,3.73015873015873e-06,0.0
2012-12-06,0.929372197309417,16.58,2479.4,115.74,0.094,7.043989715768608e-05,0.003559606909298,0.0205813537817336,0.0274896399999999,0.0069082862182663,3.73015873015873e-06,0.0
2012-12-07,0.9196067090803932,15.9,2486.84,115.23,0.084,7.029629889979899e-05,0.0029962327901971,0.0137838701413969,0.025281,0.011497129858603,3.3333333333333333e-06,0.0
2012-12-10,0.92507204610951,16.05,2487.78,114.77,0.079,7.006480994913929e-05,0.0003779183178565,0.0114993798935065,0.02576025,0.0142608701064934,3.134920634920635e-06,0.0
2012-12-11,0.9158823529411764,15.57,2504.08,115.92,0.068,0.0001390820584145,0.0065306550793234,0.0118015728638065,0.02424249,0.0124409171361934,2.6984126984126986e-06,0.0
2012-12-12,0.91508892713712,15.95,2505.76,116.49,0.063,6.973743854401707e-05,0.0006706801267002,0.0117831660978772,0.02544025,0.0136570839021227,2.5e-06,0.0
2012-12-13,0.9261744966442952,16.56,2490.56,116.24,0.053,7.017297638672962e-05,-0.0060844969471004,0.0121833387318329,0.02742336,0.015240021268167,2.103174603174603e-06,0.0
2012-12-14,0.9428729894620076,17.0,2480.36,118.92,0.028,0.000140607424072,-0.0041038738565534,0.0096230114237902,0.0289,0.0192769885762097,1.1111111111111112e-06,0.0
2012-12-17,0.9337142857142856,16.34,2509.84,118.06,0.023,0.0001389081816919,0.0118152951596393,0.0105369686695957,0.0266995599999999,0.0161625913304042,9.126984126984128e-07,0.0
2012-12-18,0.9262343842950626,15.57,2538.72,117.86,0.053,0.0003441511511856,0.0114410109116702,0.0114046137889368,0.02424249,0.0128378762110631,2.103174603174603e-06,0.0
2012-12-19,0.9720044792833148,17.36,2519.54,120.76,0.053,0.0001385137474895,-0.0075836718252456,0.0088776753111818,0.03013696,0.0212592846888182,2.103174603174603e-06,0.0
2012-12-20,0.974090407938258,17.67,2533.91,124.47,0.053,0.0002064906907113,0.0056872191205895,0.0090453602317307,0.03122289,0.0221775297682692,2.103174603174603e-06,0.0
2012-12-21,0.9454160042395336,17.84,2510.32,127.08,0.058,0.0,-0.0093533292416173,0.0105826397177398,0.03182656,0.0212439202822601,2.3015873015873014e-06,0.0
2012-12-24,0.9454160042395336,17.84,2504.51,124.47,0.053,7.035069823081591e-05,-0.0023171284368687,0.00890555576225,0.03182656,0.0229210042377499,2.103174603174603e-06,0.0
2012-12-26,0.9774209734069242,19.48,2492.54,122.18,0.058,0.0002825058266828,-0.0047908357509804,0.0091885462880771,0.03794704,0.0287584937119228,2.3015873015873014e-06,0.0
2012-12-27,0.9774096385542168,19.47,2489.97,119.6,0.068,0.0001414727311309,-0.0010316086582544,0.0087996730290606,0.0379080899999999,0.0291084169709393,2.6984126984126986e-06,0.0
2012-12-28,1.0383912248628884,22.72,2462.71,118.38,0.008,0.0002161928440168,-0.011008292595404,0.0096422866156219,0.0516198399999999,0.041977553384378,3.174603174603175e-07,0.0
2012-12-31,0.9620928990923652,18.02,2504.44,121.27,0.043,7.008445176431234e-05,0.0168027870350826,0.012908023172985,0.03247204,0.0195640168270149,1.7063492063492063e-06,0.0
2013-01-02,0.8795686039544637,14.68,2568.55,121.77,0.058,6.84861144404296e-05,0.0252763806995256,0.0203010124174744,0.0215502399999999,0.0012492275825255,2.3015873015873014e-06,0.0
2013-01-03,0.8697729988052569,14.56,2563.19,117.93,0.068,6.865067106024718e-05,-0.0020889608394599,0.0199584836285061,0.02119936,0.0012408763714938,2.6984126984126986e-06,0.0
2013-01-04,0.846389228886169,13.83,2575.66,115.53,0.068,0.0,0.0048532354423313,0.0199030543788884,0.01912689,-0.0007761643788884,2.6984126984126986e-06,0.0
2013-01-07,0.8382978723404255,13.79,2567.63,116.78,0.063,6.854244490914239e-05,-0.0031225175031744,0.0202277546949145,0.0190164099999999,-0.0012113446949145,2.5e-06,0.0
2013-01-08,0.8279635258358663,13.62,2560.17,118.15,0.053,6.871199367843409e-05,-0.0029096319134924,0.0204487460854242,0.0185504399999999,-0.0018983060854242,2.103174603174603e-06,0.0
2013-01-09,0.836969696969697,13.81,2567.02,117.89,0.058,6.851426809646349e-05,0.0026720305179271,0.0204380000255188,0.01907161,-0.0013663900255188,2.3015873015873014e-06,0.0
2013-01-10,0.8368486352357319,13.49,2586.52,118.53,0.063,6.799252082284092e-05,0.007567649833925,0.0208529976699106,0.0181980099999999,-0.0026549876699106,2.5e-06,0.0
2013-01-11,0.8344784509681448,13.36,2586.69,119.14,0.068,6.800176804590734e-05,6.572321636320172e-05,0.0205925500671587,0.01784896,-0.0027435900671587,2.6984126984126986e-06,0.0
2013-01-14,0.8299570288520565,13.52,2584.27,117.19,0.068,6.81268521987322e-05,-0.0009359964790592,0.02065895108306,0.0182790399999999,-0.00237991108306,2.6984126984126986e-06,0.0
2013-01-15,0.8297611757501532,13.55,2587.2,120.9,0.081,0.0002722199537227,0.0011331402148755,0.0199102016132819,0.01836025,-0.0015499516132819,3.2142857142857147e-06,0.0
2013-01-16,0.8263546798029557,13.42,2588.02,120.13,0.074,0.0001361099768611,0.0003168947433586,0.0194855834823115,0.0180096399999999,-0.0014759434823115,2.9365079365079366e-06,0.0
2013-01-17,0.843905472636816,13.57,2602.64,120.53,0.074,0.0,0.0056332099044887,0.0184187216021387,0.01841449,-4.23160213873508e-06,2.9365079365079366e-06,0.0
2013-01-18,0.814911706998038,12.46,2611.54,124.79,0.074,6.743315688336981e-05,0.0034137711560622,0.0172273361141335,0.01552516,-0.0017021761141335,2.9365079365079366e-06,0.0
2013-01-22,0.8444293478260869,12.43,2623.22,126.73,0.063,6.696353835330569e-05,0.0044624851503156,0.0162577321616345,0.0154504899999999,-0.0008072421616345,2.5e-06,0.0
2013-01-23,0.8593103448275863,12.46,2627.23,126.58,0.074,6.690977217235507e-05,0.0015274884170632,0.0160705040027314,0.01552516,-0.0005453440027314,2.9365079365079366e-06,0.0
2013-01-24,0.8650306748466258,12.69,2627.33,125.47,0.079,6.687844841993583e-05,3.806217837908698e-05,0.0145077107894528,0.0161036099999999,0.0015958992105471,3.134920634920635e-06,0.0
2013-01-25,0.8792633015006821,12.89,2641.64,124.71,0.074,6.66688889629048e-05,0.0054318150166864,0.0143521602128956,0.01661521,0.0022630497871043,2.9365079365079366e-06,0.0
2013-01-28,0.900464499004645,13.57,2636.83,122.95,0.063,0.0003331667499582,-0.0018224983115819,0.0139096487568216,0.01841449,0.0045048412431783,2.5e-06,0.0
2013-01-29,0.9029850746268656,13.31,2650.43,123.95,0.068,6.628882039056925e-05,0.0051444528901933,0.0137897466962044,0.01771561,0.0039258633037955,2.6984126984126986e-06,0.0
2013-01-30,0.9286640726329444,14.32,2640.77,121.92,0.063,0.000200100050025,-0.0036513496872327,0.0118470198745384,0.02050624,0.0086592201254615,2.5e-06,0.0
2013-01-31,0.9183279742765272,14.28,2634.16,121.64,0.074,0.0001333777925976,-0.0025061957067841,0.0097625643206921,0.0203918399999999,0.0106292756793078,2.9365079365079366e-06,0.0
2013-02-01,0.872210953346856,12.9,2660.7,122.55,0.068,-6.620543546637972e-05,0.0100249004767252,0.0037634250135675,0.016641,0.0128775749864324,2.6984126984126986e-06,0.0
2013-02-04,0.929069031032299,14.67,2630.05,122.6,0.058,0.0001335648457326,-0.0115863886525764,0.0057475155376886,0.02152089,0.0157733744623113,2.3015873015873014e-06,0.0
2013-02-05,0.8967320261437909,13.72,2657.76,123.22,0.074,0.0002649357530798,0.0104808053448269,0.0066419166737832,0.01882384,0.0121819233262167,2.9365079365079366e-06,0.0
2013-02-06,0.8857331571994715,13.41,2659.55,122.45,0.068,6.619228859850622e-05,0.0006732727892925,0.006373207446334,0.01798281,0.0116096025536659,2.6984126984126986e-06,0.0
2013-02-07,0.8887425938117183,13.5,2655.84,125.35,0.068,0.0001324854266031,-0.00139594671415,0.0062258246545716,0.018225,0.0119991753454283,2.6984126984126986e-06,0.0
2013-02-08,0.8797297297297296,13.02,2670.85,125.67,0.068,6.59260968453763e-05,0.005635784973046,0.0064003169753594,0.0169520399999999,0.0105517230246405,2.6984126984126986e-06,0.0
2013-02-11,0.8814713896457765,12.94,2669.37,125.53,0.068,6.589134517193903e-05,-0.000554284294614,0.0060294672752662,0.0167443599999999,0.0107148927247337,2.6984126984126986e-06,0.0
2013-02-12,0.8699242945629733,12.64,2673.77,126.12,0.084,0.0,0.0016469720032001,0.0060022638420092,0.01597696,0.0099746961579907,3.3333333333333333e-06,0.0
2013-02-13,0.8872180451127819,12.98,2676.6,126.68,0.094,0.0001314492277358,0.0010578708627323,0.0059237190715719,0.0168480399999999,0.010924320928428,3.73015873015873e-06,0.0
2013-02-14,0.8773388773388774,12.66,2678.77,127.19,0.099,0.0001313456360413,0.0008104015665631,0.0059293485520062,0.0160275599999999,0.0100982114479937,3.928571428571429e-06,0.0
2013-02-15,0.873772791023843,12.46,2676.21,130.46,0.099,0.0002629330178136,-0.0009561194234232,0.0059917622106058,0.01552516,0.0095333977893941,3.928571428571429e-06,0.0
2013-02-19,0.879914224446033,12.31,2696.26,130.15,0.109,6.526350138679005e-05,0.0074640130459655,0.0062182624294257,0.01515361,0.0089353475705742,4.3253968253968256e-06,0.0
2013-02-20,0.9526281635301752,14.68,2662.94,124.47,0.119,0.0001322926313005,-0.0124348519713711,0.0085410940084761,0.0215502399999999,0.0130091459915238,4.7222222222222214e-06,0.0
2013-02-21,0.9688096753660088,15.22,2646.75,122.58,0.124,0.0001992759639974,-0.006098303356519,0.0089388520008858,0.02316484,0.0142259879991141,4.92063492063492e-06,0.0
2013-02-22,0.9459279038718292,14.17,2670.36,125.37,0.124,0.0001316915783234,0.0088808225425359,0.0097919625592912,0.02007889,0.0102869274407087,4.92063492063492e-06,0.0
2013-02-25,1.0585284280936451,18.99,2621.46,121.5,0.119,6.705334093265099e-05,-0.0184818803096732,0.0142519355842588,0.0360620099999999,0.0218100744157411,4.7222222222222214e-06,0.0
2013-02-26,0.9779710144927536,16.87,2637.89,122.92,0.114,0.0001336183858899,0.0062479406952569,0.0143738315401295,0.02845969,0.0140858584598704,4.5238095238095235e-06,0.0
2013-02-27,0.9406130268199234,14.73,2672.11,124.96,0.104,0.0001315702914282,0.0128890673222333,0.0163204148209295,0.02169729,0.0053768751790704,4.126984126984127e-06,0.0
2013-02-28,0.9585908529048208,15.51,2669.92,126.86,0.104,6.593479049214324e-05,-0.0008199130752492,0.0160692038381693,0.0240560099999999,0.0079868061618306,4.126984126984127e-06,0.0
2013-03-01,0.9429097605893186,15.36,2676.18,128.19,0.104,0.0001972581122398,0.0023418951613574,0.0158960768780237,0.0235929599999999,0.0076968831219762,4.126984126984127e-06,0.0
2013-03-04,0.9085603112840468,14.01,2688.54,128.65,0.089,0.0001307104110843,0.0046078907639651,0.0159403910199445,0.01962801,0.0036876189800554,3.5317460317460317e-06,0.0
2013-03-05,0.9016722408026756,13.48,2714.35,126.62,0.099,0.0001946093217865,0.0095542186994088,0.0158356838243737,0.01817104,0.0023353561756262,3.928571428571429e-06,0.0
2013-03-06,0.9001996007984032,13.53,2718.07,124.73,0.099,6.477732793516376e-05,0.0013695555871827,0.0137567524799213,0.01830609,0.0045493375200786,3.928571428571429e-06,0.0
2013-03-07,0.8860244233378562,13.06,2723.27,125.28,0.099,6.462244337452522e-05,0.0019112944910579,0.0127131650768193,0.01705636,0.0043431949231806,3.928571428571429e-06,0.0
2013-03-08,0.8670798898071626,12.59,2735.67,124.46,0.089,0.0,0.004543014331331,0.0128454472813668,0.01585081,0.0030053627186331,3.5317460317460317e-06,0.0
2013-03-11,0.8083916083916084,11.56,2744.81,125.21,0.094,0.0001922768787053,0.0033354773574036,0.0127874206242675,0.01336336,0.0005759393757324,3.73015873015873e-06,0.0
2013-03-12,0.8415637860082305,12.27,2738.35,128.66,0.094,0.0003211819495743,-0.0023563065782955,0.012734867488695,0.0150552899999999,0.0023204225113049,3.73015873015873e-06,0.0
2013-03-13,0.8152997932460372,11.83,2742.87,127.13,0.089,0.0001922892029612,0.0016492682375695,0.0126963585035692,0.01399489,0.0012985314964307,3.5317460317460317e-06,0.0
2013-03-14,0.8014184397163121,11.3,2758.3,128.96,0.094,0.0001276650070214,0.0056097304624164,0.0129201037813917,0.012769,-0.0001511037813917,3.73015873015873e-06,0.0
2013-03-15,0.7924263674614307,11.3,2753.82,129.12,0.084,0.0001283944276819,-0.0016255092365373,0.0130352001769978,0.012769,-0.0002662001769978,3.3333333333333333e-06,0.0
2013-03-18,0.8680961663417803,13.36,2738.68,126.17,0.074,0.0003223207091056,-0.0055129861978469,0.0136017035156399,0.01784896,0.00424725648436,2.9365079365079366e-06,0.0
2013-03-19,0.9159770846594526,14.39,2732.09,127.08,0.056,0.0003880230226993,-0.0024091684305549,0.0137006166007618,0.02070721,0.0070065933992381,2.2222222222222225e-06,0.0
2013-03-20,0.8486269256530475,12.67,2750.42,123.73,0.068,0.0001931558445739,0.0066867432246712,0.0135809422571227,0.01605289,0.0024719477428772,2.6984126984126986e-06,0.0
2013-03-21,0.9008370895041856,13.99,2727.69,121.69,0.068,-6.479411669414524e-05,-0.008298530129106,0.0123913857012198,0.0195720099999999,0.0071806242987801,2.6984126984126986e-06,0.0
2013-03-22,0.8892529488859764,13.57,2747.25,122.18,0.068,0.0003855545559696,0.0071453141844177,0.0120790612043011,0.01841449,0.0063354287956988,2.6984126984126986e-06,0.0
2013-03-25,0.8980392156862744,13.74,2738.08,122.03,0.063,0.0003223622707197,-0.0033434664978917,0.0116831930960265,0.0188787599999999,0.0071955669039734,2.5e-06,0.0
2013-03-26,0.8657627118644068,12.77,2760.32,122.47,0.074,0.0001280901754836,0.008089670190282,0.0069816984700984,0.01630729,0.0093255915299015,2.9365079365079366e-06,0.0
2013-03-27,0.8807769591426658,13.15,2758.85,121.99,0.089,0.0001281394156843,-0.0005326888045704,0.0068858046999744,0.01729225,0.0104064453000255,3.5317460317460317e-06,0.0
2013-03-28,0.8674863387978141,12.7,2770.05,122.93,0.074,6.381010113895228e-05,0.0040514443451381,0.0054280252195624,0.016129,0.0107009747804375,2.9365079365079366e-06,0.0
2013-04-01,0.8887434554973822,13.58,2757.83,121.21,0.048,0.0001923138562133,-0.0044212319752429,0.0058136327458246,0.01844164,0.0126280072541753,1.904761904761905e-06,0.0
2013-04-02,0.8687967369136641,12.78,2772.11,122.84,0.089,0.000191271637604,0.0051646244773968,0.0059660989550675,0.0163328399999999,0.0103667410449324,3.5317460317460317e-06,0.0
2013-04-03,0.9173660426081344,14.21,2743.38,120.92,0.058,0.0001931931609621,-0.0104180262682222,0.0075656707417216,0.02019241,0.0126267392582783,2.3015873015873014e-06,0.0
2013-04-04,0.907843137254902,13.89,2754.67,120.79,0.063,6.414985405902367e-05,0.0041069164044733,0.0067422142888628,0.0192932099999999,0.0125509957111371,2.5e-06,0.0
2013-04-05,0.9050715214564368,13.92,2742.86,118.34,0.063,0.0001290072889117,-0.0042964815717126,0.0070321670098961,0.0193766399999999,0.0123444729901038,2.5e-06,0.0
2013-04-08,0.8966689326988443,13.19,2761.05,119.21,0.058,6.396929473864915e-05,0.0066098705201571,0.0074722009234939,0.0173976099999999,0.009925409076506,2.3015873015873014e-06,0.0
2013-04-09,0.8879668049792531,12.84,2770.84,118.63,0.063,6.379381837894106e-05,0.0035394811613022,0.0073859890452336,0.0164865599999999,0.0091005709547663,2.5e-06,0.0
2013-04-10,0.8753541076487252,12.36,2804.81,118.34,0.068,0.000189053785802,0.0121852771690713,0.0089340195094315,0.0152769599999999,0.0063429404905684,2.6984126984126986e-06,0.0
2013-04-11,0.8637967537050106,12.24,2815.02,117.24,0.063,6.28160432173806e-05,0.0036335658670745,0.008853460576521,0.01498176,0.0061282994234789,2.5e-06,0.0
2013-04-12,0.8601997146932954,12.06,2807.1,117.84,0.063,0.0001891372190524,-0.002817444394312,0.009055246877103,0.01454436,0.0054891131228969,2.5e-06,0.0
2013-04-15,1.014092777451556,17.27,2742.63,119.92,0.058,-0.0003871717106536,-0.0232346079185616,0.0157628067696015,0.0298252899999999,0.0140624832303984,2.3015873015873014e-06,0.0
2013-04-16,0.9245033112582782,13.96,2781.86,124.1,0.053,0.00025433967063,0.0142024546774354,0.0182289525655201,0.01948816,0.0012592074344798,2.103174603174603e-06,0.0
2013-04-17,0.9751919669226228,16.51,2742.01,120.7,0.053,0.0001934423058322,-0.0144285406202285,0.0205297966609768,0.02725801,0.0067282133390231,2.103174603174603e-06,0.0
2013-04-18,1.002283105022831,17.56,2723.72,121.28,0.053,0.0001948494787776,-0.006692635117159,0.0210162736367481,0.0308353599999999,0.0098190863632518,2.103174603174603e-06,0.0
2013-04-19,0.9257884972170686,14.97,2747.94,122.61,0.048,0.0001288410745346,0.008852947071275,0.0214455769508673,0.02241009,0.0009645130491326,1.904761904761905e-06,0.0
2013-04-22,0.9189016602809706,14.39,2760.8,120.52,0.048,0.0002562952521304,0.0046689527410557,0.0207656832636728,0.02070721,-5.84732636728022e-05,1.904761904761905e-06,0.0
2013-04-23,0.908968307484828,13.48,2789.56,121.56,0.048,6.339345145640689e-05,0.010363384501514,0.0214228141443465,0.01817104,-0.0032517741443465,1.904761904761905e-06,0.0
2013-04-24,0.9091516366065464,13.61,2789.93,119.84,0.053,0.0,0.0001326286096193,0.0212111812233187,0.01852321,-0.0026879712233187,2.103174603174603e-06,0.0
2013-04-25,0.9104278074866308,13.62,2801.28,119.83,0.053,6.303381764328739e-05,0.0040599496675488,0.0206752623673882,0.0185504399999999,-0.0021248223673882,2.103174603174603e-06,0.0
2013-04-26,0.9140362659503022,13.61,2796.24,118.86,0.053,6.325710851751212e-05,-0.0018007979826806,0.0207339972237874,0.01852321,-0.0022107872237874,2.103174603174603e-06,0.0
2013-04-29,0.9189008042895443,13.71,2816.39,118.85,0.053,0.0001883534766912,0.0071802654268667,0.0211203696223143,0.01879641,-0.0023239596223143,2.103174603174603e-06,0.0
2013-04-30,0.9147496617050068,13.52,2823.42,119.05,0.048,6.259193190009906e-05,0.0024929930763491,0.0207860460424376,0.0182790399999999,-0.0025070060424376,1.904761904761905e-06,0.0
2013-05-01,0.9282511210762332,14.49,2797.28,118.05,0.053,6.321312304428652e-05,-0.0093013996336724,0.0218225292272314,0.02099601,-0.0008265192272314,2.103174603174603e-06,0.0
2013-05-02,0.913920645595158,13.59,2823.82,117.95,0.038,0.0001252112940587,0.009443061755583,0.0211264435790888,0.01846881,-0.0026576335790888,1.5079365079365078e-06,0.0
2013-05-06,0.8846960167714885,12.66,2859.34,116.93,0.033,0.0001235788433019,0.012500250746891,0.0225494032849831,0.0160275599999999,-0.0065218432849831,1.3095238095238096e-06,0.0
2013-05-07,0.8940766550522649,12.83,2874.46,119.76,0.03,0.0003691399040236,0.0052740015511528,0.02218402761035,0.01646089,-0.00572313761035,1.1904761904761904e-06,0.0
2013-05-08,0.8791666666666667,12.66,2887.61,117.35,0.043,0.000183637866128,0.0045643398395733,0.0220085497597951,0.0160275599999999,-0.0059809897597951,1.7063492063492063e-06,0.0
2013-05-09,0.886563133018231,13.13,2878.3,119.08,0.038,6.137040105551508e-05,-0.0032293282728394,0.0223186461247957,0.01723969,-0.0050789561247957,1.5079365079365078e-06,0.0
2013-05-10,0.8558803535010197,12.59,2890.77,117.97,0.041,0.0002447231569286,0.0043230605351733,0.0210051590348738,0.01585081,-0.0051543490348738,1.626984126984127e-06,0.0
2013-05-13,0.8338870431893688,12.55,2891.17,119.16,0.038,6.11340363748698e-05,0.0001383618649236,0.0209583271834684,0.01575025,-0.0052080771834684,1.5079365079365078e-06,0.0
2013-05-14,0.8524699599465954,12.77,2921.12,116.16,0.038,6.0501557915061286e-05,0.0103058398954034,0.021672883910576,0.01630729,-0.005365593910576,1.5079365079365078e-06,0.0
2013-05-15,0.8511627906976744,12.81,2936.98,119.41,0.041,0.0001808154778049,0.005414738140503,0.0133789502039183,0.0164096099999999,0.0030306597960816,1.626984126984127e-06,0.0
2013-05-16,0.8459546925566344,13.07,2922.4,121.22,0.028,0.0003024711896192,-0.0049766460246303,0.0125044749785799,0.01708249,0.00457801502142,1.1111111111111112e-06,0.0
2013-05-17,0.8206987475280157,12.45,2952.56,127.85,0.033,0.0002397219225697,0.0102673941451796,0.0093831429473362,0.01550025,0.0061171070526637,1.3095238095238096e-06,0.0
2013-05-20,0.8504245591116917,13.02,2950.53,117.67,0.033,0.0001197891710589,-0.0006877754125455,0.0082699997445435,0.0169520399999999,0.0086820402554564,1.3095238095238096e-06,0.0
2013-05-21,0.8472750316856781,13.37,2955.69,117.08,0.038,0.0,0.001747310907088,0.0079726774342926,0.0178756899999999,0.0099030125657073,1.5079365079365078e-06,0.0
2013-05-22,0.8735777496839444,13.82,2931.58,117.16,0.038,6.021738475892515e-05,-0.0081905993054973,0.0095687242606057,0.0190992399999999,0.0095305157393942,1.5079365079365078e-06,0.0
2013-05-23,0.879375,14.07,2923.43,116.92,0.043,6.041018515716256e-05,-0.0027839423890885,0.0091563698445879,0.0197964899999999,0.010640120155412,1.7063492063492063e-06,0.0
2013-05-24,0.8787688442211056,13.99,2921.88,118.17,0.038,6.038100413604387e-05,-0.0005303397206748,0.0091967193087908,0.0195720099999999,0.0103752906912091,1.5079365079365078e-06,0.0
2013-05-28,0.9124133585381224,14.48,2940.45,112.47,0.043,0.0002408912978018,0.0063353861390086,0.0093654726920182,0.02096704,0.0116015673079817,1.7063492063492063e-06,0.0
2013-05-29,0.9182662538699692,14.83,2920.18,116.2,0.038,0.0003026359592047,-0.0069173726465023,0.0102095152074841,0.0219928899999999,0.0117833747925158,1.5079365079365078e-06,0.0
2013-05-30,0.9075577763897564,14.53,2931.39,117.75,0.028,6.028636021094743e-05,0.0038314550500491,0.0099124307073503,0.0211120899999999,0.0111996592926496,1.1111111111111112e-06,0.0
2013-05-31,0.9515469935785174,16.3,2889.46,119.51,0.028,6.11639499678333e-05,-0.0144070798115469,0.0130896849268555,0.026569,0.0134793150731444,1.1111111111111112e-06,0.0
2013-06-03,0.94541231126597,16.28,2906.91,119.16,0.028,6.091061367455048e-05,0.006021027890748,0.0118903831821764,0.02650384,0.0146134568178235,1.1111111111111112e-06,0.0
2013-06-04,0.9426419466975664,16.27,2891.02,116.87,0.043,0.0002443792766372,-0.0054812803134283,0.0117002279974895,0.0264712899999999,0.0147710620025104,1.7063492063492063e-06,0.0
2013-06-05,0.9722222222222222,17.5,2851.89,116.57,0.038,0.0001239310943114,-0.0136274486484603,0.0123991083519239,0.0306249999999999,0.018225891648076,1.5079365079365078e-06,0.0
2013-06-06,0.9475783475783476,16.63,2876.5,117.64,0.048,6.139677666916902e-05,0.0085923449379459,0.0129826577374611,0.02765569,0.0146730322625388,1.904761904761905e-06,0.0
2013-06-07,0.9055023923444976,15.14,2913.46,116.2,0.043,0.0,0.0127671009938406,0.0147265906931017,0.02292196,0.0081953693068982,1.7063492063492063e-06,0.0
2013-06-10,0.9228930065750148,15.44,2912.63,116.2,0.043,0.0001820222673907,-0.0002849252262203,0.0145595226570804,0.0238393599999999,0.0092798373429195,1.7063492063492063e-06,0.0
2013-06-11,0.9530988274706867,17.07,2883.07,116.98,0.043,0.0001836828409612,-0.0102007544637128,0.0157152201998438,0.0291384899999999,0.0134232698001561,1.7063492063492063e-06,0.0
2013-06-12,0.9748295752490824,18.59,2859.62,115.56,0.048,6.187544472970272e-05,-0.008166949753844,0.0164874179726512,0.03455881,0.0180713920273487,1.904761904761905e-06,0.0
2013-06-13,0.920358945597308,16.41,2902.32,117.28,0.043,6.089948539946608e-05,0.0148216682917181,0.017964383435108,0.0269288099999999,0.0089644265648919,1.7063492063492063e-06,0.0
2013-06-14,0.9371584699453552,17.15,2885.24,116.29,0.043,6.133652283246485e-05,-0.0059023317547896,0.0178693813065937,0.0294122499999999,0.0115428686934062,1.7063492063492063e-06,0.0
2013-06-17,0.9338521400778212,16.8,2907.12,116.74,0.043,0.0001823320266204,0.0075548149863163,0.0184495197908932,0.028224,0.0097744802091067,1.7063492063492063e-06,0.0
2013-06-18,0.935774647887324,16.61,2929.81,118.7,0.048,0.0003017046311661,0.0077746741154546,0.0178634403130739,0.02758921,0.009725769686926,1.904761904761905e-06,0.0
2013-06-19,0.935883014623172,16.64,2889.25,117.84,0.043,0.0004280952817785,-0.0139406216365602,0.0200777798751171,0.02768896,0.0076111801248828,1.7063492063492063e-06,0.0
2013-06-20,1.0073746312684364,20.49,2817.44,117.52,0.043,6.263113393662296e-05,-0.0251682816430827,0.0269081347484334,0.0419840099999999,0.0150758752515665,1.7063492063492063e-06,0.0
2013-06-21,0.9697280656747048,18.9,2824.97,117.36,0.043,0.0001888633573609,0.0026690738426597,0.0267061135647177,0.0357209999999999,0.0090148864352822,1.7063492063492063e-06,0.0
2013-06-24,0.97009165460685,20.11,2790.66,116.08,0.043,0.0001910523801942,-0.012219618075633,0.0280170206529262,0.04044121,0.0124241893470737,1.7063492063492063e-06,0.0
2013-06-25,0.9389933909506862,18.47,2817.44,115.23,0.061,6.306164275591567e-05,0.009550544232973,0.0296640495403285,0.0341140899999999,0.0044500404596714,2.4206349206349204e-06,0.0
2013-06-26,0.9144527098831032,17.21,2845.04,115.81,0.058,0.000375070325686,0.0097484560030803,0.0304978176510435,0.02961841,-0.0008794076510435,2.3015873015873014e-06,0.0
2013-06-27,0.9084051724137931,16.86,2862.92,116.01,0.048,0.0001241541995156,0.0062649557747325,0.0308069795661156,0.02842596,-0.0023810195661156,1.904761904761905e-06,0.0
2013-06-28,0.9168026101141924,16.86,2850.66,116.53,0.033,0.0001871782873186,-0.0042915365904815,0.0306214457433849,0.02842596,-0.0021954857433849,1.3095238095238096e-06,0.0
2013-07-01,0.9135044642857144,16.37,2866.41,114.85,0.013,0.0001861792906569,0.0055098292814823,0.0288180870966003,0.02679769,-0.0020203970966003,5.158730158730158e-07,0.0
2013-07-02,0.9123196448390678,16.44,2865.48,115.22,0.023,0.0002481697481076,-0.0003245002985613,0.0282774818919065,0.02702736,-0.0012501218919065,9.126984126984128e-07,0.0
2013-07-03,0.909601347557552,16.2,2867.85,113.13,0.043,6.191375414060198e-05,0.0008267447138024,0.0279923199219962,0.026244,-0.0017483199219962,1.7063492063492063e-06,0.0
2013-07-05,0.8821090047393366,14.89,2897.12,117.12,0.038,6.126137164222946e-05,0.0101545199758099,0.0268419392646406,0.02217121,-0.0046707292646406,1.5079365079365078e-06,0.0
2013-07-08,0.9006703229737965,14.78,2913.2,117.13,0.033,0.0001219214825652,0.0055349932714275,0.0263498382644944,0.0218448399999999,-0.0045049982644944,1.3095238095238096e-06,0.0
2013-07-09,0.9019484600879948,14.35,2934.31,115.19,0.038,0.0001212047754682,0.0072201985828184,0.0250188330222984,0.0205922499999999,-0.0044265830222984,1.5079365079365078e-06,0.0
2013-07-10,0.9010779961953076,14.21,2934.97,117.08,0.033,0.0002419842710223,0.0002248998183018,0.025013928831902,0.02019241,-0.004821518831902,1.3095238095238096e-06,0.0
2013-07-11,0.9038709677419354,14.01,2975.06,115.53,0.033,0.0002985698504165,0.0135669750987037,0.0254651546107879,0.01962801,-0.0058371446107879,1.3095238095238096e-06,0.0
2013-07-12,0.8843450479233227,13.84,2984.24,113.27,0.033,0.0001193958569638,0.0030809012002556,0.0242445025943786,0.0191545599999999,-0.0050899425943786,1.3095238095238096e-06,0.0
2013-07-15,0.882842509603073,13.79,2988.35,114.42,0.023,0.0001189272759708,0.0013762875565718,0.0220801480123763,0.0190164099999999,-0.0030637380123763,9.126984126984128e-07,0.0
2013-07-16,0.9006870705808868,14.42,2977.26,115.26,0.028,5.967833378086656e-05,-0.0037179811536816,0.0217359386406456,0.02079364,-0.0009422986406456,1.1111111111111112e-06,0.0
2013-07-17,0.8856041131105398,13.78,2985.85,115.27,0.028,0.0001190759704692,0.0028810489632868,0.021284351186021,0.01898884,-0.002295511186021,1.1111111111111112e-06,0.0
2013-07-18,0.8849614395886889,13.77,3001.21,115.58,0.028,0.0001780468263153,0.0051310772565387,0.0209350454637891,0.01896129,-0.0019737554637891,1.1111111111111112e-06,0.0
2013-07-19,0.8337765957446809,12.54,3006.13,113.07,0.023,0.0002361275088547,0.0016379965509005,0.0179244182005925,0.0157251599999999,-0.0021992582005925,9.126984126984128e-07,0.0
2013-07-22,0.8366235534377127,12.29,3012.3,112.9,0.013,5.900227158757014e-05,0.0020503693360441,0.0082562230801062,0.0151044099999999,0.0068481869198937,5.158730158730158e-07,0.0
2013-07-23,0.8508064516129031,12.66,3006.72,113.14,0.018,0.000177247348675,-0.0018541229630618,0.0085604894070377,0.0160275599999999,0.0074670705929622,7.142857142857142e-07,0.0
2013-07-24,0.8676761026991442,13.18,2995.3,118.72,0.023,5.9232933511146616e-05,-0.003805390112354,0.0061894770409635,0.01737124,0.0111817629590364,9.126984126984128e-07,0.0
2013-07-25,0.8646666666666667,12.97,3003.01,117.85,0.018,5.9236442259224034e-05,0.0025707255030313,0.0056869554283588,0.01682209,0.0111351345716411,7.142857142857142e-07,0.0
2013-07-26,0.8594594594594595,12.72,3005.51,118.23,0.018,5.9134857041597386e-05,0.0008321517259712,0.0051330594254981,0.01617984,0.0110467805745018,7.142857142857142e-07,0.0
2013-07-29,0.8861681005956321,13.39,2994.45,118.93,0.018,0.0002371354043158,-0.0036866954203146,0.0054056063019649,0.01792921,0.0125236036980351,7.142857142857142e-07,0.0
2013-07-30,0.8938584779706276,13.39,2995.68,119.39,0.038,5.9201373471810706e-05,0.0004106755670702,0.0049089475240053,0.01792921,0.0130202624759947,1.5079365079365078e-06,0.0
2013-07-31,0.9014745308310992,13.45,2995.72,117.85,0.038,0.0001183712121212,1.335247187643558e-05,0.0048355963218592,0.0180902499999999,0.0132546536781407,1.5079365079365078e-06,0.0
2013-08-01,0.8893470790378006,12.94,3033.59,115.06,0.038,0.0001172676634418,0.0125621333160484,0.0060406656719719,0.0167443599999999,0.010703694328028,1.5079365079365078e-06,0.0
2013-08-02,0.8538845331432645,11.98,3038.63,116.89,0.033,5.85188869707166e-05,0.0016600192869753,0.0060093514036278,0.01435204,0.0083426885963721,1.3095238095238096e-06,0.0
2013-08-05,0.8542568542568543,11.84,3034.43,116.53,0.041,0.0001171508903466,-0.0013831579696542,0.0054552105188996,0.01401856,0.0085633494811003,1.626984126984127e-06,0.0
2013-08-06,0.8736263736263736,12.72,3017.16,119.09,0.038,0.0001766316347257,-0.0057076063921636,0.0060285506666991,0.01617984,0.0101512893333008,1.5079365079365078e-06,0.0
2013-08-07,0.8764348413234301,12.98,3006.63,118.31,0.043,0.000118161408484,-0.0034961413746773,0.005907710056776,0.0168480399999999,0.0109403299432239,1.7063492063492063e-06,0.0
2013-08-08,0.8677573278800274,12.73,3019.0,118.47,0.048,5.888067830536052e-05,0.0041058005145914,0.0059970532879497,0.01620529,0.0102082367120502,1.904761904761905e-06,0.0
2013-08-09,0.8880794701986755,13.41,3008.79,122.3,0.053,5.914185173132392e-05,-0.0033876461403884,0.004224308357497,0.01798281,0.0137585016425029,2.103174603174603e-06,0.0
2013-08-12,0.8444297956493079,12.81,3005.42,115.44,0.053,0.0001773206844578,-0.0011206793087386,0.0041667837335945,0.0164096099999999,0.0122428262664054,2.103174603174603e-06,0.0
2013-08-13,0.8283983849259758,12.31,3014.43,115.81,0.051,0.0001179523472516,0.0029934323041083,0.0042405279965722,0.01515361,0.0109130820034277,2.0238095238095237e-06,0.0
2013-08-14,0.8556430446194225,13.04,2999.42,119.33,0.051,0.00023716352425,-0.0049918209362047,0.0043926326660787,0.0170041599999999,0.0126115273339212,2.0238095238095237e-06,0.0
2013-08-15,0.9070197044334976,14.73,2957.08,115.82,0.051,0.0001203948952563,-0.0142166416920284,0.0068114169849168,0.02169729,0.0148858730150831,2.0238095238095237e-06,0.0
2013-08-16,0.9015056461731492,14.37,2947.46,117.21,0.041,0.0001207510716656,-0.0032585124368765,0.0064737639143085,0.02064969,0.0141759260856914,1.626984126984127e-06,0.0
2013-08-19,0.9207317073170732,15.1,2930.27,118.15,0.041,0.0001818347122465,-0.005849213560515,0.0066750418234111,0.022801,0.0161259581765888,1.626984126984127e-06,0.0
2013-08-20,0.9141630901287554,14.91,2941.58,118.07,0.038,6.0388296748035295e-05,0.0038522830068124,0.0068623742342879,0.02223081,0.015368435765712,1.5079365079365078e-06,0.0
2013-08-21,0.949374627754616,15.94,2924.73,117.17,0.033,0.0001217952621643,-0.0057446832299757,0.0071148799849796,0.0254083599999999,0.0182934800150203,1.3095238095238096e-06,0.0
2013-08-22,0.923076923076923,14.76,2949.96,119.21,0.023,0.000120452902915,0.0085894422068711,0.0081810747208914,0.02178576,0.0136046852791085,9.126984126984128e-07,0.0
2013-08-23,0.8990353697749196,13.98,2962.06,120.13,0.028,5.999340072586558e-05,0.0040933612860686,0.0083354048983515,0.01954404,0.0112086351016484,1.1111111111111112e-06,0.0
2013-08-26,0.9247378161628624,14.99,2950.13,118.69,0.01,0.0001807718959959,-0.0040357350464529,0.0084374759244935,0.02247001,0.0140325340755064,3.9682539682539683e-07,0.0
2013-08-27,0.9485294117647058,16.77,2903.29,118.07,0.063,0.0001224364860729,-0.0160046604655989,0.0111277523162608,0.0281232899999999,0.0169955376837391,2.5e-06,0.0
2013-08-28,0.9358683314415436,16.49,2911.83,117.51,0.028,0.0,0.0029371727976503,0.0113242283783333,0.0271920099999999,0.0158677816216666,1.1111111111111112e-06,0.0
2013-08-29,0.9391061452513968,16.81,2917.96,117.21,0.023,0.0001217581882382,0.0021029924780138,0.0114485192548146,0.02825761,0.0168090907451853,9.126984126984128e-07,0.0
2013-08-30,0.942382271468144,17.01,2908.96,117.48,0.023,0.0001220554131576,-0.0030891129986212,0.008939457981759,0.02893401,0.0199945520182409,9.126984126984128e-07,0.0
2013-09-03,0.941609977324263,16.61,2921.23,116.72,0.018,6.07662625709653e-05,0.0042091314744151,0.0092523950528716,0.02758921,0.0183368149471283,7.142857142857142e-07,0.0
2013-09-04,0.9179190751445088,15.88,2945.62,116.97,0.018,0.0,0.0083145607985437,0.0105014557894377,0.02521744,0.0147159842105622,7.142857142857142e-07,0.0
2013-09-05,0.9200700116686114,15.77,2949.27,117.37,0.023,6.028272598481421e-05,0.0012383608401348,0.0103289530944453,0.02486929,0.0145403369055546,9.126984126984128e-07,0.0
2013-09-06,0.9231217239370996,15.85,2949.8,118.67,0.018,0.0001204891860956,0.0001796893413458,0.0102676298624444,0.02512225,0.0148546201375555,7.142857142857142e-07,0.0
2013-09-09,0.928698752228164,15.63,2979.45,119.0,0.013,0.0002387774594077,0.0100013482816722,0.0114297114272408,0.0244296899999999,0.0129999785727591,5.158730158730158e-07,0.0
2013-09-10,0.9019242706393544,14.53,3001.36,119.94,0.018,5.922942517837477e-05,0.0073267995519946,0.0120621742574122,0.0211120899999999,0.0090499157425877,7.142857142857142e-07,0.0
2013-09-11,0.8853299167200513,13.82,3010.94,120.68,0.018,0.0002361135706275,0.0031868030895476,0.0121759592158885,0.0190992399999999,0.0069232807841114,7.142857142857142e-07,0.0
2013-09-12,0.901577287066246,14.29,3001.62,119.67,0.018,5.9155846076602834e-05,-0.0031001794459031,0.0121752940582266,0.02042041,0.0082451159417733,7.142857142857142e-07,0.0
2013-09-13,0.9019108280254776,14.16,3009.79,120.12,0.015,0.0001180428495544,0.0027181659644862,0.0119581522446926,0.02005056,0.0080924077553073,5.952380952380952e-07,0.0
2013-09-16,0.9229781771501926,14.38,3026.94,118.84,0.008,0.000117384669562,0.0056818993525181,0.0094983239552037,0.02067844,0.0111801160447962,3.174603174603175e-07,0.0
2013-09-17,0.9278416347381864,14.53,3039.75,121.59,0.008,0.0001753206907635,0.0042230669568096,0.0093460329903435,0.0211120899999999,0.0117660570096564,3.174603174603175e-07,0.0
2013-09-18,0.8952569169960475,13.59,3076.81,114.22,0.008,5.7805138876793576e-05,0.0121180707827111,0.0099067818582464,0.01846881,0.0085620281417535,3.174603174603175e-07,0.0
2013-09-19,0.8761651131824235,13.16,3071.61,115.69,0.003,0.0002312539746778,-0.001691491875906,0.0100620424765787,0.01731856,0.0072565175234212,1.1904761904761907e-07,0.0
2013-09-20,0.856396866840731,13.12,3049.47,115.87,0.013,0.0001171508903466,-0.0072340490735199,0.0103815775928846,0.0172134399999999,0.0068318624071153,5.158730158730158e-07,0.0
2013-09-23,0.8988693467336684,14.31,3035.09,119.08,0.01,0.0002946289148816,-0.0047267269196424,0.0102944745260273,0.02047761,0.0101831354739726,3.9682539682539683e-07,0.0
2013-09-24,0.9002557544757033,14.08,3027.52,119.31,0.023,5.893620156192324e-05,-0.0024972755740908,0.0103608705691757,0.01982464,0.0094637694308242,9.126984126984128e-07,0.0
2013-09-25,0.9003856041131105,14.01,3019.31,117.45,0.018,5.912786400585901e-05,-0.0027154740731614,0.0102128851732251,0.01962801,0.0094151248267748,7.142857142857142e-07,0.0
2013-09-26,0.9123945489941596,14.06,3030.41,122.03,0.003,5.89223109329812e-05,0.0036695954377997,0.0063755930709232,0.01976836,0.0133927669290767,1.1904761904761907e-07,0.0
2013-09-27,0.963840399002494,15.46,3018.24,124.48,0.015,0.0001774150625388,-0.0040240438518757,0.0067998225747577,0.02390116,0.0171013374252422,5.952380952380952e-07,0.0
2013-09-30,0.988095238095238,16.6,3000.18,123.46,0.008,5.941947176101088e-05,-0.0060015931785232,0.0075075974509668,0.027556,0.0200484025490331,3.174603174603175e-07,0.0
2013-10-01,0.96342219466832,15.54,3024.38,123.74,0.018,5.901619994683175e-05,0.0080338249300369,0.0077554671587818,0.0241491599999999,0.0163936928412181,7.142857142857142e-07,0.0
2013-10-02,0.9875074360499704,16.6,3022.95,123.52,0.01,5.922240975996758e-05,-0.0004729359987479,0.0077405186090942,0.027556,0.0198154813909057,3.9682539682539683e-07,0.0
2013-10-03,0.9983050847457628,17.67,2995.81,122.31,0.023,0.0001791633073546,-0.0090185300460178,0.0084259427979145,0.03122289,0.0227969472020854,9.126984126984128e-07,0.0
2013-10-04,0.9726902963393376,16.74,3017.05,123.98,0.023,0.0002368405471016,0.0070648870405363,0.0088970210430951,0.0280227599999999,0.0191257389569048,9.126984126984128e-07,0.0
2013-10-07,1.0178290508652337,19.41,2991.39,123.23,0.023,0.0001793239487133,-0.0085413704728479,0.0100080035436127,0.0376748099999999,0.0276668064563872,9.126984126984128e-07,0.0
2013-10-08,1.0252016129032258,20.34,2955.41,120.72,0.048,0.0003021056765657,-0.0121007732027366,0.0106708998788033,0.04137156,0.0307006601211966,1.904761904761905e-06,0.0
2013-10-09,1.0160705028512185,19.6,2957.4,122.62,0.043,6.045035514595331e-05,0.0006731148388453,0.0099089682851914,0.038416,0.0285070317148085,1.7063492063492063e-06,0.0
2013-10-10,0.957582800697269,16.48,3022.43,120.25,0.048,0.0001183431952661,0.0217506396453091,0.0158638663991284,0.02715904,0.0112951736008715,1.904761904761905e-06,0.0
2013-10-11,0.9487024743512372,15.72,3041.43,130.97,0.058,5.868716805081914e-05,0.0062666559514916,0.0161421262031608,0.02471184,0.0085697137968391,2.3015873015873014e-06,0.0
2013-10-14,0.9497635933806146,16.07,3053.84,129.14,0.058,0.000117000117,0.0040720155621766,0.0162354513740561,0.02582449,0.0095890386259438,2.3015873015873014e-06,0.0
2013-10-15,1.0135795763172188,18.66,3032.27,131.01,0.104,0.0001767356917729,-0.0070883011689038,0.0165865546293334,0.0348195599999999,0.0182330053706665,4.126984126984127e-06,0.0
2013-10-16,0.9046740467404674,14.71,3074.54,125.24,0.089,0.0001164076596238,0.0138437826249994,0.0187007906792107,0.02163841,0.0029376193207892,3.5317460317460317e-06,0.0
2013-10-17,0.873056994818653,13.48,3095.42,126.68,0.043,0.0002308003000405,0.0067683031038165,0.0174836000567134,0.01817104,0.0006874399432865,1.7063492063492063e-06,0.0
2013-10-18,0.873994638069705,13.04,3115.77,131.35,0.025,0.0002296738631144,0.0065527130278484,0.0178881313125409,0.0170041599999999,-0.0008839713125409,9.92063492063492e-07,0.0
2013-10-21,0.869220607661823,13.16,3116.09,130.67,0.028,5.736082829030834e-05,0.0001026980709711,0.0170709173045574,0.01731856,0.0002476426954425,1.1111111111111112e-06,0.0
2013-10-22,0.8874833555259654,13.33,3133.98,129.17,0.028,0.0001710035055718,0.0057247515175753,0.0168657628929196,0.01776889,0.0009031271070803,1.1111111111111112e-06,0.0
2013-10-23,0.8881535407015222,13.42,3119.2,134.47,0.033,5.724589976237745e-05,-0.0047272036062842,0.017151563184296,0.0180096399999999,0.0008580768157039,1.3095238095238096e-06,0.0
2013-10-24,0.8859060402684563,13.2,3129.41,135.42,0.033,0.0002281021897809,0.0032679296951987,0.0169575309208435,0.017424,0.0004664690791564,1.3095238095238096e-06,0.0
2013-10-25,0.8802958977807667,13.09,3143.16,135.06,0.033,5.686826466485203e-05,0.00438417491524,0.0169990260986675,0.0171348099999999,0.0001357839013324,1.3095238095238096e-06,0.0
2013-10-28,0.8950907868190989,13.31,3147.36,133.27,0.018,5.6697377746227665e-05,0.0013353429045927,0.0165652901177662,0.01771561,0.0011503198822338,7.142857142857142e-07,0.0
2013-10-29,0.8922155688622755,13.41,3165.11,127.58,0.038,5.6431816258115335e-05,0.005623803925193,0.015844474410396,0.01798281,0.0021383355896039,1.5079365079365078e-06,0.0
2013-10-30,0.9021810971579642,13.65,3149.93,127.95,0.033,5.665561882094505e-05,-0.0048075797580729,0.0160481788448438,0.01863225,0.0025840711551561,1.3095238095238096e-06,0.0
2013-10-31,0.9016393442622952,13.75,3138.09,132.33,0.038,0.0001136492783271,-0.0037658957805077,0.0163782731906926,0.01890625,0.0025279768093073,1.5079365079365078e-06,0.0
2013-11-01,0.8818061088977422,13.28,3147.21,129.84,0.038,0.0002272985566541,0.0029020114872698,0.0148395953270093,0.01763584,0.0027962446729906,1.5079365079365078e-06,0.0
2013-11-04,0.8807901907356949,12.93,3158.47,125.57,0.038,0.0002262443438913,0.0035713870568301,0.0145707666141907,0.01671849,0.0021477233858092,1.5079365079365078e-06,0.0
2013-11-05,0.8894101876675603,13.27,3149.96,122.98,0.048,5.6761742585607074e-05,-0.0026979787877766,0.013401552577813,0.0176092899999999,0.0042077374221869,1.904761904761905e-06,0.0
2013-11-06,0.864256480218281,12.67,3165.13,118.69,0.048,0.0001694101702572,0.0048043746580029,0.0106281004300806,0.01605289,0.0054247895699193,1.904761904761905e-06,0.0
2013-11-07,0.9055989583333334,13.91,3124.12,123.83,0.058,0.0001142400182784,-0.013041485470581,0.0137808236884539,0.01934881,0.005567986311546,2.3015873015873014e-06,0.0
2013-11-08,0.8817498291182502,12.9,3166.11,126.37,0.053,0.0002822865208186,0.013351061480281,0.0105762954687985,0.016641,0.0060647045312014,2.103174603174603e-06,0.0
2013-11-11,0.8506449422946367,12.53,3168.41,125.55,0.053,0.0001692381462781,0.0007261797582366,0.0103784841687995,0.01570009,0.0053216058312004,2.103174603174603e-06,0.0
2013-11-12,0.8615591397849462,12.82,3161.1,129.66,0.058,5.648281510361392e-05,-0.0023098164787029,0.010525583448222,0.01643524,0.0059096565517779,2.3015873015873014e-06,0.0
2013-11-13,0.8442346594740391,12.52,3187.64,131.01,0.074,0.0002242152466367,0.0083607627971936,0.0099901076801811,0.01567504,0.0056849323198188,2.9365079365079366e-06,0.0
2013-11-14,0.8313172043010751,12.37,3203.65,133.03,0.074,5.5780225909864205e-05,0.0050099536985754,0.0083744516546561,0.0153016899999999,0.0069272383453438,2.9365079365079366e-06,0.0
2013-11-15,0.8236486486486486,12.19,3217.2,133.46,0.071,0.0001667639456349,0.0042206312605533,0.0081435648424529,0.0148596099999999,0.006716045157547,2.817460317460317e-06,0.0
2013-11-18,0.8774279973208305,13.1,3205.46,137.06,0.068,0.0001672287410463,-0.0036558102329475,0.0081811249648373,0.017161,0.0089798750351627,2.6984126984126986e-06,0.0
2013-11-19,0.8780327868852459,13.39,3199.51,133.62,0.079,0.0002234262414121,-0.001857932733978,0.0082889493265928,0.01792921,0.0096402606734071,3.134920634920635e-06,0.0
2013-11-20,0.8939292861907939,13.4,3188.04,133.25,0.079,0.0001680531047811,-0.0035913651801532,0.0082817950790273,0.017956,0.0096742049209726,3.134920634920635e-06,0.0
2013-11-21,0.871900826446281,12.66,3214.16,124.63,0.074,5.559107207377439e-05,0.0081597403783927,0.008475031481926,0.0160275599999999,0.0075525285180739,2.9365079365079366e-06,0.0
2013-11-22,0.8664310954063604,12.26,3230.54,133.76,0.074,0.0002214103841471,0.0050832576445494,0.0085987431339443,0.01503076,0.0064320168660556,2.9365079365079366e-06,0.0
2013-11-25,0.8863478863478863,12.79,3226.53,134.23,0.063,0.0001106500691561,-0.0012420495721788,0.0085717331325825,0.0163584099999999,0.0077866768674174,2.5e-06,0.0
2013-11-26,0.8804123711340206,12.81,3227.36,133.64,0.068,0.0001106745614521,0.0002572092194245,0.0085832705373022,0.0164096099999999,0.0078263394626977,2.6984126984126986e-06,0.0
2013-11-27,0.889041095890411,12.98,3236.14,133.82,0.063,0.0001105216622458,0.0027167959775405,0.0083602588054417,0.0168480399999999,0.0084877811945582,2.5e-06,0.0
2013-11-29,0.9115103127079176,13.7,3233.72,130.82,0.058,5.525930428530879e-05,-0.0007480842283631,0.0079580878095842,0.0187689999999999,0.0108109121904157,2.3015873015873014e-06,0.0
2013-12-02,0.936800526662278,14.23,3225.06,131.64,0.053,5.539705841630517e-05,-0.0026816225942287,0.0078351390025738,0.02024929,0.0124141509974261,2.103174603174603e-06,0.0
2013-12-03,0.9393156875403488,14.55,3214.95,132.38,0.038,0.0002782337720151,-0.0031397492567202,0.0080295332805239,0.02117025,0.013140716719476,1.5079365079365078e-06,0.0
2013-12-04,0.9441233140655104,14.7,3211.59,131.63,0.048,0.0001112656467314,-0.0010456638583608,0.0079877961025498,0.0216089999999999,0.0136212038974501,1.904761904761905e-06,0.0
2013-12-05,0.9556400506970848,15.08,3197.76,128.01,0.058,5.58799698249243e-05,-0.0043155769194656,0.0081615493272617,0.0227406399999999,0.0145790906727382,2.3015873015873014e-06,0.0
2013-12-06,0.9224080267558528,13.79,3233.99,132.32,0.058,0.0003867082838439,0.0112661043128974,0.0093281372361025,0.0190164099999999,0.0096882727638974,2.3015873015873014e-06,0.0
2013-12-09,0.9035498995311454,13.49,3239.99,126.09,0.056,5.5125272180981256e-05,0.0018535743755367,0.0067106020988142,0.0181980099999999,0.0114874079011857,2.2222222222222225e-06,0.0
2013-12-10,0.9139290407358738,13.91,3229.72,126.68,0.068,0.0001105950011058,-0.0031747972092199,0.005149977259074,0.01934881,0.0141988327409259,2.6984126984126986e-06,0.0
2013-12-11,0.9643527204502814,15.42,3193.52,126.74,0.068,0.0001679026164824,-0.0112716894494534,0.0069441960898857,0.02377764,0.0168334439101142,2.6984126984126986e-06,0.0
2013-12-12,0.9640198511166252,15.54,3182.33,125.09,0.068,0.0002246181491464,-0.0035101238232711,0.0070427217695551,0.0241491599999999,0.0171064382304448,2.6984126984126986e-06,0.0
2013-12-13,0.9686539643515674,15.76,3182.07,126.22,0.063,5.6175041429201625e-05,-8.170448122192312e-05,0.0061870833030032,0.0248377599999999,0.0186506766969967,2.5e-06,0.0
2013-12-16,0.9780353874313606,16.03,3202.22,128.21,0.063,5.5798900761604245e-05,0.0063123908558344,0.0063746065928759,0.0256960899999999,0.019321483407124,2.5e-06,0.0
2013-12-17,0.9824242424242424,16.21,3192.33,128.75,0.063,0.000112044817927,-0.0030932615698822,0.0062346994849284,0.02627641,0.0200417105150715,2.5e-06,0.0
2013-12-18,0.9206137424949968,13.8,3245.59,135.58,0.063,0.0001651754989675,0.0165460941084417,0.0094591024923571,0.019044,0.0095848975076428,2.5e-06,0.0
2013-12-19,0.9260471204188482,14.15,3244.15,137.86,0.068,0.0002204464039679,-0.0004437774159311,0.0093957767638982,0.02002225,0.0106264732361017,2.6984126984126986e-06,0.0
2013-12-20,0.9187208527648234,13.79,3259.79,143.2,0.058,0.0001100836635843,0.0048094017308086,0.0093426835710327,0.0190164099999999,0.0096737264289672,2.3015873015873014e-06,0.0
2013-12-23,0.8980716253443526,13.04,3277.62,138.11,0.063,5.478101290103441e-05,0.005454773131953,0.0089465192381012,0.0170041599999999,0.0080576407618987,2.5e-06,0.0
2013-12-24,0.8764044943820225,12.48,3287.55,137.88,0.068,0.0001090988435523,0.003025057255921,0.0087819910484137,0.01557504,0.0067930489515862,2.6984126984126986e-06,0.0
2013-12-26,0.8788310762651461,12.33,3303.15,136.65,0.063,-5.4393646822001714e-05,0.0047339521244732,0.00889804745411,0.01520289,0.0063048425458899,2.5e-06,0.0
2013-12-27,0.8912732474964234,12.46,3302.66,136.72,0.063,0.0001087725023113,-0.0001483542520596,0.0089088144553823,0.01552516,0.0066163455446176,2.5e-06,0.0
2013-12-30,0.9180771834800272,13.56,3302.3,134.36,0.063,0.0001088553856202,-0.0001090089872932,0.008889381076799,0.01838736,0.0094979789232009,2.5e-06,0.0
2013-12-31,0.9289099526066352,13.72,3315.59,133.63,0.068,0.0002705115373171,0.0040163912865035,0.008956257461093,0.01882384,0.0098675825389069,2.6984126984126986e-06,0.0
2014-01-02,0.9325032765399738,14.23,3286.69,133.73,0.063,0.0001639568247028,-0.0087546073726099,0.0099914317128542,0.02024929,0.0102578582871457,2.5e-06,0.0
2014-01-03,0.9118621603711068,13.76,3285.68,134.46,0.068,0.0001640106060191,-0.0003073472759295,0.0097992584302387,0.01893376,0.0091345015697612,2.6984126984126986e-06,0.0
2014-01-06,0.9143049932523616,13.55,3277.48,131.99,0.048,0.0002741152928922,-0.0024987976117375,0.0099008361504371,0.01836025,0.0084594138495628,1.904761904761905e-06,0.0
2014-01-07,0.8965995836224844,12.92,3297.45,129.1,0.038,0.0001090334187429,0.0060746080670511,0.0098131351974526,0.01669264,0.0068795048025473,1.5079365079365078e-06,0.0
2014-01-08,0.900629811056683,12.87,3297.74,129.46,0.033,5.44588155207129e-05,8.794287964011794e-05,0.0085507939431571,0.0165636899999999,0.0080128960568428,1.3095238095238096e-06,0.0
2014-01-09,0.9020293911826452,12.89,3298.87,130.87,0.041,5.4443990744626795e-05,0.0003426002177036,0.0085430071004706,0.01661521,0.0080722028995293,1.626984126984127e-06,0.0
2014-01-10,0.8708751793400288,12.14,3306.49,126.15,0.038,0.0001086130118388,0.002307218192579,0.008346573356443,0.01473796,0.0063913866435569,1.5079365079365078e-06,0.0
2014-01-13,0.8865153538050734,13.28,3265.27,130.59,0.028,0.0002749292057294,-0.012544749220011,0.0087635174909466,0.01763584,0.0088723225090533,1.1111111111111112e-06,0.0
2014-01-14,0.8474810213940648,12.28,3300.61,133.43,0.033,0.0001088968746595,0.0107648453128965,0.0095655148330171,0.0150798399999999,0.0055143251669828,1.3095238095238096e-06,0.0
2014-01-15,0.8492392807745504,12.28,3317.75,132.69,0.038,5.418438947734228e-05,0.0051795424603145,0.0096564481732635,0.0150798399999999,0.0054233918267364,1.5079365079365078e-06,0.0
2014-01-16,0.8529611980939414,12.53,3313.36,136.35,0.033,0.0001630124704539,-0.0013240620774974,0.0095241167091319,0.01570009,0.006175973290868,1.3095238095238096e-06,0.0
2014-01-17,0.8503075871496923,12.44,3300.51,139.62,0.033,0.0001632075728313,-0.0038857782716625,0.0096258778707261,0.0154753599999999,0.0058494821292738,1.3095238095238096e-06,0.0
2014-01-21,0.8803009575923393,12.87,3309.74,138.77,0.038,0.0002171434775527,0.0027926344687664,0.0067111219856667,0.0165636899999999,0.0098525680143332,1.5079365079365078e-06,0.0
2014-01-22,0.8873531444367657,12.84,3312.04,138.92,0.033,5.4254943981721e-05,0.0006946772899413,0.0066872045140907,0.0164865599999999,0.0097993554859092,1.3095238095238096e-06,0.0
2014-01-23,0.9192256341789052,13.77,3282.64,135.71,0.038,0.000109409190372,-0.0089163370405703,0.0076255655903487,0.01896129,0.0113357244096512,1.5079365079365078e-06,0.0
2014-01-24,1.042528735632184,18.14,3214.13,131.61,0.048,0.0002799003554733,-0.0210912621670521,0.0126553592061059,0.03290596,0.020250600793894,1.904761904761905e-06,0.0
2014-01-27,1.016929363689434,17.42,3198.57,128.73,0.053,0.0002809383340357,-0.0048528796098552,0.0126146365581215,0.03034564,0.0177310034418784,2.103174603174603e-06,0.0
2014-01-28,0.9753086419753088,15.8,3218.21,128.3,0.048,0.0002231644722159,0.0061214694378707,0.0128489498358668,0.024964,0.0121150501641331,1.904761904761905e-06,0.0
2014-01-29,1.0063805104408354,17.35,3185.7,126.71,0.043,0.0002252632764543,-0.0101532592693898,0.0137747625482954,0.03010225,0.0163274874517045,1.7063492063492063e-06,0.0
2014-01-30,0.9953943580886584,17.29,3221.78,127.91,0.018,5.6011426330920575e-05,0.0112619567567121,0.015787104570293,0.02989441,0.0141073054297069,7.142857142857142e-07,0.0
2014-01-31,1.0176893311221669,18.41,3200.95,128.37,0.023,0.0001682510305375,-0.0064863611054668,0.0157366675808758,0.03389281,0.0181561424191241,9.126984126984128e-07,0.0
2014-02-03,1.0645481628599802,21.44,3127.87,126.17,0.028,0.000172557591096,-0.0230953790298999,0.0207628188012974,0.04596736,0.0252045411987025,1.1111111111111112e-06,0.0
2014-02-04,1.001572327044025,19.11,3151.94,127.26,0.053,0.0001715216831994,0.0076658745643419,0.0219378163329649,0.0365192099999999,0.014581393667035,2.103174603174603e-06,0.0
2014-02-05,1.0142348754448398,19.95,3146.49,127.79,0.058,5.716735743901287e-05,-0.0017305904360939,0.0219348321409268,0.0398002499999999,0.0178654178590731,2.3015873015873014e-06,0.0
2014-02-06,0.9685216413715572,17.23,3187.25,124.68,0.068,0.0003950450069132,0.0128709301907288,0.023862138164528,0.02968729,0.0058251518354719,2.6984126984126986e-06,0.0
2014-02-07,0.9357405140758872,15.29,3229.64,129.01,0.084,5.559725349562675e-05,0.0132121998785292,0.026493504501925,0.0233784099999999,-0.003115094501925,3.3333333333333333e-06,0.0
2014-02-10,0.9350490196078431,15.26,3234.79,126.26,0.058,0.0001111172842936,0.0015933349388986,0.0265543932617726,0.0232867599999999,-0.0032676332617726,2.3015873015873014e-06,0.0
2014-02-11,0.9212698412698412,14.51,3270.74,126.7,0.048,0.0002749292057294,0.0110522481479156,0.0281864032364434,0.02105401,-0.0071323932364434,1.904761904761905e-06,0.0
2014-02-12,0.9137380191693292,14.3,3271.47,127.84,0.048,5.487721223756842e-05,0.0002231661787162,0.0262729068860757,0.020449,-0.0058239068860757,1.904761904761905e-06,0.0
2014-02-13,0.9122580645161292,14.14,3290.82,128.57,0.023,0.00021866287651,0.0058973486635474,0.0252478715854257,0.0199939599999999,-0.0052539115854257,9.126984126984128e-07,0.0
2014-02-14,0.8945286750164799,13.57,3306.92,129.25,0.015,0.0001087015598674,0.0048804687535769,0.0252088424018703,0.01841449,-0.0067943524018703,5.952380952380952e-07,0.0
2014-02-18,0.9113009198423128,13.87,3311.27,124.25,0.018,5.4272611326644625e-05,0.0013145590037226,0.0252147017457629,0.0192376899999999,-0.0059770117457629,7.142857142857142e-07,0.0
2014-02-19,0.9515039901780232,15.5,3289.83,129.12,0.051,5.461347314393012e-05,-0.0064959098912738,0.0255500671626998,0.024025,-0.0015250671626997,2.0238095238095237e-06,0.0
2014-02-20,0.9408396946564884,14.79,3310.27,134.37,0.048,0.000108607113766,0.0061938653494896,0.0259414756817415,0.02187441,-0.0040670656817415,1.904761904761905e-06,0.0
2014-02-21,0.938618925831202,14.68,3304.36,138.79,0.038,5.436703183184769e-05,-0.0017869484982964,0.025972411098935,0.0215502399999999,-0.004422171098935,1.5079365079365078e-06,0.0
2014-02-24,0.9180645161290324,14.23,3324.84,134.47,0.038,5.402631081331697e-05,0.0061787440883258,0.0253570614201003,0.02024929,-0.0051077714201003,1.5079365079365078e-06,0.0
2014-02-25,0.8819354838709678,13.67,3320.43,121.92,0.043,0.0,-0.0013272600353018,0.0192369390937573,0.0186868899999999,-0.0005500490937573,1.7063492063492063e-06,0.0
2014-02-26,0.9019484600879948,14.35,3321.15,132.22,0.043,0.0001624475429809,0.0002168158789988,0.0187274280355767,0.0205922499999999,0.0018648219644232,1.7063492063492063e-06,0.0
2014-02-27,0.8982725527831094,14.04,3338.05,137.24,0.041,0.0002151925973746,0.0050756956638739,0.0186264240501506,0.01971216,0.0010857359498493,1.626984126984127e-06,0.0
2014-02-28,0.8860759493670886,14.0,3347.38,137.17,0.048,0.0001072041166379,0.0027911461363324,0.0167572121900453,0.0196,0.0028427878099546,1.904761904761905e-06,0.0
2014-03-03,0.9456264775413712,16.0,3322.85,129.12,0.048,0.0003245699448229,-0.0073551018733252,0.0167387902294054,0.0256,0.0088612097705945,1.904761904761905e-06,0.0
2014-03-04,0.8986615678776291,14.1,3373.64,131.65,0.048,0.0002664464043058,0.0151694317303128,0.0180239878674989,0.0198809999999999,0.001857012132501,1.904761904761905e-06,0.0
2014-03-05,0.8807863031071655,13.89,3374.1,129.49,0.053,0.0002130265750651,0.0001363419458108,0.009514755183196,0.0192932099999999,0.0097784548168039,2.103174603174603e-06,0.0
2014-03-06,0.8976626658243841,14.21,3380.49,133.46,0.048,0.000106303816307,0.0018920473059848,0.009324435520749,0.02019241,0.0108679744792509,1.904761904761905e-06,0.0
2014-03-07,0.8890989287964713,14.11,3382.57,130.49,0.048,0.0001062247716166,0.0006151061991412,0.0090911194934198,0.01990921,0.0108180905065801,1.904761904761905e-06,0.0
2014-03-10,0.8891671884783969,14.2,3381.22,131.35,0.038,0.0002125059767305,-0.000399184486191,0.0080522262478536,0.0201639999999999,0.0121117737521463,1.5079365079365078e-06,0.0
2014-03-11,0.9051987767584098,14.8,3364.17,130.08,0.043,5.347164665946222e-05,-0.005055315203747,0.0072695816392217,0.021904,0.0146344183607782,1.7063492063492063e-06,0.0
2014-03-12,0.8998756218905474,14.47,3366.07,132.33,0.043,0.000106780565937,0.0005646158385066,0.0072913547965885,0.02093809,0.0136467352034114,1.7063492063492063e-06,0.0
2014-03-13,0.9468768242848804,16.22,3327.11,127.66,0.046,0.0002160060481693,-0.0116418324405096,0.0082343067990225,0.0263088399999999,0.0180745332009774,1.8253968253968256e-06,0.0
2014-03-14,0.9938650306748468,17.82,3317.81,126.26,0.048,0.0001625884074465,-0.0027991325921863,0.008388894836126,0.03175524,0.0233663451638739,1.904761904761905e-06,0.0
2014-03-17,0.9370880766926304,15.64,3349.71,131.87,0.048,0.0001610176314306,0.0095688482086956,0.0090343172100347,0.02446096,0.0154266427899652,1.904761904761905e-06,0.0
2014-03-18,0.8990712074303406,14.52,3373.98,129.37,0.048,0.0002665458325559,0.0072192814982887,0.0093378229852026,0.0210830399999999,0.0117452170147973,1.904761904761905e-06,0.0
2014-03-19,0.9230769230769232,15.12,3353.29,132.74,0.053,0.0001072328561471,-0.0061511029691526,0.0099391972375907,0.02286144,0.0129222427624092,2.103174603174603e-06,0.0
2014-03-20,0.9155107187894074,14.52,3373.6,134.02,0.056,0.0001596891384771,0.006038469995434,0.0095830133691716,0.0210830399999999,0.0115000266308283,2.2222222222222225e-06,0.0
2014-03-21,0.927070457354759,15.0,3363.72,132.82,0.048,0.0001611387135759,-0.0029329190486199,0.0094334202989307,0.0225,0.0130665797010692,1.904761904761905e-06,0.0
2014-03-24,0.9372670807453416,15.09,3347.36,132.7,0.048,0.0003235896882752,-0.0048755289483918,0.0097463409526153,0.02277081,0.0130244690473846,1.904761904761905e-06,0.0
2014-03-25,0.9027688345138442,14.02,3362.44,121.81,0.048,0.0001609485232973,0.0044949254493816,0.0095443104533387,0.0196560399999999,0.0101117295466612,1.904761904761905e-06,0.0
2014-03-26,0.9284825870646768,14.93,3339.0,119.05,0.043,0.0001623508401656,-0.0069955399410653,0.0101959400472381,0.0222904899999999,0.0120945499527618,1.7063492063492063e-06,0.0
2014-03-27,0.9212350346565849,14.62,3333.23,117.96,0.033,0.0002167082024054,-0.0017295571160914,0.0102437920123294,0.0213744399999999,0.0111306479876705,1.3095238095238096e-06,0.0
2014-03-28,0.9320827943078912,14.41,3348.83,124.98,0.038,5.388366516685564e-05,0.004669227256917,0.0101955551564135,0.02076481,0.0105692548435864,1.5079365079365078e-06,0.0
2014-03-31,0.920424403183024,13.88,3375.51,123.25,0.033,0.000107060649858,0.0079353929171272,0.0108550412748812,0.01926544,0.0084103987251187,1.3095238095238096e-06,0.0
2014-04-01,0.9097222222222222,13.1,3399.51,128.08,0.038,0.0001062134891131,0.0070848795696405,0.0105357594464219,0.017161,0.006625240553578,1.5079365079365078e-06,0.0
2014-04-02,0.9058823529411764,13.09,3409.8,127.3,0.018,5.296750443613086e-05,0.0030223349598828,0.0079953839898249,0.0171348099999999,0.009139426010175,7.142857142857142e-07,0.0
2014-04-03,0.9220689655172414,13.37,3406.0,128.13,0.018,0.000158877267311,-0.0011150563084972,0.0080258863118232,0.0178756899999999,0.0098498036881767,7.142857142857142e-07,0.0
2014-04-04,0.9331550802139036,13.96,3363.41,126.61,0.025,0.0001608449722542,-0.0125832419565046,0.0100135726889435,0.01948816,0.0094745873110564,9.92063492063492e-07,0.0
2014-04-07,0.979245283018868,15.57,3327.27,123.92,0.025,5.424611462199086e-05,-0.0108031923475089,0.0113317069124857,0.02424249,0.0129107830875142,9.92063492063492e-07,0.0
2014-04-08,0.9587894397939472,14.89,3340.84,124.34,0.028,0.0001621402513173,0.0040701244380435,0.0116148493032577,0.02217121,0.0105563606967422,1.1111111111111112e-06,0.0
2014-04-09,0.9318948078219824,13.82,3377.61,130.79,0.033,0.0001069404341782,0.0109460864151508,0.0128796010277902,0.0190992399999999,0.0062196389722097,1.3095238095238096e-06,0.0
2014-04-10,0.9887990043559428,15.89,3307.08,125.11,0.033,5.458664264849426e-05,-0.0211027339728547,0.0183086670574872,0.02524921,0.0069405429425127,1.3095238095238096e-06,0.0
2014-04-11,1.014294222751638,17.03,3276.04,122.59,0.038,0.0001100533758873,-0.0094302488883312,0.0177654604386477,0.02900209,0.0112366295613522,1.5079365079365078e-06,0.0
2014-04-14,0.9859241126070992,16.11,3302.98,123.76,0.033,0.0001092836457024,0.0081897153604059,0.0186433644923281,0.0259532099999999,0.0073098455076718,1.3095238095238096e-06,0.0
2014-04-15,0.9762351469668542,15.61,3325.3,129.24,0.033,0.0002709513100496,0.0067348043127483,0.0180411237860794,0.0243672099999999,0.0063260862139205,1.3095238095238096e-06,0.0
2014-04-16,0.9310571240971766,14.18,3360.27,125.43,0.028,5.3816968490116e-05,0.0104614322878618,0.0187855487066251,0.02010724,0.0013216912933748,1.1111111111111112e-06,0.0
2014-04-17,0.9002695417789757,13.36,3365.0,127.93,0.025,5.3652386189827e-05,0.0014066352071834,0.0183364009239949,0.01784896,-0.0004874409239949,9.92063492063492e-07,0.0
2014-04-21,0.8983050847457628,13.25,3377.75,119.11,0.03,0.0001069461526122,0.0037818442612402,0.018063559700298,0.01755625,-0.000507309700298,1.1904761904761904e-06,0.0
2014-04-22,0.9028062970568104,13.19,3391.58,126.51,0.028,5.320705525547849e-05,0.0040860821505856,0.0181256300873145,0.0173976099999999,-0.0007280200873145,1.1111111111111112e-06,0.0
2014-04-23,0.8948078219824679,13.27,3384.5,126.11,0.018,0.0002663328628118,-0.0020897045419919,0.0178489099737697,0.0176092899999999,-0.0002396199737697,7.142857142857142e-07,0.0
2014-04-24,0.9018280297901152,13.32,3390.39,124.79,0.008,0.0001597146431708,0.0017387740565391,0.0176643656471173,0.01774224,7.787435288264533e-05,3.174603174603175e-07,0.0
2014-04-25,0.9262187088274044,14.06,3362.95,121.95,0.013,0.0001072041166379,-0.0081263940531257,0.0178903007154016,0.01976836,0.0018780592845983,5.158730158730158e-07,0.0
2014-04-28,0.9356999330207636,13.97,3374.04,123.69,0.01,5.344021376080644e-05,0.003292274448116,0.0179309800350447,0.01951609,0.0015851099649552,3.9682539682539683e-07,0.0
2014-04-29,0.9244774106540796,13.71,3390.16,123.44,0.013,0.0002130719650561,0.0047662785006485,0.0179410953270031,0.01879641,0.0008553146729968,5.158730158730158e-07,0.0
2014-04-30,0.9122448979591836,13.41,3400.46,124.53,0.028,0.0001591891963598,0.0030335986696357,0.0173213562532052,0.01798281,0.0006614537467947,1.1111111111111112e-06,0.0
2014-05-01,0.9032038173142468,13.25,3400.2,124.9,0.023,0.0002654984733836,-7.646316684761994e-05,0.0167214813571031,0.01755625,0.0008347686428968,9.126984126984128e-07,0.0
2014-05-02,0.8794277929155314,12.91,3395.61,124.13,0.018,5.3190074732006625e-05,-0.0013508325565211,0.0166189686647884,0.0166668099999999,4.784133521151812e-05,7.142857142857142e-07,0.0
2014-05-05,0.9010169491525424,13.29,3402.23,123.56,0.018,0.0001062642792625,0.0019476781132594,0.0166607984358201,0.0176624099999999,0.0010016115641798,7.142857142857142e-07,0.0
2014-05-06,0.9126984126984128,13.8,3371.72,121.18,0.023,0.000106969032465,-0.0090080990597926,0.0156852599096251,0.019044,0.0033587400903748,9.126984126984128e-07,0.0
2014-05-07,0.9165526675786596,13.4,3392.1,123.27,0.028,0.0001063773203553,0.0060261987087351,0.0144525247521992,0.017956,0.0035034752478007,1.1111111111111112e-06,0.0
2014-05-08,0.921124828532236,13.43,3388.29,123.93,0.028,0.0001065076152943,-0.0011238292785518,0.0143637952441159,0.01803649,0.003672694755884,1.1111111111111112e-06,0.0
2014-05-09,0.8984700973574409,12.92,3394.05,125.6,0.023,5.320988639684415e-05,0.0016985292346892,0.0129956471319494,0.01669264,0.0036969928680505,9.126984126984128e-07,0.0
2014-05-12,0.8811239193083573,12.23,3427.01,125.28,0.023,0.0002106926520937,0.0096642623089903,0.0078141284151762,0.01495729,0.0071431615848237,9.126984126984128e-07,0.0
2014-05-13,0.8639601139601141,12.13,3429.3,124.3,0.025,0.0001052742393936,0.0006679978254057,0.0062063829739161,0.01471369,0.0085073070260838,9.92063492063492e-07,0.0
2014-05-14,0.8582510578279267,12.17,3413.84,122.75,0.025,0.000105758553223,-0.0045184012902089,0.0062188561438237,0.01481089,0.0085920338561762,9.92063492063492e-07,0.0
2014-05-15,0.8862718707940781,13.17,3382.52,123.6,0.023,0.0001067691650651,-0.0092167635957702,0.0071969575653022,0.01734489,0.0101479324346977,9.126984126984128e-07,0.0
2014-05-16,0.8681088625261688,12.44,3395.21,127.23,0.018,0.0001595023526597,0.0037446209360532,0.0061051194639393,0.0154753599999999,0.0093702405360606,7.142857142857142e-07,0.0
2014-05-19,0.8802267895109851,12.42,3408.52,128.18,0.023,0.0,0.0039125647194403,0.0062381973947605,0.01542564,0.0091874426052394,9.126984126984128e-07,0.0
2014-05-20,0.8993754337265788,12.96,3386.48,127.47,0.03,5.336321673480791e-05,-0.0064871456342889,0.0066833135704484,0.01679616,0.0101128464295515,1.1904761904761904e-06,0.0
2014-05-21,0.8586878154289834,11.91,3414.45,123.89,0.033,0.0002644313404025,0.008225392026439,0.0073023205268679,0.0141848099999999,0.006882489473132,1.3095238095238096e-06,0.0
2014-05-22,0.8698481561822126,12.03,3422.99,123.68,0.033,5.274678903916926e-05,0.0024980122504463,0.0072762962602171,0.0144720899999999,0.0071957937397828,1.3095238095238096e-06,0.0
2014-05-23,0.8340675477239354,11.36,3437.58,125.13,0.033,0.0001576748219588,0.0042532973193401,0.0074282274812291,0.0129049599999999,0.0054767325187708,1.3095238095238096e-06,0.0
2014-05-27,0.8438416422287389,11.51,3458.19,123.64,0.028,5.2217957755624685e-05,0.0059775953574628,0.0066930628310276,0.01324801,0.0065549471689723,1.1111111111111112e-06,0.0
2014-05-28,0.8482207697893972,11.68,3454.88,124.18,0.033,0.0001044277360067,-0.0009576064622351,0.0066996304857913,0.01364224,0.0069426095142086,1.3095238095238096e-06,0.0
2014-05-29,0.8439095550692924,11.57,3473.86,125.81,0.033,0.0001559616334381,0.0054786432957631,0.0067710424448626,0.01338649,0.0066154475551373,1.3095238095238096e-06,0.0
2014-05-30,0.8290909090909091,11.4,3480.29,124.23,0.033,0.0001038313778422,0.0018492560075393,0.0067319976579196,0.012996,0.0062640023420803,1.3095238095238096e-06,0.0
2014-06-02,0.8342939481268011,11.58,3483.14,123.33,0.028,5.187394631041839e-05,0.0008185621623639,0.0067149631274314,0.01340964,0.0066946768725685,1.1111111111111112e-06,0.0
2014-06-03,0.8589001447178002,11.87,3482.0,121.79,0.033,5.1868565056247966e-05,-0.0003273444640537,0.0066630937312215,0.0140896899999999,0.0074265962687784,1.3095238095238096e-06,0.0
2014-06-04,0.8772694262890341,12.08,3489.21,121.48,0.033,0.0001552835218302,0.0020685082132947,0.0066655566528463,0.01459264,0.0079270833471536,1.3095238095238096e-06,0.0
2014-06-05,0.8600883652430044,11.68,3512.21,122.21,0.033,0.0001028489149439,0.0065701194145396,0.0055694953950922,0.01364224,0.0080727446049077,1.3095238095238096e-06,0.0
2014-06-06,0.8363211223694467,10.73,3528.98,122.88,0.033,0.0001023017902812,0.004763408375387,0.0054587237293711,0.01151329,0.0060545662706288,1.3095238095238096e-06,0.0
2014-06-09,0.8563748079877113,11.15,3532.47,124.67,0.033,0.0001022547164987,0.0009884656222624,0.0053521699140436,0.01243225,0.0070800800859563,1.3095238095238096e-06,0.0
2014-06-10,0.8447348193697156,10.99,3531.62,125.38,0.033,5.1112985254002544e-05,-0.0002406537867162,0.0054112638558488,0.01207801,0.0066667461441511,1.3095238095238096e-06,0.0
2014-06-11,0.872836719337848,11.6,3519.52,126.71,0.038,5.130967957115025e-05,-0.0034320725094888,0.0049043827414703,0.0134559999999999,0.0085516172585296,1.5079365079365078e-06,0.0
2014-06-12,0.890148830616584,12.56,3495.57,127.82,0.038,5.163022433327777e-05,-0.0068281641584964,0.0056921105184243,0.01577536,0.0100832494815756,1.5079365079365078e-06,0.0
2014-06-13,0.883248730964467,12.18,3506.58,127.78,0.033,0.0001029919151345,0.0031447509903606,0.005348232401414,0.0148352399999999,0.0094870075985859,1.3095238095238096e-06,0.0
2014-06-16,0.905511811023622,12.65,3509.54,127.67,0.03,5.147872641626164e-05,0.000843771251237,0.0039025319367799,0.01600225,0.01209971806322,1.1904761904761904e-06,0.0
2014-06-17,0.8828696925329429,12.06,3517.23,130.18,0.033,0.000205380981721,0.0021887732400684,0.0038535888608011,0.01454436,0.0106907711391988,1.3095238095238096e-06,0.0
2014-06-18,0.840729001584786,10.61,3544.42,129.53,0.018,0.0002037697401935,0.0077007878806281,0.0042387964126331,0.01125721,0.0070184135873668,7.142857142857142e-07,0.0
2014-06-19,0.8362204724409449,10.62,3549.44,138.61,0.013,0.0001018174413277,0.0014153086860927,0.003325571043961,0.0112784399999999,0.0079528689560389,5.158730158730158e-07,0.0
2014-06-20,0.8430458430458431,10.85,3555.6,143.26,0.013,0.0001021346134205,0.0017339808202159,0.0028517994753889,0.01177225,0.008920450524611,5.158730158730158e-07,0.0
2014-06-23,0.8498452012383901,10.98,3555.14,139.41,0.008,5.107121881459056e-05,-0.0001293817522906,0.0028969583319498,0.01205604,0.0091590816680501,3.174603174603175e-07,0.0
2014-06-24,0.906576980568012,12.13,3532.57,134.65,0.023,0.000102658864593,-0.0063687922585425,0.0035952331407459,0.01471369,0.011118456859254,9.126984126984128e-07,0.0
2014-06-25,0.8840579710144928,11.59,3549.96,131.82,0.023,0.0001023384331986,0.004910684443661,0.0034830762936335,0.01343281,0.0099497337063664,9.126984126984128e-07,0.0
2014-06-26,0.8898240244835501,11.63,3546.38,132.81,0.03,0.0001023751023751,-0.0010089709071746,0.0034859618075247,0.01352569,0.0100397281924752,1.1904761904761904e-06,0.0
2014-06-27,0.8783151326053041,11.26,3553.35,135.36,0.023,0.000102207686018,0.0019634555790723,0.0032591900534955,0.0126787599999999,0.0094195699465044,9.126984126984128e-07,0.0
2014-06-30,0.8893159108378171,11.57,3552.18,139.35,0.023,5.103993875217214e-05,-0.0003293209684778,0.0032737669463376,0.01338649,0.0101127230536623,9.126984126984128e-07,0.0
2014-07-01,0.8751962323390895,11.15,3576.55,139.36,0.023,5.0742103260278207e-05,0.0068371490951391,0.0036849312785677,0.01243225,0.0087473187214322,9.126984126984128e-07,0.0
2014-07-02,0.866293034427542,10.82,3579.11,140.37,0.018,0.0001520873995589,0.0007155175369481,0.0036562608206491,0.01170724,0.0080509791793508,7.142857142857142e-07,0.0
2014-07-03,0.8431372549019608,10.32,3598.73,142.28,0.008,5.047573379093408e-05,0.0054668392898499,0.0038598126625797,0.01065024,0.0067904273374202,3.174603174603175e-07,0.0
2014-07-07,0.8803418803418804,11.33,3584.75,137.76,0.013,5.061112938730625e-05,-0.0038922688305561,0.0038291415097547,0.01283689,0.0090077484902452,5.158730158730158e-07,0.0
2014-07-08,0.906888720666162,11.98,3560.53,134.2,0.023,0.0001526678710465,-0.0067793264255701,0.0043255581475973,0.01435204,0.0100264818524026,9.126984126984128e-07,0.0
2014-07-09,0.8968437259430331,11.65,3577.28,135.8,0.023,0.0001014147355611,0.0046933249123824,0.0045429852460839,0.01357225,0.009029264753916,9.126984126984128e-07,0.0
2014-07-10,0.9223443223443224,12.59,3562.49,134.43,0.018,5.094892370394041e-05,-0.0041429965265386,0.0048084189265846,0.01585081,0.0110423910734153,7.142857142857142e-07,0.0
2014-07-11,0.9096385542168676,12.08,3568.08,138.74,0.018,0.0001016673444488,0.0015678974177826,0.0046237588003476,0.01459264,0.0099688811996523,7.142857142857142e-07,0.0
2014-07-14,0.91415313225058,11.82,3585.37,139.94,0.018,5.0613691003514246e-05,0.0048340405452768,0.0040573616295783,0.01397124,0.0099138783704217,7.142857142857142e-07,0.0
2014-07-15,0.9088145896656536,11.96,3578.46,136.92,0.018,5.069579985293608e-05,-0.0019291362701241,0.0041186399350961,0.01430416,0.0101855200649039,7.142857142857142e-07,0.0
2014-07-16,0.8709422011084719,11.0,3593.91,134.86,0.018,0.0002020712301085,0.00430820604537,0.0042519744208276,0.0121,0.0078480255791723,7.142857142857142e-07,0.0
2014-07-17,0.9712758851035403,14.54,3551.73,131.65,0.013,0.0001021085413793,-0.011805937584354,0.0062292363139102,0.02114116,0.0149119236860897,5.158730158730158e-07,0.0
2014-07-18,0.9026946107784432,12.06,3588.21,141.19,0.013,0.0001517565824417,0.0102186621846851,0.0067644383785811,0.01454436,0.0077799216214188,5.158730158730158e-07,0.0
2014-07-21,0.9282608695652174,12.81,3579.99,138.75,0.018,0.0002028911995941,-0.0022934637993035,0.0068518697710263,0.0164096099999999,0.0095577402289736,7.142857142857142e-07,0.0
2014-07-22,0.9066666666666668,12.24,3597.95,136.37,0.023,0.000151465428016,0.005004231709937,0.0070894702820377,0.01498176,0.0078922897179622,9.126984126984128e-07,0.0
2014-07-23,0.8609865470852017,11.52,3604.3,132.55,0.025,5.035880649638337e-05,0.0017633383027168,0.0070993951843305,0.01327104,0.0061716448156694,9.92063492063492e-07,0.0
2014-07-24,0.8802973977695168,11.84,3606.1,133.8,0.025,0.0001007252215953,0.0004992788298545,0.0064499746124565,0.01401856,0.0075685853875434,9.92063492063492e-07,0.0
2014-07-25,0.9064285714285714,12.69,3588.68,135.26,0.028,5.06008855154505e-05,-0.0048424090910383,0.0066256211942577,0.0161036099999999,0.0094779888057422,1.1111111111111112e-06,0.0
2014-07-28,0.9022988505747128,12.56,3589.73,135.02,0.03,0.0001516875237011,0.0002925438941182,0.0065959133087248,0.01577536,0.0091794466912751,1.1904761904761904e-06,0.0
2014-07-29,0.9338959212376932,13.28,3573.65,132.35,0.018,5.0809135482513555e-05,-0.0044895083071422,0.0068703968197263,0.01763584,0.0107654431802736,7.142857142857142e-07,0.0
2014-07-30,0.9347826086956522,13.33,3574.45,130.54,0.033,0.0001522726695936,0.0002238357055272,0.00686569664599,0.01776889,0.0109031933540099,1.3095238095238096e-06,0.0
2014-07-31,1.034798534798535,16.95,3503.19,128.71,0.023,0.0002069215250117,-0.0201373361886123,0.0111518735340527,0.0287302499999999,0.0175783764659472,9.126984126984128e-07,0.0
2014-08-01,1.0148986889153755,17.03,3493.18,128.93,0.023,5.198450861638502e-05,-0.0028614858362952,0.0111519572308139,0.02900209,0.017850132769186,9.126984126984128e-07,0.0
2014-08-04,0.9563567362428842,15.12,3518.31,126.86,0.018,5.161423520602289e-05,0.0071682645505028,0.0114707081214116,0.02286144,0.0113907318785883,7.142857142857142e-07,0.0
2014-08-05,0.9842473745624272,16.87,3484.56,124.62,0.023,5.211454777596428e-05,-0.0096389798207817,0.0122748190283811,0.02845969,0.0161848709716188,9.126984126984128e-07,0.0
2014-08-06,0.9669226225634968,16.37,3485.67,124.41,0.023,5.207926464088393e-05,0.000318497383697,0.0119082249934967,0.02679769,0.0148894650065032,9.126984126984128e-07,0.0
2014-08-07,0.967479674796748,16.66,3467.14,124.68,0.023,0.0001046517712312,-0.0053302316248736,0.0116727910191978,0.02775556,0.0160827689808022,9.126984126984128e-07,0.0
2014-08-08,0.9448771719592568,15.77,3507.21,120.36,0.023,0.0001554766655437,0.0114908029845836,0.0135602488130881,0.02486929,0.0113090411869118,9.126984126984128e-07,0.0
2014-08-11,0.9029187817258884,14.23,3517.53,124.24,0.03,5.159293176844745e-05,0.0029381891498733,0.0136626386316462,0.02024929,0.0065866513683537,1.1904761904761904e-06,0.0
2014-08-12,0.9000000000000001,14.13,3511.96,123.69,0.028,5.1651558585880144e-05,-0.0015847525683163,0.0132652214883458,0.01996569,0.0067004685116541,1.1111111111111112e-06,0.0
2014-08-13,0.8686868686868687,12.9,3536.42,126.93,0.033,5.127284846304974e-05,0.0069406298159895,0.0139982883853191,0.016641,0.0026427116146808,1.3095238095238096e-06,0.0
2014-08-14,0.8607068607068608,12.42,3551.97,132.46,0.028,5.1042543960344565e-05,0.0043874631459518,0.0140080924115175,0.01542564,0.0014175475884824,1.1111111111111112e-06,0.0
2014-08-15,0.9119278779472956,13.15,3552.17,135.43,0.028,0.0001531901856154,5.630519670306892e-05,0.0123346066637841,0.01729225,0.0049576433362158,1.1111111111111112e-06,0.0
2014-08-18,0.8856937455068297,12.32,3582.7,138.46,0.028,0.0002534019207866,0.0085580217534077,0.0119403142447674,0.01517824,0.0032379257552325,1.1111111111111112e-06,0.0
2014-08-19,0.8854242204496012,12.21,3601.33,138.69,0.028,0.0002521495751278,0.0051865155802925,0.0121932017453858,0.01490841,0.0027152082546141,1.1111111111111112e-06,0.0
2014-08-20,0.8561046511627907,11.78,3610.49,135.46,0.023,0.0001005580974408,0.0025402755270623,0.0119729060574825,0.0138768399999999,0.0019039339425174,9.126984126984128e-07,0.0
2014-08-21,0.869179600886918,11.76,3621.23,135.75,0.013,5.011652091107277e-05,0.0029702499256148,0.012038977172625,0.01382976,0.0017907828273749,5.158730158730158e-07,0.0
2014-08-22,0.8490007401924501,11.47,3614.5,135.1,0.02,0.0001504853151413,-0.0018602136731759,0.0120893652853538,0.01315609,0.0010667247146461,7.936507936507937e-07,0.0
2014-08-25,0.8621960206337509,11.7,3631.86,135.42,0.018,9.996501224576516e-05,0.0047913802823994,0.0120005875115236,0.0136889999999999,0.0016884124884763,7.142857142857142e-07,0.0
2014-08-26,0.8482859226841721,11.63,3635.71,133.54,0.023,4.989148601786567e-05,0.0010595014179839,0.0120022924858372,0.01352569,0.0015233975141627,9.126984126984128e-07,0.0
2014-08-27,0.8462643678160919,11.78,3636.64,135.41,0.028,4.99238661041457e-05,0.0002557632691136,0.0116631704202675,0.0138768399999999,0.0022136695797324,1.1111111111111112e-06,0.0
2014-08-28,0.8527954706298655,12.05,3630.98,137.95,0.028,4.9936331177702955e-05,-0.0015575941351666,0.0117285555463555,0.01452025,0.0027916944536444,1.1111111111111112e-06,0.0
2014-08-29,0.8395234758234058,11.98,3643.34,127.01,0.023,0.0001495849018972,0.0033982590522845,0.0059890888372847,0.01435204,0.0083629511627152,9.126984126984128e-07,0.0
2014-09-02,0.84716459197787,12.25,3641.52,131.72,0.018,4.985914790711692e-05,-0.0004996664418715,0.0057745415319538,0.0150062499999999,0.0092317084680461,7.142857142857142e-07,0.0
2014-09-03,0.8589298123697011,12.36,3639.35,131.55,0.023,0.0002494200982715,-0.0005960826286563,0.0054828995798711,0.0152769599999999,0.0097940604201288,9.126984126984128e-07,0.0
2014-09-04,0.8693259972489684,12.64,3633.87,130.15,0.023,9.98153416179159e-05,-0.0015068981928148,0.0039710926470133,0.01597696,0.0120058673529866,9.126984126984128e-07,0.0
2014-09-05,0.8586647727272727,12.09,3652.26,137.49,0.028,0.0001988170386203,0.0050479579834466,0.0040393480474085,0.01461681,0.0105774619525914,1.1111111111111112e-06,0.0
2014-09-08,0.8797776233495482,12.66,3641.66,132.91,0.023,4.984175243597032e-05,-0.0029065324166807,0.0036485011074691,0.0160275599999999,0.0123790588925308,9.126984126984128e-07,0.0
2014-09-09,0.9097035040431268,13.5,3617.89,136.88,0.013,0.0001503344942497,-0.0065486386752126,0.0033930004629938,0.018225,0.0148319995370061,5.158730158730158e-07,0.0
2014-09-10,0.8803827751196173,12.88,3631.45,130.53,0.018,4.997126652170454e-05,0.0037410345810046,0.0034302463506024,0.01658944,0.0131591936493975,7.142857142857142e-07,0.0
2014-09-11,0.8719346049046323,12.8,3635.66,132.72,0.015,0.0001498015129952,0.0011586450379803,0.003306073129882,0.016384,0.0130779268701179,5.952380952380952e-07,0.0
2014-09-12,0.8849734042553192,13.31,3614.06,127.37,0.013,5.0227278434872325e-05,-0.0059588684568689,0.0035825062768061,0.01771561,0.0141331037231938,5.158730158730158e-07,0.0
2014-09-15,0.9062901155327342,14.12,3611.52,127.09,0.013,5.024241967488585e-05,-0.0007030577765728,0.0034632986648463,0.0199374399999999,0.0164741413351536,5.158730158730158e-07,0.0
2014-09-16,0.8572390572390572,12.73,3638.6,126.81,0.013,9.972575417606696e-05,0.0074702559219826,0.0039854978450504,0.01620529,0.0122197921549495,5.158730158730158e-07,0.0
2014-09-17,0.8652530779753763,12.65,3643.4,138.13,0.018,4.981444120646046e-05,0.0013183193340253,0.003261981173143,0.01600225,0.0127402688268569,7.142857142857142e-07,0.0
2014-09-18,0.8453970484891075,12.03,3661.73,142.1,0.01,9.907856930550992e-05,0.005018401717447,0.0032437371037667,0.0144720899999999,0.0112283528962332,3.9682539682539683e-07,0.0
2014-09-19,0.8421418636995827,12.11,3660.03,146.08,0.013,0.0,-0.0004643692310451,0.0032196992960956,0.01466521,0.0114455107039043,5.158730158730158e-07,0.0
2014-09-22,0.8971166448230669,13.69,3630.7,139.85,0.003,0.0,-0.0080458769494235,0.0040315508397516,0.01874161,0.0147100591602483,1.1904761904761907e-07,0.0
2014-09-23,0.9290603609209708,14.93,3610.1,132.46,0.013,0.0001011582621011,-0.0056899943594164,0.0043990903609022,0.0222904899999999,0.0178913996390977,5.158730158730158e-07,0.0
2014-09-24,0.8718791064388961,13.27,3638.44,126.9,0.013,5.012154474610595e-05,0.007819545564942,0.004879183071419,0.0176092899999999,0.0127301069285809,5.158730158730158e-07,0.0
2014-09-25,0.9427365883062088,15.64,3579.61,132.24,0.008,0.0001017242256243,-0.0163011624262073,0.008070084473481,0.02446096,0.0163908755265189,3.174603174603175e-07,0.0
2014-09-26,0.9269662921348316,14.85,3610.98,130.49,0.013,5.048592704793299e-05,0.008725347717136,0.0091435273885416,0.02205225,0.0129087226114583,5.158730158730158e-07,0.0
2014-09-29,0.9500594530321046,15.98,3602.09,131.67,0.008,5.0657278184397074e-05,-0.0024649710875851,0.0091813130382588,0.02553604,0.0163547269617411,3.174603174603175e-07,0.0
2014-09-30,0.9549180327868853,16.31,3592.25,127.73,0.018,5.077817554010666e-05,-0.0027354854332603,0.0090487185565592,0.0266016099999999,0.0175528914434407,7.142857142857142e-07,0.0
2014-10-01,0.9483541430192962,16.71,3544.98,123.17,0.013,0.0003596845053053,-0.013246228907945,0.0109429065388098,0.0279224099999999,0.0169795034611901,5.158730158730158e-07,0.0
2014-10-02,0.937354988399072,16.16,3545.3,125.35,0.013,0.0001028859509234,9.026441839175484e-05,0.0109603790627827,0.02611456,0.0151541809372172,5.158730158730158e-07,0.0
2014-10-03,0.9071072319201996,14.55,3584.94,122.53,0.008,5.086858102088616e-05,0.0111189548722291,0.0127905618195824,0.02117025,0.0083796881804176,3.174603174603175e-07,0.0
2014-10-06,0.9341389728096676,15.46,3579.42,126.96,0.008,5.098789037598932e-05,-0.001540961395658,0.0123661744052935,0.02390116,0.0115349855947064,3.174603174603175e-07,0.0
2014-10-07,0.9728506787330315,17.2,3525.29,120.85,0.008,0.0004137788352124,-0.0152380737303687,0.0147960880860846,0.0295839999999999,0.0147879119139153,3.174603174603175e-07,0.0
2014-10-08,0.928132678132678,15.11,3588.07,128.08,0.003,5.0845303165218385e-05,0.0176517510984455,0.018773453261904,0.0228312099999999,0.0040577567380959,1.1904761904761907e-07,0.0
2014-10-09,1.0370370370370372,18.76,3514.12,123.58,0.008,0.000207232411149,-0.0208253151826215,0.0234555609957824,0.03519376,0.0117381990042175,3.174603174603175e-07,0.0
2014-10-10,1.065730055193176,21.24,3474.23,130.82,0.008,0.0002104487820276,-0.0114162665697906,0.0244903458095969,0.0451137599999999,0.020623414190403,3.174603174603175e-07,0.0
2014-10-13,1.1139240506329111,24.64,3417.01,130.36,0.008,5.3428792776378626e-05,-0.016606972057237,0.0268695514686033,0.06071296,0.0338434085313966,3.174603174603175e-07,0.0
2014-10-14,1.0664482919981282,22.79,3422.43,127.78,0.008,5.3170277814804345e-05,0.0015849254133616,0.0270457669361695,0.05193841,0.0248926430638305,3.174603174603175e-07,0.0
2014-10-15,1.102015113350126,26.25,3395.03,111.31,0.018,5.399130739945957e-05,-0.0080382275900679,0.0260116280578706,0.06890625,0.0428946219421293,7.142857142857142e-07,1.0
2014-10-16,1.1028446389496718,25.2,3395.64,127.97,0.03,0.0001615813427409,0.0001796582668985,0.0258946859856404,0.063504,0.0376093140143595,1.1904761904761904e-06,1.0
2014-10-17,1.0348235294117647,21.99,3439.39,131.71,0.023,5.29955748694502e-05,0.0128018743170549,0.028263784050196,0.0483560099999999,0.0200922259498039,9.126984126984128e-07,1.0
2014-10-20,0.9440772750381292,18.57,3470.89,120.62,0.023,0.0001049262892818,0.0091169151423155,0.0299734991682449,0.03448449,0.004510990831755,9.126984126984128e-07,0.0
2014-10-21,0.8998321208729713,16.08,3538.9,129.18,0.013,0.0001028753664933,0.0194048991722621,0.0351980838626064,0.0258566399999999,-0.0093414438626064,5.158730158730158e-07,0.0
2014-10-22,0.9375655823714588,17.87,3513.47,127.04,0.018,5.177993527503381e-05,-0.0072117912751662,0.0353973144613883,0.03193369,-0.0034636244613883,7.142857142857142e-07,0.0
2014-10-23,0.9072447859495062,16.53,3556.7,128.77,0.008,0.0002561934773141,0.0122289955535791,0.0366430878450662,0.02732409,-0.0093189978450662,3.174603174603175e-07,0.0
2014-10-24,0.8989955357142856,16.11,3581.82,125.57,0.008,0.0001017656337453,0.0070379024467395,0.0342285619017873,0.0259532099999999,-0.0082753519017873,3.174603174603175e-07,0.0
2014-10-27,0.8980963045912653,16.04,3576.47,123.77,0.008,5.094373264738952e-05,-0.0014947706773944,0.0332423541263424,0.0257281599999999,-0.0075141941263424,3.174603174603175e-07,0.0
2014-10-28,0.8742405832320778,14.39,3619.16,127.56,0.013,0.0002014707363755,0.0118656742701565,0.0349817215998806,0.02070721,-0.0142745115998806,5.158730158730158e-07,0.0
2014-10-29,0.8969804618117229,15.15,3614.53,124.18,0.013,0.0001010917913464,-0.0012801213854254,0.0348985575415495,0.02295225,-0.0119463075415495,5.158730158730158e-07,0.0
2014-10-30,0.867383512544803,14.52,3637.3,121.02,0.008,0.0001002807862012,0.0062798148411924,0.0328109862832747,0.0210830399999999,-0.0117279462832747,3.174603174603175e-07,0.0
2014-10-31,0.8497880072683222,14.03,3679.99,124.75,0.008,4.962902305263607e-05,0.011668386617712,0.0340887614395526,0.0196840899999999,-0.0144046714395526,3.174603174603175e-07,0.0
2014-11-03,0.8762641284949436,14.73,3679.58,124.64,0.008,4.95921049369899e-05,-0.0001114195531597,0.0329579922537276,0.02169729,-0.0112607022537276,3.174603174603175e-07,0.0
2014-11-04,0.8795038393384526,14.89,3669.18,124.19,0.023,0.0001492054808146,-0.0028304113736369,0.0330683354916332,0.02217121,-0.0108971254916332,9.126984126984128e-07,0.0
2014-11-05,0.8551599275799637,14.17,3691.38,125.66,0.023,4.939857238121325e-05,0.0060321680187388,0.0296974813863563,0.02007889,-0.0096185913863563,9.126984126984128e-07,0.0
2014-11-06,0.8407134071340713,13.67,3706.45,124.93,0.023,0.0001475107559924,0.0040741733306743,0.0266201506616287,0.0186868899999999,-0.0079332606616287,9.126984126984128e-07,0.0
2014-11-07,0.8288060644346178,13.12,3708.46,127.08,0.023,9.845426799256784e-05,0.0005421508957582,0.0200530638137717,0.0172134399999999,-0.0028396238137717,9.126984126984128e-07,0.0
2014-11-10,0.8424202127659575,12.67,3720.25,130.51,0.023,4.902801951310717e-05,0.003174174223805,0.0174676713010801,0.01605289,-0.0014147813010801,9.126984126984128e-07,0.0
2014-11-11,0.8411458333333334,12.92,3722.84,127.11,0.018,4.897999167335687e-05,0.0006959475445111,0.0123985688883088,0.01669264,0.0042940711116911,7.142857142857142e-07,0.0
2014-11-12,0.8271918678526048,13.02,3721.3,125.71,0.013,4.899679071016392e-05,-0.0004137482696373,0.0125722717505759,0.0169520399999999,0.004379768249424,5.158730158730158e-07,0.0
2014-11-13,0.8678414096916298,13.79,3723.58,128.96,0.008,0.00024516413739,0.0006125014966741,0.0108488624320174,0.0190164099999999,0.0081675475679825,3.174603174603175e-07,0.0
2014-11-14,0.8339598997493735,13.31,3724.92,128.68,0.008,9.789046057452797e-05,0.0003598039912617,0.0108300987359612,0.01771561,0.0068855112640387,3.174603174603175e-07,0.0
2014-11-17,0.8782172002510986,13.99,3727.86,123.69,0.008,9.780907668236614e-05,0.0007889673792879,0.0100205656792974,0.0195720099999999,0.0095514443207025,3.174603174603175e-07,0.0
2014-11-18,0.8828025477707007,13.86,3747.74,132.03,0.013,0.0001460671421963,0.0053186491689796,0.0096881459421118,0.01920996,0.0095218140578881,5.158730158730158e-07,0.0
2014-11-19,0.8741390106449594,13.96,3742.35,124.66,0.003,0.0001461525345285,-0.0014392352910052,0.0066285707251514,0.01948816,0.0128595892748485,1.1904761904761907e-07,0.0
2014-11-20,0.8482198625858838,13.58,3749.87,136.35,0.003,0.0001458328269693,0.0020074163666554,0.0053546235263908,0.01844164,0.0130870164736091,1.1904761904761907e-07,0.0
2014-11-21,0.8169727675744143,12.9,3770.03,138.46,0.008,0.0001451694853741,0.0053617862731899,0.004340860319296,0.016641,0.0123001396807039,3.174603174603175e-07,0.0
2014-11-24,0.8115755627009645,12.62,3780.88,140.18,0.008,4.824741273258547e-05,0.0028738277816603,0.0041014823522477,0.0159264399999999,0.0118249576477522,3.174603174603175e-07,0.0
2014-11-25,0.7949383517196625,12.25,3776.94,140.11,0.023,4.824275755597803e-05,-0.001042628788969,0.0040575588471022,0.0150062499999999,0.0109486911528977,9.126984126984128e-07,0.0
2014-11-26,0.7878590078328982,12.07,3788.42,139.86,0.01,4.813130219247384e-05,0.0030348876488146,0.0029307495990374,0.01456849,0.0116377404009625,3.9682539682539683e-07,0.0
2014-11-28,0.8367859384808538,13.33,3778.96,131.89,0.013,0.0001449590490686,-0.0025002061289099,0.0030548914951877,0.01776889,0.0147139985048122,5.158730158730158e-07,0.0
2014-12-01,0.8536439665471924,14.29,3753.31,127.95,0.013,4.8632218844940574e-05,-0.0068107221726949,0.0037384730228757,0.02042041,0.0166819369771242,5.158730158730158e-07,0.0
2014-12-02,0.8051378446115287,12.85,3777.47,121.64,0.015,4.827769329177061e-05,0.006416356044957,0.0027230285576817,0.01651225,0.0137892214423182,5.952380952380952e-07,0.0
2014-12-03,0.8019292604501608,12.47,3792.69,134.44,0.008,0.0,0.0040210564922125,0.0027867042838649,0.01555009,0.012763385716135,3.174603174603175e-07,0.0
2014-12-04,0.7915601023017903,12.38,3788.34,128.73,0.018,4.813130219247384e-05,-0.0011476014413367,0.0026395174057129,0.01532644,0.012686922594287,7.142857142857142e-07,0.0
2014-12-05,0.760128617363344,11.82,3794.68,131.41,0.013,9.60707080411674e-05,0.0016721573930381,0.0023720794242487,0.01397124,0.0115991605757512,5.158730158730158e-07,0.0
2014-12-08,0.8468414779499404,14.21,3767.7,137.62,0.008,0.0001452678982156,-0.0071353501066582,0.0031003035366322,0.02019241,0.0170921064633677,3.174603174603175e-07,0.0
2014-12-09,0.881586737714624,14.89,3766.83,136.69,0.03,0.0002423831107448,-0.0002309367681504,0.0031121186956973,0.02217121,0.0190590913043026,1.1904761904761904e-06,0.0
2014-12-10,0.9681295715778476,18.53,3705.51,130.88,0.03,9.84203533291188e-05,-0.0164128978451332,0.0065162773471683,0.03433609,0.0278198126528316,1.1904761904761904e-06,0.0
2014-12-11,0.9691119691119692,20.08,3723.32,130.73,0.023,4.9112295263074454e-05,0.0047948422892269,0.0068093015043962,0.0403206399999999,0.0335113384956037,9.126984126984128e-07,0.0
2014-12-12,1.0038095238095237,21.08,3663.1,131.47,0.018,9.980039920164788e-05,-0.0163059599346585,0.0100082083494683,0.0444366399999999,0.0344284316505316,7.142857142857142e-07,0.0
2014-12-15,0.969610636277303,20.42,3639.97,135.12,0.008,5.0093926111413424e-05,-0.0063343435948943,0.0103486812857517,0.04169764,0.0313489587142482,3.174603174603175e-07,0.0
2014-12-17,0.9515418502202644,19.44,3682.7,125.48,0.023,4.951107810368068e-05,0.0116707389534937,0.0122947325958762,0.03779136,0.0254966274041237,9.126984126984128e-07,0.0
2014-12-18,0.9096320346320346,16.81,3771.72,126.24,0.038,0.0002897291032884,0.0238849520289087,0.0194709513316116,0.02825761,0.0087866586683883,1.5079365079365078e-06,0.0
2014-12-19,0.8927991337303736,16.49,3788.97,138.63,0.03,0.0001936952205703,0.0045630835098986,0.0193871386807769,0.0271920099999999,0.007804871319223,1.1904761904761904e-06,0.0
2014-12-22,0.8669698692438885,15.25,3803.94,136.61,0.023,9.649249770835256e-05,0.0039431573393431,0.0194688999966525,0.02325625,0.0037873500033474,9.126984126984128e-07,0.0
2014-12-23,0.8249721293199553,14.8,3810.78,136.93,0.013,9.6176965616784e-05,0.0017965209067879,0.0194628962650847,0.021904,0.0024411037349152,5.158730158730158e-07,0.0
2014-12-24,0.832560834298957,14.37,3810.39,135.65,0.003,0.0001443522194153,-0.0001023464901952,0.0191885303725313,0.02064969,0.0014611596274686,1.1904761904761907e-07,0.0
2014-12-26,0.844988344988345,14.5,3823.0,135.03,0.003,4.7974285782776775e-05,0.0033039086095946,0.0192164009543961,0.021025,0.0018085990456038,1.1904761904761907e-07,0.0
2014-12-29,0.8720324261725536,15.06,3826.95,127.6,0.003,4.789616112264245e-05,0.0010326865799219,0.0191859667396826,0.02268036,0.0034943932603173,1.1904761904761907e-07,0.0
2014-12-30,0.8834628190899001,15.92,3808.69,136.39,0.01,4.8105832832187154e-05,-0.0047828433003675,0.0194448773444492,0.02534464,0.0058997626555507,3.9682539682539683e-07,0.0
2014-12-31,0.972644376899696,19.2,3769.44,133.84,0.041,9.72951936173468e-05,-0.0103588486812929,0.0207314346396383,0.036864,0.0161325653603617,1.626984126984127e-06,0.0
2015-01-02,0.9141829393627954,17.79,3768.68,128.66,0.018,0.0001951409893647,-0.0002016417893521,0.0201412809974524,0.03164841,0.0115071290025475,7.142857142857142e-07,0.0
2015-01-05,0.9581529581529584,19.92,3700.03,127.79,0.013,0.0001485332343111,-0.0183838797977686,0.023633518420724,0.03968064,0.0160471215792759,5.158730158730158e-07,0.0
2015-01-06,0.9859943977591036,21.12,3667.14,125.27,0.028,5.003627630041443e-05,-0.008928861017579,0.0240118131170018,0.0446054399999999,0.0205936268829981,1.1111111111111112e-06,0.0
2015-01-07,0.9616533864541832,19.31,3710.94,123.56,0.025,9.882887779800273e-05,0.0118731470911704,0.0261957257408304,0.03728761,0.0110918842591695,9.92063492063492e-07,0.0
2015-01-08,0.9115755627009648,17.01,3777.4,124.77,0.018,4.8596768314862856e-05,0.0177507284806009,0.0303737822630253,0.02893401,-0.0014397722630253,7.142857142857142e-07,0.0
2015-01-09,0.908385093167702,17.55,3745.67,121.69,0.018,9.8058442831978e-05,-0.0084354361051112,0.0306207139442834,0.03080025,0.0001795360557165,7.142857142857142e-07,0.0
2015-01-12,0.95703125,19.6,3715.36,121.09,0.018,4.933764215403658e-05,-0.0081249282582533,0.0313588844750134,0.038416,0.0070571155249865,7.142857142857142e-07,0.0
2015-01-13,0.9666196520921484,20.56,3706.15,122.2,0.028,4.949882440287541e-05,-0.0024819759666043,0.0281558298288399,0.0422713599999999,0.01411553017116,1.1111111111111112e-06,0.0
2015-01-14,1.0262780697563307,21.48,3684.72,132.66,0.03,4.9695614361987354e-05,-0.0057990629130235,0.0282247334120779,0.04613904,0.017914306587922,1.1904761904761904e-06,0.0
2015-01-15,1.0126639529624604,22.39,3650.74,120.77,0.028,0.0002006621852112,-0.0092646522651096,0.0260144031889471,0.05013121,0.0241168068110528,1.1111111111111112e-06,0.0
2015-01-16,0.9905437352245864,20.95,3699.79,131.39,0.018,4.9572437724580024e-05,0.0133461745111897,0.0276005867174001,0.04389025,0.0162896632825998,7.142857142857142e-07,0.0
2015-01-20,0.953042644944897,19.89,3705.64,123.63,0.01,0.0001484891231717,0.0015799220887579,0.0260521299457969,0.03956121,0.013509080054203,3.9682539682539683e-07,0.0
2015-01-21,0.94061876247505,18.85,3723.62,134.3,0.023,4.9238041310671875e-05,0.0048403300205216,0.0190834444782577,0.03553225,0.0164488055217423,9.126984126984128e-07,0.0
2015-01-22,0.8817204301075268,16.4,3780.51,139.13,0.018,4.854251110405527e-05,0.015162607773471,0.0218137311667352,0.0268959999999999,0.0050822688332647,7.142857142857142e-07,0.0
2015-01-23,0.8768421052631579,16.66,3759.76,132.09,0.018,0.0001464736469496,-0.0055037955880851,0.0219206094421043,0.02775556,0.0058349505578956,7.142857142857142e-07,0.0
2015-01-26,0.8607875762617858,15.52,3769.45,135.02,0.008,4.860621673521436e-05,0.0025739766456172,0.0219739588366724,0.02408704,0.0021130811633276,3.174603174603175e-07,0.0
2015-01-27,0.9010989010989012,17.22,3718.99,128.43,0.018,4.917025199749677e-05,-0.0134769761785251,0.023980005358046,0.0296528399999999,0.0056728346419539,7.142857142857142e-07,0.0
2015-01-28,0.9533582089552238,20.44,3669.1,123.76,0.018,0.0001502742505071,-0.0135057256597917,0.0254814723197637,0.04177936,0.0162978876802362,7.142857142857142e-07,0.0
2015-01-29,0.938,18.76,3704.35,130.45,0.008,4.941810185080342e-05,0.0095614043757463,0.0269968137940775,0.03519376,0.0081969462059224,3.174603174603175e-07,0.0
2015-01-30,0.9610449129239228,20.97,3656.28,125.36,0.003,0.0002004409701343,-0.0130615676678353,0.0284936066608259,0.04397409,0.015480483339174,1.1904761904761907e-07,0.0
2015-02-02,0.929220468675275,19.43,3703.77,129.98,0.008,9.893643334162866e-05,0.0129049827309864,0.0300553044824424,0.03775249,0.0076971855175575,3.174603174603175e-07,0.0
2015-02-03,0.8891739353514623,17.33,3757.34,129.78,0.018,4.886988393398121e-05,0.014360040411156,0.0328329320921457,0.0300328899999999,-0.0028000420921457,7.142857142857142e-07,0.0
2015-02-04,0.8972099853157122,18.33,3742.84,126.2,0.008,4.912918519255853e-05,-0.003866578686138,0.0286889699296852,0.03359889,0.0049099200703147,3.174603174603175e-07,0.0
2015-02-05,0.8744161909704204,16.85,3782.11,127.54,0.01,4.854722431254376e-05,0.0104373734048616,0.0285646970132973,0.02839225,-0.0001724470132973,3.9682539682539683e-07,0.0
2015-02-06,0.8697183098591549,17.29,3770.2,125.62,0.018,4.858496295405965e-05,-0.0031540045027639,0.0273349725781562,0.02989441,0.0025594374218437,7.142857142857142e-07,0.0
2015-02-09,0.8974358974358974,18.55,3754.36,129.85,0.008,4.88436271278449e-05,-0.0042102191751387,0.0237163446499789,0.0344102499999999,0.010693905350021,3.174603174603175e-07,0.0
2015-02-10,0.8732894069944247,17.23,3794.62,126.51,0.008,0.0001935078128779,0.0106664428062328,0.0241746233720676,0.02968729,0.0055126666279323,3.174603174603175e-07,0.0
2015-02-11,0.8604769152714358,16.96,3795.82,128.39,0.008,4.828934978386123e-05,0.0003161872065381,0.0231698324238681,0.02876416,0.0055943275761318,3.174603174603175e-07,0.0
2015-02-12,0.836423118865867,15.34,3833.35,129.95,0.013,4.786864842866808e-05,0.0098386332294227,0.0239040379281404,0.02353156,-0.0003724779281404,5.158730158730158e-07,0.0
2015-02-13,0.8102592388306674,14.69,3849.29,126.04,0.008,4.7665578302720874e-05,0.0041496211909025,0.0232350210838316,0.02157961,-0.0016554110838316,3.174603174603175e-07,0.0
2015-02-17,0.8596300326441786,15.8,3856.04,127.42,0.01,4.760657922920618e-05,0.0017520344298462,0.0215417342090727,0.024964,0.0034222657909272,3.9682539682539683e-07,0.0
2015-02-18,0.8279742765273311,15.45,3855.0,135.0,0.018,4.76156465015324e-05,-0.0002697431231859,0.0200810246920235,0.02387025,0.0037892253079764,7.142857142857142e-07,0.0
2015-02-19,0.8489727928928372,15.29,3851.53,131.3,0.018,4.76156465015324e-05,-0.0009005350616953,0.0201784207946503,0.0233784099999999,0.0031999892053496,7.142857142857142e-07,0.0
2015-02-20,0.8270676691729324,14.3,3875.6,125.24,0.018,4.73473639356044e-05,0.0062300175751144,0.0203067100526104,0.020449,0.0001422899473895,7.142857142857142e-07,0.0
2015-02-23,0.830102622576967,14.56,3874.46,134.66,0.018,4.735633272555066e-05,-0.000294191272899,0.0180096578969907,0.02119936,0.0031897021030092,7.142857142857142e-07,0.0
2015-02-24,0.8192698982645122,13.69,3885.27,136.26,0.018,4.7208780833326226e-05,0.0027861812184168,0.0174403621464529,0.01874161,0.001301247853547,7.142857142857142e-07,0.0
2015-02-25,0.8203912270302312,13.84,3882.95,136.33,0.018,4.7280206141655776e-05,-0.0005973054493761,0.0174803076104781,0.0191545599999999,0.0016742523895218,7.142857142857142e-07,0.0
2015-02-26,0.8255192878338279,13.91,3877.85,126.2,0.018,9.458500827623662e-05,-0.0013142976842943,0.0146918074820988,0.01934881,0.0046570025179011,7.142857142857142e-07,0.0
2015-02-27,0.7898164594434577,13.34,3866.42,126.4,0.013,4.73922418899595e-05,-0.0029518620346649,0.0119067228329808,0.01779556,0.0058888371670191,5.158730158730158e-07,0.0
2015-03-02,0.7922235722964762,13.04,3890.32,126.01,0.013,4.7182051947396285e-05,0.0061624021519074,0.0114400390564914,0.0170041599999999,0.0055641209435085,5.158730158730158e-07,0.0
2015-03-03,0.8259833134684147,13.86,3872.71,123.09,0.013,4.739448802100005e-05,-0.0045368960846904,0.0090050878373064,0.01920996,0.0102048721626935,5.158730158730158e-07,0.0
2015-03-04,0.8415138971023064,14.23,3856.51,127.89,0.01,4.758392614970334e-05,-0.0041918909597928,0.0081325806785123,0.02024929,0.0121167093214876,3.9682539682539683e-07,0.0
2015-03-05,0.8437499999999999,14.04,3861.29,127.26,0.008,4.750932370486888e-05,0.0012386951232706,0.0060866587507504,0.01971216,0.0136255012492495,3.174603174603175e-07,0.0
2015-03-06,0.8680753854940033,15.2,3807.04,124.65,0.008,4.815679853598953e-05,-0.0141493402305647,0.0086941511258853,0.023104,0.0144098488741146,3.174603174603175e-07,0.0
2015-03-09,0.8700173310225304,15.06,3822.42,124.16,0.008,4.799961600302832e-05,0.0040317455844715,0.0076324470589567,0.02268036,0.0150479129410432,3.174603174603175e-07,0.0
2015-03-10,0.9140197152245344,16.69,3757.83,123.53,0.013,4.883885619394352e-05,-0.0170420667505383,0.0112275062744576,0.02785561,0.0166281037255423,5.158730158730158e-07,0.0
2015-03-11,0.9104155423637345,16.87,3751.2,123.72,0.018,4.888660751382711e-05,-0.0017658743467178,0.0110495048785578,0.02845969,0.0174101851214422,7.142857142857142e-07,0.0
2015-03-12,0.8867165037377803,15.42,3799.43,121.53,0.023,0.0,0.0127752666879754,0.0116718413626238,0.02377764,0.0121057986373761,9.126984126984128e-07,0.0
2015-03-13,0.8943543879262157,16.0,3776.44,120.6,0.023,4.864168105645307e-05,-0.0060692885627916,0.0121199608297524,0.0256,0.0134800391702475,9.126984126984128e-07,0.0
2015-03-16,0.8971264367816092,15.61,3827.62,122.83,0.033,0.0,0.0134614331972917,0.0131979234757124,0.0243672099999999,0.0111692865242875,1.3095238095238096e-06,0.0
2015-03-17,0.8958810068649885,15.66,3814.91,125.44,0.048,4.806883457106211e-05,-0.00332612674538,0.0130734032910409,0.0245235599999999,0.011450156708959,1.904761904761905e-06,0.0
2015-03-18,0.8502738892270237,13.97,3861.39,128.51,0.03,4.747999905035684e-05,0.0121101489115976,0.014929728761209,0.01951609,0.0045863612387909,1.1904761904761904e-06,0.0
2015-03-19,0.8291101944608132,14.07,3842.62,127.95,0.008,0.0,-0.0048727966707699,0.0152229337707854,0.0197964899999999,0.0045735562292145,3.174603174603175e-07,0.0
2015-03-20,0.7791741472172351,13.02,3877.26,131.09,0.003,4.753190579171949e-05,0.0089742929905282,0.0162071020974464,0.0169520399999999,0.0007449379025535,1.1904761904761907e-07,0.0
2015-03-23,0.8112522686025407,13.41,3870.49,127.12,0.003,4.76405993186961e-05,-0.0017476045879213,0.0157820936308524,0.01798281,0.0022007163691475,1.1904761904761907e-07,0.0
2015-03-24,0.8209764918625678,13.62,3847.05,126.82,0.018,0.0001435921981572,-0.0060744931874444,0.0162167376092791,0.0185504399999999,0.0023337023907208,7.142857142857142e-07,0.0
2015-03-25,0.8787706317586795,15.44,3791.13,122.96,0.03,4.857080408961753e-05,-0.0146424931364723,0.0184896583096051,0.0238393599999999,0.0053497016903948,1.1904761904761904e-06,0.0
2015-03-26,0.8992601024473534,15.8,3782.21,122.86,0.03,0.0001461027102052,-0.0023556328184818,0.0185014707592224,0.024964,0.0064625292407775,1.1904761904761904e-06,0.0
2015-03-27,0.8665899942495687,15.07,3791.9,121.8,0.038,9.719589833314007e-05,0.0025587178656586,0.018675368769879,0.02271049,0.0040351212301209,1.5079365079365078e-06,0.0
2015-03-30,0.8575650118203308,14.51,3838.65,122.69,0.018,4.806421378957922e-05,0.0122535295500226,0.0207277039099756,0.02105401,0.0003263060900243,7.142857142857142e-07,0.0
2015-03-31,0.8717217787913341,15.29,3805.27,120.35,0.023,0.0002907540220971,-0.0087337942267662,0.0209483448199443,0.0233784099999999,0.0024300651800556,9.126984126984128e-07,0.0
2015-04-01,0.8713956170703575,15.11,3790.66,120.76,0.018,0.0002428776139702,-0.0038468016467814,0.0208934662425899,0.0228312099999999,0.00193774375741,7.142857142857142e-07,0.0
2015-04-02,0.8519163763066203,14.67,3804.14,119.92,0.015,4.843201356091975e-05,0.0035498009572912,0.0209938132757191,0.02152089,0.0005270767242808,5.952380952380952e-07,0.0
2015-04-06,0.8763376932223543,14.74,3829.31,120.05,0.008,4.812203748702343e-05,0.0065946829336355,0.0215931171895632,0.02172676,0.0001336428104367,3.174603174603175e-07,0.0
2015-04-07,0.8797619047619046,14.78,3821.49,121.34,0.018,4.824043030473155e-05,-0.0020442313805714,0.0191560920476546,0.0218448399999999,0.0026887479523453,7.142857142857142e-07,0.0
2015-04-08,0.852439024390244,13.98,3833.2,124.24,0.025,4.805035677385534e-05,0.0030595645636103,0.0190730797278895,0.01954404,0.0004709602721104,9.92063492063492e-07,0.0
2015-04-09,0.817103620474407,13.09,3850.29,125.87,0.023,4.783430197790488e-05,0.0044485066507864,0.0153132462819044,0.0171348099999999,0.0018215637180955,9.126984126984128e-07,0.0
2015-04-10,0.8137128072445019,12.58,3870.31,127.22,0.018,4.7604312950710045e-05,0.0051861370545041,0.0153810696524157,0.01582564,0.0004445703475842,7.142857142857142e-07,0.0
2015-04-13,0.8541666666666666,13.94,3852.93,117.46,0.013,4.78091458895652e-05,-0.0045007093753367,0.0140488426799242,0.01943236,0.0053835173200757,5.158730158730158e-07,0.0
2015-04-14,0.8624605678233439,13.67,3859.22,123.64,0.018,4.770423375070199e-05,0.0016311927010488,0.0134534437216131,0.0186868899999999,0.0052334462783868,7.142857142857142e-07,0.0
2015-04-15,0.8183556405353729,12.84,3879.1,119.71,0.013,9.50073630706866e-05,0.0051380774472276,0.0116778400576681,0.0164865599999999,0.0048087199423318,5.158730158730158e-07,0.0
2015-04-16,0.821917808219178,12.6,3876.17,120.37,0.018,4.749352900662965e-05,-0.0007556152498643,0.0115004639234548,0.015876,0.0043755360765451,7.142857142857142e-07,0.0
2015-04-17,0.8605947955390335,13.89,3832.33,122.24,0.018,4.805035677385534e-05,-0.0113745794048408,0.0114008314299495,0.0192932099999999,0.0078923785700504,7.142857142857142e-07,0.0
2015-04-20,0.853658536585366,13.3,3867.82,124.16,0.013,4.771106180963718e-05,0.0092180675198815,0.012180915663061,0.017689,0.0055080843369389,5.158730158730158e-07,0.0
2015-04-21,0.8537371134020619,13.25,3862.15,122.77,0.023,9.540619186176508e-05,-0.0014670175995214,0.0112097430736824,0.01755625,0.0063465069263176,9.126984126984128e-07,0.0
2015-04-22,0.8221216041397154,12.71,3881.93,124.07,0.023,4.749352900662965e-05,0.0051084294105876,0.0115039931299397,0.01615441,0.0046504168700602,9.126984126984128e-07,0.0
2015-04-23,0.8226763348714569,12.48,3891.46,123.26,0.023,9.469696969701816e-05,0.002451955909738,0.0110409946188848,0.01557504,0.0045340453811151,9.126984126984128e-07,0.0
2015-04-24,0.8053735255570118,12.29,3900.24,119.95,0.02,9.44777741035562e-05,0.0022536811520444,0.0079995129191983,0.0151044099999999,0.0071048970808016,7.936507936507937e-07,0.0
2015-04-27,0.8236032642812303,13.12,3884.1,122.84,0.013,4.740347467478528e-05,-0.0041467929531514,0.0082053254993098,0.0172134399999999,0.0090081145006901,5.158730158730158e-07,0.0
2015-04-28,0.8105813193990855,12.41,3895.21,124.02,0.013,4.7246698636889776e-05,0.0028562963947559,0.0082160833411533,0.01540081,0.0071847266588466,5.158730158730158e-07,0.0
2015-04-29,0.8384470882905448,13.39,3880.9,125.36,-0.003,4.7534165181180775e-05,-0.0036805076455358,0.0068565268850558,0.01792921,0.0110726831149441,-1.1904761904761907e-07,0.0
2015-04-30,0.8828883495145631,14.55,3841.78,115.96,0.003,0.0002395955626902,-0.0101312846357414,0.0072058954503376,0.02117025,0.0139643545496623,1.1904761904761907e-07,0.0
2015-05-01,0.8257477243172952,12.7,3883.75,122.37,0.003,9.492168960612356e-05,0.0108653808610672,0.0082085036947877,0.016129,0.0079204963052122,1.1904761904761907e-07,0.0
2015-05-04,0.8327932598833441,12.85,3895.16,121.68,0.003,9.458500827623662e-05,0.0029335750594208,0.0081758763630854,0.01651225,0.0083363736369145,1.1904761904761907e-07,0.0
2015-05-05,0.8768382352941176,14.31,3849.41,122.22,0.008,0.0002392630697452,-0.0118148669815783,0.0097057534140474,0.02047761,0.0107718565859525,3.174603174603175e-07,0.0
2015-05-06,0.9061004784688996,15.15,3833.7,119.74,0.01,4.806652406940482e-05,-0.0040894955023324,0.0098741606901865,0.02295225,0.0130780893098134,3.9682539682539683e-07,0.0
2015-05-07,0.9038231780167264,15.13,3849.13,120.73,0.008,9.570293808024802e-05,0.0040167544371114,0.0099552914443921,0.02289169,0.0129363985556079,3.174603174603175e-07,0.0
2015-05-08,0.826478149100257,12.86,3901.01,122.93,0.008,4.7313761207538624e-05,0.0133883452287627,0.0118720268805182,0.0165379599999999,0.0046659331194817,3.174603174603175e-07,0.0
2015-05-11,0.8602484472049688,13.85,3881.93,115.96,0.008,0.0001426092743564,-0.004903041324561,0.0119334085879209,0.0191822499999999,0.007248841412079,3.174603174603175e-07,0.0
2015-05-12,0.8451219512195123,13.86,3870.69,123.92,0.013,4.7602046888108186e-05,-0.0028996669191978,0.011776822182693,0.01920996,0.0074331378173069,5.158730158730158e-07,0.0
2015-05-13,0.8446899938612646,13.76,3870.36,126.04,0.018,4.760657922920618e-05,-8.525975163572899e-05,0.0117510926271152,0.01893376,0.0071826673728847,7.142857142857142e-07,0.0
2015-05-14,0.8007542426147077,12.74,3912.52,127.63,0.013,9.419743782973924e-05,0.0108341417031827,0.0128582560042939,0.01623076,0.003372503995706,5.158730158730158e-07,0.0
2015-05-15,0.7951188182402056,12.38,3915.99,127.56,0.013,9.413979759948331e-05,0.0008865033645616,0.0128424419413016,0.01532644,0.0024839980586983,5.158730158730158e-07,0.0
2015-05-18,0.8358502954694682,12.73,3928.15,126.91,0.008,4.6916418400709975e-05,0.0031004060969547,0.0110301112684266,0.01620529,0.0051751787315733,3.174603174603175e-07,0.0
2015-05-19,0.8409685863874345,12.85,3926.41,126.28,0.013,9.390112211845736e-05,-0.0004430547423314,0.0101922300575417,0.01651225,0.0063200199424582,5.158730158730158e-07,0.0
2015-05-20,0.8501650165016502,12.88,3923.18,125.01,0.018,4.6991377082262657e-05,-0.0008229729660535,0.0101617785415528,0.01658944,0.0064276614584471,7.142857142857142e-07,0.0
2015-05-21,0.8288843258042436,12.11,3932.9,121.11,0.013,4.686145411101163e-05,0.0024745178154558,0.0099555136306474,0.01466521,0.0047096963693525,5.158730158730158e-07,0.0
2015-05-22,0.8377071823204421,12.13,3924.16,124.86,0.013,0.0,-0.0022247516513557,0.0100022093365621,0.01471369,0.0047114806634378,5.158730158730158e-07,0.0
2015-05-26,0.9082687338501292,14.06,3883.88,123.06,0.013,4.736979228355238e-05,-0.0103176616232584,0.0113109469235353,0.01976836,0.0084574130764646,5.158730158730158e-07,0.0
2015-05-27,0.8852568378919279,13.27,3920.11,123.6,0.008,4.702894631641501e-05,0.0092850606648864,0.0121400574216596,0.0176092899999999,0.0054692325783402,3.174603174603175e-07,0.0
2015-05-28,0.8867421718854098,13.31,3915.82,125.37,0.003,4.700462995600792e-05,-0.001094956292008,0.0120867568584792,0.01771561,0.0056288531415207,1.1904761904761907e-07,0.0
2015-05-29,0.8998699609882964,13.84,3891.18,122.5,0.003,4.7313761207538624e-05,-0.0063123048073284,0.0124306352574526,0.0191545599999999,0.0067239247425473,1.1904761904761907e-07,0.0
2015-06-01,0.9065541855937704,13.97,3899.59,122.43,0.003,4.727350083906164e-05,0.0021589658702998,0.011066419806229,0.01951609,0.0084496701937709,1.1904761904761907e-07,0.0
2015-06-02,0.9064290260980268,14.24,3895.85,121.17,0.008,4.733391711840261e-05,-0.0009595353917044,0.0097185465527913,0.02027776,0.0105592134472086,3.174603174603175e-07,0.0
2015-06-03,0.8893229166666667,13.66,3904.83,124.59,0.013,4.7124243066936815e-05,0.0023023644007513,0.0096790209487594,0.01865956,0.0089805390512405,5.158730158730158e-07,0.0
2015-06-04,0.9035626535626536,14.71,3871.23,121.98,0.013,4.749804070577769e-05,-0.0086419624111902,0.0088457045761297,0.02163841,0.0127927054238702,5.158730158730158e-07,0.0
2015-06-05,0.8903508771929824,14.21,3865.83,119.62,0.018,4.765649200558012e-05,-0.0013958792814882,0.0086369095411783,0.02019241,0.0115555004588216,7.142857142857142e-07,0.0
2015-06-08,0.9210843373493974,15.29,3841.45,118.33,0.013,4.7960480563971634e-05,-0.0063265072286933,0.0089773284490193,0.0233784099999999,0.0144010815509806,5.158730158730158e-07,0.0
2015-06-09,0.8904615384615385,14.47,3843.16,119.4,0.013,4.792829926439324e-05,0.0004450453642342,0.0065897633425033,0.02093809,0.0143483266574966,5.158730158730158e-07,0.0
2015-06-10,0.8623613829093282,13.22,3889.7,120.83,0.018,9.465663306361036e-05,0.0120370889777442,0.0082440277322013,0.01747684,0.0092328122677986,7.142857142857142e-07,0.0
2015-06-11,0.8509933774834437,12.85,3897.59,125.32,0.013,4.726903169384276e-05,0.0020263795748806,0.0081634447746946,0.01651225,0.0083488052253053,5.158730158730158e-07,0.0
2015-06-12,0.8827674567584881,13.78,3870.56,119.26,0.01,9.525170262409778e-05,-0.0069592139930286,0.0088023564801254,0.01898884,0.0101864835198745,3.9682539682539683e-07,0.0
2015-06-15,0.9259927797833934,15.39,3852.75,119.25,0.008,4.784574531705416e-05,-0.0046120203822713,0.0074492044439819,0.02368521,0.016236005556018,3.174603174603175e-07,0.0
2015-06-16,0.9141975308641976,14.81,3874.73,120.23,0.008,0.0,0.0056888039250214,0.0079219471270049,0.02193361,0.014011662872995,3.174603174603175e-07,0.0
2015-06-17,0.8939580764488286,14.5,3882.49,119.09,0.003,4.753868460468886e-05,0.0020007174190036,0.0078365622447545,0.021025,0.0131884377552454,1.1904761904761907e-07,0.0
2015-06-18,0.8542746113989638,13.19,3921.43,120.17,0.003,9.394081728515844e-05,0.0099796828215096,0.0091700277290447,0.0173976099999999,0.0082275822709552,1.1904761904761907e-07,0.0
2015-06-19,0.8774355751099938,13.96,3900.64,119.5,0.003,0.0,-0.0053157409625345,0.0094985801131564,0.01948816,0.0099895798868435,1.1904761904761907e-07,0.0
2015-06-22,0.8498999332888593,12.74,3924.41,120.52,0.003,0.0,0.0060753792277299,0.0099036139152344,0.01623076,0.0063271460847655,1.1904761904761907e-07,0.0
2015-06-23,0.8328748280605227,12.11,3927.23,122.78,0.008,-4.716647407032204e-05,0.0007183212988003,0.0098501865129353,0.01466521,0.0048150234870646,3.174603174603175e-07,0.0
2015-06-24,0.8735177865612648,13.26,3898.47,119.52,0.003,4.750932370486888e-05,-0.0073501742923825,0.0091815117389618,0.01758276,0.0084012482610381,1.1904761904761907e-07,0.0
2015-06-25,0.9027061855670104,14.01,3887.04,122.68,0.003,4.766103472102045e-05,-0.0029362259407293,0.0081692387982475,0.01962801,0.0114587712017524,1.1904761904761907e-07,0.0
2015-06-26,0.9068564036222508,14.02,3886.21,123.07,0.003,-4.765422097257931e-05,-0.0002135528905295,0.0081632012455732,0.0196560399999999,0.0114928387544267,1.1904761904761907e-07,0.0
2015-06-29,1.0069444444444446,18.85,3805.5,124.54,0.003,-4.867956675194999e-05,-0.0209870009139302,0.0129480031910321,0.03553225,0.0225842468089678,1.1904761904761907e-07,0.0
2015-06-30,0.9870059556036818,18.23,3815.85,123.88,0.008,0.0,0.0027160559120435,0.0129969207652153,0.03323329,0.0202363692347846,3.174603174603175e-07,0.0
2015-07-01,0.9583085169743896,16.09,3843.26,120.14,0.018,4.8189287521477136e-05,0.0071575201343169,0.0138027328822607,0.0258888099999999,0.0120860771177392,7.142857142857142e-07,0.0
2015-07-02,0.9496606334841629,16.79,3842.06,121.52,0.003,0.0,-0.0003122836810315,0.0136904261411201,0.02819041,0.0144999838588798,1.1904761904761907e-07,0.0
2015-07-06,0.9429046563192904,17.01,3827.35,118.68,0.013,-4.8375783082944657e-05,-0.003836023380736,0.0130144251427188,0.02893401,0.0159195848572811,5.158730158730158e-07,0.0
2015-07-07,0.945358401880141,16.09,3850.66,117.37,0.013,4.808039041286307e-05,0.0060719044690206,0.0135231066828344,0.0258888099999999,0.0123657033171655,5.158730158730158e-07,0.0
2015-07-08,1.0212987012987014,19.66,3787.67,118.25,0.013,-9.779951100235603e-05,-0.016493507862265,0.0163364558219578,0.03865156,0.0223151041780421,5.158730158730158e-07,0.0
2015-07-09,1.0096056622851364,19.97,3796.26,120.34,0.013,-9.76228828036404e-05,0.0022653172361597,0.016427427585437,0.0398800899999999,0.0234526624145629,5.158730158730158e-07,0.0
2015-07-10,0.9492385786802028,16.83,3843.1,118.52,0.008,0.0,0.0122629610288367,0.0164998826852923,0.0283248899999999,0.0118250073147076,3.174603174603175e-07,0.0
2015-07-13,0.8720200752823087,13.9,3885.97,121.57,-0.008,0.0,0.0110932983232076,0.0180805279856579,0.019321,0.001240472014342,-3.174603174603175e-07,0.0
2015-07-14,0.8648124191461836,13.37,3903.31,123.11,0.01,4.7464223841236465e-05,0.0044522802220322,0.0176828223144107,0.0178756899999999,0.0001928676855892,3.9682539682539683e-07,0.0
2015-07-15,0.8480769230769232,13.23,3900.5,123.06,0.013,4.747774480707848e-05,-0.0007201610806634,0.0173729078914139,0.01750329,0.000130382108586,5.158730158730158e-07,0.0
2015-07-16,0.822131704005431,12.11,3931.85,124.67,0.018,0.0,0.0080053029860921,0.0177351498817534,0.01466521,-0.0030699398817534,7.142857142857142e-07,0.0
2015-07-17,0.8179329226557153,11.95,3936.22,127.91,0.018,4.707100661343362e-05,0.0011108189045984,0.0177154133452422,0.01428025,-0.0034351633452422,7.142857142857142e-07,0.0
2015-07-20,0.8249158249158249,12.25,3939.35,125.06,0.023,0.0,0.0007948631438223,0.0165693575839209,0.0150062499999999,-0.0015631075839209,9.126984126984128e-07,0.0
2015-07-21,0.8284745762711865,12.22,3922.7,124.9,0.028,4.722661692125389e-05,-0.0042355428651554,0.0164327497727002,0.01493284,-0.0014999097727002,1.1111111111111112e-06,0.0
2015-07-22,0.8183659689399054,12.12,3913.75,130.42,0.033,4.731823881510826e-05,-0.0022841985571099,0.0160480657179466,0.0146894399999999,-0.0013586257179466,1.3095238095238096e-06,0.0
2015-07-23,0.8471849865951743,12.64,3891.79,123.18,0.033,4.758166202741134e-05,-0.0056267876249745,0.0163956227203032,0.01597696,-0.0004186627203032,1.3095238095238096e-06,0.0
2015-07-24,0.8779552715654952,13.74,3850.15,126.32,0.033,-4.8085014305248024e-05,-0.0107570974538115,0.0171288924280349,0.0188787599999999,0.001749867571965,1.3095238095238096e-06,0.0
2015-07-27,0.9296781883194278,15.6,3827.93,126.67,0.033,0.0,-0.0057879214675709,0.0173948038196878,0.024336,0.0069411961803121,1.3095238095238096e-06,0.0
2015-07-28,0.8710304601425793,13.44,3875.37,123.52,0.048,0.0,0.012316955005862,0.0194419513435389,0.0180633599999999,-0.0013785913435389,1.904761904761905e-06,0.0
2015-07-29,0.8378016085790885,12.5,3904.21,121.03,0.051,0.0,0.0074143159697861,0.0141960939643097,0.015625,0.0014289060356903,2.0238095238095237e-06,0.0
2015-07-30,0.8246091094493542,12.13,3904.64,122.06,0.069,4.7441706003704746e-05,0.0001101314535263,0.0141793018242523,0.01471369,0.0005343881757476,2.7380952380952382e-06,0.0
2015-07-31,0.8134228187919462,12.12,3895.8,124.2,0.064,0.0,-0.0022665397809367,0.0138053719533137,0.0146894399999999,0.0008840680466862,2.53968253968254e-06,0.0
2015-08-03,0.8463611859838275,12.56,3885.07,119.32,0.069,-4.767466806508024e-05,-0.0027580480850527,0.0139362507341194,0.01577536,0.0018391092658805,2.7380952380952382e-06,0.0
2015-08-04,0.8592200925313945,13.0,3876.44,119.79,0.079,9.55337950800584e-05,-0.0022237949977437,0.0137900541331077,0.0169,0.0031099458668922,3.134920634920635e-06,0.0
2015-08-05,0.8407258064516129,12.51,3889.99,119.1,0.074,0.0,0.0034893802554006,0.0135144258605221,0.01565001,0.0021355841394778,2.9365079365079366e-06,0.0
2015-08-06,0.8855305466237942,13.77,3860.92,126.09,0.038,0.0,-0.0075010898862464,0.0106375552062784,0.01896129,0.0083237347937215,1.5079365079365078e-06,0.0
2015-08-07,0.8683527885862516,13.39,3849.96,117.82,0.064,4.809426475902044e-05,-0.0028427384113857,0.0107764739116534,0.01792921,0.0071527360883465,2.53968253968254e-06,0.0
2015-08-10,0.8158772515010007,12.23,3899.36,121.54,0.069,4.74867630647525e-05,0.0127496784698683,0.0109215213368583,0.01495729,0.0040357686631416,2.7380952380952382e-06,0.0
2015-08-11,0.8601003764115434,13.71,3862.81,124.37,0.104,-4.793059649622981e-05,-0.009417539202232,0.010593730627426,0.01879641,0.0082026793725739,4.126984126984127e-06,0.0
2015-08-12,0.8575929426591052,13.61,3867.37,119.97,0.099,4.787323168246119e-05,0.0011797915517943,0.0103316014144614,0.01852321,0.0081916085855385,3.928571428571429e-06,0.0
2015-08-13,0.8565079365079366,13.49,3863.03,119.96,0.091,4.793289394842854e-05,-0.0011228398157864,0.0103363852128877,0.0181980099999999,0.0078616247871122,3.611111111111111e-06,0.0
2015-08-14,0.8272082527401676,12.83,3878.16,119.37,0.084,-4.775435161524751e-05,0.00390896471099,0.0096639259941236,0.01646089,0.0067969640058763,3.3333333333333333e-06,0.0
2015-08-17,0.8560157790927021,13.02,3899.1,120.27,0.063,4.748901816464123e-05,0.0053849429235502,0.0100733067688031,0.0169520399999999,0.0068787332311968,2.5e-06,0.0
2015-08-18,0.8834080717488789,13.79,3889.6,124.34,0.069,4.7626985449912625e-05,-0.0024394326937935,0.0100972756864356,0.0190164099999999,0.0089191343135643,2.7380952380952382e-06,0.0
2015-08-19,0.9242424242424242,15.25,3857.74,122.14,0.043,0.0,-0.008224804798468,0.0106532014006544,0.02325625,0.0126030485993455,1.7063492063492063e-06,0.0
2015-08-20,1.0164630908125334,19.14,3776.36,118.76,0.018,4.904004119359e-05,-0.0213209370594206,0.0157162934453572,0.03663396,0.0209176665546427,7.142857142857142e-07,0.0
2015-08-21,1.194290583723903,28.03,3656.67,118.76,0.023,5.062137740777709e-05,-0.0322076855261912,0.0268240075704543,0.07856809,0.0517440824295456,9.126984126984128e-07,1.0
2015-08-24,1.3082851637764934,40.74,3512.65,129.46,0.02,5.2777411267929305e-05,-0.0401821588212599,0.0429901369224886,0.16597476,0.1229846230775113,7.936507936507937e-07,1.0
2015-08-25,1.217714672075727,36.02,3465.19,126.78,0.056,0.0,-0.0136032731810133,0.0440026172789162,0.12974404,0.0857414227210837,2.2222222222222225e-06,1.0
2015-08-26,1.182066276803119,30.32,3600.73,124.35,0.056,5.140198925708358e-05,0.0383691374898387,0.063345881387761,0.09193024,0.0285843586122389,2.2222222222222225e-06,1.0
2015-08-27,1.0498793242156077,26.1,3688.6,126.31,0.053,-5.0176873479110495e-05,0.0241103795833611,0.0712831728848549,0.068121,-0.0031621728848549,2.103174603174603e-06,1.0
2015-08-28,1.0280189423835833,26.05,3691.3,130.38,0.056,5.0179391323937605e-05,0.0007317172645883,0.0713319080178746,0.06786025,-0.0034716580178746,2.2222222222222225e-06,1.0
2015-08-31,1.0716170373162457,28.43,3660.75,129.36,0.003,0.0,-0.0083106550779272,0.0717079844644559,0.08082649,0.009118505535544,1.1904761904761907e-07,1.0
2015-09-01,1.0633254317643075,31.4,3552.65,125.35,0.038,5.2193428847260654e-05,-0.0299742405694436,0.0804558107445145,0.098596,0.0181401892554854,1.5079365079365078e-06,0.0
2015-09-02,0.9961817487590684,26.09,3618.25,125.35,0.013,0.0,0.018296679651791,0.0865615281606248,0.06806881,-0.0184927181606248,5.158730158730158e-07,1.0
2015-09-03,0.9774809160305344,25.61,3622.66,132.43,0.018,-0.0001022860942053,0.0012180790937232,0.0862358489302415,0.0655872099999999,-0.0206486389302415,7.142857142857142e-07,1.0
2015-09-04,0.9903811898824368,27.8,3567.41,142.19,0.028,-5.1927820329842025e-05,-0.0153687203291963,0.0877936507827335,0.077284,-0.0105096507827335,1.1111111111111112e-06,1.0
2015-09-08,0.9692487349163096,24.9,3657.32,132.37,0.028,-0.0002025419008556,0.024890796457042,0.097668014911365,0.062001,-0.0356670149113649,1.1111111111111112e-06,1.0
2015-09-09,0.9969593310528316,26.23,3606.8,137.03,0.028,5.133865544056732e-05,-0.0139096861135311,0.0959890596812834,0.0688012899999999,-0.0271877696812834,1.1111111111111112e-06,1.0
2015-09-10,0.9500974658869396,24.37,3626.14,131.42,0.018,-0.0001021137547228,0.0053477689823064,0.0964829812650547,0.05938969,-0.0370932912650547,7.142857142857142e-07,1.0
2015-09-11,0.940032414910859,23.2,3643.54,118.18,0.028,-5.0824629615465456e-05,0.0047870148967986,0.0970200565601043,0.0538239999999999,-0.0431960565601043,1.1111111111111112e-06,1.0
2015-09-14,1.0232067510548524,24.25,3628.87,142.93,0.025,-0.0002040608101213,-0.0040344314740735,0.0969958668229194,0.05880625,-0.0381896168229194,9.92063492063492e-07,1.0
2015-09-15,0.9749134948096884,22.54,3675.48,136.0,0.058,5.038164093014246e-05,0.0127624313320154,0.099472926577131,0.0508051599999999,-0.048667766577131,2.3015873015873014e-06,1.0
2015-09-16,0.9561128526645768,21.35,3707.62,142.16,0.053,9.990509016425302e-05,0.0087064249494998,0.1002699854074418,0.04558225,-0.0546877354074418,2.103174603174603e-06,1.0
2015-09-17,1.0,21.14,3698.74,137.49,-0.003,5.005881911255389e-05,-0.0023979402176201,0.1002699626247929,0.04468996,-0.0555800026247929,-1.1904761904761907e-07,1.0
2015-09-18,0.960344827586207,22.28,3638.99,119.47,-0.013,-0.0002046663937782,-0.0162860504939884,0.1022338683321662,0.04963984,-0.0525940283321662,-5.158730158730158e-07,1.0
2015-09-21,0.9328392774432608,20.14,3655.64,135.45,-0.013,0.0,0.0045650098536977,0.0981799780801599,0.04056196,-0.0576180180801599,-5.158730158730158e-07,1.0
2015-09-22,0.963917525773196,22.44,3610.7,135.94,-0.003,5.1576965727059365e-05,-0.0123695211075893,0.0875747251170985,0.05035536,-0.0372193651170985,-1.1904761904761907e-07,1.0
2015-09-23,0.9672202797202796,22.13,3603.49,136.71,0.008,-0.0001033111214421,-0.0019988390659363,0.0669859324067967,0.04897369,-0.0180122424067967,3.174603174603175e-07,1.0
2015-09-24,1.0004262574595055,23.47,3591.37,134.03,0.003,-5.183361409884321e-05,-0.0033690749963642,0.0644209291317132,0.0550840899999999,-0.0093368391317132,1.1904761904761907e-07,1.0
2015-09-25,0.968032786885246,23.62,3589.71,135.16,-0.018,0.0,-0.0004623260093378,0.0466359182215568,0.05579044,0.0091545217784431,-7.142857142857142e-07,0.0
2015-09-28,1.0473843821076574,27.63,3498.61,134.18,-0.003,5.32127178396665e-05,-0.0257056725369074,0.045965037470823,0.0763416899999999,0.0303766525291769,-1.1904761904761907e-07,0.0
2015-09-29,1.031923076923077,26.83,3503.13,136.71,-0.008,5.317593257286913e-05,0.0012911078183102,0.0460146047569488,0.07198489,0.0259702852430511,-3.174603174603175e-07,0.0
2015-09-30,0.98989898989899,24.5,3570.17,113.9,-0.015,5.2171644711200346e-05,0.0189563591309906,0.0509379880088267,0.0600249999999999,0.0090870119911732,-5.952380952380952e-07,0.0
2015-10-01,0.9462861938732692,22.55,3577.47,124.81,-0.023,0.0,0.0020426329636575,0.0400175900827987,0.05085025,0.0108326599172012,-9.126984126984128e-07,0.0
2015-10-02,0.9265486725663716,20.94,3629.04,115.75,-0.003,5.1288626746972207e-05,0.0143123038213127,0.0384042789917046,0.04384836,0.0054440810082953,-1.1904761904761907e-07,0.0
2015-10-05,0.916080637599625,19.54,3695.61,132.83,-0.008,5.037910274813423e-05,0.0181774782409599,0.0423157131105237,0.03818116,-0.0041345531105237,-3.174603174603175e-07,0.0
2015-10-06,0.8985641500694765,19.4,3682.33,129.32,-0.003,0.0,-0.0035999247328651,0.0391382479321742,0.0376359999999999,-0.0015022479321742,-1.1904761904761907e-07,0.0
2015-10-07,0.888459681313375,18.4,3713.36,132.39,-0.003,0.0,0.0083914231353073,0.0326835519065672,0.033856,0.0011724480934327,-1.1904761904761907e-07,0.0
2015-10-08,0.8670980587356895,17.42,3746.12,136.69,0.003,0.0,0.0087835105448063,0.0304947132947596,0.03034564,-0.0001490732947596,1.1904761904761907e-07,0.0
2015-10-09,0.8604534005037782,17.08,3748.96,134.66,0.003,-0.0001489683938724,0.0007578305063906,0.0303377149329651,0.0291726399999999,-0.0011650749329651,1.1904761904761907e-07,0.0
2015-10-12,0.839563862928349,16.17,3753.73,137.25,0.003,-9.922111425316385e-05,0.0012715441108955,0.0302024556824819,0.02614689,-0.0040555656824819,1.1904761904761907e-07,0.0
2015-10-13,0.8619512195121952,17.67,3728.48,133.81,0.003,4.994630771915643e-05,-0.00674936839599,0.0306639950871829,0.03122289,0.000558894912817,1.1904761904761907e-07,0.0
2015-10-14,0.8664103796251803,18.03,3711.11,135.82,-0.003,0.0,-0.0046696206546981,0.0292705912212324,0.03250809,0.0032374987787675,-1.1904761904761907e-07,0.0
2015-10-15,0.8260422027792075,16.05,3766.43,144.72,-0.003,-4.9422986631037167e-05,0.0147965799725811,0.0309813585491355,0.02576025,-0.0052211085491355,-1.1904761904761907e-07,0.0
2015-10-16,0.8061060524906266,15.05,3783.64,135.04,0.003,4.922592237081557e-05,0.0045589060252874,0.031010362553622,0.0226502499999999,-0.008360112553622,1.1904761904761907e-07,0.0
2015-10-19,0.8387458006718925,14.98,3784.72,139.92,-0.003,0.0,0.0002853986880461,0.0270533618535053,0.02244004,-0.0046133218535053,-1.1904761904761907e-07,0.0
2015-10-20,0.846774193548387,15.75,3779.44,140.7,0.013,-4.9242890557770906e-05,-0.0013960574227804,0.0270749018349754,0.02480625,-0.0022686518349754,5.158730158730158e-07,0.0
2015-10-21,0.8581706063720451,16.7,3757.91,133.07,0.003,0.0,-0.0057128987128276,0.0252656447338831,0.0278889999999999,0.0026233552661168,1.1904761904761907e-07,0.0
2015-10-22,0.842074592074592,14.45,3820.49,121.02,0.003,0.0,0.0165157348481112,0.0275586856661741,0.0208802499999999,-0.0066784356661741,1.1904761904761907e-07,0.0
2015-10-23,0.8272311212814646,14.46,3862.65,135.62,0.003,4.81916098406829e-05,0.0109747897776521,0.0278033152274974,0.02090916,-0.0068941552274974,1.1904761904761907e-07,0.0
2015-10-26,0.8499166203446359,15.29,3855.29,132.29,0.018,4.831501389052256e-05,-0.0019072452574266,0.0279714652829552,0.0233784099999999,-0.0045930552829552,7.142857142857142e-07,0.0
2015-10-27,0.850606394707828,15.43,3845.45,132.17,0.018,4.84085683166856e-05,-0.0025555999437701,0.017423554855231,0.0238084899999999,0.0063849351447689,7.142857142857142e-07,0.0
2015-10-28,0.8193253287592911,14.33,3891.34,134.43,0.041,4.7854903931236834e-05,0.011862940100796,0.0179095212967573,0.02053489,0.0026253687032426,1.626984126984127e-06,0.0
2015-10-29,0.8203256597417181,14.61,3890.04,134.64,0.064,4.787552363849626e-05,-0.0003341309670251,0.0155927660595021,0.02134521,0.0057524439404979,2.53968253968254e-06,0.0
2015-10-30,0.8190217391304349,15.07,3871.33,125.77,0.074,0.0,-0.004821323102251,0.0165115792962568,0.02271049,0.0061989107037431,2.9365079365079366e-06,0.0
2015-11-02,0.8122847301951779,14.15,3917.3,138.78,0.056,4.753642478544864e-05,0.0118045237257519,0.0159201294659407,0.02002225,0.0041021205340592,2.2222222222222225e-06,0.0
2015-11-03,0.8322839152833429,14.54,3928.05,137.4,0.053,4.740347467478528e-05,0.002740478558103,0.0131243797317416,0.02114116,0.0080167802682583,2.103174603174603e-06,0.0
2015-11-04,0.8470780993992354,15.51,3915.52,134.44,0.041,0.0,-0.0031949764351489,0.0130599703916577,0.0240560099999999,0.0109960396083422,1.626984126984127e-06,0.0
2015-11-05,0.845030881527232,15.05,3911.89,135.21,0.041,4.759298479399807e-05,-0.0009275099324637,0.0128181092325019,0.0226502499999999,0.009832140767498,1.626984126984127e-06,0.0
2015-11-06,0.8212034383954155,14.33,3910.98,137.75,0.079,4.76156465015324e-05,-0.0002326511891682,0.0123614377764167,0.02053489,0.0081734522235832,3.134920634920635e-06,0.0
2015-11-09,0.876392572944297,16.52,3873.37,134.34,0.079,4.806421378957922e-05,-0.0096630528306337,0.0140041241803392,0.0272910399999999,0.0132869158196607,3.134920634920635e-06,0.0
2015-11-10,0.8485016648168702,15.29,3880.23,132.24,0.13,0.0,0.0017695010807793,0.0140035478658951,0.0233784099999999,0.0093748621341048,5.158730158730158e-06,0.0
2015-11-11,0.870460704607046,16.06,3867.71,132.44,0.13,4.8145205941211466e-05,-0.0032318295953053,0.0134138433217729,0.0257923599999999,0.012378516678227,5.158730158730158e-06,0.0
2015-11-12,0.910758552305404,18.37,3814.29,136.93,0.13,-4.8812632709300784e-05,-0.0139080606877352,0.0159315960211995,0.03374569,0.0178140939788004,5.158730158730158e-06,0.0
2015-11-13,0.9304911955514366,20.08,3771.59,139.5,0.119,4.937174455068911e-05,-0.0112578767345281,0.015219993709005,0.0403206399999999,0.0251006462909949,4.7222222222222214e-06,0.0
2015-11-16,0.9089089089089089,18.16,3828.46,131.77,0.104,4.863694949062195e-05,0.0149659703491055,0.0176981897605234,0.03297856,0.0152803702394765,4.126984126984127e-06,0.0
2015-11-17,0.922173274596182,18.84,3824.14,136.97,0.119,-4.8689047398743365e-05,-0.0011290281626882,0.0177320121357327,0.03549456,0.0177625478642672,4.7222222222222214e-06,0.0
2015-11-18,0.876690946930281,16.85,3886.26,136.86,0.114,4.79122248041152e-05,0.016113650164516,0.020577371259299,0.02839225,0.0078148787407009,4.5238095238095235e-06,0.0
2015-11-19,0.8650712830957229,16.99,3882.06,139.17,0.094,4.795358093361261e-05,-0.0010813149842527,0.0200130974061712,0.0288660099999999,0.0088529125938287,3.73015873015873e-06,0.0
2015-11-20,0.8167898627243928,15.47,3897.45,126.86,0.099,0.0,0.0039565525532186,0.0171686593364372,0.02393209,0.0067634306635627,3.928571428571429e-06,0.0
2015-11-23,0.8384326355340848,15.62,3892.8,139.51,0.109,4.783430197790488e-05,-0.0011938000840148,0.0158713774551263,0.02439844,0.0085270625448736,4.3253968253968256e-06,0.0
2015-11-24,0.8514163548904329,15.93,3897.67,138.17,0.16,4.775891300709652e-05,0.0012502456551051,0.015809797069351,0.0253764899999999,0.0095666929306489,6.349206349206349e-06,0.0
2015-11-25,0.8350742166025288,15.19,3897.57,139.45,0.175,0.0,-2.5656682797562546e-05,0.0156904822925246,0.02307361,0.0073831277074753,6.944444444444444e-06,0.0
2015-11-27,0.8714697406340056,15.12,3900.74,137.66,0.17,9.545628102334018e-05,0.0008129967068773,0.0140308737374474,0.02286144,0.0088305662625525,6.746031746031747e-06,0.0
2015-11-30,0.8723634396971336,16.13,3882.84,127.25,0.17,4.792140888951396e-05,-0.0045994340794054,0.0142974508595306,0.02601769,0.0117202391404693,6.746031746031747e-06,0.0
2015-12-01,0.8344709897610922,14.67,3924.63,135.57,0.201,4.745296225126024e-05,0.010705234628086,0.0153384206226167,0.02152089,0.0061824693773832,7.976190476190477e-06,0.0
2015-12-02,0.8679759956355702,15.91,3882.38,132.66,0.209,0.0,-0.0108237116320956,0.0151228545675951,0.0253128099999999,0.0101899554324048,8.293650793650793e-06,0.0
2015-12-03,0.9005469915464943,18.11,3826.74,135.26,0.206,0.0,-0.0144351018401366,0.0172921608948459,0.0327972099999999,0.015505049105154,8.174603174603173e-06,0.0
2015-12-04,0.8150798018712162,14.81,3905.31,136.31,0.216,0.0,0.0203238997413696,0.0227736802573003,0.02193361,-0.0008400702573003,8.571428571428571e-06,0.0
2015-12-07,0.8493297587131368,15.84,3878.31,136.77,0.231,4.8008833625479856e-05,-0.0069376738061155,0.0233287912757299,0.0250905599999999,0.00176176872427,9.166666666666666e-06,0.0
2015-12-08,0.8773678963110669,17.6,3853.48,131.25,0.272,4.831968302297276e-05,-0.0064228556025001,0.0237608668827362,0.030976,0.0072151331172637,1.0793650793650794e-05,0.0
2015-12-09,0.9315914489311165,19.61,3823.9,134.26,0.252,4.869616030785384e-05,-0.0077057919159021,0.0233650144144881,0.03845521,0.0150901955855118,1e-05,0.0
2015-12-10,0.9315992292870904,19.34,3832.93,134.94,0.231,0.0,0.002358679554446,0.0234045403189776,0.0374035599999999,0.0139990196810223,9.166666666666666e-06,0.0
2015-12-11,1.0004101722723544,24.39,3759.09,146.53,0.221,0.0,-0.0194526169407202,0.027644226976115,0.05948721,0.0318429830238849,8.76984126984127e-06,0.0
2015-12-14,0.9755364806866952,22.73,3777.22,140.92,0.206,4.926229710086901e-05,0.0048113824868865,0.0259282721778141,0.05166529,0.0257370178221858,8.174603174603173e-06,0.0
2015-12-15,0.9583714547118024,20.95,3817.36,143.35,0.247,0.0,0.010570794902498,0.0257092229135785,0.04389025,0.0181810270864214,9.8015873015873e-06,0.0
2015-12-16,0.9126213592233008,17.86,3873.12,135.5,0.252,4.80827022478226e-05,0.0145012995634525,0.0255432929265804,0.0318979599999999,0.0063546670734195,1e-05,0.0
2015-12-17,0.9297987236131566,18.94,3815.46,131.2,0.221,0.0,-0.0149991496474958,0.0284395167080811,0.03587236,0.0074328432919188,8.76984126984127e-06,0.0
2015-12-18,0.973659454374412,20.7,3747.56,140.84,0.175,5.001125253191632e-05,-0.0179562725984444,0.0284411603603639,0.042849,0.014407839639636,6.944444444444444e-06,0.0
2015-12-21,0.8858360966366651,18.7,3777.15,125.18,0.16,9.91768322918864e-05,0.0078647954602856,0.0295479278822319,0.034969,0.005421072117768,6.349206349206349e-06,0.0
2015-12-22,0.8366935483870969,16.6,3810.85,133.63,0.191,4.913884179745414e-05,0.0088825043684961,0.0304921932721794,0.027556,-0.0029361932721794,7.57936507936508e-06,0.0
2015-12-23,0.8054837040869116,15.57,3858.47,134.69,0.196,4.8537798810779784e-05,0.0124184704741696,0.0326732569289244,0.02424249,-0.0084307669289244,7.777777777777777e-06,0.0
2015-12-24,0.7993905535804977,15.74,3852.31,128.78,0.201,4.8646413543117286e-05,-0.0015977634715196,0.0326505878174121,0.02477476,-0.0078758278174121,7.976190476190477e-06,0.0
2015-12-28,0.8592479674796748,16.91,3843.94,136.29,0.196,4.873413094856554e-05,-0.0021750861263269,0.0326772247020339,0.02859481,-0.0040824147020339,7.777777777777777e-06,0.0
2015-12-29,0.8418848167539266,16.08,3885.55,139.26,0.196,9.641806874613232e-05,0.0107666616957405,0.03423555035253,0.0258566399999999,-0.00837891035253,7.777777777777777e-06,0.0
2015-12-30,0.8825931597753955,17.29,3857.9,143.0,0.147,4.855901133848498e-05,-0.0071415499593591,0.0345958420151309,0.02989441,-0.0047014320151309,5.833333333333333e-06,0.0
2015-12-31,0.9196969696969696,18.21,3821.6,124.43,0.165,0.0,-0.0094538108881,0.0338782608883323,0.03316041,-0.0007178508883323,6.547619047619047e-06,0.0
2016-01-04,0.9404815992730576,20.7,3763.99,140.0,0.165,4.975248140496482e-05,-0.0151896181221512,0.0351584535376788,0.042849,0.0076905464623211,6.547619047619047e-06,0.0
2016-01-05,0.942495126705653,19.34,3771.57,135.07,0.201,4.964380569409936e-05,0.0020117954223861,0.0330328691006456,0.0374035599999999,0.0043706908993543,7.976190476190477e-06,0.0
2016-01-06,0.9680300893276916,20.59,3723.44,128.31,0.201,5.030307603319664e-05,-0.012843388226474,0.0286686807212413,0.04239481,0.0137261292787586,7.976190476190477e-06,0.0
2016-01-07,1.0150284321689682,24.99,3635.29,135.94,0.201,5.15424065150598e-05,-0.0239590844466724,0.0341471796188278,0.0624500099999999,0.0283028303811721,7.976190476190477e-06,0.0
2016-01-08,1.0297369424323295,27.01,3595.91,138.83,0.196,-0.0001042155176904,-0.0108917992332066,0.0347631366217469,0.07295401,0.038190873378253,7.777777777777777e-06,0.0
2016-01-11,0.9826122118883946,24.3,3598.97,142.52,0.191,5.206570692208838e-05,0.0008506049258638,0.0346904608372888,0.059049,0.0243585391627111,7.57936507936508e-06,0.0
2016-01-12,0.9973368841544606,22.47,3627.06,138.67,0.211,-5.1651558585880144e-05,0.0077747093477653,0.0357583874353144,0.0504900899999999,0.0147317025646855,8.373015873015873e-06,0.0
2016-01-13,1.013258336681398,25.22,3536.92,145.88,0.221,0.0,-0.0251661108314591,0.0385723936090815,0.06360484,0.0250324463909184,8.76984126984127e-06,0.0
2016-01-14,1.0178495537611558,23.95,3596.03,138.79,0.247,5.211454777596428e-05,0.0165741672478,0.0425188666360086,0.0573602499999999,0.0148413833639913,9.8015873015873e-06,0.0
2016-01-15,1.0052083333333333,27.02,3518.51,145.03,0.231,0.0001065076152943,-0.0217928546368171,0.0445574647901022,0.07300804,0.0284505752098977,9.166666666666666e-06,0.0
2016-01-19,0.985249621785174,26.05,3520.4,137.9,0.242,0.0001063660054245,0.0005370149768701,0.0404284058433642,0.06786025,0.0274318441566357,9.603174603174603e-06,0.0
2016-01-20,0.992089176555196,27.59,3479.75,134.82,0.262,0.0,-0.0116141673921467,0.039674313486885,0.0761208099999999,0.0364464965131149,1.0396825396825397e-05,0.0
2016-01-21,0.9992512167727444,26.69,3497.94,132.99,0.282,-5.356903709666171e-05,0.0052137716652668,0.0381928996371238,0.07123561,0.0330427103628762,1.1190476190476188e-05,0.0
2016-01-22,0.9200988467874792,22.34,3568.9,133.64,0.298,0.0,0.0200832012718864,0.0434166420125953,0.04990756,0.0064909179874046,1.1825396825396823e-05,0.0
2016-01-25,0.9564356435643564,24.15,3513.11,132.27,0.287,5.3286441264971656e-05,-0.0157557400003389,0.0435094055943149,0.05832225,0.014812844405685,1.1388888888888888e-05,0.0
2016-01-26,0.9660798626019752,22.5,3562.81,129.53,0.313,5.258314710145564e-05,0.0140478742906343,0.0442102431235561,0.050625,0.0064147568764438,1.242063492063492e-05,0.0
2016-01-27,0.9444217409072334,23.11,3524.33,129.06,0.318,5.3156146179353646e-05,-0.0108592120763424,0.044726435664299,0.05340721,0.0086807743357009,1.261904761904762e-05,0.0
2016-01-28,0.9333888426311407,22.42,3544.13,129.23,0.328,5.2872286990725704e-05,0.0056023665091731,0.0458564715844027,0.05026564,0.0044091684155972,1.3015873015873016e-05,0.0
2016-01-29,0.8914386584289496,20.2,3631.96,120.86,0.313,5.1627558790835617e-05,0.0244797336768894,0.0531699674588447,0.0408039999999999,-0.0123659674588447,1.242063492063492e-05,0.0
2016-02-01,0.9077691958200818,19.98,3630.46,126.38,0.303,0.0,-0.0004130854512214,0.0530472741164217,0.03992004,-0.0131272341164217,1.2023809523809525e-05,0.0
2016-02-02,0.938914993592482,21.98,3562.52,119.83,0.338,5.25942093774997e-05,-0.0188912023972224,0.0556762329251002,0.04831204,-0.0073641929251001,1.3412698412698412e-05,0.0
2016-02-03,0.9331896551724138,21.65,3581.53,122.04,0.333,5.2302622976494706e-05,0.0053219238018016,0.0546014559129047,0.04687225,-0.0077292059129047,1.3214285714285714e-05,0.0
2016-02-04,0.923076923076923,21.84,3587.71,122.69,0.293,0.0,0.0017240325420066,0.0545707022714581,0.04769856,-0.0068721422714581,1.1626984126984129e-05,0.0
2016-02-05,0.955065359477124,23.38,3521.6,119.01,0.292,0.0,-0.0185986841678461,0.0564857438528146,0.0546624399999999,-0.0018233038528146,1.1587301587301586e-05,0.0
2016-02-08,1.0007698229407236,26.0,3472.08,120.25,0.267,-0.0001078806839635,-0.0141615937827527,0.0523774601495628,0.0676,0.0152225398504371,1.0595238095238096e-05,0.0
2016-02-09,0.9902985074626866,26.54,3470.5,120.74,0.308,0.0,-0.000455162209806,0.0513952511572301,0.0704371599999999,0.0190419088427698,1.222222222222222e-05,0.0
2016-02-10,0.9839071856287426,26.29,3471.04,120.36,0.308,5.397090967963357e-05,0.0001555850722142,0.0513565433462431,0.0691164099999999,0.0177598666537567,1.222222222222222e-05,0.0
2016-02-11,1.0151515151515151,28.14,3428.99,122.38,0.282,-0.0003825241126806,-0.0121885036953136,0.0513606110884806,0.0791859599999999,0.0278253489115193,1.1190476190476188e-05,0.0
2016-02-12,0.968356843309188,25.4,3496.28,117.75,0.282,5.357764740560598e-05,0.0194337889449122,0.0499512890018911,0.064516,0.0145647109981088,1.1190476190476188e-05,0.0
2016-02-16,0.964014394242303,24.11,3555.2,125.77,0.282,5.269397971276989e-05,0.0167117743438595,0.050010898798942,0.0581292099999999,0.0081183112010579,1.1190476190476188e-05,0.0
2016-02-17,0.9473460721868364,22.31,3614.16,124.99,0.303,5.18470511989159e-05,0.0164481430013627,0.0470822120432932,0.0497736099999999,0.0026913979567067,1.2023809523809525e-05,0.0
2016-02-18,0.9327586206896552,21.64,3597.49,125.33,0.293,0.0,-0.0046230833971448,0.0474979850800467,0.04682896,-0.0006690250800467,1.1626984126984129e-05,0.0
2016-02-19,0.900438596491228,20.53,3597.92,123.61,0.292,0.0,0.000119520638994,0.0454109506627888,0.04214809,-0.0032628606627888,1.1587301587301586e-05,0.0
2016-02-22,0.8963922294172062,19.38,3649.92,117.46,0.303,0.0001026799466063,0.0143493488395965,0.0472466483672645,0.03755844,-0.0096882083672645,1.2023809523809525e-05,0.0
2016-02-23,0.9349376114081996,20.98,3604.68,119.67,0.323,5.1987211146158536e-05,-0.0124722483522979,0.0451502712578484,0.04401604,-0.0011342312578484,1.2817460317460318e-05,0.0
2016-02-24,0.927484333034915,20.72,3620.87,119.46,0.333,5.175849486306942e-05,0.0044813272607214,0.0417874670202388,0.04293184,0.0011443729797611,1.3214285714285714e-05,0.0
2016-02-25,0.8997175141242938,19.11,3662.84,122.02,0.323,-5.114173933050812e-05,0.0115244743445908,0.0410620640752174,0.0365192099999999,-0.0045428540752174,1.2817460317460318e-05,0.0
2016-02-26,0.9062214089661482,19.81,3656.42,118.65,0.313,5.124657288539168e-05,-0.0017542761553638,0.0392627465892786,0.03924361,-1.913658927869127e-05,1.242063492063492e-05,0.0
2016-02-29,0.917820455560518,20.55,3627.06,117.68,0.318,0.0001550587931257,-0.0080621238825067,0.0401775468337203,0.04223025,0.0020527031662796,1.261904761904762e-05,0.0
2016-03-01,0.8727810650887573,17.7,3713.7,119.81,0.328,-5.046299800666568e-05,0.0236062814626114,0.039672121757487,0.0313289999999999,-0.008343121757487,1.3015873015873016e-05,0.0
2016-03-02,0.8579317269076304,17.09,3729.59,122.35,0.298,-5.024999371870509e-05,0.0042696238193426,0.0397614457187734,0.02920681,-0.0105546357187734,1.1825396825396823e-05,0.0
2016-03-03,0.8568496664956389,16.7,3743.02,125.27,0.277,0.0,0.003594464172444,0.0343973317311685,0.0278889999999999,-0.0065083317311685,1.0992063492063494e-05,0.0
2016-03-04,0.858889454915945,16.86,3755.47,121.65,0.267,4.9903934925223475e-05,0.0033206716126487,0.0342956922982602,0.02842596,-0.0058697322982602,1.0595238095238096e-05,0.0
2016-03-07,0.8718592964824122,17.35,3759.05,124.01,0.277,-9.9690958030016e-05,0.000952822075355,0.0343132118386438,0.03010225,-0.0042109618386438,1.0992063492063494e-05,0.0
2016-03-08,0.8873574144486693,18.67,3717.49,123.53,0.303,5.04121190733794e-05,-0.0111175565347976,0.0310597001831945,0.03485689,0.0037971898168054,1.2023809523809525e-05,0.0
2016-03-09,0.883855421686747,18.34,3736.92,123.47,0.303,0.0,0.0052130333593122,0.0273913747212343,0.03363556,0.0062441852787656,1.2023809523809525e-05,0.0
2016-03-10,0.8715596330275229,18.05,3737.74,130.04,0.313,5.0119032702623255e-05,0.0002194079739519,0.0273295943923151,0.03258025,0.0052506556076848,1.242063492063492e-05,0.0
2016-03-11,0.8474576271186441,16.5,3800.07,128.99,0.318,0.0,0.0165383369133123,0.0291561859672088,0.027225,-0.0019311859672088,1.261904761904762e-05,0.0
2016-03-14,0.8712667353244078,16.92,3795.53,133.3,0.318,4.938393540576757e-05,-0.0011954290749005,0.0260351237958029,0.02862864,0.002593516204197,1.261904761904762e-05,0.0
2016-03-15,0.8711846870150026,16.84,3788.62,132.45,0.333,4.94645462864042e-05,-0.0018222218474187,0.0236376712990779,0.0283585599999999,0.004720888700922,1.3214285714285714e-05,0.0
2016-03-16,0.8111471861471862,14.99,3810.09,125.42,0.298,4.9165417045745114e-05,0.0056509742138707,0.0215135069814439,0.02247001,0.000956503018556,1.1825396825396823e-05,0.0
2016-03-17,0.7960308710033076,14.44,3835.26,126.65,0.282,9.772782799907272e-05,0.0065844182244452,0.0194121517024453,0.02085136,0.0014392082975546,1.1190476190476188e-05,0.0
2016-03-18,0.7819297267150028,14.02,3852.15,126.75,0.29,4.89153031525468e-05,0.0043942048563715,0.018694848411744,0.0196560399999999,0.0009611915882559,1.1507936507936508e-05,0.0
2016-03-21,0.7839681637293917,13.79,3855.97,129.35,0.303,-4.886033273882152e-05,0.0009911626473721,0.018635051642726,0.0190164099999999,0.0003813583572739,1.2023809523809525e-05,0.0
2016-03-22,0.7983098591549296,14.17,3853.18,130.99,0.298,4.8877049781230746e-05,-0.0007238152382061,0.0171638266193388,0.02007889,0.0029150633806611,1.1825396825396823e-05,0.0
2016-03-23,0.8163934426229508,14.94,3828.58,129.67,0.303,0.0,-0.0064048041318786,0.0153040119800627,0.02232036,0.0070163480199372,1.2023809523809525e-05,0.0
2016-03-24,0.8067870826491517,14.74,3827.14,119.02,0.282,0.0,-0.0003761893112553,0.015389863354797,0.02172676,0.0063368966452029,1.1190476190476188e-05,0.0
2016-03-28,0.8327868852459016,15.24,3829.26,127.74,0.267,4.920170237885756e-05,0.0005537850828535,0.0143774406362865,0.02322576,0.0088483193637134,1.0595238095238096e-05,0.0
2016-03-29,0.8016241299303946,13.82,3863.8,132.61,0.226,9.7461137371523e-05,0.0089795821397566,0.0147131873099286,0.0190992399999999,0.0043860526900713,8.968253968253968e-06,0.0
2016-03-30,0.801418439716312,13.56,3881.01,128.67,0.196,-4.853073208604938e-05,0.0044442738626343,0.013221315341999,0.01838736,0.0051660446580009,7.777777777777777e-06,0.0
2016-03-31,0.816744730679157,13.95,3873.11,122.03,0.201,4.8651146950883386e-05,-0.002037627153913,0.0079401124335978,0.0194602499999999,0.0115201375664021,7.976190476190477e-06,0.0
2016-04-01,0.793939393939394,13.1,3897.66,124.03,0.226,4.833836858001646e-05,0.0063185711785303,0.0081076076255212,0.017161,0.0090533923744787,8.968253968253968e-06,0.0
2016-04-04,0.8195008705745792,14.12,3886.0,125.23,0.196,0.0,-0.0029960221083199,0.0083804472741419,0.0199374399999999,0.011556992725858,7.777777777777777e-06,0.0
2016-04-05,0.8389553862894451,15.42,3846.59,120.27,0.216,4.897279561199297e-05,-0.0101933094179329,0.0100490447590567,0.02377764,0.0137285952409432,8.571428571428571e-06,0.0
2016-04-06,0.8153935185185185,14.09,3888.41,125.06,0.231,4.844609161151518e-05,0.0108132921760317,0.0111688829685824,0.01985281,0.0086839270314175,9.166666666666666e-06,0.0
2016-04-07,0.8568398727465536,16.16,3841.98,125.13,0.231,4.902801951310717e-05,-0.0120124750026034,0.011465550523728,0.02611456,0.0146490094762719,9.166666666666666e-06,0.0
2016-04-08,0.8384279475982532,15.36,3852.72,113.84,0.226,4.889855993736537e-05,0.0027915336463877,0.0113135203815225,0.0235929599999999,0.0122794396184774,8.968253968253968e-06,0.0
2016-04-11,0.860772895712017,16.26,3842.17,119.13,0.216,4.902561588425496e-05,-0.0027420812020604,0.0115108443126951,0.02643876,0.0149279156873048,8.571428571428571e-06,0.0
2016-04-12,0.8263772954924875,14.85,3879.42,126.17,0.226,0.0,0.0096483467701017,0.0094368276378563,0.02205225,0.0126154223621436,8.968253968253968e-06,0.0
2016-04-13,0.8018539976825028,13.84,3918.95,127.13,0.226,4.807345624122937e-05,0.0101381028542094,0.0103557296219909,0.0191545599999999,0.008798830378009,8.968253968253968e-06,0.0
2016-04-14,0.7958236658932716,13.72,3920.03,126.23,0.221,4.807345624122937e-05,0.000275546054929,0.0102316541639041,0.01882384,0.0085921858360958,8.76984126984127e-06,0.0
2016-04-15,0.7937062937062936,13.62,3916.17,123.1,0.221,0.0,-0.0009851714637702,0.010086628912062,0.0185504399999999,0.0084638110879379,8.76984126984127e-06,0.0
2016-04-18,0.8086008479709266,13.35,3941.86,120.55,0.206,4.779086716524125e-05,0.0065385577622942,0.0100805559126215,0.01782225,0.0077416940873784,8.174603174603173e-06,0.0
2016-04-19,0.803885853066181,13.24,3954.01,126.19,0.211,-4.764513900464972e-05,0.0030775606968632,0.0099988770025766,0.01752976,0.0075308829974233,8.373015873015873e-06,0.0
2016-04-20,0.7999999999999999,13.28,3957.25,126.2,0.226,4.7604312950710045e-05,0.0008190857540122,0.0100003235167026,0.01763584,0.0076355164832973,8.968253968253968e-06,0.0
2016-04-21,0.8138856476079346,13.95,3936.8,127.06,0.231,9.570751782543817e-05,-0.0051811290140792,0.0104587136692096,0.0194602499999999,0.0090015363307903,9.166666666666666e-06,0.0
2016-04-22,0.7944711538461539,13.22,3937.0,123.25,0.231,4.78571941328005e-05,5.080139196899212e-05,0.0097505523815804,0.01747684,0.0077262876184195,9.166666666666666e-06,0.0
2016-04-25,0.8176538908246226,14.08,3929.88,126.78,0.252,0.0,-0.0018101208977583,0.0098368710356295,0.01982464,0.0099877689643704,1e-05,0.0
2016-04-26,0.8250591016548463,13.96,3937.23,127.4,0.247,-4.7854903931236834e-05,0.00186853930821,0.0098341667322046,0.01948816,0.0096539932677953,9.8015873015873e-06,0.0
2016-04-27,0.8211091234347049,13.77,3944.02,126.09,0.237,4.776803840545944e-05,0.0017230773493942,0.0090661354813439,0.01896129,0.009895154518656,9.404761904761904e-06,0.0
2016-04-28,0.8560179977502812,15.22,3907.88,125.44,0.211,-9.639947944272334e-05,-0.0092054802559591,0.010109803477157,0.02316484,0.0130550365228429,8.373015873015873e-06,0.0
2016-04-29,0.8509485094850948,15.7,3888.13,126.49,0.211,-0.0002907540220971,-0.0050667052122804,0.0104005242693246,0.024649,0.0142484757306753,8.373015873015873e-06,0.0
2016-05-02,0.8256467941507311,14.68,3918.53,127.67,0.191,9.616309260510736e-05,0.0077882612190815,0.0106536337733402,0.0215502399999999,0.0108966062266597,7.57936507936508e-06,0.0
2016-05-03,0.840064620355412,15.6,3884.63,125.94,0.201,4.8500133375322674e-05,-0.0086888422833508,0.0115088197615451,0.024336,0.0128271802384548,7.976190476190477e-06,0.0
2016-05-04,0.8487572712850344,16.05,3862.4,124.31,0.191,0.0,-0.005738989267862,0.0106046087005693,0.02576025,0.0151556412994306,7.57936507936508e-06,0.0
2016-05-05,0.8409090909090908,15.91,3862.4,123.74,0.191,0.0,0.0,0.0091143920944987,0.0253128099999999,0.0161984179055012,7.57936507936508e-06,0.0
2016-05-06,0.8056923918992885,14.72,3875.18,120.82,0.196,0.0,0.0033033614182953,0.0074163186502063,0.02166784,0.0142515213497936,7.777777777777777e-06,0.0
2016-05-09,0.807202216066482,14.57,3878.14,123.17,0.216,4.856844508132459e-05,0.0007635439124932,0.0073439484868686,0.02122849,0.0138845415131313,8.571428571428571e-06,0.0
2016-05-10,0.7933643771827708,13.63,3926.63,124.1,0.247,4.7978889288805694e-05,0.0124258943990878,0.0089369460589646,0.01857769,0.0096407439410353,9.8015873015873e-06,0.0
2016-05-11,0.8152053274139844,14.69,3891.13,122.19,0.257,-9.682885499883916e-05,-0.0090819477723158,0.0090815118009651,0.02157961,0.0124980981990348,1.01984126984127e-05,0.0
2016-05-12,0.811830985915493,14.41,3890.85,123.52,0.267,0.0,-7.196112046578909e-05,0.0077609146707423,0.02076481,0.0130038953292576,1.0595238095238096e-05,0.0
2016-05-13,0.8241095890410959,15.04,3858.17,121.46,0.267,-9.768009768000884e-05,-0.0084346649634234,0.0085356307148304,0.0226201599999999,0.0140845292851695,1.0595238095238096e-05,0.0
2016-05-16,0.8293785310734464,14.68,3896.36,124.13,0.267,4.83594071136248e-05,0.0098498061807628,0.0098822126331744,0.0215502399999999,0.0116680273668255,1.0595238095238096e-05,0.0
2016-05-17,0.8448182311448725,15.57,3860.88,122.96,0.287,4.880786782824953e-05,-0.0091476472074845,0.0101547946773685,0.02424249,0.0140876953226314,1.1388888888888888e-05,0.0
2016-05-18,0.860302049622438,15.95,3862.25,122.22,0.298,4.879119806796286e-05,0.000354778441997,0.009964771131635,0.02544025,0.0154754788683649,1.1825396825396823e-05,0.0
2016-05-19,0.8700053276505061,16.33,3847.97,123.66,0.303,0.0,-0.0037041786947492,0.0099894763247237,0.0266668899999999,0.0166774136752762,1.2023809523809525e-05,0.0
2016-05-20,0.8421052631578947,15.2,3871.75,125.61,0.308,4.867008979627141e-05,0.0061608646988738,0.0104334450251375,0.023104,0.0126705549748624,1.222222222222222e-05,0.0
2016-05-23,0.8716253443526172,15.82,3863.82,124.74,0.323,0.0,-0.002050269799868,0.0104417205730663,0.02502724,0.0145855194269336,1.2817460317460318e-05,0.0
2016-05-24,0.8442622950819673,14.42,3916.77,124.74,0.349,4.811046161997222e-05,0.0136110031384783,0.0129392280284254,0.02079364,0.0078544119715745,1.3849206349206349e-05,0.0
2016-05-25,0.828861061419201,13.9,3944.33,127.13,0.328,4.7795435535862853e-05,0.0070117700869699,0.0135194658659135,0.019321,0.0058015341340864,1.3015873015873016e-05,0.0
2016-05-26,0.8109903381642513,13.43,3944.05,129.28,0.29,0.0,-7.099049490960036e-05,0.0134840676049385,0.01803649,0.0045524223950614,1.1507936507936508e-05,0.0
2016-05-27,0.8044144696505212,13.12,3961.67,129.61,0.313,-9.513842641034064e-05,0.0044575393955948,0.0125545587923622,0.0172134399999999,0.0046588812076377,1.242063492063492e-05,0.0
2016-05-31,0.8532772098616958,14.19,3957.95,127.7,0.287,4.76405993186961e-05,-0.0009394390825795,0.0121642905780037,0.0201356099999999,0.0079713194219962,1.1388888888888888e-05,0.0
2016-06-01,0.8502994011976048,14.2,3963.1,132.46,0.292,4.755903264936783e-05,0.0013003328411417,0.0115346269328855,0.0201639999999999,0.0086293730671144,1.1587301587301586e-05,0.0
2016-06-02,0.8326206475259621,13.63,3974.76,134.15,0.276,4.741471278533418e-05,0.0029378216260441,0.0104532214443869,0.01857769,0.008124468555613,1.0952380952380951e-05,0.0
2016-06-03,0.8168587022437842,13.47,3963.23,125.04,0.282,0.0,-0.0029050195600157,0.0100617401383846,0.01814409,0.0080823498616153,1.1190476190476188e-05,0.0
2016-06-06,0.8302919708029196,13.65,3982.74,125.57,0.261,-4.731152272131576e-05,0.0049106752747666,0.0101992556754145,0.01863225,0.0084329943245855,1.0357142857142856e-05,0.0
2016-06-07,0.8448586891160554,14.05,3987.96,128.54,0.266,-9.448223733942851e-05,0.0013097973192498,0.0101543916889964,0.01974025,0.0095858583110035,1.0555555555555555e-05,0.0
2016-06-08,0.8385944014294223,14.08,4001.98,129.23,0.236,4.709317384440842e-05,0.0035094166887853,0.010203176318863,0.01982464,0.0096214636811369,9.365079365079364e-06,0.0
2016-06-09,0.8452655889145497,14.64,3995.28,129.31,0.251,0.0,-0.0016755742760765,0.0087056762526395,0.02143296,0.0127272837473604,9.96031746031746e-06,0.0
2016-06-10,0.899155227032735,17.03,3958.68,133.67,0.246,0.0,-0.0092030280065766,0.0087360815072074,0.02900209,0.0202660084927925,9.761904761904762e-06,0.0
2016-06-13,0.9588477366255144,20.97,3927.73,137.49,0.256,4.7974285782776775e-05,-0.0078489855063222,0.0096365905634051,0.04397409,0.0343374994365948,1.015873015873016e-05,0.0
2016-06-14,0.93436645396536,20.5,3920.93,138.02,0.267,4.805959389652446e-05,-0.0017327802966193,0.0086751934743097,0.0420249999999999,0.0333498065256902,1.0595238095238096e-05,0.0
2016-06-15,0.9234296194406236,20.14,3914.02,140.91,0.257,-9.626492106281398e-05,-0.0017638917393469,0.0076359107144053,0.04056196,0.0329260492855946,1.01984126984127e-05,0.0
2016-06-16,0.915406427221172,19.37,3926.93,142.5,0.257,0.0,0.0032929713021939,0.0065578076930688,0.03751969,0.0309618823069311,1.01984126984127e-05,0.0
2016-06-17,0.9108399812294696,19.41,3914.15,137.94,0.257,-9.682416731207306e-05,-0.0032597579202637,0.0067558459558659,0.0376748099999999,0.030918964044134,1.01984126984127e-05,0.0
2016-06-20,0.9273094396769308,18.37,3936.91,137.81,0.252,4.810814711467012e-05,0.0057979594497925,0.006800148936013,0.03374569,0.0269455410639869,1e-05,0.0
2016-06-21,0.9385474860335196,18.48,3947.94,135.92,0.271,-4.798579620441626e-05,0.0027977722327763,0.0065059584451755,0.0341510399999999,0.0276450815548244,1.0753968253968257e-05,0.0
2016-06-22,1.00426944971537,21.17,3941.45,136.48,0.266,4.806652406940482e-05,-0.001645247975813,0.0064775294269845,0.04481689,0.0383393605730155,1.0555555555555555e-05,0.0
2016-06-23,0.9364820846905536,17.25,3994.18,145.7,0.287,0.0,0.0132896256679627,0.0063762087724081,0.0297562499999999,0.0233800412275918,1.1388888888888888e-05,0.0
2016-06-24,1.0764730463852905,25.76,3850.7,142.92,0.251,4.9206544470369814e-05,-0.0365833516249231,0.0225033527917633,0.06635776,0.0438544072082366,9.96031746031746e-06,0.0
2016-06-27,1.0071790540540542,23.85,3781.02,136.43,0.246,-0.0001503269611404,-0.0182611354538584,0.0259820672981139,0.05688225,0.030900182701886,9.761904761904762e-06,0.0
2016-06-28,0.9254689042448172,18.75,3849.05,153.66,0.256,4.9221076464897526e-05,0.017832550103618,0.0303087131432338,0.03515625,0.0048475368567661,1.015873015873016e-05,0.0
2016-06-29,0.8884143085958356,16.64,3915.1,136.46,0.261,9.677263269952207e-05,0.0170145072963702,0.0343731389861144,0.02768896,-0.0066841789861144,1.0357142857142856e-05,0.0
2016-06-30,0.8640132669983417,15.63,3968.21,140.58,0.261,-0.0001909490166125,0.0134742395086116,0.0367095268941406,0.0244296899999999,-0.0122798368941406,1.0357142857142856e-05,0.0
2016-07-01,0.8368271954674221,14.77,3976.68,128.53,0.256,-4.765649200558012e-05,0.0021321889186332,0.036658917663323,0.02181529,-0.014843627663323,1.015873015873016e-05,0.0
2016-07-05,0.8541666666666667,15.58,3949.72,125.35,0.246,4.79765874252928e-05,-0.0068026100034188,0.0371287998482527,0.02427364,-0.0128551598482527,9.761904761904762e-06,0.0
2016-07-06,0.8432919954904172,14.96,3972.26,123.14,0.271,-0.0002861093891564,0.0056905119235389,0.0372357970608002,0.02238016,-0.0148556370608002,1.0753968253968257e-05,0.0
2016-07-07,0.831081081081081,14.76,3969.19,124.72,0.287,9.545628102334018e-05,-0.0007731585926829,0.0372125237603667,0.02178576,-0.0154267637603667,1.1388888888888888e-05,0.0
2016-07-08,0.8004851425106125,13.2,4029.75,127.2,0.276,0.0,0.015142295639503,0.0399310482573704,0.017424,-0.0225070482573704,1.0952380952380951e-05,0.0
2016-07-11,0.8211036992116435,13.54,4043.49,125.03,0.284,-9.372510426922646e-05,0.0034038411507947,0.0399840285543943,0.0183331599999999,-0.0216508685543943,1.1269841269841269e-05,0.0
2016-07-12,0.8379715522572665,13.55,4071.85,126.1,0.293,0.0,0.0069892611888597,0.0391419930073272,0.01836025,-0.0207817430073272,1.1626984126984129e-05,0.0
2016-07-13,0.8165309956167813,13.04,4072.77,127.29,0.303,4.653002349761955e-05,0.0002259160044085,0.038054144028428,0.0170041599999999,-0.021049984028428,1.2023809523809525e-05,0.0
2016-07-14,0.8083228247162674,12.82,4094.28,128.28,0.313,-0.0001388342550385,0.0052675200313595,0.0380319075207072,0.01643524,-0.0215966675207072,1.242063492063492e-05,0.0
2016-07-15,0.7923702313946216,12.67,4090.49,129.76,0.303,0.0,-0.0009261103906119,0.0379595976874395,0.01605289,-0.0219067076874395,1.2023809523809525e-05,0.0
2016-07-18,0.7888395688015218,12.44,4100.4,125.38,0.298,-4.6211788627368136e-05,0.002419762647395,0.0379424962218084,0.0154753599999999,-0.0224671362218084,1.1825396825396823e-05,0.0
2016-07-19,0.7604828462515884,11.97,4094.61,129.92,0.312,-4.626309823964704e-05,-0.0014130552527499,0.037735928930542,0.01432809,-0.023407838930542,1.238095238095238e-05,0.0
2016-07-20,0.7623056994818653,11.77,4112.61,128.49,0.322,0.0,0.0043863887797816,0.0376299456763293,0.0138532899999999,-0.0237766556763293,1.277777777777778e-05,0.0
2016-07-21,0.7913043478260869,12.74,4097.82,128.01,0.312,-4.624384378825362e-05,-0.0036027384674144,0.0380056321152454,0.01623076,-0.0217748721152454,1.238095238095238e-05,0.0
2016-07-22,0.760759493670886,12.02,4116.5,128.36,0.317,0.0,0.0045481627696169,0.0379322230956471,0.01444804,-0.0234841830956471,1.257936507936508e-05,0.0
2016-07-25,0.7910264290104486,12.87,4104.13,129.65,0.307,4.6154201186121e-05,-0.0030095039763068,0.0365115342856096,0.0165636899999999,-0.0199478442856096,1.2182539682539682e-05,0.0
2016-07-26,0.7996323529411765,13.05,4105.57,130.02,0.307,4.614142346287187e-05,0.000350804539695,0.0176279436074456,0.01703025,-0.0005976936074456,1.2182539682539682e-05,0.0
2016-07-27,0.7968944099378882,12.83,4100.81,125.68,0.282,0.0,-0.0011600731464594,0.0119525211701677,0.01646089,0.0045083688298322,1.1190476190476188e-05,0.0
2016-07-28,0.795,12.72,4107.75,128.51,0.241,0.0,0.001690918176531,0.0093980782384253,0.01617984,0.0067817617615746,9.563492063492062e-06,0.0
2016-07-29,0.7697795071335927,11.87,4114.51,128.25,0.256,4.605429801732059e-05,0.0016443171398445,0.0068425624945124,0.0140896899999999,0.0072471275054875,1.015873015873016e-05,0.0
2016-08-01,0.7923566878980892,12.44,4109.28,128.01,0.256,4.610525830479876e-05,-0.0012719198094997,0.0053239695416285,0.0154753599999999,0.0101513904583714,1.015873015873016e-05,0.0
2016-08-02,0.8157413056741915,13.37,4083.25,129.25,0.271,-4.6387568131830346e-05,-0.0063545907290364,0.0060880297147251,0.0178756899999999,0.0117876602852748,1.0753968253968257e-05,0.0
2016-08-03,0.7997512437810945,12.86,4097.3,129.99,0.266,0.0,0.0034349802433246,0.0052658507188357,0.0165379599999999,0.0112721092811642,1.0555555555555555e-05,0.0
2016-08-04,0.7905792488860598,12.42,4099.21,127.06,0.256,0.0,0.0004660520232565,0.0050741801966123,0.01542564,0.0103514598033876,1.015873015873016e-05,0.0
2016-08-05,0.7523117569352709,11.39,4134.56,130.6,0.261,0.0,0.008586641889987,0.0055897472593158,0.01297321,0.0073834627406841,1.0357142857142856e-05,0.0
2016-08-08,0.758575197889182,11.5,4131.19,132.94,0.261,4.586419611526088e-05,-0.0008154130446061,0.0033379437947478,0.013225,0.0098870562052521,1.0357142857142856e-05,0.0
2016-08-09,0.7716743878226341,11.66,4132.96,135.56,0.282,-9.166743056196824e-05,0.0004283562198327,0.0032777271693895,0.01359556,0.0103178328306104,1.1190476190476188e-05,0.0
2016-08-10,0.781959766385464,12.05,4122.65,133.25,0.282,0.0,-0.0024976968049367,0.0029359777811658,0.01452025,0.0115842722188341,1.1190476190476188e-05,0.0
2016-08-11,0.7633986928104575,11.68,4142.72,131.28,0.282,4.573623910914646e-05,0.0048564164569841,0.0031507432914511,0.01364224,0.0104914967085488,1.1190476190476188e-05,0.0
2016-08-12,0.7568807339449541,11.55,4139.63,132.13,0.277,0.0,-0.0007461650723203,0.0029093406186576,0.01334025,0.0104309093813423,1.0992063492063494e-05,0.0
2016-08-15,0.7678803641092328,11.81,4151.69,134.45,0.287,0.0,0.0029090684004455,0.0029456425902503,0.01394761,0.0110019674097496,1.1388888888888888e-05,0.0
2016-08-16,0.7890137328339576,12.64,4129.68,132.27,0.276,0.0,-0.0053155581322038,0.0033298303402284,0.01597696,0.0126471296597715,1.0952380952380951e-05,0.0
2016-08-17,0.7854381443298969,12.19,4138.42,136.71,0.297,0.0,0.0021141503502332,0.0033234073137172,0.0148596099999999,0.0115362026862827,1.1785714285714286e-05,0.0
2016-08-18,0.753957783641161,11.43,4147.64,134.87,0.297,4.568817818385337e-05,0.0022254253059196,0.0031681759759257,0.01306449,0.0098963140240742,1.1785714285714286e-05,0.0
2016-08-19,0.7495042961004627,11.34,4142.23,136.58,0.302,0.0,-0.0013052076252161,0.002999545022629,0.01285956,0.0098600149773709,1.1984126984126984e-05,0.0
2016-08-22,0.7916129032258065,12.27,4139.97,135.2,0.292,-4.5765543122541387e-05,-0.0005457487276551,0.002792977917518,0.0150552899999999,0.0122623120824819,1.1587301587301586e-05,0.0
2016-08-23,0.8028534370946823,12.38,4148.16,131.79,0.302,4.567357098810617e-05,0.0019763209953845,0.002679142035637,0.01532644,0.0126472979643629,1.1984126984126984e-05,0.0
2016-08-24,0.840625,13.45,4126.65,130.43,0.317,-0.0001376746747435,-0.0051989226215698,0.0030707404734837,0.0180902499999999,0.0150195095265162,1.257936507936508e-05,0.0
2016-08-25,0.8450092994420336,13.63,4121.09,131.06,0.322,-0.0003675288280425,-0.0013482483303873,0.0030778229296299,0.01857769,0.01549986707037,1.277777777777778e-05,0.0
2016-08-26,0.8405172413793105,13.65,4114.68,132.4,0.317,4.6030978848723354e-05,-0.0015566246493839,0.0030852246884092,0.01863225,0.0155470253115907,1.257936507936508e-05,0.0
2016-08-29,0.8123038292529817,12.94,4136.75,131.3,0.312,0.0,0.0053493885616167,0.0033959871419482,0.0167443599999999,0.0133483728580517,1.238095238095238e-05,0.0
2016-08-30,0.8184653774173424,13.12,4129.34,136.14,0.327,-9.175153683828896e-05,-0.0017928674826612,0.0034193113222588,0.0172134399999999,0.0137941286777411,1.2976190476190478e-05,0.0
2016-08-31,0.8314745972738538,13.42,4120.29,129.25,0.332,-9.201324990803382e-05,-0.0021940386733494,0.0029364677299033,0.0180096399999999,0.0150731722700966,1.3174603174603176e-05,0.0
2016-09-01,0.8264868179031271,13.48,4120.17,129.83,0.327,-9.19963201472412e-05,-2.91245877070421e-05,0.002818148205166,0.01817104,0.0153528917948339,1.2976190476190478e-05,0.0
2016-09-02,0.7654952076677316,11.98,4137.7,128.4,0.322,0.0,0.0042456532574011,0.0030087167593951,0.01435204,0.0113433232406048,1.277777777777778e-05,0.0
2016-09-06,0.7724935732647814,12.02,4150.11,131.16,0.312,4.5646468104618635e-05,0.0029947620119247,0.0022366691094342,0.01444804,0.0122113708905657,1.238095238095238e-05,0.0
2016-09-07,0.7708198837959974,11.94,4150.51,130.94,0.338,-4.5646468104618635e-05,9.63783428972702e-05,0.0022238022530796,0.0142563599999999,0.0120325577469203,1.3412698412698412e-05,0.0
2016-09-08,0.7912713472485768,12.51,4141.46,129.74,0.343,0.0,-0.0021828355851339,0.0022920551134719,0.01565001,0.013357954886528,1.3611111111111111e-05,0.0
2016-09-09,0.9293680297397772,17.5,4039.95,125.25,0.338,-4.688562252381042e-05,-0.0248160670143395,0.0097291572425155,0.0306249999999999,0.0208958427574844,1.3412698412698412e-05,0.0
2016-09-12,0.8778228141285467,15.16,4099.47,134.18,0.364,4.622460535738972e-05,0.0146253814028647,0.0123074399892278,0.02298256,0.0106751200107721,1.4444444444444444e-05,0.0
2016-09-13,0.937007874015748,17.85,4039.92,131.56,0.353,-0.0001407096456462,-0.0146328072649145,0.014707735125738,0.03186225,0.0171545148742619,1.4007936507936507e-05,0.0
2016-09-14,0.937467700258398,18.14,4037.83,127.4,0.322,-4.6920821114326826e-05,-0.0005174708419145,0.0144971815560873,0.03290596,0.0184087784439126,1.277777777777778e-05,0.0
2016-09-15,0.8960967564595932,16.3,4079.32,130.57,0.287,0.0,0.010222888904087,0.0158316074307254,0.026569,0.0107373925692745,1.1388888888888888e-05,0.0
2016-09-16,0.8596196868008948,15.37,4063.97,125.25,0.282,0.0,-0.0037699794998007,0.0158469616689089,0.02362369,0.007776728331091,1.1190476190476188e-05,0.0
2016-09-19,0.873453318335208,15.53,4063.94,125.81,0.251,-4.686145411101163e-05,-7.381971503108392e-06,0.0157329287999566,0.02411809,0.0083851612000433,9.96031746031746e-06,0.0
2016-09-20,0.8849360755975543,15.92,4065.2,126.85,0.292,4.68548670494053e-05,0.0003099958938067,0.0157506234704017,0.02534464,0.0095940165295982,1.1587301587301586e-05,0.0
2016-09-21,0.7983193277310925,13.3,4109.63,122.13,0.205,0.0,0.0108700578433355,0.0174146191580073,0.017689,0.0002743808419926,8.134920634920634e-06,0.0
2016-09-22,0.7540777917189461,12.02,4136.41,124.29,0.17,-4.6047935901231346e-05,0.0064952617621152,0.0179246142857845,0.01444804,-0.0034765742857845,6.746031746031747e-06,0.0
2016-09-23,0.7657320872274143,12.29,4112.69,125.13,0.17,-4.62973679945874e-05,-0.0057509462547471,0.0179987141917237,0.0151044099999999,-0.0028943041917237,6.746031746031747e-06,0.0
2016-09-26,0.8391203703703703,14.5,4077.71,121.72,0.185,0.0,-0.008541759299413,0.0188348277729185,0.021025,0.0021901722270815,7.3412698412698415e-06,0.0
2016-09-27,0.7963525835866262,13.1,4104.18,123.74,0.256,0.0,0.0064704102230203,0.0193950830157653,0.017161,-0.0022340830157653,1.015873015873016e-05,0.0
2016-09-28,0.7738913179262961,12.39,4126.83,126.85,0.276,0.0,0.0055035912169789,0.0194166283871717,0.01535121,-0.0040654183871717,1.0952380952380951e-05,0.0
2016-09-29,0.8310610551274451,14.02,4088.47,122.67,0.256,4.657987283690479e-05,-0.0093387408341863,0.0204190951237987,0.0196560399999999,-0.0007630551237987,1.015873015873016e-05,0.0
2016-09-30,0.8118509468540012,13.29,4121.06,124.58,0.276,0.0,0.0079395948850323,0.0212120514764453,0.0176624099999999,-0.0035496414764453,1.0952380952380951e-05,0.0
2016-10-03,0.827439024390244,13.57,4108.13,122.86,0.302,4.636391033215525e-05,-0.0031424746883884,0.021331349995993,0.01841449,-0.002916859995993,1.1984126984126984e-05,0.0
2016-10-04,0.8275652701882211,13.63,4088.17,119.67,0.323,-9.315323707503602e-05,-0.0048704999712541,0.0213212455755825,0.01857769,-0.0027435555755825,1.2817460317460318e-05,0.0
2016-10-05,0.8008631319358817,12.99,4107.4,121.54,0.323,0.0,0.0046927877598882,0.0215085301414634,0.01687401,-0.0046345201414634,1.2817460317460318e-05,0.0
2016-10-06,0.7990043559427504,12.84,4109.49,120.48,0.323,0.0,0.0005087082935444,0.0215166902466982,0.0164865599999999,-0.0050301302466982,1.2817460317460318e-05,0.0
2016-10-07,0.8199513381995134,13.48,4096.25,119.95,0.318,-0.0001860205552714,-0.0032270121865129,0.021574766131666,0.01817104,-0.003403726131666,1.261904761904762e-05,0.0
2016-10-10,0.8388714733542321,13.38,4115.12,123.84,0.318,-0.000138808559861,0.0045960742768426,0.0139497438177028,0.01790244,0.0039526961822971,1.261904761904762e-05,0.0
2016-10-11,0.9067296340023612,15.36,4063.92,119.79,0.333,-9.368997985656912e-05,-0.0125199702646722,0.0133880365717066,0.0235929599999999,0.0102049234282933,1.3214285714285714e-05,0.0
2016-10-12,0.9347826086956522,15.91,4068.92,122.34,0.342,0.0,0.0012295829328863,0.0107240043815825,0.0253128099999999,0.0145888056184174,1.3571428571428572e-05,0.0
2016-10-13,0.9488345650938034,16.69,4056.45,123.32,0.287,4.694064355618046e-05,-0.003069401095635,0.0108573342906438,0.02785561,0.0169982757093561,1.1388888888888888e-05,0.0
2016-10-14,0.9253731343283582,16.12,4057.28,121.86,0.292,4.6929629021239905e-05,0.000204591477137,0.0095361584364481,0.02598544,0.0164492815635518,1.1587301587301586e-05,0.0
2016-10-17,0.9278763594733832,16.21,4045.07,124.08,0.302,-4.707765459120545e-05,-0.0030139426815224,0.0094761064091597,0.02627641,0.0168003035908402,1.1984126984126984e-05,0.0
2016-10-18,0.9030732860520092,15.28,4069.99,122.76,0.337,4.679785665812249e-05,0.0061416867731043,0.0099630915407409,0.0233478399999999,0.013384748459259,1.3373015873015874e-05,0.0
2016-10-19,0.8754556500607533,14.41,4079.5,122.56,0.332,-9.33445346775424e-05,0.0023338894376897,0.0100244428453275,0.02076481,0.0107403671546724,1.3174603174603176e-05,0.0
2016-10-20,0.8471965495995071,13.75,4074.18,123.91,0.332,0.0,-0.0013049324366248,0.00851947054296,0.01890625,0.0103867794570399,1.3174603174603176e-05,0.0
2016-10-21,0.8316708229426434,13.34,4073.85,123.0,0.327,4.674098483250791e-05,-8.100117456125531e-05,0.0078936625638475,0.01779556,0.0099018974361524,1.2976190476190478e-05,0.0
2016-10-24,0.8340807174887892,13.02,4093.22,124.6,0.322,4.654085123212671e-05,0.0047434480956378,0.0078862808374911,0.0169520399999999,0.0090657591625088,1.277777777777778e-05,0.0
2016-10-25,0.851359898798229,13.46,4077.8,122.83,0.332,0.0,-0.0037743190704325,0.0071599679525741,0.01811716,0.0109571920474258,1.3174603174603176e-05,0.0
2016-10-26,0.8763076923076923,14.24,4070.76,123.31,0.327,-4.6782531402731653e-05,-0.0017279130917858,0.0066299629708896,0.02027776,0.0136477970291103,1.2976190476190478e-05,0.0
2016-10-27,0.9072652096869462,15.36,4058.75,122.35,0.287,4.690981587906333e-05,-0.0029546697740325,0.0062324004325545,0.0235929599999999,0.0173605595674453,1.1388888888888888e-05,0.0
2016-10-28,0.9320667818077144,16.19,4046.36,126.35,0.282,-0.0002352332337513,-0.0030573328803851,0.0053530161483555,0.02621161,0.0208585938516444,1.1190476190476188e-05,0.0
2016-10-31,0.9557422969187672,17.06,4045.89,126.12,0.302,0.0,-0.0001161605240887,0.0044198982413345,0.0291043599999999,0.0246844617586654,1.1984126984126984e-05,0.0
2016-11-01,0.9903948772678762,18.56,4018.47,124.46,0.354,4.738999597194193e-05,-0.0068003178598664,0.0047893178958714,0.0344473599999999,0.0296580421041285,1.4047619047619048e-05,0.0
2016-11-02,1.0072992700729928,19.32,3992.76,126.15,0.364,4.768830921095355e-05,-0.0064185120799549,0.0049670803056714,0.03732624,0.0323591596943286,1.4444444444444444e-05,0.0
2016-11-03,1.0666666666666669,22.08,3976.56,141.18,0.369,0.0,-0.0040655971436088,0.0046036485666941,0.04875264,0.0441489914333058,1.4642857142857144e-05,0.0
2016-11-04,1.065309985802177,22.51,3970.02,133.03,0.369,-4.795588058981371e-05,-0.0016459914772296,0.0045480341001994,0.05067001,0.0461219758998005,1.4642857142857144e-05,1.0
2016-11-07,1.0308539944903583,18.71,4058.3,134.91,0.405,-9.384384384375848e-05,0.0219930342446661,0.0111746822808335,0.03500641,0.0238317277191665,1.6071428571428575e-05,0.0
2016-11-08,1.0353591160220992,18.74,4075.61,135.6,0.419,-4.671478289300402e-05,0.004256262026992,0.0111329150635124,0.0351187599999999,0.0239858449364875,1.6626984126984128e-05,0.0
2016-11-09,0.8832923832923832,14.38,4121.03,134.61,0.429,-4.6207517963130584e-05,0.0110827033751993,0.010644479279139,0.02067844,0.0100339607208609,1.702380952380952e-05,0.0
2016-11-10,0.88,14.74,4129.46,127.0,0.469,-0.0003688335638542,0.0020435157023667,0.0106640190006544,0.02172676,0.0110627409993456,1.861111111111111e-05,0.0
2016-11-11,0.8593086719223773,14.17,4123.69,121.71,0.469,0.0,-0.0013982542278002,0.0105386529166083,0.02007889,0.0095402370833916,1.861111111111111e-05,0.0
2016-11-14,0.8670658682634731,14.48,4123.81,122.71,0.515,0.0,2.9099727192262465e-05,0.0105415798416904,0.02096704,0.0104254601583095,2.0436507936507937e-05,0.0
2016-11-15,0.8488888888888888,13.37,4155.62,119.79,0.485,-4.582216418090282e-05,0.0076841416670081,0.0108936326437954,0.0178756899999999,0.0069820573562045,1.9246031746031742e-05,0.0
2016-11-16,0.8537647790914749,13.72,4150.21,123.77,0.459,-4.5887346564273606e-05,-0.0013026996134222,0.0106473534715585,0.01882384,0.0081764865284414,1.8214285714285715e-05,0.0
2016-11-17,0.8535805626598465,13.35,4169.87,123.06,0.429,-4.567357098810617e-05,0.004725924892819,0.0108006742558424,0.01782225,0.0070215757441576,1.702380952380952e-05,0.0
2016-11-18,0.8279639175257731,12.85,4160.58,126.38,0.434,4.576344873358501e-05,-0.0022303726332046,0.0108657161305591,0.01651225,0.0056465338694408,1.7222222222222224e-05,0.0
2016-11-21,0.8107049608355091,12.42,4191.68,124.01,0.434,0.0,0.0074471205955459,0.0113408478585547,0.01542564,0.0040847921414452,1.7222222222222224e-05,0.0
2016-11-22,0.8084690553745929,12.41,4200.95,127.98,0.485,0.0,0.002209081961157,0.0112016940090989,0.01540081,0.004199115990901,1.9246031746031742e-05,0.0
2016-11-23,0.8055735580038885,12.43,4204.49,125.33,0.495,-4.530729674009879e-05,0.0008423116955921,0.0108744313770518,0.0154504899999999,0.0045760586229481,1.964285714285714e-05,0.0
2016-11-25,0.7956157317859446,12.34,4221.02,126.27,0.495,4.5137556704142845e-05,0.0039238031189336,0.010804139485489,0.01522756,0.0044234205145109,1.964285714285714e-05,0.0
2016-11-28,0.8208489388264669,13.15,4199.39,125.75,0.464,0.0,-0.0051375283568188,0.0111187952546307,0.01729225,0.0061734547453692,1.841269841269841e-05,0.0
2016-11-29,0.8113207547169812,12.9,4205.99,128.31,0.48,0.0,0.0015704230757979,0.0108300751334309,0.016641,0.005810924866569,1.904761904761905e-05,0.0
2016-11-30,0.8279503105590061,13.33,4195.73,126.39,0.48,0.0,-0.0024423582552553,0.0110098250933108,0.01776889,0.0067590649066891,1.904761904761905e-05,0.0
2016-12-01,0.8440311937612477,14.07,4181.15,128.37,0.469,-9.110372158694398e-05,-0.0034810131511258,0.0104283648882381,0.0197964899999999,0.0093681251117618,1.861111111111111e-05,0.0
2016-12-02,0.8414779499404051,14.12,4182.81,128.99,0.464,-9.104151493085502e-05,0.0003969411670541,0.009558827692402,0.0199374399999999,0.0103786123075979,1.841269841269841e-05,0.0
2016-12-05,0.7698161065313888,12.14,4207.57,128.35,0.464,4.526218118447012e-05,0.0059020144197628,0.0091736555849803,0.01473796,0.0055643044150196,1.841269841269841e-05,0.0
2016-12-06,0.7616279069767441,11.79,4222.04,130.92,0.49,0.0,0.003433139661856,0.0089283782295221,0.0139004099999999,0.0049720317704778,1.9444444444444445e-05,0.0
2016-12-07,0.789405684754522,12.22,4278.44,123.61,0.5,-4.453053681558081e-05,0.0132700336071357,0.0056512192385513,0.01493284,0.0092816207614486,1.984126984126984e-05,0.0
2016-12-08,0.8040712468193384,12.64,4288.1,119.08,0.505,4.441779376814314e-05,0.0022552872208589,0.0056114859681511,0.01597696,0.0103654740318488,2.0039682539682537e-05,0.0
2016-12-09,0.7720105124835742,11.75,4313.61,119.51,0.536,0.0,0.0059313961502716,0.0048054070461818,0.0138062499999999,0.0090008429538181,2.126984126984127e-05,0.0
2016-12-12,0.803560076287349,12.64,4308.94,123.28,0.505,-4.420768771697941e-05,-0.0010832063500063,0.0049330726054042,0.01597696,0.0110438873945957,2.0039682539682537e-05,0.0
2016-12-13,0.8101910828025478,12.72,4337.86,119.34,0.536,-4.391839961347814e-05,0.0066892047547019,0.0050200868511921,0.01617984,0.0111597531488078,2.126984126984127e-05,0.0
2016-12-14,0.8311279143037177,13.19,4302.93,125.43,0.536,0.0,-0.0080849529431162,0.0062971950339002,0.0173976099999999,0.0111004149660997,2.126984126984127e-05,0.0
2016-12-15,0.812063492063492,12.79,4319.84,129.44,0.5,-0.000132283881209,0.0039221785291473,0.0059305000051973,0.0163584099999999,0.0104279099948026,1.984126984126984e-05,0.0
2016-12-16,0.783558124598587,12.2,4312.4,131.95,0.495,-4.442963456634156e-05,-0.0017237708502682,0.0059660337691954,0.014884,0.0089179662308045,1.964285714285714e-05,0.0
2016-12-19,0.7648595689092097,11.71,4321.02,130.47,0.49,-4.434491474686107e-05,0.0019968918144629,0.0058559387882116,0.01371241,0.0078564712117883,1.9444444444444445e-05,0.0
2016-12-20,0.7562747688243064,11.45,4337.36,122.09,0.51,-0.0001767174729401,0.0037743825977259,0.0056945533181164,0.0131102499999999,0.0074156966818835,2.023809523809524e-05,0.0
2016-12-21,0.7468522200132538,11.27,4326.85,124.9,0.505,-4.4284037818528025e-05,-0.0024260735035294,0.0055044404905876,0.0127012899999999,0.0071968495094123,2.0039682539682537e-05,0.0
2016-12-22,0.7475474166121648,11.43,4319.33,128.02,0.505,0.0,-0.0017394969561585,0.0056221077680924,0.01306449,0.0074423822319075,2.0039682539682537e-05,0.0
2016-12-23,0.7501639344262295,11.44,4325.17,120.51,0.51,0.0,0.0013511483344229,0.0056190469963665,0.01308736,0.0074683130036334,2.023809523809524e-05,0.0
2016-12-27,0.7805989583333334,11.99,4334.93,123.65,0.515,-0.0001768268423146,0.0022540164968564,0.0055440998490753,0.01437601,0.0088319101509246,2.0436507936507937e-05,0.0
2016-12-28,0.81293157564344,12.95,4299.45,122.37,0.51,-4.456030122759577e-05,-0.0082183549246283,0.0061553051007567,0.01677025,0.0106149448992432,2.023809523809524e-05,0.0
2016-12-29,0.8273514851485148,13.37,4298.39,124.57,0.449,0.0,-0.000246573559259,0.006174359390622,0.0178756899999999,0.0117013306093779,1.781746031746032e-05,0.0
2016-12-30,0.8488512696493349,14.04,4278.66,127.26,0.5,-8.947344875400085e-05,-0.0046006575222252,0.0064193782005251,0.01971216,0.0132927817994748,1.984126984126984e-05,0.0
2017-01-03,0.8258354755784061,12.85,4315.08,125.79,0.49,0.0,0.0084759878798598,0.0068052956575736,0.01651225,0.0097069543424263,1.9444444444444445e-05,0.0
2017-01-04,0.7985175202156334,11.85,4340.75,124.4,0.53,0.0,0.005931279901757,0.0070188078946078,0.01404225,0.0070234421053921,2.1031746031746032e-05,0.0
2017-01-05,0.7938775510204082,11.67,4337.45,128.21,0.515,0.0,-0.0007605264130949,0.0068568840095055,0.01361889,0.0067620059904944,2.0436507936507937e-05,0.0
2017-01-06,0.7774725274725275,11.32,4354.05,123.67,0.515,-8.800880088000797e-05,0.0038198286105592,0.0068780257583939,0.01281424,0.005936214241606,2.0436507936507937e-05,0.0
2017-01-09,0.7901572112098428,11.56,4338.62,122.59,0.5,-8.829632245821479e-05,-0.0035501212414179,0.0052697269356794,0.01336336,0.0080936330643205,1.984126984126984e-05,0.0
2017-01-10,0.7837653478854024,11.49,4338.64,121.84,0.51,0.0,4.609750082460495e-06,0.005240324835388,0.01320201,0.0079616851646119,2.023809523809524e-05,0.0
2017-01-11,0.7781617138908086,11.26,4351.32,123.06,0.51,4.404025279101097e-05,0.0029183123970995,0.0049412655786035,0.0126787599999999,0.0077374944213964,2.023809523809524e-05,0.0
2017-01-12,0.7914951989026062,11.54,4342.09,126.22,0.515,0.0,-0.0021234483288369,0.0049935113491081,0.0133171599999999,0.0083236486508918,2.0436507936507937e-05,0.0
2017-01-13,0.7723521320495187,11.23,4350.11,132.32,0.525,0.0,0.0018453331206931,0.0045030942319359,0.01261129,0.008108195768064,2.0833333333333336e-05,0.0
2017-01-17,0.7971793149764942,11.87,4337.2,131.55,0.525,0.0,-0.0029721535213049,0.0037577952587355,0.0140896899999999,0.0103318947412644,2.0833333333333336e-05,0.0
2017-01-18,0.8353413654618475,12.48,4345.57,143.43,0.525,0.0,0.0019279567678562,0.0036273953180022,0.01557504,0.0119476446819977,2.0833333333333336e-05,0.0
2017-01-19,0.8508655126498003,12.78,4329.96,141.03,0.505,-0.000221253623028,-0.0035986312873055,0.0037643794379472,0.0163328399999999,0.0125684605620527,2.0039682539682537e-05,0.0
2017-01-20,0.7964113181504485,11.54,4344.67,146.33,0.5,-4.411018724783012e-05,0.0033915023695271,0.0038510970863528,0.0133171599999999,0.0094660629136471,1.984126984126984e-05,0.0
2017-01-23,0.8094910591471802,11.77,4333.1,137.78,0.49,0.0,-0.0026665852761427,0.0037784890743825,0.0138532899999999,0.0100748009256174,1.9444444444444445e-05,0.0
2017-01-24,0.7981254506128335,11.07,4361.56,138.16,0.505,0.0,0.0065465703417566,0.0042066084581826,0.01225449,0.0080478815418173,2.0039682539682537e-05,0.0
2017-01-25,0.7942689199118296,10.81,4396.57,128.8,0.495,-8.714596949883142e-05,0.0079948999345306,0.0048236664556566,0.01168561,0.0068619435443433,1.964285714285714e-05,0.0
2017-01-26,0.7798972853998533,10.63,4393.43,129.58,0.5,-8.721817626785492e-05,-0.0007144482670224,0.0048484690940146,0.01129969,0.0064512209059853,1.984126984126984e-05,0.0
2017-01-27,0.7733918128654971,10.58,4389.85,129.95,0.51,4.366907574397216e-05,-0.0008151852606885,0.0048448467056086,0.01119364,0.0063487932943913,2.023809523809524e-05,0.0
2017-01-30,0.8244274809160306,11.88,4363.67,134.32,0.505,-8.78696015114021e-05,-0.0059816115252564,0.0044078560760273,0.01411344,0.0097055839239726,2.0039682539682537e-05,0.0
2017-01-31,0.8280386740331491,11.99,4359.81,138.08,0.515,-4.394541978858256e-05,-0.0008849679834008,0.0044280714696669,0.01437601,0.009947938530333,2.0436507936507937e-05,0.0
2017-02-01,0.8264520643806859,11.81,4362.1,133.97,0.505,4.392804586096478e-05,0.0005251143505542,0.0040618205099957,0.01394761,0.0098857894900042,2.0039682539682537e-05,0.0
2017-02-02,0.8176833447566827,11.93,4364.85,136.65,0.5,0.0,0.0006302316596344,0.0033065145772439,0.01423249,0.010925975422756,1.984126984126984e-05,0.0
2017-02-03,0.7807829181494662,10.97,4396.95,133.25,0.5,0.0,0.007327294304502,0.0035193493615061,0.01203409,0.0085147406384938,1.984126984126984e-05,0.0
2017-02-06,0.7984550561797752,11.37,4387.67,131.41,0.52,0.0,-0.0021127842643276,0.0035880834505754,0.0129276899999999,0.0093396065494245,2.0634920634920633e-05,0.0
2017-02-07,0.786759581881533,11.29,4388.87,130.46,0.52,-4.367289005345957e-05,0.0002734562840202,0.003446621661941,0.0127464099999999,0.0092997883380589,2.0634920634920633e-05,0.0
2017-02-08,0.7864010989010988,11.45,4393.31,134.01,0.536,-0.0001744896178677,0.0010111385506307,0.0032446201099313,0.0131102499999999,0.0098656298900686,2.126984126984127e-05,0.0
2017-02-09,0.7678193366266761,10.88,4419.4,129.19,0.541,0.0,0.0059210109541096,0.0035764181325018,0.01183744,0.0082610218674982,2.146825396825397e-05,0.0
2017-02-10,0.7800143781452192,10.85,4435.42,130.47,0.536,4.320120963383046e-05,0.0036183722489314,0.0036182891212457,0.01177225,0.0081539608787542,2.126984126984127e-05,0.0
2017-02-13,0.8092105263157895,11.07,4459.83,130.1,0.536,4.2967323350674914e-05,0.0054883361957899,0.0037313913959247,0.01225449,0.0085230986040752,2.126984126984127e-05,0.0
2017-02-14,0.8142532221379833,10.74,4478.98,133.66,0.541,4.278898611505671e-05,0.0042846932191756,0.0038379155588274,0.01153476,0.0076968444411725,2.146825396825397e-05,0.0
2017-02-15,0.8926174496644296,11.97,4501.99,137.55,0.536,0.0,0.0051241793143023,0.0037344822636891,0.01432809,0.0105936077363108,2.126984126984127e-05,0.0
2017-02-16,0.8628026412325751,11.76,4498.56,141.41,0.52,-4.259941638795674e-05,-0.000762175681718,0.0038110050450201,0.01382976,0.0100187549549798,2.0634920634920633e-05,0.0
2017-02-17,0.8374635568513119,11.49,4506.2,141.13,0.515,0.0,0.0016968807237993,0.0034474159501125,0.01320201,0.0097545940498874,2.0436507936507937e-05,0.0
2017-02-21,0.8240740740740742,11.57,4533.46,136.93,0.515,-8.458805616639236e-05,0.0060312185708715,0.0036302620895244,0.01338649,0.0097562279104755,2.0436507936507937e-05,0.0
2017-02-22,0.8158443363446838,11.74,4528.97,138.24,0.515,0.0,-0.0009909042866848,0.0034658232525071,0.01378276,0.0103169367474928,2.0436507936507937e-05,0.0
2017-02-23,0.7944369063772049,11.71,4531.39,137.91,0.51,0.0,0.0005341951219485,0.0032267021513308,0.01371241,0.0104857078486691,2.023809523809524e-05,0.0
2017-02-24,0.7771002710027101,11.47,4539.25,138.66,0.505,0.0,0.0017330644733558,0.0027226825076687,0.01315609,0.0104334074923312,2.0039682539682537e-05,0.0
2017-02-27,0.8108651911468813,12.09,4544.51,134.39,0.505,-0.0001265208864896,0.0011581108677247,0.0026592815556166,0.01461681,0.0119575284443833,2.0039682539682537e-05,0.0
2017-02-28,0.8455497382198953,12.92,4532.93,131.98,0.607,-8.456659619442626e-05,-0.0025513815088202,0.0028015604507972,0.01669264,0.0138910795492027,2.408730158730159e-05,0.0
2017-03-01,0.8438761776581426,12.54,4595.73,132.16,0.622,-4.171272446667915e-05,0.0137590819970157,0.0037424719030643,0.0157251599999999,0.0119826880969356,2.468253968253968e-05,0.0
2017-03-02,0.7995937711577522,11.81,4569.17,133.36,0.663,4.1959509073824934e-05,-0.005796042369238,0.0044467744040739,0.01394761,0.009500835595926,2.630952380952381e-05,0.0
2017-03-03,0.7685834502103788,10.96,4571.6,136.1,0.701,-0.0001677430176968,0.0005316838859844,0.0044464920980447,0.01201216,0.0075656679019552,2.7817460317460315e-05,0.0
2017-03-06,0.7838214783821479,11.24,4556.72,140.17,0.724,-0.0001261909268723,-0.0032601865797278,0.0047853271928883,0.01263376,0.0078484328071116,2.873015873015873e-05,0.0
2017-03-07,0.7945870922970159,11.45,4543.75,138.85,0.744,-8.437394532572659e-05,-0.0028504041618856,0.0046744681954758,0.0131102499999999,0.0084357818045241,2.9523809523809523e-05,0.0
2017-03-08,0.8156808803301238,11.86,4534.68,139.63,0.719,-4.226453371661345e-05,-0.0019981435155026,0.0046640042090282,0.0140659599999999,0.0094019557909717,2.8531746031746028e-05,0.0
2017-03-09,0.8322056833558864,12.3,4538.36,139.48,0.729,4.222527182526898e-05,0.0008111945283602,0.0046499136043681,0.015129,0.0104790863956318,2.8928571428571427e-05,0.0
2017-03-10,0.8108484005563282,11.66,4553.28,138.99,0.744,0.0,0.0032821390626394,0.0046783919293548,0.01359556,0.0089171680706451,2.9523809523809523e-05,0.0
2017-03-13,0.7903899721448469,11.35,4556.44,145.75,0.744,-8.411136344512494e-05,0.0006937644904002,0.0044506689715734,0.0128822499999999,0.0084315810284265,2.9523809523809523e-05,0.0
2017-03-14,0.8407382091592618,12.3,4541.26,146.11,0.764,4.2205668221203725e-05,-0.0033371102778553,0.0046518773200994,0.015129,0.0104771226799005,3.031746031746032e-05,0.0
2017-03-15,0.8190140845070424,11.63,4579.44,147.2,0.724,0.0,0.0083722133203245,0.005068926224914,0.01352569,0.0084567637750859,2.873015873015873e-05,0.0
2017-03-16,0.8134978229317853,11.21,4572.16,149.49,0.724,0.0,-0.0015909789622803,0.0050353942484446,0.01256641,0.0075310157515553,2.873015873015873e-05,0.0
2017-03-17,0.8103448275862069,11.28,4566.17,154.34,0.729,4.2180744490221776e-05,-0.0013109618185988,0.0048603639032454,0.01272384,0.0078634760967545,2.8928571428571427e-05,0.0
2017-03-20,0.8158273381294964,11.34,4557.12,152.93,0.729,4.223954043376166e-05,-0.0019839340782537,0.0049224954947808,0.01285956,0.0079370645052191,2.8928571428571427e-05,0.0
2017-03-21,0.8529411764705883,12.47,4500.98,141.02,0.759,-0.0001283340106517,-0.012395694205012,0.0069218049325635,0.01555009,0.0086282850674364,3.0119047619047625e-05,0.0
2017-03-22,0.8726158038147139,12.81,4509.65,136.07,0.764,-4.26885231905014e-05,0.0019243943377164,0.0064943021575218,0.0164096099999999,0.0099153078424781,3.031746031746032e-05,0.0
2017-03-23,0.879946344735077,13.12,4504.92,132.54,0.764,-8.547739123006338e-05,-0.0010494123256199,0.0064954345106912,0.0172134399999999,0.0107180054893087,3.031746031746032e-05,0.0
2017-03-24,0.8907216494845361,12.96,4501.11,136.62,0.764,-4.275422732430932e-05,-0.0008460998302901,0.0064908968367137,0.01679616,0.0103052631632862,3.031746031746032e-05,0.0
2017-03-27,0.8784258608573436,12.5,4496.53,135.37,0.775,-4.2814634041876585e-05,-0.001018044819656,0.006439435806627,0.015625,0.0091855641933729,3.075396825396826e-05,0.0
2017-03-28,0.8428362573099415,11.53,4529.17,134.43,0.775,4.250526002601036e-05,0.0072327115434441,0.0071284569638481,0.01329409,0.0061656330361518,3.075396825396826e-05,0.0
2017-03-29,0.8503350707371556,11.42,4535.01,132.37,0.775,-8.48968503268963e-05,0.0012885888868251,0.0070740917545738,0.0130416399999999,0.0059675482454261,3.075396825396826e-05,0.0
2017-03-30,0.8631264023934181,11.54,4548.46,138.84,0.759,-4.2323563644020334e-05,0.0029614254970297,0.0047352494159969,0.0133171599999999,0.008581910584003,3.0119047619047625e-05,0.0
2017-03-31,0.9095588235294118,12.37,4538.21,138.31,0.754,-4.2425913748199346e-05,-0.0022560529539458,0.0044124954198485,0.0153016899999999,0.0108891945801514,2.992063492063492e-05,0.0
2017-04-03,0.9056327724945136,12.38,4530.98,135.23,0.759,4.248720073074121e-05,-0.0015944095407948,0.0044209062403921,0.01532644,0.0109055337596078,3.0119047619047625e-05,0.0
2017-04-04,0.8818249813014211,11.79,4534.25,132.28,0.775,4.246014054314726e-05,0.000721437876773,0.0043266723115857,0.0139004099999999,0.0095737376884142,3.075396825396826e-05,0.0
2017-04-05,0.9128895184135978,12.89,4520.86,130.91,0.8,0.0,-0.0029574482827122,0.0043338638205736,0.01661521,0.0122813461794263,3.1746031746031745e-05,0.0
2017-04-06,0.9070278184480236,12.39,4530.93,131.27,0.805,4.248359071304843e-05,0.0022249752047511,0.0043608272229728,0.01535121,0.0109903827770271,3.194444444444444e-05,0.0
2017-04-07,0.9153627311522048,12.87,4527.2,132.7,0.815,4.252333467986692e-05,-0.0008235695912574,0.0043578557195966,0.0165636899999999,0.0122058342804033,3.234126984126984e-05,0.0
2017-04-10,0.9636488340192044,14.05,4530.57,132.86,0.805,-4.249622845968555e-05,0.0007441125476796,0.0042177361843539,0.01974025,0.015522513815646,3.194444444444444e-05,0.0
2017-04-11,0.9940633245382586,15.07,4524.71,136.66,0.81,4.254685472372585e-05,-0.0012942726935064,0.0042184786555497,0.02271049,0.0184920113444502,3.214285714285715e-05,0.0
2017-04-12,1.0320680628272252,15.77,4507.76,131.93,0.805,-0.000170889050284,-0.0037531306268286,0.0042520521912141,0.02486929,0.0206172378087858,3.194444444444444e-05,0.0
2017-04-13,1.0133333333333334,15.96,4477.07,134.36,0.805,-8.601040725920014e-05,-0.006831541466745,0.0036831322657779,0.02547216,0.021789027734222,3.194444444444444e-05,0.0
2017-04-17,0.9865410497981156,14.66,4515.65,139.63,0.805,4.2632106239169976e-05,0.0085803264628381,0.0047927452158529,0.02149156,0.016698814784147,3.194444444444444e-05,0.0
2017-04-18,0.9769647696476964,14.42,4502.66,137.2,0.805,-0.0001282955930463,-0.0028808078195857,0.0048507517633999,0.02079364,0.0159428882366,3.194444444444444e-05,0.0
2017-04-19,0.990053050397878,14.93,4495.56,140.2,0.8,-4.2832972822439784e-05,-0.0015780902163911,0.0048392593701918,0.0222904899999999,0.0174512306298081,3.1746031746031745e-05,0.0
2017-04-20,0.973847212663455,14.15,4529.65,146.85,0.79,4.249984062567979e-05,0.0075544307832323,0.0037090993195027,0.02002225,0.0163131506804972,3.134920634920635e-05,0.0
2017-04-21,0.991864406779661,14.63,4515.9,148.42,0.775,0.0,-0.0030401712644393,0.0038019341021929,0.02140369,0.017601755897807,3.075396825396826e-05,0.0
2017-04-24,0.8403100775193798,10.84,4564.93,144.45,0.79,0.0,0.0107986773134062,0.0051534449316186,0.0117505599999999,0.0065971150683813,3.134920634920635e-05,0.0
2017-04-25,0.8373540856031129,10.76,4592.74,139.04,0.815,0.0,0.0060736159939738,0.0054706116132338,0.01157776,0.0061071483867661,3.234126984126984e-05,0.0
2017-04-26,0.8359013867488443,10.85,4590.56,142.13,0.813,0.0,-0.0004747748719848,0.0054470778080453,0.01177225,0.0063251721919546,3.226190476190476e-05,0.0
2017-04-27,0.809375,10.36,4593.57,142.55,0.8,-4.190675746460306e-05,0.0006554785500139,0.0049307499191313,0.01073296,0.0058022100808686,3.1746031746031745e-05,0.0
2017-04-28,0.8368136117556072,10.82,4584.82,146.98,0.795,0.0,-0.0019066530515173,0.005003643047147,0.01170724,0.0067035969528529,3.154761904761905e-05,0.0
2017-05-01,0.8004750593824227,10.11,4592.78,128.46,0.805,4.190324540643771e-05,0.0017346587334372,0.0049462322617169,0.01022121,0.005274977738283,3.194444444444444e-05,0.0
2017-05-02,0.8254091971940763,10.59,4598.24,127.49,0.846,0.0,0.0011881163662546,0.0048526932660625,0.0112148099999999,0.0063621167339374,3.357142857142857e-05,0.0
2017-05-03,0.8158899923605806,10.68,4593.32,129.39,0.866,4.192432659046601e-05,-0.0010705474304448,0.0048266772638702,0.0114062399999999,0.0065795627361297,3.436507936507936e-05,0.0
2017-05-04,0.8152766952455184,10.46,4596.24,130.48,0.876,4.188569394119628e-05,0.0006355037887066,0.0048266127068819,0.01094116,0.006114547293118,3.476190476190476e-05,0.0
2017-05-05,0.8225680933852141,10.57,4615.09,131.36,0.886,0.0,0.0040927914455199,0.0047827638388889,0.01117249,0.006389726161111,3.515873015873016e-05,0.0
2017-05-08,0.7760127084988085,9.77,4615.73,128.12,0.892,4.172316678843987e-05,0.0001386659042262,0.0047696645083111,0.00954529,0.0047756254916888,3.53968253968254e-05,0.0
2017-05-09,0.7836349331235248,9.96,4611.21,128.28,0.897,-4.176150007316334e-05,-0.0009797398404146,0.0047766733321612,0.00992016,0.0051434866678387,3.55952380952381e-05,0.0
2017-05-10,0.7908597986057321,10.21,4618.19,128.27,0.892,0.0,0.0015125579844311,0.0047812140786396,0.01042441,0.0056431959213603,3.53968253968254e-05,0.0
2017-05-11,0.8147578785549577,10.6,4609.69,128.21,0.876,0.0,-0.0018422438098426,0.0048152855188201,0.011236,0.0064207144811798,3.476190476190476e-05,0.0
2017-05-12,0.8018504240555127,10.4,4602.96,129.65,0.871,4.1836627967747745e-05,-0.001461034815643,0.0046103669053742,0.010816,0.0062056330946257,3.4563492063492065e-05,0.0
2017-05-15,0.8153364632237872,10.42,4625.51,129.44,0.876,0.0,0.0048870603427858,0.0039469688210878,0.01085764,0.0069106711789121,3.476190476190476e-05,0.0
2017-05-16,0.841897233201581,10.65,4623.26,131.24,0.904,0.0,-0.0004865511942425,0.0033278796010263,0.01134225,0.0080143703989736,3.5873015873015874e-05,0.0
2017-05-17,0.9993589743589744,15.59,4540.58,133.51,0.892,-8.479247042854881e-05,-0.018045326763634,0.0076168865140404,0.02430481,0.0166879234859595,3.53968253968254e-05,0.0
2017-05-18,0.9792919171676686,14.66,4557.41,137.01,0.912,0.0,0.0036997225095522,0.0076881484414458,0.02149156,0.0138034115585541,3.619047619047619e-05,0.0
2017-05-19,0.8925129725722757,12.04,4588.35,131.39,0.907,4.196479153997913e-05,0.0067660026138656,0.0075584414160799,0.0144961599999999,0.00693771858392,3.599206349206349e-05,0.0
2017-05-22,0.8433641975308641,10.93,4612.12,128.57,0.897,4.174929548060079e-05,0.0051671388281004,0.0076111687466372,0.0119464899999999,0.0043353212533627,3.55952380952381e-05,0.0
2017-05-23,0.8310077519379845,10.72,4620.7,124.54,0.907,4.166406266283077e-05,0.00185858761892,0.0063636163342896,0.01149184,0.0051282236657103,3.599206349206349e-05,0.0
2017-05-24,0.795869737887212,10.02,4632.37,123.11,0.925,0.0,0.002522407414527,0.0060231655707905,0.01004004,0.0040168744292094,3.670634920634921e-05,0.0
2017-05-25,0.7985611510791367,9.99,4653.59,123.65,0.922,0.0,0.0045703485556875,0.0062162271574968,0.00998001,0.0037637828425031,3.658730158730159e-05,0.0
2017-05-26,0.7885852090032155,9.81,4655.65,125.41,0.927,0.0,0.0004425710441719,0.0062167383831457,0.00962361,0.0034068716168542,3.678571428571429e-05,0.0
2017-05-30,0.814756671899529,10.38,4650.76,125.37,0.932,4.140358140975429e-05,-0.0010508886778099,0.0061706235277285,0.01077444,0.0046038164722714,3.6984126984126986e-05,0.0
2017-05-31,0.8242280285035629,10.41,4649.34,125.11,0.973,4.142073107598354e-05,-0.0003053730628777,0.0061663450551619,0.0108368099999999,0.004670464944838,3.861111111111111e-05,0.0
2017-06-01,0.7962962962962964,9.89,4685.11,124.55,0.973,-0.0001232817604635,0.0076641205620543,0.0067683858798338,0.00978121,0.0030128241201661,3.861111111111111e-05,0.0
2017-06-02,0.7825040128410914,9.75,4702.56,124.23,0.973,4.096094374010653e-05,0.0037176466786504,0.0068067948885389,0.00950625,0.002699455111461,3.861111111111111e-05,0.0
2017-06-05,0.7836575875486381,10.07,4697.0,125.05,0.973,4.098948619675325e-05,-0.0011830342374468,0.0068686479520529,0.01014049,0.003271842047947,3.861111111111111e-05,0.0
2017-06-06,0.7989296636085627,10.45,4683.96,125.72,0.973,-4.111081419963784e-05,-0.0027801010555005,0.0069054789616954,0.01092025,0.0040147710383045,3.861111111111111e-05,0.0
2017-06-07,0.7937356760886173,10.39,4692.29,125.98,0.988,0.0,0.0017768302235053,0.0069142878769388,0.01079521,0.0038809221230611,3.9206349206349205e-05,0.0
2017-06-08,0.7962382445141066,10.16,4693.67,127.09,0.994,-8.205128205120743e-05,0.0002940562307839,0.0068771634315324,0.01032256,0.0034453965684675,3.944444444444444e-05,0.0
2017-06-09,0.8256172839506172,10.7,4689.79,131.26,0.999,-0.000164325034919,-0.000826987107342,0.0069034306185601,0.0114489999999999,0.0045455693814398,3.964285714285714e-05,0.0
2017-06-12,0.8616541353383459,11.46,4685.54,136.86,0.998,4.1095608934148e-05,-0.0009066348152268,0.0068532266086516,0.01313316,0.0062799333913483,3.96031746031746e-05,0.0
2017-06-13,0.8185388845247447,10.42,4707.88,136.41,0.999,4.089728646512209e-05,0.004756530021953,0.0069664362009779,0.01085764,0.003891203799022,3.964285714285714e-05,0.0
2017-06-14,0.8332028191072828,10.64,4703.53,135.89,1.004,4.094082004458826e-05,-0.0009244099045241,0.0068131846691092,0.01132096,0.0045077753308907,3.984126984126984e-05,0.0
2017-06-15,0.8443067389620449,10.9,4693.86,134.12,1.004,-4.101638604618816e-05,-0.0020580189633633,0.0068936291883726,0.011881,0.0049873708116273,3.984126984126984e-05,0.0
2017-06-16,0.8166797797010228,10.38,4695.23,135.02,1.004,0.0,0.0002918280706058,0.0022564817663058,0.01077444,0.0085179582336941,3.984126984126984e-05,0.0
2017-06-19,0.8362903225806451,10.37,4734.48,138.77,1.004,0.0,0.0083248003758366,0.0027585021970802,0.0107536899999999,0.0079951878029197,3.984126984126984e-05,0.0
2017-06-20,0.8557919621749409,10.86,4702.82,133.37,1.014,0.0,-0.0067095713336055,0.0032563508891168,0.0117939599999999,0.0085376091108831,4.023809523809524e-05,0.0
2017-06-21,0.8424764890282131,10.75,4700.5,129.89,0.983,4.116327412678661e-05,-0.0004934427515118,0.0030711666396743,0.0115562499999999,0.0084850833603256,3.900793650793651e-05,0.0
2017-06-22,0.8304278922345484,10.48,4698.4,130.86,0.95,4.118192113670062e-05,-0.0004468608102958,0.0030794812187286,0.01098304,0.0079035587812713,3.76984126984127e-05,0.0
2017-06-23,0.8106796116504854,10.02,4705.73,132.76,0.955,0.0,0.0015588898674112,0.003048656869733,0.01004004,0.0069913831302669,3.789682539682539e-05,0.0
2017-06-26,0.8068459657701712,9.9,4707.27,128.6,0.953,4.1107434279568894e-05,0.0003272070569936,0.0028560168585007,0.009801,0.0069449831414992,3.781746031746032e-05,0.0
2017-06-27,0.8533950617283951,11.06,4669.27,125.46,1.004,4.143274429789864e-05,-0.0081053796050222,0.0037551382307754,0.01223236,0.0084772217692245,3.984126984126984e-05,0.0
2017-06-28,0.8088709677419355,10.03,4711.33,126.95,1.004,-8.215576733479218e-05,0.0089675035409508,0.0046591264516303,0.01006009,0.0054009635483696,3.984126984126984e-05,0.0
2017-06-29,0.8699619771863117,11.44,4670.96,129.15,1.024,4.142759492093919e-05,-0.0086056280799734,0.0056786134097503,0.01308736,0.0074087465902496,4.063492063492064e-05,0.0
2017-06-30,0.8508371385083713,11.18,4678.36,129.51,1.014,0.0,0.0015830031585835,0.0049817464439472,0.01249924,0.0075174935560527,4.023809523809524e-05,0.0
2017-07-03,0.8429752066115702,11.22,4689.61,126.63,1.026,-8.254570968678126e-05,0.0024018021851291,0.0048769727333966,0.01258884,0.0077118672666033,4.071428571428572e-05,0.0
2017-07-05,0.8317054845980466,11.07,4697.34,128.67,1.044,-4.119379621425266e-05,0.0016469677045907,0.0048980752146489,0.01225449,0.007356414785351,4.142857142857143e-05,0.0
2017-07-06,0.888731396172927,12.54,4655.02,127.25,1.034,0.0002076800066458,-0.009050183879611,0.0058096599922987,0.0157251599999999,0.0099155000077012,4.103174603174603e-05,0.0
2017-07-07,0.8276627218934911,11.19,4684.88,131.58,1.032,4.1306098845456967e-05,0.0063940945265062,0.006306572432258,0.01252161,0.0062150375677419,4.095238095238096e-05,0.0
2017-07-10,0.8322097378277153,11.11,4689.25,133.4,1.029,4.126178539753389e-05,0.0009323532565824,0.0063174019728349,0.0123432099999999,0.006025808027165,4.083333333333333e-05,0.0
2017-07-11,0.8275075987841946,10.89,4685.64,132.75,1.039,4.129415894118021e-05,-0.0007701424077359,0.0063163203674911,0.01185921,0.0055428896325088,4.123015873015873e-05,0.0
2017-07-12,0.8059467918622849,10.3,4720.28,134.95,1.044,-8.198065256603638e-05,0.0073656073213023,0.0069572707260496,0.010609,0.0036517292739504,4.142857142857143e-05,0.0
2017-07-13,0.7888446215139442,9.9,4729.25,138.35,1.034,0.0,0.0018985076917555,0.0067380491259361,0.009801,0.0030629508740638,4.103174603174603e-05,0.0
2017-07-14,0.7775960752248569,9.51,4751.43,137.71,1.034,-4.073070891806744e-05,0.0046789978072427,0.0069538422434219,0.00904401,0.002090167756578,4.103174603174603e-05,0.0
2017-07-17,0.7996742671009772,9.82,4751.33,139.87,1.039,0.0,-2.1046517012727597e-05,0.0068732245567423,0.00964324,0.0027700154432576,4.123015873015873e-05,0.0
2017-07-18,0.8073469387755102,9.89,4754.27,137.53,1.055,-4.0704182354815616e-05,0.0006185827499049,0.0068721371024383,0.00978121,0.0029090728975616,4.186507936507936e-05,0.0
2017-07-19,0.8158333333333333,9.79,4780.25,136.88,1.106,0.0,0.005449684787161,0.0064112896889152,0.0095844099999999,0.0031731203110847,4.388888888888889e-05,0.0
2017-07-20,0.7956810631229236,9.58,4779.84,130.88,1.141,4.047517859668875e-05,-8.577325114124098e-05,0.0057413537423328,0.0091776399999999,0.0034362862576671,4.527777777777778e-05,0.0
2017-07-21,0.7761194029850745,9.36,4778.07,134.53,1.162,0.0,-0.0003703738621171,0.0057376060948007,0.0087609599999999,0.0030233539051992,4.61111111111111e-05,0.0
2017-07-24,0.7832225913621262,9.43,4773.1,132.67,1.172,4.051781771030127e-05,-0.0010407102896449,0.0057601892771961,0.00889249,0.0031323007228038,4.650793650793651e-05,0.0
2017-07-25,0.7825726141078837,9.43,4787.04,135.61,1.159,0.0,0.0029162773515019,0.0058099292727944,0.00889249,0.0030825607272055,4.599206349206349e-05,0.0
2017-07-26,0.7927332782824112,9.6,4788.41,135.61,1.116,-4.0413021075353737e-05,0.0002861484336189,0.0058104550164422,0.009216,0.0034055449835577,4.428571428571429e-05,0.0
2017-07-27,0.8140096618357487,10.11,4784.26,140.81,1.098,4.0448983719247265e-05,-0.0008670517755212,0.0048122607767598,0.01022121,0.0054089492232401,4.357142857142857e-05,0.0
2017-07-28,0.8179650238473767,10.29,4778.02,139.91,1.08,4.050304785442933e-05,-0.0013051282509499,0.0040570665742216,0.0105884099999999,0.0065313434257783,4.2857142857142856e-05,0.0
2017-07-31,0.8227746591820368,10.26,4774.56,139.82,1.075,-0.0002431413867163,-0.0007244116566015,0.0029603604981512,0.01052676,0.0075663995018487,4.265873015873015e-05,0.0
2017-08-01,0.8137096774193548,10.09,4786.27,138.72,1.07,-8.086689309400871e-05,0.0024495793472801,0.00298112881782,0.01018081,0.0071996811821799,4.2460317460317464e-05,0.0
2017-08-02,0.8184713375796178,10.28,4789.54,142.02,1.07,0.0,0.0006829709710421,0.0029595834353304,0.0105678399999999,0.0076082565646695,4.2460317460317464e-05,0.0
2017-08-03,0.8194662480376765,10.44,4779.99,138.32,1.078,4.048992813034074e-05,-0.0019959189574316,0.0030598101536893,0.0108993599999999,0.0078395498463106,4.2777777777777785e-05,0.0
2017-08-04,0.7866666666666666,10.03,4789.11,139.81,1.075,4.04195549806629e-05,0.0019061359503713,0.0017722314247661,0.01006009,0.0082878585752338,4.265873015873015e-05,0.0
2017-08-07,0.7843601895734597,9.93,4797.13,138.91,1.054,4.0347798018886424e-05,0.0016732320223855,0.0014398696175503,0.00986049,0.0084206203824496,4.182539682539683e-05,0.0
2017-08-08,0.8303030303030304,10.96,4786.12,140.05,1.053,4.043753411924756e-05,-0.0022977601219055,0.0015809580090146,0.01201216,0.0104312019909853,4.178571428571428e-05,0.0
2017-08-09,0.8235730170496663,11.11,4784.94,141.2,1.049,0.0,-0.0002465766604699,0.0015612396389213,0.0123432099999999,0.0107819703610786,4.1626984126984126e-05,0.0
2017-08-10,0.9895126465144972,16.04,4717.4,136.48,1.035,4.1019751010074064e-05,-0.0142156852737103,0.0036875877334358,0.0257281599999999,0.0220405722665641,4.107142857142857e-05,0.0
2017-08-11,0.9463087248322148,15.51,4723.73,135.43,1.035,4.096597775555325e-05,0.0013409413806419,0.0036642346363739,0.0240560099999999,0.020391775363626,4.107142857142857e-05,0.0
2017-08-14,0.8857758620689655,12.33,4771.43,142.07,1.025,4.056548283073779e-05,0.0100473085802142,0.0046505647730916,0.01520289,0.0105523252269083,4.067460317460317e-05,0.0
2017-08-15,0.8661870503597121,12.04,4770.15,143.23,1.023,4.056548283073779e-05,-0.0002682993817961,0.0046526757974192,0.0144961599999999,0.0098434842025807,4.059523809523809e-05,0.0
2017-08-16,0.8645066273932254,11.74,4778.28,148.62,1.01,4.0498126961706296e-05,0.0017028981653857,0.0046785435119829,0.01378276,0.009104216488017,4.0079365079365075e-05,0.0
2017-08-17,0.963444857496902,15.55,4704.73,142.73,1.001,4.113110539842017e-05,-0.0155122634811966,0.0071993500107081,0.02418025,0.0169808999892918,3.9722222222222215e-05,0.0
2017-08-18,0.911182108626198,14.26,4696.22,128.86,1.006,0.0,-0.0018104558208416,0.0072058146795231,0.02033476,0.0131289453204768,3.992063492063492e-05,0.0
2017-08-21,0.8799199466310873,13.19,4701.82,131.61,0.981,8.232824270370161e-05,0.0011917379927681,0.007253601076019,0.0173976099999999,0.0101440089239809,3.892857142857142e-05,0.0
2017-08-22,0.8327219369038884,11.35,4748.73,135.72,1.003,0.0,0.0099275460733746,0.0086213164832987,0.0128822499999999,0.0042609335167012,3.98015873015873e-05,0.0
2017-08-23,0.8548499651081647,12.25,4732.76,129.98,0.999,4.089059720713502e-05,-0.0033686720340849,0.0085948359378357,0.0150062499999999,0.0064114140621642,3.964285714285714e-05,0.0
2017-08-24,0.8498957609451008,12.23,4723.03,129.95,1.016,4.097940784751933e-05,-0.0020579990533147,0.0086117943444596,0.01495729,0.0063454956555403,4.031746031746032e-05,0.0
2017-08-25,0.806290207290922,11.28,4731.46,130.16,1.011,0.0,0.0017832801629726,0.0086819001957904,0.01272384,0.0040419398042095,4.0119047619047614e-05,0.0
2017-08-28,0.8091493924231594,11.32,4733.97,128.32,1.025,0.0,0.0005303509843363,0.0086864036669878,0.01281424,0.0041278363330121,4.067460317460317e-05,0.0
2017-08-29,0.8286118980169972,11.7,4738.62,131.48,1.018,0.0,0.0009817801411245,0.0087091533473053,0.0136889999999999,0.0049798466526946,4.039682539682539e-05,0.0
2017-08-30,0.7934936350777935,11.22,4761.72,130.53,1.017,0.0,0.0048629934347065,0.0089499092893419,0.01258884,0.003638930710658,4.035714285714285e-05,0.0
2017-08-31,0.767391304347826,10.59,4789.18,134.0,0.994,4.041792130627046e-05,0.0057502592770949,0.0093765206132478,0.0112148099999999,0.0018382893867521,3.944444444444444e-05,0.0
2017-09-01,0.7454010301692422,10.13,4798.99,134.85,1.007,-8.069071249903265e-05,0.002046272317462,0.0093696462101882,0.01026169,0.0008920437898117,3.996031746031746e-05,0.0
2017-09-05,0.8388203017832647,12.23,4762.75,133.48,1.008,-0.0001218942364341,-0.0075802465930785,0.0100390280743589,0.01495729,0.004918261925641,4e-05,0.0
2017-09-06,0.8076388888888889,11.63,4777.69,136.48,1.06,0.0,0.0031319335821434,0.0101357299156507,0.01352569,0.0033899600843492,4.2063492063492065e-05,0.0
2017-09-07,0.8065642458100559,11.55,4777.93,135.39,1.044,0.0,5.023221937488865e-05,0.0100773708961761,0.01334025,0.0032628791038238,4.142857142857143e-05,0.0
2017-09-08,0.8250510551395507,12.12,4771.02,130.57,1.042,4.056054675624866e-05,-0.0014472797964491,0.0100996643185122,0.0146894399999999,0.0045897756814877,4.134920634920635e-05,0.0
2017-09-11,0.7741702741702743,10.73,4822.8,136.96,1.039,0.0,0.0107945537425423,0.0087336960968374,0.01151329,0.0027795939031625,4.123015873015873e-05,0.0
2017-09-12,0.7802359882005899,10.58,4839.31,139.6,1.036,-7.997440818942032e-05,0.003417476321125,0.0088005478463487,0.01119364,0.0023930921536512,4.111111111111112e-05,0.0
2017-09-13,0.7936507936507936,10.5,4843.04,142.74,1.039,3.9972019586366847e-05,0.0007704741482222,0.007753545064436,0.0110249999999999,0.0032714549355639,4.123015873015873e-05,0.0
2017-09-14,0.7933130699088146,10.44,4839.29,142.74,1.046,0.0,-0.0007746069773505,0.0077690951490927,0.0108993599999999,0.0031302648509072,4.150793650793651e-05,0.0
2017-09-15,0.7847222222222222,10.17,4848.84,144.54,1.031,-8.024716125671159e-05,0.0019714853316808,0.0077768486594844,0.01034289,0.0025660413405155,4.091269841269841e-05,0.0
2017-09-18,0.7998423955870765,10.15,4856.08,143.65,1.017,0.0,0.001492027001378,0.0043003524810059,0.01030225,0.006001897518994,4.035714285714285e-05,0.0
2017-09-19,0.7996857816182246,10.18,4861.52,142.64,1.035,0.0,0.0011196181296357,0.0041583658727249,0.01036324,0.006204874127275,4.107142857142857e-05,0.0
2017-09-20,0.7725118483412322,9.78,4864.61,138.94,1.035,0.0,0.0006354017690408,0.0041684667671418,0.00956484,0.0053963732328581,4.107142857142857e-05,0.0
2017-09-21,0.7638230647709321,9.67,4849.95,137.87,1.035,0.0,-0.0030181523668509,0.0034696382419454,0.0093508899999999,0.0058812517580545,4.107142857142857e-05,0.0
2017-09-22,0.7463035019455253,9.59,4853.2,137.5,1.025,0.0,0.0006698855776804,0.0032203087525341,0.00919681,0.0059765012474658,4.067460317460317e-05,0.0
2017-09-25,0.7817764165390506,10.21,4842.41,135.07,1.013,-8.033096356983496e-05,-0.0022257505106826,0.0032344049546108,0.01042441,0.0071900050453891,4.019841269841269e-05,0.0
2017-09-26,0.7811059907834101,10.17,4843.14,134.25,1.057,0.0,0.000150740020212,0.0032419247725773,0.01034289,0.0071009652274226,4.194444444444444e-05,0.0
2017-09-27,0.7645236250968241,9.87,4862.93,129.49,1.053,3.9996000399923626e-05,0.0040778662061933,0.0033410412487264,0.0097416899999999,0.0064006487512735,4.178571428571428e-05,0.0
2017-09-28,0.7484326018808778,9.55,4869.81,132.99,1.053,0.0,0.0014137850483979,0.0033400357844664,0.00912025,0.0057802142155335,4.178571428571428e-05,0.0
2017-09-29,0.7614091273018414,9.51,4887.97,137.75,1.049,3.980812483835643e-05,0.0037221624112168,0.003253233715703,0.00904401,0.0057907762842969,4.1626984126984126e-05,0.0
2017-10-02,0.7645631067961165,9.45,4906.92,138.02,1.027,3.963771131851242e-05,0.0038693693636799,0.0030821967019248,0.0089302499999999,0.0058480532980751,4.0753968253968256e-05,0.0
2017-10-03,0.7725426482534524,9.51,4917.73,137.15,1.053,3.95499218888683e-05,0.0022005881863199,0.0030859424351588,0.00904401,0.0059580675648411,4.178571428571428e-05,0.0
2017-10-04,0.7778675282714055,9.63,4924.19,144.19,1.064,3.9499930875085045e-05,0.0013127521718768,0.0020753766995783,0.00927369,0.0071983133004216,4.222222222222222e-05,0.0
2017-10-05,0.7545155993431856,9.19,4952.85,140.33,1.064,0.0,0.0058033743787616,0.0022649970150673,0.00844561,0.0061806129849326,4.222222222222222e-05,0.0
2017-10-06,0.7757234726688104,9.65,4949.09,140.35,1.065,-3.9305858538179376e-05,-0.0007594471751431,0.0023068230313507,0.00931225,0.0070054269686492,4.226190476190476e-05,0.0
2017-10-09,0.8114689709347996,10.33,4940.16,139.83,1.065,7.874325760860754e-05,-0.0018060019571163,0.0023366011693053,0.01067089,0.0083342888306946,4.226190476190476e-05,0.0
2017-10-10,0.8083400160384924,10.08,4951.77,139.24,1.077,7.85638527713801e-05,0.0023473690839021,0.0012481694528023,0.01016064,0.0089124705471976,4.273809523809524e-05,0.0
2017-10-11,0.8047385620915032,9.85,4960.79,138.74,1.09,3.921799321536297e-05,0.0018199138243974,0.0011918056044312,0.0097022499999999,0.0085104443955687,4.3253968253968256e-05,0.0
2017-10-12,0.8083197389885808,9.91,4952.85,136.36,1.075,3.927035677126717e-05,-0.0016018337760401,0.0012838586743731,0.00982081,0.0085369513256268,4.265873015873015e-05,0.0
2017-10-13,0.8021702838063438,9.61,4957.27,138.28,1.07,3.9228762528650354e-05,0.0008920175120141,0.0012398176941753,0.0092352099999999,0.0079953923058246,4.2460317460317464e-05,0.0
2017-10-16,0.8299832495812396,9.91,4966.05,147.53,1.07,3.916883727302992e-05,0.0017695695172832,0.0012361117643697,0.00982081,0.0085846982356302,4.2460317460317464e-05,0.0
2017-10-17,0.8556016597510373,10.31,4969.38,150.12,1.094,3.914890285196197e-05,0.0006703283349974,0.0012368706925392,0.01062961,0.0093927393074607,4.341269841269841e-05,0.0
2017-10-18,0.8447986577181208,10.07,4973.28,147.95,1.09,3.911215410196275e-05,0.0007844983535626,0.0012380380244193,0.01014049,0.0089024519755806,4.3253968253968256e-05,0.0
2017-10-19,0.8403010033444817,10.05,4975.32,146.16,1.089,3.908922114734419e-05,0.000410107960636,0.0012411843705729,0.01010025,0.008859065629427,4.321428571428571e-05,0.0
2017-10-20,0.8413502109704643,9.97,5001.11,148.81,1.104,3.8896127890654225e-05,0.0051701976456964,0.0012018720195223,0.00994009,0.0087382179804777,4.380952380952381e-05,0.0
2017-10-23,0.8820717131474103,11.07,4981.37,142.46,1.091,0.0,-0.0039549341907557,0.0015507985363361,0.01225449,0.0107036914636638,4.3293650793650795e-05,0.0
2017-10-24,0.8808208366219417,11.16,4989.56,142.15,1.113,3.898559482267755e-05,0.0016427759179678,0.00139239552195,0.01245456,0.0110621644780499,4.4166666666666665e-05,0.0
2017-10-25,0.8671814671814673,11.23,4966.29,138.0,1.103,3.916270144310993e-05,-0.0046746470417463,0.0018268166015571,0.01261129,0.0107844733984428,4.376984126984127e-05,0.0
2017-10-26,0.8739365815931942,11.3,4972.6,135.36,1.102,3.914277326545026e-05,0.001269759670908,0.0017174880960377,0.012769,0.0110515119039622,4.373015873015873e-05,0.0
2017-10-27,0.8013082583810303,9.8,5012.75,135.7,1.098,3.8819122299609495e-05,0.0080418245485556,0.002303418790784,0.009604,0.0073005812092159,4.357142857142857e-05,0.0
2017-10-30,0.8353221957040573,10.5,4997.15,132.54,1.098,3.894005179023346e-05,-0.0031169167783334,0.0024606228991114,0.0110249999999999,0.0085643771008885,4.357142857142857e-05,0.0
2017-10-31,0.8222940226171244,10.18,5002.03,131.81,1.132,3.888856481748004e-05,0.0009760801160584,0.0023556548329612,0.01036324,0.0080075851670387,4.492063492063492e-05,0.0
2017-11-01,0.8114558472553699,10.2,5009.99,129.05,1.162,3.883268935786616e-05,0.001590089048396,0.0023403362001457,0.0104039999999999,0.0080636637998542,4.61111111111111e-05,0.0
2017-11-02,0.7831230283911672,9.93,5011.48,128.97,1.163,3.8819122299609495e-05,0.0002973615669116,0.0023417654488597,0.00986049,0.0075187245511402,4.615079365079365e-05,0.0
2017-11-03,0.7359098228663447,9.14,5027.49,130.34,1.172,3.870193703191325e-05,0.0031895729488138,0.002096607515988,0.00835396,0.0062573524840119,4.650793650793651e-05,0.0
2017-11-06,0.7478122513922036,9.4,5034.3,130.52,1.181,3.86376369220907e-05,0.001353636090566,0.002071820432721,0.008836,0.0067641795672789,4.686507936507937e-05,0.0
2017-11-07,0.7750783699059561,9.89,5033.38,129.15,1.205,3.8655559635829474e-05,-0.0001827630601212,0.0019963117344599,0.00978121,0.00778489826554,4.781746031746032e-05,0.0
2017-11-08,0.7593167701863353,9.78,5040.74,131.5,1.227,3.8604821742419944e-05,0.0014611700693414,0.0019731939003331,0.00956484,0.0075916460996668,4.8690476190476194e-05,0.0
2017-11-09,0.7990867579908676,10.5,5023.01,128.95,1.228,3.87154222884334e-05,-0.0035235410942568,0.0021849496784249,0.0110249999999999,0.008840050321575,4.8730158730158726e-05,0.0
2017-11-10,0.8295371050698016,11.29,5020.31,130.56,1.223,3.8751428958907615e-05,-0.0005376708230037,0.0021396658417497,0.0127464099999999,0.0106067441582502,4.853174603174604e-05,0.0
2017-11-13,0.8363636363636363,11.5,5025.36,129.75,1.213,3.8712424752689175e-05,0.0010054083849852,0.0021405282147395,0.013225,0.0110844717852604,4.813492063492064e-05,0.0
2017-11-14,0.8320172290021536,11.59,5014.53,130.15,1.242,3.8793521481877245e-05,-0.0021573949914895,0.0022147506356088,0.01343281,0.0112180593643911,4.928571428571429e-05,0.0
2017-11-15,0.8956343792633016,13.13,4987.96,135.21,1.242,3.89931956873171e-05,-0.0053126896390991,0.0026129915173225,0.01723969,0.0146266984826774,4.928571428571429e-05,0.0
2017-11-16,0.8424068767908309,11.76,5030.48,136.3,1.26,3.869295207874366e-05,0.0084883984546824,0.0034429931514398,0.01382976,0.0103867668485601,5e-05,0.0
2017-11-17,0.8282608695652174,11.43,5017.45,137.19,1.262,3.877246379617666e-05,-0.0025935704774961,0.0035614354323675,0.01306449,0.0095030545676324,5.0079365079365074e-05,0.0
2017-11-20,0.8019578313253013,10.65,5024.01,135.83,1.264,3.872141875274789e-05,0.0013065830931452,0.0032762735156295,0.01134225,0.0080659764843704,5.015873015873016e-05,0.0
2017-11-21,0.7752988047808765,9.73,5056.95,133.56,1.278,7.697044334990245e-05,0.0065351151542382,0.0034937743283641,0.00946729,0.0059735156716358,5.071428571428571e-05,0.0
2017-11-22,0.7942122186495177,9.88,5053.6,132.52,1.287,3.8494851313601794e-05,-0.0006626741616612,0.0035037747834122,0.00976144,0.0062576652165877,5.107142857142857e-05,0.0
2017-11-24,0.7785829307568438,9.67,5064.23,130.98,1.266,7.685508972824736e-05,0.0021012418495162,0.0031528230657507,0.0093508899999999,0.0061980669342492,5.023809523809524e-05,0.0
2017-11-27,0.7852028639618137,9.87,5062.85,130.18,1.247,0.0,-0.0002725366065126,0.0031681603317375,0.0097416899999999,0.0065735296682624,4.948412698412699e-05,0.0
2017-11-28,0.817440912795436,10.03,5112.91,124.08,1.279,3.805537056413626e-05,0.0098391479070896,0.0035323659659143,0.01006009,0.0065277240340856,5.075396825396825e-05,0.0
2017-11-29,0.8346333853354133,10.7,5111.68,126.28,1.289,3.806406181621813e-05,-0.0002405964456145,0.0033374339537893,0.0114489999999999,0.0081115660462106,5.115079365079365e-05,0.0
2017-11-30,0.8650306748466258,11.28,5155.44,128.9,1.26,3.775935960122682e-05,0.0085243505448613,0.0040015611543843,0.01272384,0.0087222788456156,5e-05,0.0
2017-12-01,0.8606927710843374,11.43,5145.21,128.83,1.262,0.0,-0.0019862830721138,0.0041413850974318,0.01306449,0.0089231049025681,5.0079365079365074e-05,0.0
2017-12-04,0.8619926199261992,11.68,5139.91,132.14,1.272,7.571742257886655e-05,-0.0010306151934298,0.0041950365915352,0.01364224,0.0094472034084647,5.047619047619048e-05,0.0
2017-12-05,0.8367799113737076,11.33,5120.92,132.07,1.297,3.799464275533694e-05,-0.0037014591765989,0.0044202375467629,0.01283689,0.008416652453237,5.146825396825396e-05,0.0
2017-12-06,0.8193308550185874,11.02,5120.46,130.98,1.285,3.798742616190585e-05,-8.983164384277928e-05,0.0044278964299441,0.0121440399999999,0.0077161435700558,5.099206349206349e-05,0.0
2017-12-07,0.785769528228925,10.16,5136.37,130.84,1.283,3.787376673565152e-05,0.0031023255256017,0.0044753715020393,0.01032256,0.0058471884979606,5.091269841269841e-05,0.0
2017-12-08,0.768860353130016,9.58,5165.19,132.54,1.275,3.766833035122292e-05,0.0055952836637203,0.0047322032912718,0.0091776399999999,0.0044454367087281,5.059523809523809e-05,0.0
2017-12-11,0.760586319218241,9.34,5181.75,133.98,1.289,0.0,0.0032009490998462,0.0044809350307627,0.00872356,0.0042426249692372,5.115079365079365e-05,0.0
2017-12-12,0.7948717948717948,9.92,5189.96,133.02,1.328,3.748055696104235e-05,0.0015831529641258,0.0044269906115409,0.00984064,0.005413649388459,5.26984126984127e-05,0.0
2017-12-13,0.8144,10.18,5187.68,134.71,1.299,3.74889876098555e-05,-0.0004394062689945,0.0044730551326633,0.01036324,0.0058901848673366,5.154761904761905e-05,0.0
2017-12-14,0.8195312499999999,10.49,5167.45,134.03,1.306,0.0,-0.0039072470817657,0.0046716842863779,0.01100401,0.006332325713622,5.182539682539683e-05,0.0
2017-12-15,0.7798013245033113,9.42,5214.1,135.73,1.317,3.751148789313317e-05,0.0089871577922537,0.0046955768158537,0.00887364,0.0041780631841462,5.226190476190476e-05,0.0
2017-12-18,0.7895608947804473,9.53,5242.28,132.72,1.341,3.727935283040096e-05,0.0053900237414061,0.0043128663105624,0.00908209,0.0047692236894375,5.321428571428571e-05,0.0
2017-12-19,0.8017585931254996,10.03,5225.43,130.69,1.367,3.742024809621084e-05,-0.0032194270864932,0.0043894446161677,0.01006009,0.0056706453838322,5.424603174603174e-05,0.0
2017-12-20,0.7857720291026679,9.72,5221.79,133.15,1.376,3.743145365068125e-05,-0.0006968361243073,0.0044692877681142,0.00944784,0.0049785522318857,5.46031746031746e-05,0.0
2017-12-21,0.7789473684210526,9.62,5232.16,132.63,1.345,3.736711320363546e-05,0.0019839397359608,0.0041792113463912,0.00925444,0.0050752286536087,5.337301587301587e-05,0.0
2017-12-22,0.7926341072858287,9.9,5229.79,134.4,1.326,3.738247883213736e-05,-0.0004530704200538,0.0041676712066188,0.009801,0.0056333287933811,5.261904761904762e-05,0.0
2017-12-26,0.812202852614897,10.25,5224.51,135.6,1.335,3.744126401703917e-05,-0.0010101107580502,0.0042470394878574,0.0105062499999999,0.0062592105121425,5.297619047619047e-05,0.0
2017-12-27,0.8276679841897233,10.47,5229.01,138.43,1.436,3.740205337269615e-05,0.0008609540667576,0.0042122903729123,0.01096209,0.0067497996270876,5.6984126984126985e-05,0.0
2017-12-28,0.7978056426332288,10.18,5239.59,137.82,1.38,3.7333632002355394e-05,0.0020212833811827,0.0033102552287884,0.01036324,0.0070529847712115,5.476190476190476e-05,0.0
2017-12-29,0.8433919022154316,11.04,5212.76,137.05,1.382,3.745528775021407e-05,-0.0051337850200262,0.0037709525443196,0.01218816,0.0084172074556803,5.484126984126984e-05,0.0
2018-01-02,0.774781919111816,9.77,5256.28,135.37,1.394,3.722661703114344e-05,0.0083140862370429,0.0037312561477321,0.00954529,0.0058140338522678,5.531746031746032e-05,0.0
2018-01-03,0.7426948051948052,9.15,5289.92,133.43,1.395,3.6973360693796784e-05,0.0063795706685947,0.0039578922307178,0.00837225,0.0044143577692821,5.535714285714286e-05,0.0
2018-01-04,0.7532679738562091,9.22,5312.33,131.24,1.4,3.683037769548977e-05,0.004227410856014,0.0039780855956079,0.00850084,0.004522754404392,5.555555555555555e-05,0.0
2018-01-05,0.7645107794361526,9.22,5349.69,127.03,1.399,3.658246602400141e-05,0.007008081565343,0.0039314322730234,0.00850084,0.0045694077269765,5.551587301587302e-05,0.0
2018-01-08,0.7835390946502057,9.52,5358.68,128.0,1.41,0.0,0.0016790607930217,0.0038722054132767,0.0090630399999999,0.0051908345867232,5.595238095238095e-05,0.0
2018-01-09,0.8122481869460113,10.08,5367.26,126.37,1.428,0.0,0.0015998601204331,0.0038638202416159,0.01016064,0.006296819758384,5.6666666666666664e-05,0.0
2018-01-10,0.7944983818770227,9.82,5361.33,129.12,1.422,7.297139521301011e-05,-0.0011054575864843,0.0038113726351695,0.00964324,0.0058318673648304,5.642857142857143e-05,0.0
2018-01-11,0.8125,9.88,5399.46,126.1,1.43,3.622335319577239e-05,0.0070868699390572,0.0041322359889098,0.00976144,0.0056292040110901,5.674603174603175e-05,0.0
2018-01-12,0.8327868852459017,10.16,5435.92,124.95,1.441,3.5988699548309086e-05,0.0067298309072517,0.0044012438701966,0.01032256,0.0059213161298033,5.718253968253969e-05,0.0
2018-01-16,0.8813303099017384,11.66,5416.86,128.65,1.422,7.216048491859813e-05,-0.0035124676987733,0.0047193460543837,0.01359556,0.0088762139456162,5.642857142857143e-05,0.0
2018-01-17,0.8988679245283019,11.91,5467.85,136.19,1.442,3.576218149303855e-05,0.0093691743734789,0.0048385518213509,0.0141848099999999,0.009346258178649,5.722222222222222e-05,0.0
2018-01-18,0.8998527245949927,12.22,5459.5,131.41,1.43,3.581212956825221e-05,-0.0015282756798687,0.004496970632752,0.01493284,0.0104358693672479,5.674603174603175e-05,0.0
2018-01-19,0.8642638036809817,11.27,5483.57,132.28,1.431,7.133939718223169e-05,0.004399138234099,0.004428848133058,0.0127012899999999,0.0082724418669419,5.678571428571428e-05,0.0
2018-01-22,0.8491147036181678,11.03,5527.89,127.18,1.42,3.5378818701412497e-05,0.0080498388637644,0.0044299957074099,0.01216609,0.00773609429259,5.634920634920634e-05,0.0
2018-01-23,0.8396369137670197,11.1,5540.13,122.95,1.437,7.060900264777339e-05,0.0022117786180009,0.0042840419746914,0.012321,0.0080369580253085,5.702380952380952e-05,0.0
2018-01-24,0.8477457501847747,11.47,5537.03,120.2,1.432,3.531135789823586e-05,-0.0005597102652539,0.0044151462033675,0.01315609,0.0087409437966324,5.682539682539682e-05,0.0
2018-01-25,0.8464912280701755,11.58,5540.38,121.87,1.421,3.530138557935189e-05,0.0006048345420321,0.0043446015158111,0.01340964,0.0090650384841888,5.638888888888889e-05,0.0
2018-01-26,0.8231797919762258,11.08,5606.08,117.99,1.418,3.4913153530560894e-05,0.0117886326006935,0.0050984445535357,0.0122766399999999,0.0071781954464642,5.626984126984127e-05,0.0
2018-01-29,0.923282188125417,13.84,5568.67,118.8,1.408,7.022471910105973e-05,-0.0066954768125605,0.0062588854886839,0.0191545599999999,0.012895674511316,5.5873015873015865e-05,0.0
2018-01-30,0.934301958307012,14.79,5508.36,122.85,1.446,7.096980234903592e-05,-0.0108893080450646,0.0085764901601599,0.02187441,0.01329791983984,5.738095238095238e-05,0.0
2018-01-31,0.9087248322147652,13.54,5511.21,121.23,1.459,7.091947094068229e-05,0.0005172615743711,0.0078893949562869,0.0183331599999999,0.010443765043713,5.78968253968254e-05,0.0
2018-02-01,0.9150815217391304,13.47,5508.7,120.59,1.483,7.102524947632605e-05,-0.0004555391184512,0.0075607989503839,0.01814409,0.010583291049616,5.884920634920636e-05,0.0
2018-02-02,1.016441573693482,17.31,5392.21,126.45,1.479,3.625750077043891e-05,-0.0213733412244704,0.0139038904839182,0.0299636099999999,0.0160597195160817,5.869047619047619e-05,0.0
2018-02-05,1.326697476004266,37.32,5171.26,117.33,1.484,0.000189383178986,-0.0418389468790986,0.0355204447854417,0.1392782399999999,0.1037577952145582,5.888888888888888e-05,1.0
2018-02-06,1.2623157894736845,29.98,5262.02,129.61,1.519,0.000111555266338,0.0173986108870161,0.0389865902977612,0.08988004,0.0508934497022388,6.027777777777777e-05,1.0
2018-02-07,1.2040816326530612,27.73,5235.84,136.9,1.545,3.734339115352895e-05,-0.0049876935439201,0.0391056609424572,0.0768952899999999,0.0377896290575427,6.13095238095238e-05,1.0
2018-02-08,1.2242956458104648,33.46,5040.06,130.92,1.544,0.0001162272630415,-0.0381093031288207,0.0553214942077151,0.11195716,0.0566356657922848,6.126984126984128e-05,1.0
2018-02-09,1.1661316211878008,29.06,5116.99,128.51,1.56,3.8200744914491094e-05,0.015148388776644,0.059265783970571,0.0844483599999999,0.0251825760294289,6.19047619047619e-05,1.0
2018-02-12,1.1202974628171478,25.61,5188.37,148.02,1.576,7.55001887506178e-05,0.0138532067873338,0.0614023225502101,0.0655872099999999,0.0041848874497898,6.253968253968253e-05,1.0
2018-02-13,1.1024282560706402,24.97,5202.22,143.07,1.589,3.758197568442756e-05,0.0026658752202783,0.0607168164958756,0.0623500899999999,0.0016332735041243,6.305555555555556e-05,1.0
2018-02-14,0.9958634953464324,19.26,5273.43,127.84,1.576,7.41949844189858e-05,0.0135955471711019,0.0636168641646692,0.03709476,-0.0265221041646692,6.253968253968253e-05,1.0
2018-02-15,1.0026205450733754,19.13,5338.35,131.67,1.593,7.330572151149731e-05,0.0122356117315156,0.0644845428104065,0.03659569,-0.0278888528104064,6.321428571428571e-05,1.0
2018-02-16,1.015127803860198,19.46,5340.82,137.8,1.594,0.0001097554283206,0.0004625827745123,0.0645126943412109,0.03786916,-0.0266435343412109,6.325396825396825e-05,1.0
2018-02-20,1.0294852573713142,20.6,5309.99,131.63,1.6,0.0,-0.0057892472228042,0.0643601612563891,0.042436,-0.021924161256389,6.349206349206349e-05,1.0
2018-02-21,0.9995007488766848,20.02,5280.91,130.03,1.644,3.704732796143708e-05,-0.005491520660178,0.0632909449722808,0.04008004,-0.0232109049722808,6.523809523809524e-05,1.0
2018-02-22,0.982161594963274,18.72,5286.5,134.31,1.636,7.398638650481582e-05,0.0010579698377195,0.0631793250225028,0.0350438399999999,-0.0281354850225028,6.492063492063492e-05,1.0
2018-02-23,0.9422857142857142,16.49,5371.56,139.2,1.641,3.64172690691664e-05,0.0159619679358591,0.0671509599729543,0.0271920099999999,-0.0399589499729543,6.511904761904762e-05,1.0
2018-02-26,0.933806146572104,15.8,5435.38,131.72,1.641,3.5986109361753625e-05,0.0118110662060876,0.0692367139534867,0.024964,-0.0442727139534867,6.511904761904762e-05,1.0
2018-02-27,0.97739221871714,18.59,5367.09,132.27,1.663,3.641594289976841e-05,-0.012643573133526,0.0685807713145546,0.03455881,-0.0340219613145546,6.599206349206348e-05,1.0
2018-02-28,0.9979889391654098,19.85,5308.09,138.95,1.656,3.682630871491246e-05,-0.0110537903338379,0.0693162225344894,0.03940225,-0.0299139725344894,6.571428571428571e-05,1.0
2018-03-01,1.049019607843137,22.47,5238.18,136.54,1.616,0.0,-0.013257962108776,0.0698973135454247,0.0504900899999999,-0.0194072235454247,6.412698412698413e-05,1.0
2018-03-02,0.986404833836858,19.59,5265.24,127.48,1.644,7.433286255846952e-05,0.0051526188363507,0.0704953241052011,0.03837681,-0.0321185141052011,6.523809523809524e-05,1.0
2018-03-05,0.9750130140551796,18.73,5323.36,130.12,1.66,7.348078477471457e-05,0.0109779543462737,0.0725591988879985,0.03508129,-0.0374779088879985,6.587301587301587e-05,1.0
2018-03-06,0.9542619542619544,18.36,5337.69,128.41,1.67,3.665084571843995e-05,0.0026882921719979,0.0675351340497079,0.0337089599999999,-0.0338261740497079,6.626984126984126e-05,1.0
2018-03-07,0.9426751592356688,17.76,5335.47,128.17,1.679,0.0,-0.0004159967679701,0.0449566749854314,0.03154176,-0.0134149149854314,6.662698412698412e-05,1.0
2018-03-08,0.9097909790979096,16.54,5360.73,129.62,1.657,7.298204641672258e-05,0.0047231814960931,0.0418026844622218,0.02735716,-0.0144455244622218,6.575396825396826e-05,1.0
2018-03-09,0.8606701940035273,14.64,5454.03,127.79,1.664,0.0001076986591515,0.0172546251193272,0.0444476461337626,0.02143296,-0.0230146861337626,6.603174603174603e-05,0.0
2018-03-12,0.8865168539325842,15.78,5447.1,141.98,1.678,0.0001076870613996,-0.0012714279957297,0.0235497799660804,0.0249008399999999,0.0013510600339195,6.658730158730159e-05,0.0
2018-03-13,0.9058171745152356,16.35,5412.75,140.43,1.715,7.222563287724769e-05,-0.0063260753242387,0.0228873489314589,0.02673225,0.003844901068541,6.805555555555556e-05,0.0
2018-03-14,0.917465388711395,17.23,5383.27,141.66,1.753,-3.632598942931053e-05,-0.0054612854128863,0.0219235979277668,0.02968729,0.0077636920722331,6.956349206349207e-05,0.0
2018-03-15,0.9110378912685336,16.59,5379.39,146.55,1.765,0.0,-0.0007210113797308,0.0219835941863901,0.0275228099999999,0.0055392158136098,7.003968253968254e-05,0.0
2018-03-16,0.890642615558061,15.8,5388.74,147.35,1.773,7.29261622606447e-05,0.0017366065138166,0.0200848228135765,0.024964,0.0048791771864234,7.035714285714285e-05,0.0
2018-03-19,0.9814241486068112,19.02,5312.23,143.96,1.759,3.6937852063868886e-05,-0.0142998819299905,0.0210413003150222,0.03617604,0.0151347396849777,6.980158730158729e-05,0.0
2018-03-20,0.9639830508474576,18.2,5320.2,139.52,1.791,7.381980585384346e-05,0.0014991872023152,0.021072380024793,0.033124,0.0120516199752069,7.107142857142856e-05,0.0
2018-03-21,0.9545697487974344,17.86,5310.96,133.69,1.746,7.39371534195261e-05,-0.001738286758296,0.0206971171093137,0.0318979599999999,0.0112008428906862,6.928571428571429e-05,0.0
2018-03-22,1.077562326869806,23.34,5177.52,131.52,1.716,7.569736194708244e-05,-0.0254464327252622,0.0282413600607857,0.05447556,0.0262341999392142,6.809523809523808e-05,0.0
2018-03-23,1.091268100043879,24.87,5069.03,130.79,1.721,3.873191703619848e-05,-0.0211766993485358,0.0330535758334521,0.06185169,0.0287981141665478,6.829365079365079e-05,0.0
2018-03-26,1.0159420289855072,21.03,5206.69,128.96,1.743,3.772090303838443e-05,0.0267948593676622,0.0393653014986156,0.04422609,0.0048607885013843,6.916666666666668e-05,0.0
2018-03-27,1.0255241567912488,22.5,5116.75,128.65,1.759,7.669888019627938e-05,-0.0174248652900257,0.0398267459816623,0.050625,0.0107982540183376,6.980158730158729e-05,0.0
2018-03-28,1.0251008516360378,22.87,5102.69,128.33,1.722,7.69526741055739e-05,-0.0027516202201241,0.0385662871093815,0.05230369,0.0137374028906185,6.833333333333333e-05,0.0
2018-03-29,0.9717761557177614,19.97,5173.19,119.34,1.706,3.7965792820634054e-05,0.0137216678602749,0.0405327547323643,0.0398800899999999,-0.0006526647323643,6.769841269841269e-05,0.0
2018-04-02,1.0465219317678334,23.62,5057.69,119.68,1.719,7.766387076724842e-05,-0.0225796621951036,0.0444019126320846,0.05579044,0.0113885273679154,6.821428571428572e-05,0.0
2018-04-03,1.003805899143673,21.1,5121.7,118.38,1.744,7.675480676970415e-05,0.0125765578687707,0.0463396376759914,0.044521,-0.0018186376759914,6.920634920634921e-05,0.0
2018-04-04,0.9823702252693436,20.06,5181.31,119.23,1.698,0.0,0.0115715048603075,0.0465277548644377,0.04024036,-0.0062873948644376,6.738095238095238e-05,0.0
2018-04-05,0.9658337582865886,18.94,5217.62,121.51,1.708,-7.529553497470751e-05,0.00698343917403,0.0471795126782939,0.03587236,-0.0113071526782939,6.777777777777777e-05,0.0
2018-04-06,1.0136792452830188,21.49,5103.35,122.39,1.712,-0.000115475663504,-0.0221441723901065,0.0524794337829029,0.0461820099999999,-0.0062974237829029,6.793650793650794e-05,0.0
2018-04-09,1.0254357041921809,21.77,5121.9,119.9,1.713,0.0,0.0036282771276897,0.0523050581404503,0.04739329,-0.0049117681404503,6.797619047619047e-05,0.0
2018-04-10,1.0034313725490196,20.47,5207.73,121.25,1.723,0.0,0.0166185962812239,0.0519985724806101,0.0419020899999999,-0.0100964824806101,6.837301587301588e-05,0.0
2018-04-11,0.993618065783014,20.24,5179.19,122.27,1.723,3.791541071865213e-05,-0.0054953868565292,0.05211377936258,0.04096576,-0.01114801936258,6.837301587301588e-05,0.0
2018-04-12,0.95902489626556,18.49,5222.55,122.29,1.746,3.7607416182650755e-05,0.0083371149737305,0.0532437659473739,0.0341880099999999,-0.0190557559473739,6.928571428571429e-05,0.0
2018-04-13,0.938544474393531,17.41,5207.57,126.0,1.752,-0.0001508693848299,-0.0028724521481966,0.0530790317524192,0.03031081,-0.0227682217524192,6.952380952380952e-05,0.0
2018-04-16,0.9292929292929292,16.56,5249.94,131.47,1.742,0.0,0.0081033117534079,0.0542044998923374,0.02742336,-0.0267811398923374,6.912698412698413e-05,1.0
2018-04-17,0.9077380952380952,15.25,5305.9,130.57,1.785,3.701715745244556e-05,0.010602760982384,0.0557949669102886,0.02325625,-0.0325387169102886,7.083333333333332e-05,1.0
2018-04-18,0.9285714285714284,15.6,5310.32,146.26,1.812,3.698703604383298e-05,0.0008326881423691,0.0533710989509379,0.024336,-0.0290350989509379,7.19047619047619e-05,1.0
2018-04-19,0.9322429906542056,15.96,5280.57,138.2,1.814,3.7193387015754765e-05,-0.0056180506545983,0.0537070026994703,0.02547216,-0.0282348426994703,7.198412698412698e-05,1.0
2018-04-20,0.9525959367945824,16.88,5235.75,133.07,1.805,-3.7503047122544605e-05,-0.0085239459004685,0.0544959069312548,0.0284934399999999,-0.0260024669312548,7.162698412698412e-05,1.0
2018-04-23,0.94178674351585,16.34,5236.04,126.48,1.82,-3.751289505764196e-05,5.5386901394006746e-05,0.0463834400061095,0.0266995599999999,-0.0196838800061095,7.222222222222223e-05,1.0
2018-04-24,0.988480526604498,18.02,5166.1,126.5,1.853,3.801775429143555e-05,-0.0134474356151488,0.0428713488928008,0.03247204,-0.0103993088928008,7.353174603174603e-05,1.0
2018-04-25,0.9786066922654963,17.84,5175.59,124.29,1.847,0.0,0.0018352904919324,0.0340617856749614,0.03182656,-0.0022352256749614,7.32936507936508e-05,0.0
2018-04-26,0.9392712550607288,16.24,5229.61,127.08,1.813,0.0,0.0103833631920305,0.0313304984667227,0.0263737599999999,-0.0049567384667227,7.194444444444445e-05,0.0
2018-04-27,0.902224824355972,15.41,5235.73,128.4,1.807,0.0,0.0011695751304078,0.0311404492419426,0.02374681,-0.0073936392419426,7.17063492063492e-05,0.0
2018-04-30,0.9186851211072664,15.93,5193.04,130.77,1.802,0.0,-0.0081870131279028,0.0300012910860622,0.0253764899999999,-0.0046248010860622,7.150793650793651e-05,0.0
2018-05-01,0.9160260201064458,15.49,5206.31,128.21,1.839,-0.0001132182281348,0.0025520839672553,0.0231648974271008,0.02399401,0.0008291125728991,7.297619047619047e-05,0.0
2018-05-02,0.925260718424102,15.97,5168.79,122.42,1.826,3.799464275533694e-05,-0.007232732901538,0.0222840975964343,0.02550409,0.0032199924035656,7.246031746031747e-05,0.0
2018-05-03,0.93364650616559,15.9,5157.7,126.79,1.827,0.0,-0.002147874885565,0.0206928317191241,0.025281,0.0045881682808758,7.249999999999999e-05,0.0
2018-05-04,0.8870870870870872,14.77,5224.71,127.37,1.83,-0.0001127883151304,0.0129085502288665,0.0221893050906543,0.02181529,-0.0003740150906543,7.261904761904762e-05,0.0
2018-05-07,0.885885885885886,14.75,5242.87,123.04,1.829,0.0,0.0034697644000652,0.0157270260381408,0.0217562499999999,0.0060292239618591,7.257936507936508e-05,0.0
2018-05-08,0.8925970873786409,14.71,5241.53,125.1,1.859,3.746791809509697e-05,-0.0002556178717516,0.0156786342683751,0.02163841,0.0059597757316248,7.376984126984127e-05,0.0
2018-05-09,0.8504435994930292,13.42,5292.9,126.05,1.882,-3.71105709463112e-05,0.0097528593734634,0.0135592210264871,0.0180096399999999,0.0044504189735128,7.468253968253968e-05,0.0
2018-05-10,0.8681102362204725,13.23,5343.7,129.35,1.888,-0.0001103002003785,0.0095519971140201,0.0138995653358231,0.01750329,0.0036037246641768,7.492063492063491e-05,0.0
2018-05-11,0.8535762483130904,12.65,5354.69,131.59,1.902,0.0,0.0020545154674232,0.0132890188289139,0.01600225,0.002713231171086,7.547619047619046e-05,0.0
2018-05-14,0.8898830006882312,12.93,5359.66,133.97,1.898,3.664278778346952e-05,0.0009277278335064,0.0130732899715338,0.01671849,0.0036452000284661,7.531746031746032e-05,0.0
2018-05-15,0.9265357821405954,14.63,5323.23,136.76,1.906,0.0,-0.0068202782609028,0.0132139338954645,0.02140369,0.0081897561045354,7.563492063492063e-05,0.0
2018-05-16,0.8863936591809775,13.42,5346.33,134.45,1.902,-7.347538574570835e-05,0.0043300822326304,0.0121144518959359,0.0180096399999999,0.005895188104064,7.547619047619046e-05,0.0
2018-05-17,0.8941411451398136,13.43,5343.29,134.78,1.902,7.352130279762767e-05,-0.0005687760803386,0.0121213792660295,0.01803649,0.0059151107339704,7.547619047619046e-05,0.0
2018-05-18,0.8834759710335748,13.42,5329.66,133.32,1.891,3.6853452247315214e-05,-0.0025541218519063,0.0117774989223995,0.0180096399999999,0.0062321410776004,7.503968253968254e-05,0.0
2018-05-21,0.8904016337644657,13.08,5369.19,134.02,1.903,3.658246602400141e-05,0.0073896128803279,0.0112214026164427,0.01710864,0.0058872373835572,7.551587301587302e-05,0.0
2018-05-22,0.8884408602150538,13.22,5352.45,134.61,1.927,-3.6687150325565096e-05,-0.0031226591459221,0.01143414468312,0.01747684,0.0060426953168799,7.646825396825397e-05,0.0
2018-05-23,0.8687845303867403,12.58,5369.99,135.61,1.909,3.657978966617615e-05,0.0032716463128157,0.0086816305725294,0.01582564,0.0071440094274705,7.575396825396825e-05,0.0
2018-05-24,0.8683298683298682,12.53,5359.32,139.24,1.897,0.0,-0.0019889449587076,0.0088578937850267,0.01570009,0.0068421962149732,7.527777777777777e-05,0.0
2018-05-25,0.8914362778152394,13.22,5347.31,140.78,1.892,3.6739717471539227e-05,-0.0022434706415284,0.007995755849928,0.01747684,0.0094810841500719,7.507936507936507e-05,0.0
2018-05-29,0.9935785172212492,17.02,5285.7,141.84,1.881,-3.715883544206345e-05,-0.0115885698388542,0.0099137229522919,0.0289680399999999,0.019054317047708,7.464285714285715e-05,0.0
2018-05-30,0.93375,14.94,5353.76,143.89,1.918,3.668580442794323e-05,0.0127940569127813,0.0106283712088744,0.02232036,0.0116919887911255,7.61111111111111e-05,0.0
2018-05-31,0.9448867115737908,15.43,5318.1,140.07,1.9,-0.0001846483372417,-0.006683021089626,0.0113956658957267,0.0238084899999999,0.0124128241042732,7.53968253968254e-05,0.0
2018-06-01,0.8814669286182057,13.46,5376.29,134.53,1.907,-7.30914007966298e-05,0.0108824485126223,0.0115699994015167,0.01811716,0.0065471605984832,7.567460317460318e-05,0.0
2018-06-04,0.8550335570469798,12.74,5400.5,132.7,1.906,3.6376202688375075e-05,0.0044929966580582,0.0114261056572455,0.01623076,0.0048046543427544,7.563492063492063e-05,0.0
2018-06-05,0.842391304347826,12.4,5404.62,132.58,1.938,0.0,0.0007626014703527,0.0099158404587473,0.0153759999999999,0.0054601595412526,7.690476190476189e-05,0.0
2018-06-06,0.8202959830866808,11.64,5451.09,136.57,1.937,-0.0001081139521054,0.0085614453310744,0.0104652960430957,0.01354896,0.0030836639569042,7.686507936507937e-05,0.0
2018-06-07,0.8406098406098407,12.13,5448.18,133.84,1.928,3.605877580452864e-05,-0.0005339807288277,0.0104810284885467,0.01471369,0.0042326615114532,7.65079365079365e-05,0.0
2018-06-08,0.8342465753424657,12.18,5465.42,133.11,1.915,7.189072609626819e-05,0.0031593634254869,0.0096881717844753,0.0148352399999999,0.0051470682155246,7.59920634920635e-05,0.0
2018-06-11,0.8487972508591065,12.35,5471.29,138.93,1.903,3.589697567976633e-05,0.0010734490653338,0.0088362630057448,0.01525225,0.0064159869942551,7.551587301587302e-05,0.0
2018-06-12,0.8457847840986977,12.34,5481.07,142.82,1.919,3.584422101543418e-05,0.0017859169346957,0.0088308278448199,0.01522756,0.00639673215518,7.615079365079365e-05,0.0
2018-06-13,0.8672922252010724,12.94,5459.21,141.74,1.925,-0.0001079272570288,-0.0039962467307942,0.0091444947904566,0.0167443599999999,0.0075998652095433,7.638888888888889e-05,0.0
2018-06-14,0.8416666666666666,12.12,5474.37,142.39,1.927,-7.176432595350322e-05,0.0027731099448135,0.00838820373242,0.0146894399999999,0.0063012362675799,7.646825396825397e-05,0.0
2018-06-15,0.8307905686546464,11.98,5469.37,140.92,1.924,-0.0002164736443338,-0.0009137644622226,0.0083221544125716,0.01435204,0.0060298855874283,7.634920634920635e-05,0.0
2018-06-18,0.8501381215469613,12.31,5457.83,140.92,1.924,-7.230919411417134e-05,-0.0021121612655046,0.0084150005910287,0.01515361,0.0067386094089712,7.634920634920635e-05,0.0
2018-06-19,0.8800263678312459,13.35,5436.13,139.35,1.928,-3.6296981905921506e-05,-0.0039838642147327,0.0085679436017127,0.01782225,0.0092543063982872,7.65079365079365e-05,0.0
2018-06-20,0.8647734956051386,12.79,5445.43,140.82,1.928,0.0,0.0017093141542866,0.0080321851953455,0.0163584099999999,0.0083262248046544,7.65079365079365e-05,0.0
2018-06-21,0.9224952741020794,14.64,5411.4,139.94,1.93,0.0,-0.006268885382773,0.0084517826770967,0.02143296,0.0129811773229032,7.658730158730158e-05,0.0
2018-06-22,0.8883870967741935,13.77,5421.63,140.54,1.912,-3.640003640000329e-05,0.0018886688287446,0.0083788919775456,0.01896129,0.0105823980224543,7.587301587301587e-05,0.0
2018-06-25,0.9891552511415524,17.33,5347.23,134.66,1.89,3.689832666085237e-05,-0.0138178384301994,0.0107866950506981,0.0300328899999999,0.0192461949493018,7.500000000000001e-05,0.0
2018-06-26,0.943687018375815,15.92,5359.01,134.92,1.92,3.682495258784005e-05,0.0022005867146265,0.0107844878916738,0.02534464,0.0145601521083261,7.619047619047618e-05,0.0
2018-06-27,0.9922437673130192,17.91,5312.89,131.3,1.922,-0.0005569065696412,-0.0086433132100225,0.0100207485904648,0.03207681,0.0220560614095351,7.626984126984128e-05,0.0
2018-06-28,0.96175799086758,16.85,5346.44,136.34,1.916,-3.691058410995997e-05,0.0062949755359149,0.0084722501735695,0.02839225,0.0199199998264304,7.603174603174603e-05,0.0
2018-06-29,0.938739789964994,16.09,5350.83,141.72,1.917,-0.0001474817491336,0.0008207702051922,0.007896523308286,0.0258888099999999,0.0179922866917139,7.607142857142857e-05,0.0
2018-07-02,0.9203539823008848,15.6,5367.49,140.89,1.93,-0.0001103285953332,0.0031086986424853,0.0065470781208088,0.024336,0.0177889218791911,7.658730158730158e-05,0.0
2018-07-03,0.9302593659942364,16.14,5340.93,134.57,1.966,0.0,-0.0049605925924702,0.0065305699437893,0.02604996,0.0195193900562106,7.801587301587302e-05,0.0
2018-07-05,0.9056261343012704,14.97,5388.28,139.86,1.948,-7.324129344117556e-05,0.0088264294208288,0.0075731711971662,0.02241009,0.0148369188028337,7.730158730158731e-05,0.0
2018-07-06,0.8510502864417567,13.37,5434.36,141.02,1.946,-7.263482840035828e-05,0.0085155338170053,0.0075631243352392,0.0178756899999999,0.0103125656647607,7.722222222222222e-05,0.0
2018-07-09,0.8533960995292535,12.69,5483.89,138.96,1.956,0.0,0.0090729447976424,0.0085768028129657,0.0161036099999999,0.0075268071870342,7.761904761904762e-05,0.0
2018-07-10,0.8592794017675051,12.64,5503.05,139.26,1.972,-3.586864900730251e-05,0.0034877808421329,0.0086016696776191,0.01597696,0.0073752903223808,7.825396825396827e-05,0.0
2018-07-11,0.8862158647594278,13.63,5464.01,136.85,1.957,0.0,-0.0071195315615928,0.0092530007097825,0.01857769,0.0093246892902174,7.765873015873016e-05,0.0
2018-07-12,0.8523035230352304,12.58,5512.36,138.22,1.965,0.0,0.0088098911971943,0.0101723726310455,0.01582564,0.0056532673689544,7.797619047619048e-05,0.0
2018-07-13,0.8376891334250344,12.18,5518.33,142.48,1.971,3.576985674169122e-05,0.0010824346587391,0.0099357454459852,0.0148352399999999,0.0048994945540147,7.821428571428572e-05,0.0
2018-07-16,0.863973063973064,12.83,5512.92,148.16,1.981,-3.57941834451576e-05,-0.0009808499369938,0.0098910379353393,0.01646089,0.0065698520646606,7.861111111111111e-05,0.0
2018-07-17,0.8375,12.06,5534.91,149.58,2.009,-0.0001426126640046,0.0039808775189926,0.0100246037383147,0.01454436,0.0045197562616852,7.972222222222223e-05,0.0
2018-07-18,0.8408617095205003,12.1,5546.86,154.25,2.0,3.5581490508605044e-05,0.0021566960209346,0.0099550451841681,0.014641,0.0046859548158318,7.936507936507937e-05,0.0
2018-07-19,0.8597194388777554,12.87,5525.51,150.98,1.987,-3.571492348074396e-05,-0.0038564510507039,0.0099399745904231,0.0165636899999999,0.0066237154095768,7.884920634920636e-05,0.0
2018-07-20,0.8527851458885941,12.86,5520.5,152.72,1.974,0.0,-0.0009071149389767,0.0099606239738374,0.0165379599999999,0.0065773360261625,7.833333333333333e-05,0.0
2018-07-23,0.8492597577388964,12.62,5530.66,153.78,1.959,-3.5684336360522076e-05,0.0018387215210878,0.009335408444728,0.0159264399999999,0.0065910315552719,7.773809523809524e-05,0.0
2018-07-24,0.84421768707483,12.41,5557.37,145.94,1.988,0.0,0.0048178173516139,0.0095011544754609,0.01540081,0.005899655524539,7.888888888888888e-05,0.0
2018-07-25,0.8446735395189002,12.29,5607.99,145.09,1.995,3.519453780770023e-05,0.0090673917940382,0.0071380044204338,0.0151044099999999,0.0079664055795661,7.916666666666668e-05,0.0
2018-07-26,0.8430555555555556,12.14,5590.99,142.18,1.985,3.530013943571933e-05,-0.0030359931096893,0.0074758717386259,0.01473796,0.007262088261374,7.876984126984127e-05,0.0
2018-07-27,0.8686666666666666,13.03,5554.31,144.57,1.985,0.0,-0.0065821704987557,0.0069730965361294,0.01697809,0.0100049934638705,7.876984126984127e-05,0.0
2018-07-30,0.9106002554278416,14.26,5522.81,141.57,1.985,3.5728960108583546e-05,-0.0056874142213843,0.0074341933344964,0.02033476,0.0129005666655035,7.876984126984127e-05,0.0
2018-07-31,0.8628110289172831,12.83,5549.96,144.49,2.023,-0.00049768929968,0.0049039317911987,0.0075596864653915,0.01646089,0.0089012035346084,8.027777777777779e-05,0.0
2018-08-01,0.8639947437582128,13.15,5544.19,142.77,2.02,-0.0001067976718108,-0.0010401879405375,0.0076231406609814,0.01729225,0.0096691093390185,8.015873015873015e-05,0.0
2018-08-02,0.825880758807588,12.19,5572.08,143.83,2.005,0.0,0.0050178807316597,0.0071827564339953,0.0148596099999999,0.0076768535660046,7.956349206349205e-05,0.0
2018-08-03,0.8033126293995859,11.64,5598.71,146.19,2.004,0.0,0.0047678007456785,0.00668403159262,0.01354896,0.0068649284073799,7.952380952380952e-05,0.0
2018-08-06,0.791988756148981,11.27,5619.05,142.01,2.012,3.512654337246748e-05,0.0036263964090011,0.0061464718349087,0.0127012899999999,0.0065548181650912,7.984126984126984e-05,0.0
2018-08-07,0.7846374730796841,10.93,5634.98,138.94,2.048,0.0,0.0028309877686901,0.0054372001177645,0.0119464899999999,0.0065092898822354,8.126984126984128e-05,0.0
2018-08-08,0.7772206303724928,10.85,5633.67,139.84,2.051,3.503547341680268e-05,-0.0002325034508837,0.0053976386458624,0.01177225,0.0063746113541375,8.138888888888889e-05,0.0
2018-08-09,0.7975937721160651,11.27,5627.0,138.61,2.046,-3.507971866062444e-05,-0.0011846543376299,0.0045884537360016,0.0127012899999999,0.0081128362639983,8.119047619047618e-05,0.0
2018-08-10,0.8646517739816031,13.16,5588.66,149.2,2.045,-3.532008830018863e-05,-0.0068368957946708,0.004604481856488,0.01731856,0.0127140781435119,8.115079365079365e-05,0.0
2018-08-13,0.9117828500925352,14.78,5566.36,159.03,2.041,3.545407810530182e-05,-0.0039982052397305,0.0048594607130922,0.0218448399999999,0.0169853792869077,8.099206349206348e-05,0.0
2018-08-14,0.8671009771986972,13.31,5602.41,152.41,2.071,-7.046223224365365e-05,0.0064555228901447,0.0052619155905121,0.01771561,0.0124536944094878,8.21825396825397e-05,0.0
2018-08-15,0.90426189005559,14.64,5560.85,148.4,2.059,3.5490568381420354e-05,-0.0074458880311568,0.0059032541637939,0.02143296,0.015529705836206,8.170634920634921e-05,0.0
2018-08-16,0.8671824629271437,13.45,5606.56,148.45,2.049,0.0,0.0081863664497134,0.0066334109708715,0.0180902499999999,0.0114568390291284,8.13095238095238e-05,0.0
2018-08-17,0.8332234673698089,12.64,5625.66,146.01,2.035,3.508587267333616e-05,0.0034009338153582,0.0064669239879117,0.01597696,0.0095100360120882,8.075396825396826e-05,0.0
2018-08-20,0.8326666666666667,12.49,5639.53,145.55,2.035,3.500113753693812e-05,0.002462454163419,0.0064535139935314,0.01560001,0.0091464960064685,8.075396825396826e-05,0.0
2018-08-21,0.8466096115865701,12.86,5651.39,144.7,2.069,3.493388761765176e-05,0.0021008038958538,0.0064597730499057,0.0165379599999999,0.0100781869500942,8.210317460317461e-05,0.0
2018-08-22,0.8123342175066313,12.25,5649.31,143.75,2.075,3.494121141176787e-05,-0.0003681187932586,0.0062872654080215,0.0150062499999999,0.0087189845919784,8.234126984126984e-05,0.0
2018-08-23,0.8240371845949535,12.41,5640.1,147.38,2.078,3.4993788602491226e-05,-0.0016316179575763,0.0054268507298244,0.01540081,0.0099739592701755,8.246031746031745e-05,0.0
2018-08-24,0.8090418353576249,11.99,5675.12,148.2,2.093,-3.478200379120678e-05,0.0061899126691172,0.005679202574479,0.01437601,0.0086968074255209,8.305555555555556e-05,0.0
2018-08-27,0.8221771467207574,12.16,5719.3,144.85,2.1,3.45154888255791e-05,0.0077547117622214,0.0055107368743962,0.01478656,0.0092758231256037,8.333333333333334e-05,0.0
2018-08-28,0.827266710787558,12.5,5720.89,140.88,2.115,-3.4496438242720064e-05,0.0002779674131702,0.0048732468459076,0.015625,0.0107517531540923,8.392857142857144e-05,0.0
2018-08-29,0.8193979933110368,12.25,5754.0,140.76,2.121,0.0,0.0057708774356092,0.0049527434295198,0.0150062499999999,0.0100535065704801,8.416666666666666e-05,0.0
2018-08-30,0.8706563706563707,13.53,5729.45,141.82,2.098,-0.0001033573926374,-0.0042757250480569,0.0053033612269359,0.01830609,0.013002728773064,8.325396825396825e-05,0.0
2018-08-31,0.8488448844884487,12.86,5730.8,146.91,2.098,-3.445602549742753e-05,0.000235596955781,0.0051617081635988,0.0165379599999999,0.0113762518364011,8.325396825396825e-05,0.0
2018-09-04,0.851779935275081,13.16,5721.86,142.18,2.112,0.0,-0.001561209678074,0.0050952764319961,0.01731856,0.0122232835680038,8.380952380952382e-05,0.0
2018-09-05,0.8737437185929648,13.91,5705.86,142.22,2.133,3.4595492207333915e-05,-0.0028002104452863,0.0051713889779361,0.01934881,0.0141774210220638,8.464285714285715e-05,0.0
2018-09-06,0.8965728274173806,14.65,5686.7,140.56,2.128,3.469993233510039e-05,-0.0033636018707632,0.0053039006142748,0.02146225,0.0161583493857251,8.444444444444444e-05,0.0
2018-09-07,0.8969258589511755,14.88,5674.58,145.87,2.135,-3.4777165313223684e-05,-0.0021335632248501,0.0053792503054639,0.02214144,0.016762189694536,8.472222222222221e-05,0.0
2018-09-10,0.8756957328385899,14.16,5685.34,144.88,2.127,3.471197736775919e-05,0.0018943801044103,0.0053743625709422,0.02005056,0.0146761974290578,8.44047619047619e-05,0.0
2018-09-11,0.8507078507078508,13.22,5706.99,147.88,2.144,0.0,0.0038008073964204,0.0047678568435701,0.01747684,0.0127089831564298,8.507936507936508e-05,0.0
2018-09-12,0.8577023498694517,13.14,5709.08,148.75,2.139,0.0,0.000366150526994,0.0044469669903687,0.01726596,0.0128189930096312,8.488095238095238e-05,0.0
2018-09-13,0.8375084631008801,12.37,5740.75,150.64,2.138,3.4386121761225884e-05,0.0055319739709113,0.0043350174110438,0.0153016899999999,0.0109666725889561,8.484126984126984e-05,0.0
2018-09-14,0.8399443284620738,12.07,5743.19,151.59,2.148,3.437430177196399e-05,0.0004249412721968,0.0033711711714476,0.01456849,0.0111973188285523,8.523809523809524e-05,0.0
2018-09-17,0.8952879581151832,13.68,5711.29,150.95,2.151,-0.0001036788719739,-0.0055698874974945,0.0033367146415052,0.01871424,0.0153775253584947,8.535714285714285e-05,0.0
2018-09-18,0.8503989361702128,12.79,5742.18,151.37,2.165,0.0,0.0053940115783727,0.0035109323053934,0.0163584099999999,0.0128474776946065,8.591269841269842e-05,0.0
2018-09-19,0.8020477815699658,11.75,5749.39,145.19,2.165,0.0,0.0012548330552004,0.0034832033852312,0.0138062499999999,0.0103230466147687,8.591269841269842e-05,0.0
2018-09-20,0.8132322536181944,11.8,5794.72,144.84,2.166,-3.406748769328274e-05,0.0078533958841688,0.0040516729252042,0.013924,0.0098723270747958,8.595238095238095e-05,0.0
2018-09-21,0.8010973936899862,11.68,5792.72,141.55,2.167,-3.424598893851443e-05,-0.0003452013593788,0.0040507778542293,0.01364224,0.0095914621457706,8.599206349206348e-05,0.0
2018-09-24,0.8259986459038592,12.2,5772.36,138.84,2.168,3.435658701661452e-05,-0.0035209477208452,0.0042281310929591,0.014884,0.0106558689070409,8.603174603174604e-05,0.0
2018-09-25,0.8324396782841823,12.42,5765.25,137.68,2.21,3.440031648288036e-05,-0.0012324911138489,0.0039379010169488,0.01542564,0.0114877389830511,8.769841269841269e-05,0.0
2018-09-26,0.8508250825082508,12.89,5746.27,140.98,2.194,0.0,-0.0032975692521893,0.0034528916365583,0.01661521,0.0131623183634416,8.706349206349207e-05,0.0
2018-09-27,0.8334452652787105,12.41,5763.22,142.1,2.187,-3.440505066160138e-05,0.0029453976247347,0.0035418998010231,0.01540081,0.0118589101989768,8.678571428571428e-05,0.0
2018-09-28,0.8205822613405551,12.12,5763.42,144.43,2.2,0.0,3.470222025159538e-05,0.0031532988339006,0.0146894399999999,0.0115361411660993,8.730158730158731e-05,0.0
2018-10-01,0.8141112618724559,12.0,5784.45,141.52,2.201,-6.857534716282755e-05,0.0036422341520004,0.0030369388740374,0.0144,0.0113630611259625,8.734126984126984e-05,0.0
2018-10-02,0.8119946091644206,12.05,5782.37,137.98,2.211,-6.858945780046864e-05,-0.0003596494148642,0.0030444808861857,0.01452025,0.0114757691138142,8.773809523809523e-05,0.0
2018-10-03,0.7908719346049046,11.61,5786.48,136.33,2.22,0.0,0.0007105287341284,0.0029926129673271,0.0134792099999999,0.0104865970326728,8.80952380952381e-05,0.0
2018-10-04,0.8977272727272728,14.22,5740.56,136.73,2.217,0.0,-0.0079673954309533,0.0037472689904125,0.0202208399999999,0.0164735710095874,8.797619047619048e-05,0.0
2018-10-05,0.912,14.82,5708.9,130.28,2.213,0.0,-0.005530405922098,0.0040030387038374,0.02196324,0.0179602012961625,8.781746031746031e-05,0.0
2018-10-08,0.9503331314354936,15.69,5706.66,129.64,2.213,0.0,-0.0003924468057194,0.003937663454424,0.0246176099999999,0.0206799465455759,8.781746031746031e-05,0.0
2018-10-09,0.9591100420926038,15.95,5700.23,128.98,2.237,3.4791684787304186e-05,-0.0011273889168822,0.003923423923999,0.02544025,0.0215168260760009,8.876984126984127e-05,0.0
2018-10-10,1.1091787439613527,22.96,5512.94,127.65,2.264,-7.189072609626819e-05,-0.0334084687218885,0.017090658505193,0.05271616,0.0356255014948069,8.984126984126984e-05,0.0
2018-10-11,1.1586270871985158,24.98,5399.54,130.85,2.261,3.672487559445052e-05,-0.0207842914251545,0.0213855918321554,0.06240004,0.0410144481678445,8.972222222222222e-05,1.0
2018-10-12,1.0740927419354838,21.31,5476.83,125.51,2.266,0.0,0.014212701673385,0.0240806750229914,0.0454116099999999,0.0213309349770085,8.992063492063491e-05,1.0
2018-10-15,1.0497782158698867,21.3,5444.61,128.32,2.278,3.6431863307615734e-05,-0.005900337954611,0.024135823575274,0.045369,0.0212331764247259,9.03968253968254e-05,1.0
2018-10-16,0.9810690423162584,17.62,5561.8,132.15,2.302,0.0,0.0212956684015193,0.0307472197488957,0.03104644,0.0002992202511042,9.134920634920634e-05,0.0
2018-10-17,0.9613259668508286,17.4,5560.62,130.65,2.307,0.0,-0.0002121840398811,0.0301838952581555,0.0302759999999999,9.21047418444912e-05,9.154761904761904e-05,0.0
2018-10-18,1.010070493454179,20.06,5481.13,125.96,2.307,-0.000144696860078,-0.0143983287547064,0.0320256614466315,0.04024036,0.0082146985533684,9.154761904761904e-05,0.0
2018-10-19,1.0025201612903225,19.89,5479.3,124.94,2.307,0.0,-0.0003339285077328,0.0307402788844658,0.03956121,0.0088209311155341,9.154761904761904e-05,0.0
2018-10-22,0.9909182643794148,19.64,5455.88,125.68,2.305,-3.6356365090585174e-05,-0.0042834294101633,0.0306961472892709,0.03857296,0.007876812710729,9.146825396825398e-05,0.0
2018-10-23,1.0212031558185404,20.71,5426.08,126.54,2.329,-0.0002559555368667,-0.0054769682103154,0.0307749954370477,0.04289041,0.0121154145629522,9.242063492063492e-05,0.0
2018-10-24,1.1153846153846154,25.23,5258.61,128.91,2.331,3.770525799840789e-05,-0.0313502246820328,0.0403595038737868,0.06365529,0.0232957861262131,9.25e-05,0.0
2018-10-25,1.0793226381461674,24.22,5356.54,125.26,2.327,-0.0001110761426959,0.0184515109833269,0.0466290755483198,0.05866084,0.0120317644516801,9.234126984126984e-05,0.0
2018-10-26,1.0747330960854091,24.16,5263.74,121.7,2.322,-0.0001508181886736,-0.017476443549446,0.0483967661993898,0.05837056,0.0099737938006101,9.214285714285717e-05,0.0
2018-10-29,1.0711188204683435,24.7,5229.28,120.83,2.306,3.7909661277357504e-05,-0.0065681994101187,0.0481958720517504,0.061009,0.0128131279482495,9.150793650793652e-05,0.0
2018-10-30,1.05038236617184,23.35,5311.67,118.11,2.325,0.0,0.0156326854546096,0.0524210511296231,0.05452225,0.0021011988703768,9.226190476190478e-05,0.0
2018-10-31,1.0037825059101655,21.23,5369.49,117.64,2.328,0.0,0.010826645193189,0.054965852221608,0.04507129,-0.009894562221608,9.238095238095236e-05,0.0
2018-11-01,0.9636273044344792,19.34,5426.33,118.28,2.32,0.0,0.0105300987261257,0.0571716910205547,0.0374035599999999,-0.0197681310205547,9.206349206349206e-05,0.0
2018-11-02,0.9610837438423646,19.51,5392.53,115.73,2.319,3.678972830782299e-05,-0.0062483681216916,0.0569945681545054,0.03806401,-0.0189305581545054,9.202380952380951e-05,0.0
2018-11-05,0.9881188118811882,19.96,5422.88,118.89,2.315,3.657176294179935e-05,0.005612377092614,0.0577678515752863,0.03984016,-0.0179276915752863,9.186507936507936e-05,1.0
2018-11-06,1.0168539325842698,19.91,5457.25,119.93,2.342,0.0,0.0063179602316848,0.0586557351241553,0.03964081,-0.0190149251241553,9.293650793650794e-05,1.0
2018-11-07,0.9284903518728717,16.36,5573.06,120.56,2.355,-0.000213561131874,0.0209992748512599,0.0650887630473753,0.0267649599999999,-0.0383238030473753,9.345238095238095e-05,1.0
2018-11-08,0.9457013574660632,16.72,5562.0,121.85,2.352,3.565888708610161e-05,-0.0019865189118215,0.0513336375463411,0.0279558399999999,-0.0233777975463411,9.333333333333332e-05,1.0
2018-11-09,0.9404117009750812,17.36,5511.79,120.06,2.349,-0.0001079855299388,-0.0090683215199484,0.0467198400395745,0.03013696,-0.0165828800395745,9.321428571428572e-05,1.0
2018-11-12,1.0108749382105784,20.45,5403.19,121.35,2.349,-3.669522778559311e-05,-0.0198999143994793,0.0493083774662808,0.0418202499999999,-0.0074881274662808,9.321428571428572e-05,1.0
2018-11-13,0.9876665022200296,20.02,5395.37,122.06,2.341,-7.352400558775756e-05,-0.0014483415134974,0.0489565797132944,0.04008004,-0.0088765397132944,9.28968253968254e-05,1.0
2018-11-14,1.0014137606032043,21.25,5355.94,120.68,2.375,3.701852777311679e-05,-0.0073349530025124,0.0431163530443889,0.0451562499999999,0.002039896955611,9.424603174603177e-05,0.0
2018-11-15,0.9837518463810933,19.98,5414.43,120.76,2.358,3.662399970697469e-05,0.0108613863781685,0.0450298050306111,0.03992004,-0.0051097650306111,9.357142857142858e-05,0.0
2018-11-16,0.937467700258398,18.14,5426.86,118.71,2.349,0.0,0.0022930860527968,0.0428503985595223,0.03290596,-0.0099444385595223,9.321428571428572e-05,0.0
2018-11-19,0.9738372093023256,20.1,5336.7,115.79,2.351,3.714779249239735e-05,-0.0167532133901043,0.0460276239950794,0.040401,-0.0056266239950793,9.32936507936508e-05,0.0
2018-11-20,1.009429726088909,22.48,5240.23,119.55,2.382,0.0,-0.0182420939177502,0.0494307819943669,0.05053504,0.001104258005633,9.452380952380952e-05,0.0
2018-11-21,0.975609756097561,20.8,5256.61,119.31,2.399,0.0,0.0031209417873334,0.0495472799250265,0.043264,-0.0062832799250265,9.519841269841272e-05,0.0
2018-11-23,0.9894252873563218,21.52,5222.43,117.21,2.4,-0.0001898722159986,-0.0065235214703892,0.0382752497849898,0.04631104,0.0080357902150101,9.523809523809524e-05,0.0
2018-11-26,0.939830929885629,18.9,5304.17,117.57,2.399,0.0,0.0155304928355904,0.036995228769309,0.0357209999999999,-0.001274228769309,9.519841269841272e-05,0.0
2018-11-27,0.9538615847542627,19.02,5321.52,115.83,2.394,-3.7268238144007846e-05,0.0032656731787324,0.033267641234685,0.03617604,0.0029083987653149,9.5e-05,0.0
2018-11-28,0.95902489626556,18.49,5444.12,115.96,2.383,-3.642788190077375e-05,0.0227771503312946,0.0383597918868464,0.0341880099999999,-0.0041717818868464,9.456349206349208e-05,0.0
2018-11-29,0.9591628381827464,18.79,5433.49,115.49,2.356,7.300335815461619e-05,-0.0019544740772754,0.0359928639786745,0.0353064099999999,-0.0006864539786745,9.349206349206349e-05,0.0
2018-11-30,0.9565907887771308,18.07,5478.91,114.71,2.345,3.626539012490128e-05,0.0083245229814571,0.0354534175574472,0.03265249,-0.0028009275574472,9.305555555555556e-05,0.0
2018-12-03,0.9158774373259054,16.44,5538.86,118.46,2.337,3.581341212280743e-05,0.0108825273448952,0.0355398963997172,0.02702736,-0.0085125363997172,9.273809523809523e-05,0.0
2018-12-04,0.9995180722891566,20.74,5359.91,117.76,2.412,3.696926006022627e-05,-0.0328415195141222,0.0488685833439347,0.0430147599999999,-0.0058538233439347,9.571428571428573e-05,0.0
2018-12-06,1.0061728395061729,21.19,5353.43,116.68,2.404,-0.0001111461015505,-0.0012097069243075,0.0484125415658642,0.04490161,-0.0035109315658642,9.53968253968254e-05,0.0
2018-12-07,1.035204991087344,23.23,5229.44,114.3,2.39,3.792979195505663e-05,-0.0234332791985049,0.0538372278607563,0.05396329,0.0001260621392436,9.484126984126983e-05,0.0
2018-12-10,1.028623353021354,22.64,5238.7,117.64,2.378,3.78680299157092e-05,0.0017691781759339,0.047114587427834,0.05125696,0.0041423725721659,9.436507936507938e-05,0.0
2018-12-11,1.0018416206261511,21.76,5237.1,116.8,2.394,-7.572889057189947e-05,-0.0003054659333779,0.0471891546305817,0.04734976,0.0001606053694182,9.5e-05,0.0
2018-12-12,0.9939786938397408,21.46,5265.53,116.78,2.424,3.766407412286362e-05,0.0054138952702058,0.0474424879089073,0.04605316,-0.0013893279089073,9.619047619047618e-05,0.0
2018-12-13,0.9672131147540982,20.65,5265.46,117.03,2.411,0.0,-1.3294096756453708e-05,0.0433062847779113,0.0426422499999999,-0.0006640347779113,9.567460317460318e-05,0.0
2018-12-14,0.9849726775956285,21.63,5165.6,118.6,2.414,-0.0001151565168991,-0.0191472488600357,0.0471628746330995,0.04678569,-0.0003771846330995,9.57936507936508e-05,0.0
2018-12-17,1.0474156343442973,24.52,5058.58,123.96,2.385,3.917190590904638e-05,-0.0209354508264569,0.0511862132087913,0.06012304,0.0089368267912087,9.464285714285712e-05,0.0
2018-12-18,1.0702928870292887,25.58,5059.34,124.23,2.387,-3.919493601423131e-05,0.0001502285057461,0.0488970509094423,0.0654336399999999,0.0165365890905576,9.472222222222222e-05,0.0
2018-12-19,1.0649458784346375,25.58,4981.92,125.38,2.397,-0.0001194814505048,-0.0154206811064579,0.0501969146227156,0.0654336399999999,0.0152367253772843,9.511904761904762e-05,0.0
2018-12-20,1.124405705229794,28.38,4903.46,124.07,2.384,0.0,-0.0158742805245498,0.0499253424940553,0.0805424399999999,0.0306170975059446,9.46031746031746e-05,0.0
2018-12-21,1.1479222264582538,30.11,4802.51,122.17,2.381,-0.0001662164969872,-0.020802380471166,0.0509208446794408,0.0906612099999999,0.0397403653205591,9.448412698412696e-05,1.0
2018-12-24,1.2506934812760055,36.07,4672.66,118.27,2.378,8.533515381653714e-05,-0.0274101952352824,0.056509687775904,0.13010449,0.0735948022240959,9.436507936507938e-05,1.0
2018-12-26,1.1837290774620477,30.41,4904.49,116.47,2.428,-8.130742336779507e-05,0.0484226094043743,0.0914702748294334,0.0924768099999999,0.0010065351705665,9.634920634920635e-05,1.0
2018-12-27,1.157203553495558,29.96,4946.94,115.18,2.404,-4.0289277009001945e-05,0.0086180915329271,0.0888173391563552,0.08976016,0.0009428208436447,9.53968253968254e-05,1.0
2018-12-28,1.1192733017377567,28.34,4941.61,117.26,2.377,-4.035593938545704e-05,-0.0010780145756804,0.0883228553447689,0.08031556,-0.0080072953447689,9.432539682539682e-05,1.0
2018-12-31,1.0712178676780448,25.42,4984.22,117.8,2.361,0.0,0.008585732729388,0.0813326097446683,0.06461764,-0.0167149697446682,9.36904761904762e-05,1.0
2019-01-02,1.0206593406593407,23.22,4990.56,116.06,2.415,-7.992327365732988e-05,0.0012712061526707,0.081640231457325,0.0539168399999999,-0.027723391457325,9.583333333333334e-05,1.0
2019-01-03,1.055578598092078,25.45,4868.3,112.22,2.403,4.096597775555325e-05,-0.0248033277376944,0.0844798182861854,0.06477025,-0.0197095682861854,9.535714285714284e-05,1.0
2019-01-04,0.9780420860018298,21.38,5035.45,111.44,2.409,-0.0001188471823313,0.0337580963782798,0.1002763175823562,0.04571044,-0.0545658775823562,9.559523809523807e-05,1.0
2019-01-07,0.9898242368177612,21.4,5070.76,113.56,2.409,3.9325953162754014e-05,0.0069878111934548,0.0909040238032552,0.0457959999999999,-0.0451080238032552,9.559523809523807e-05,1.0
2019-01-08,0.9683065279091768,20.47,5120.04,115.3,2.439,-3.895825622841578e-05,0.0096715437712257,0.092717255454573,0.0419020899999999,-0.050815165454573,9.678571428571428e-05,1.0
2019-01-09,0.9656839052682454,19.98,5142.66,117.01,2.437,3.87784779447054e-05,0.0044082038118232,0.0870673674616891,0.03992004,-0.047147327461689,9.67063492063492e-05,1.0
2019-01-10,0.9502923976608189,19.5,5165.89,117.72,2.427,-0.0001158412974226,0.0045069460441521,0.0873343463582507,0.038025,-0.0493093463582507,9.63095238095238e-05,1.0
2019-01-11,0.9214792299898684,18.19,5165.15,119.09,2.418,0.0,-0.0001432576006416,0.0873361377753919,0.03308761,-0.0542485277753919,9.595238095238096e-05,1.0
2019-01-14,0.9568489713998996,19.07,5138.58,125.2,2.415,-7.768800497196166e-05,-0.005157367068691,0.0870594293573178,0.03636649,-0.0506929393573178,9.583333333333334e-05,1.0
2019-01-15,0.9667359667359668,18.6,5193.78,126.87,2.429,-3.840909527372589e-05,0.0106849790706824,0.0887425918956399,0.034596,-0.0541465918956399,9.638888888888889e-05,1.0
2019-01-16,0.9749103942652328,19.04,5205.45,131.66,2.416,0.0,0.0022443978830731,0.0842639767542927,0.0362521599999999,-0.0480118167542927,9.587301587301588e-05,1.0
2019-01-17,0.9420970266040688,18.06,5245.48,133.02,2.402,0.0,0.00766059972892,0.0787265624955872,0.03261636,-0.0461102024955872,9.531746031746032e-05,1.0
2019-01-18,0.9447983014861996,17.8,5314.78,131.19,2.397,0.0,0.0131248652610263,0.080230897271591,0.031684,-0.048546897271591,9.511904761904762e-05,1.0
2019-01-22,1.0053165780570323,20.8,5239.75,122.82,2.4,-0.0001521143900213,-0.0142178313801117,0.0797097341663785,0.043264,-0.0364457341663785,9.523809523809524e-05,1.0
2019-01-23,0.9721115537848606,19.52,5251.29,123.88,2.401,-0.0001139233295992,0.0021999734353035,0.075305202306059,0.0381030399999999,-0.037202162306059,9.527777777777776e-05,1.0
2019-01-24,0.960345704117946,18.89,5258.69,130.92,2.361,0.0,0.0014081855955656,0.0677551109696592,0.03568321,-0.0320719009696592,9.36904761904762e-05,1.0
2019-01-25,0.9256110520722636,17.42,5303.51,126.11,2.377,3.7617319013639685e-05,0.008486919206889,0.0545139776818453,0.03034564,-0.0241683376818453,9.432539682539682e-05,1.0
2019-01-28,0.963738508682329,18.87,5261.88,123.06,2.385,3.790822418920338e-05,-0.0078804881679314,0.0324068957527611,0.03560769,0.0032007942472388,9.464285714285712e-05,0.0
2019-01-29,0.9760204081632652,19.13,5254.31,121.9,2.409,-0.0002277299123239,-0.001439685153563,0.0322854192528207,0.03659569,0.0043102707471792,9.559523809523807e-05,0.0
2019-01-30,0.9453961456102784,17.66,5336.6,123.28,2.416,3.736850955696233e-05,0.0155400538827098,0.0339458213384311,0.03118756,-0.0027582613384311,9.587301587301588e-05,0.0
2019-01-31,0.9267337807606264,16.57,5383.63,126.53,2.39,-3.705831125293315e-05,0.0087741217711732,0.0339696231757412,0.02745649,-0.0065131331757412,9.484126984126983e-05,0.0
2019-02-01,0.9175667993177944,16.14,5389.19,126.03,2.391,3.7025380898572325e-05,0.0010322274935769,0.0339847592437965,0.02604996,-0.0079347992437965,9.488095238095238e-05,0.0
2019-02-04,0.915066899360093,15.73,5425.8,128.4,2.382,-3.676267852872417e-05,0.0067702586574963,0.0233009780174272,0.0247432899999999,0.0014423119825727,9.452380952380952e-05,0.0
2019-02-05,0.9121265377855888,15.57,5451.4,123.42,2.407,0.0,0.0047071024285386,0.0124943732427774,0.02424249,0.0117481167572225,9.551587301587302e-05,0.0
2019-02-06,0.9100591715976332,15.38,5439.8,123.72,2.416,-0.0002565935375084,-0.0021301609347604,0.0127548399271395,0.02365444,0.0108996000728604,9.587301587301588e-05,0.0
2019-02-07,0.9343607305936074,16.37,5389.69,124.45,2.403,0.0,-0.0092544261338701,0.0140359509636442,0.02679769,0.0127617390363557,9.535714285714284e-05,0.0
2019-02-08,0.910776361529548,15.72,5395.12,127.72,2.418,-0.0001109036801536,0.0010069719278934,0.0140064241484179,0.02471184,0.010705415851582,9.595238095238096e-05,0.0
2019-02-11,0.9274099883855984,15.97,5399.0,129.19,2.428,-3.694877052962702e-05,0.0007189099559961,0.0139662355700278,0.02550409,0.0115378544299721,9.634920634920635e-05,0.0
2019-02-12,0.917360285374554,15.43,5468.98,128.6,2.427,3.648103897995697e-05,0.0128783761461177,0.0152643087661249,0.0238084899999999,0.008544181233875,9.63095238095238e-05,0.0
2019-02-13,0.922759433962264,15.65,5485.97,127.12,2.43,-7.27352074773199e-05,0.0031017966530076,0.0144429740345524,0.02449225,0.0100492759654475,9.642857142857145e-05,0.0
2019-02-14,0.9364896073903002,16.22,5473.33,126.89,2.425,-0.0001457725947522,-0.0023067176926866,0.0139900765396631,0.0263088399999999,0.0123187634603368,9.623015873015872e-05,0.0
2019-02-15,0.9047330097087378,14.91,5533.27,129.55,2.423,3.604967645412104e-05,0.0108917545031632,0.0148324723215307,0.02223081,0.0073983376784692,9.615079365079364e-05,0.0
2019-02-19,0.9045592705167174,14.88,5541.98,124.68,2.422,-7.19786943064198e-05,0.0015728767830375,0.0145481326246462,0.02214144,0.0075933073753538,9.611111111111112e-05,0.0
2019-02-20,0.8862199747155499,14.02,5552.9,123.39,2.439,0.0,0.0019684761847189,0.0130878970167622,0.0196560399999999,0.0065681429832377,9.678571428571428e-05,0.0
2019-02-21,0.8948019801980198,14.46,5533.8,122.42,2.445,0.0,-0.0034455733259173,0.010054249377777,0.02090916,0.0108549106222229,9.702380952380951e-05,0.0
2019-02-22,0.8738680465717982,13.51,5569.45,121.08,2.446,-3.582495924907627e-05,0.0064215653086596,0.0102255501320651,0.01825201,0.0080264598679348,9.706349206349207e-05,0.0
2019-02-25,0.928125,14.85,5577.09,127.67,2.445,-7.153331664236435e-05,0.0013708291893998,0.0102268781169641,0.02205225,0.0118253718830358,9.702380952380951e-05,0.0
2019-02-26,0.9306748466257668,15.17,5572.74,125.53,2.441,0.0,-0.000780280994545,0.0099291995662705,0.02301289,0.0130836904337294,9.686507936507936e-05,0.0
2019-02-27,0.9193245778611632,14.7,5570.57,126.44,2.44,-3.581341212280743e-05,-0.0003894713558952,0.0086698271520505,0.0216089999999999,0.0129391728479494,9.682539682539682e-05,0.0
2019-02-28,0.9180124223602484,14.78,5556.49,128.85,2.436,0.0,-0.0025307686873177,0.0087983391981989,0.0218448399999999,0.013046500801801,9.666666666666668e-05,0.0
2019-03-01,0.8823146944083224,13.57,5595.11,126.97,2.433,3.5652530438315433e-05,0.0069263880338138,0.0068934798703163,0.01841449,0.0115210101296836,9.654761904761904e-05,0.0
2019-03-04,0.9126637554585152,14.63,5573.53,125.04,2.428,3.578905928454415e-05,-0.0038643965344953,0.006733216609746,0.02140369,0.0146704733902539,9.634920634920635e-05,0.0
2019-03-05,0.9126934984520124,14.74,5567.4,126.4,2.439,3.583522961420116e-05,-0.0011004468421596,0.0068210376741979,0.02172676,0.014905722325802,9.678571428571428e-05,0.0
2019-03-06,0.94026284348865,15.74,5531.34,125.8,2.452,0.0,-0.0064980577768825,0.0071878927577916,0.02477476,0.0175868672422084,9.730158730158732e-05,0.0
2019-03-07,0.9589595375722544,16.59,5487.56,123.14,2.449,-3.635107871843453e-05,-0.0079463885458797,0.0079007981161231,0.0275228099999999,0.0196220118838768,9.718253968253968e-05,0.0
2019-03-08,0.9380479251899476,16.05,5476.39,125.73,2.444,0.0,-0.0020375875235839,0.0078951971764969,0.02576025,0.017865052823503,9.698412698412698e-05,0.0
2019-03-11,0.8950655840099937,14.33,5556.77,132.93,2.429,3.5905998096949446e-05,0.0145708794437228,0.0089589382989993,0.02053489,0.0115759517010006,9.638888888888889e-05,0.0
2019-03-12,0.8798722044728434,13.77,5573.44,130.17,2.443,0.0,0.0029954533588548,0.0089839981520101,0.01896129,0.0099772918479898,9.694444444444444e-05,0.0
2019-03-13,0.8747553816046967,13.41,5612.56,132.57,2.44,0.0,0.0069944858731101,0.0093254039305305,0.01798281,0.0086574060694694,9.682539682539682e-05,0.0
2019-03-14,0.8823529411764706,13.5,5609.59,130.57,2.439,0.0,-0.0005293103495038,0.0077554843730152,0.018225,0.0104695156269847,9.678571428571428e-05,0.0
2019-03-15,0.8598130841121495,12.88,5637.77,128.76,2.439,-0.000106630649203,0.0050109641668919,0.0078902958057907,0.01658944,0.0086991441942092,9.678571428571428e-05,0.0
2019-03-18,0.8595800524934383,13.1,5658.73,127.1,2.437,-3.541013792265629e-05,0.0037108881605453,0.0077779373350678,0.017161,0.0093830626649321,9.67063492063492e-05,0.0
2019-03-19,0.87146529562982,13.56,5658.15,123.13,2.45,-3.539885661689908e-05,-0.0001025017496885,0.0066502960113759,0.01838736,0.011737063988624,9.722222222222224e-05,0.0
2019-03-20,0.8809373020899304,13.91,5641.74,120.59,2.46,3.5520824083086423e-05,-0.0029044550939939,0.0068332985119541,0.01934881,0.0125155114880458,9.761904761904762e-05,0.0
2019-03-21,0.8787878787878789,13.63,5703.28,120.67,2.462,-3.512654337246748e-05,0.01084891936705,0.0080300455856966,0.01857769,0.0105476444143033,9.769841269841271e-05,0.0
2019-03-22,0.948762233736327,16.48,5595.5,117.55,2.448,-3.580828245569945e-05,-0.0190787446597492,0.0128214854200047,0.02715904,0.0143375545799952,9.714285714285714e-05,0.0
2019-03-25,0.9358166189111748,16.33,5591.23,117.6,2.445,-7.168201856557762e-05,-0.0007634045350831,0.012373874355859,0.0266668899999999,0.0142930156441409,9.702380952380951e-05,0.0
2019-03-26,0.8924012158054712,14.68,5631.39,117.8,2.455,0.0,0.007157004589874,0.0129484150078982,0.0215502399999999,0.0086018249921017,9.742063492063492e-05,0.0
2019-03-27,0.902860548271752,15.15,5605.32,117.66,2.425,-0.0002860514177422,-0.004640156554044,0.0132479745068382,0.02295225,0.0097042754931617,9.623015873015872e-05,0.0
2019-03-28,0.8852760736196319,14.43,5626.32,119.25,2.419,-3.561570652654583e-05,0.0037394404505433,0.0133831431557691,0.0208224899999999,0.0074393468442308,9.59920634920635e-05,0.0
2019-03-29,0.8677215189873417,13.71,5664.46,120.96,2.389,0.0,0.0067559805557148,0.0137148265974372,0.01879641,0.0050815834025627,9.480158730158728e-05,0.0
2019-04-01,0.8667529107373868,13.4,5730.04,126.77,2.381,3.4977876493086295e-05,0.011510943722125,0.0146613801064857,0.017956,0.0032946198935142,9.448412698412696e-05,0.0
2019-04-02,0.8597168597168597,13.36,5730.35,127.31,2.415,3.496809161636823e-05,5.4099380575291663e-05,0.0143519903511795,0.01784896,0.0034969696488204,9.583333333333334e-05,0.0
2019-04-03,0.8790786948176583,13.74,5742.67,125.96,2.424,3.4902186621960126e-05,0.0021476480883653,0.0142803642459606,0.0188787599999999,0.0045983957540393,9.619047619047618e-05,0.0
2019-04-04,0.8772609819121446,13.58,5755.96,126.23,2.425,-3.481833533535595e-05,0.002311580756633,0.0134414160781734,0.01844164,0.0050002239218265,9.623015873015872e-05,0.0
2019-04-05,0.851261620185923,12.82,5782.7,128.75,2.425,0.0,0.0046348619109874,0.0122205205559841,0.01643524,0.0042147194440158,9.623015873015872e-05,0.0
2019-04-08,0.862565445026178,13.18,5788.86,129.13,2.415,0.0,0.0010646793659428,0.0119816944314076,0.01737124,0.0053895455685923,9.583333333333334e-05,0.0
2019-04-09,0.8930581613508443,14.28,5755.49,127.66,2.412,-3.4805004959681554e-05,-0.0057811991046167,0.010834364077863,0.0203918399999999,0.0095574759221369,9.571428571428573e-05,0.0
2019-04-10,0.8647594278283485,13.3,5775.99,127.61,2.414,3.468669245040984e-05,0.0035554883841255,0.0108567885700732,0.017689,0.0068322114299267,9.57936507936508e-05,0.0
2019-04-11,0.8537704918032787,13.02,5776.28,126.23,2.422,3.469391295294085e-05,5.02065827861087e-05,0.0105089285289258,0.0169520399999999,0.0064431114710741,9.611111111111112e-05,0.0
2019-04-12,0.8305670816044259,12.01,5815.04,124.22,2.426,-0.0001378549765647,0.0066877878389187,0.0107886851754251,0.01442401,0.0036353248245748,9.626984126984127e-05,0.0
2019-04-15,0.8479008947006195,12.32,5811.51,127.69,2.405,0.0,-0.0006072308825004,0.0107005136804035,0.01517824,0.0044777263195964,9.543650793650792e-05,0.0
2019-04-16,0.8417415342087076,12.18,5814.46,125.81,2.421,-3.446196260873923e-05,0.0005074845476655,0.0106407659283958,0.0148352399999999,0.0041944740716041,9.607142857142856e-05,0.0
2019-04-17,0.8502024291497975,12.6,5801.83,125.78,2.432,0.0,-0.0021745333453015,0.0107651407496077,0.015876,0.0051108592503922,9.65079365079365e-05,0.0
2019-04-18,0.8297872340425532,12.09,5811.13,123.6,2.414,3.448097512194509e-05,0.0016016591787307,0.0105433922584001,0.01461681,0.0040734177415998,9.57936507936508e-05,0.0
2019-04-22,0.84375,12.42,5817.16,124.24,2.427,-6.889424733028525e-05,0.0010371259300384,0.0093644834158844,0.01542564,0.0060611565841155,9.63095238095238e-05,0.0
2019-04-23,0.844566712517194,12.28,5868.88,124.65,2.432,0.0,0.0088516448163833,0.0046346239453888,0.0150798399999999,0.0104452160546111,9.65079365079365e-05,0.0
2019-04-24,0.8736702127659576,13.14,5856.03,123.81,2.42,3.422020703222142e-05,-0.0021919153571006,0.0047683629258437,0.01726596,0.0124975970741562,9.603174603174604e-05,0.0
2019-04-25,0.871137409598948,13.25,5853.87,124.18,2.417,-0.0001369394043136,-0.0003689186115164,0.0045085807289222,0.01755625,0.0130476692710777,9.59126984126984e-05,0.0
2019-04-26,0.854936198791135,12.73,5881.48,126.29,2.413,0.0,0.0047054499343144,0.0040293316686359,0.01620529,0.012175958331364,9.575396825396824e-05,0.0
2019-04-29,0.860801050558109,13.11,5888.05,125.79,2.41,0.0,0.0011164423188399,0.0040160929228222,0.0171872099999999,0.0131711170771777,9.563492063492065e-05,0.0
2019-04-30,0.861457649376231,13.12,5893.81,126.47,2.418,-3.401996972219601e-05,0.000977774385182,0.0037482783091286,0.0172134399999999,0.0134651616908713,9.595238095238096e-05,0.0
2019-05-01,0.9141445336627548,14.8,5849.65,125.32,2.412,3.426593794435522e-05,-0.0075208172294213,0.0034805898432479,0.021904,0.018423410156752,9.571428571428573e-05,0.0
2019-05-02,0.8995633187772925,14.42,5837.46,124.59,2.422,-0.0003090500145939,-0.0020860596709614,0.0035856925981898,0.02079364,0.0172079474018101,9.611111111111112e-05,0.0
2019-05-03,0.8540145985401459,12.87,5894.3,122.22,2.422,-3.401302698930598e-05,0.0096900115165819,0.0045089238989727,0.0165636899999999,0.0120547661010272,9.611111111111112e-05,0.0
2019-05-06,0.9414634146341464,15.44,5868.45,123.23,2.414,0.0,-0.0043952377827339,0.0048677642795152,0.0238393599999999,0.0189715957204847,9.57936507936508e-05,0.0
2019-05-07,1.0287539936102237,19.32,5771.59,116.88,2.415,0.0,-0.0166429386393337,0.0083096768744084,0.03732624,0.0290165631255915,9.583333333333334e-05,0.0
2019-05-08,1.0346666666666666,19.4,5762.48,117.79,2.426,-0.0003824424163407,-0.0015796682167505,0.0083165377293601,0.0376359999999999,0.0293194622706398,9.626984126984127e-05,0.0
2019-05-09,1.0357917570498916,19.1,5747.08,117.68,2.421,-6.975203152785481e-05,-0.0026760378659441,0.0079968820276572,0.036481,0.0284841179723427,9.607142857142856e-05,0.0
2019-05-10,0.9491124260355028,16.04,5770.44,118.54,2.421,0.0,0.0040564343767978,0.0080456563325609,0.0257281599999999,0.017682503667439,9.607142857142856e-05,0.0
2019-05-13,1.038403233956544,20.55,5631.41,119.36,2.402,3.559035501375889e-05,-0.0243884792663058,0.0151535362043997,0.04223025,0.0270767137956002,9.531746031746032e-05,0.0
2019-05-14,0.9874248223072716,18.06,5677.2,119.95,2.394,-3.529391003579122e-05,0.0080982985975088,0.0154581196535902,0.03261636,0.0171582403464097,9.5e-05,0.0
2019-05-15,0.939965694682676,16.44,5711.49,120.87,2.397,-0.0003857957036388,0.0060217818938251,0.0160748389100567,0.02702736,0.0109525210899432,9.511904761904762e-05,0.0
2019-05-16,0.9133811230585424,15.29,5763.95,121.09,2.389,-0.000104295225017,0.0091430682312855,0.0172600573387765,0.0233784099999999,0.0061183526612234,9.480158730158728e-05,0.0
2019-05-17,0.9355216881594374,15.96,5730.89,118.69,2.378,-3.49766530842334e-05,-0.0057521620406457,0.0175722408140262,0.02547216,0.0078999191859737,9.436507936507938e-05,0.0
2019-05-20,0.9433198380566802,16.31,5692.3,115.25,2.37,0.0,-0.0067564571370619,0.017949798093135,0.0266016099999999,0.0086518119068649,9.404761904761906e-05,0.0
2019-05-21,0.9104750304506698,14.95,5740.81,117.17,2.371,3.4903404827109146e-05,0.0084859309679023,0.0189949699144417,0.02235025,0.0033552800855582,9.408730158730158e-05,0.0
2019-05-22,0.8982947624847746,14.75,5724.71,115.42,2.367,0.0,-0.0028084222228105,0.0178406830862719,0.0217562499999999,0.003915566913728,9.392857142857144e-05,0.0
2019-05-23,0.9564725833804408,16.92,5657.1,114.71,2.354,-7.08616780044707e-05,-0.0118804997166107,0.0192130998662274,0.02862864,0.0094155401337725,9.341269841269842e-05,0.0
2019-05-24,0.9274429490930368,15.85,5665.6,114.12,2.338,-0.0003181842286683,0.0015014089566525,0.0193152567637755,0.02512225,0.0058069932362244,9.277777777777778e-05,0.0
2019-05-28,0.9776536312849162,17.5,5618.18,112.58,2.345,-0.0001070797565721,-0.0084050343348754,0.0193089671210935,0.0306249999999999,0.0113160328789064,9.305555555555556e-05,0.0
2019-05-29,0.981359649122807,17.9,5579.51,111.93,2.349,-0.000143724623621,-0.0069068091233205,0.0194147446685422,0.032041,0.0126262553314577,9.321428571428572e-05,0.0
2019-05-30,0.9632516703786193,17.3,5591.97,112.68,2.367,-0.0002150460556969,0.0022306811929454,0.0195453771092055,0.029929,0.0103836228907944,9.392857142857144e-05,0.0
2019-05-31,0.9936271906532133,18.71,5519.27,112.65,2.342,3.63127984457792e-05,-0.0130860349433822,0.0206206995937162,0.03500641,0.0143857104062837,9.293650793650794e-05,0.0
2019-06-03,1.0047948854555142,18.86,5504.05,112.32,2.328,-3.6418595334744816e-05,-0.0027614202747632,0.020614560269129,0.03556996,0.0149553997308709,9.238095238095236e-05,0.0
2019-06-04,0.9647527003979534,16.97,5622.31,112.74,2.342,3.5647446751594e-05,0.0212584265914397,0.0258617986982444,0.0287980899999999,0.0029362913017555,9.293650793650794e-05,0.0
2019-06-05,0.9392877991827204,16.09,5668.89,112.91,2.34,-7.070135746599905e-05,0.008250719895449,0.0270970976381368,0.0258888099999999,-0.0012082876381368,9.285714285714285e-05,0.0
2019-06-06,0.9414893617021276,15.93,5705.22,113.89,2.308,-7.023458350885592e-05,0.0063882138558531,0.0247591692337674,0.0253764899999999,0.0006173207662325,9.15873015873016e-05,0.0
2019-06-07,0.9504373177842568,16.3,5765.66,114.67,2.272,-6.953861131386881e-05,0.0105380858882866,0.0262070552404402,0.026569,0.0003619447595597,9.015873015873016e-05,0.0
2019-06-10,0.9443127962085308,15.94,5792.56,114.38,2.274,-6.921612735761139e-05,0.004654704369452,0.0263527223695504,0.0254083599999999,-0.0009443623695504,9.023809523809524e-05,0.0
2019-06-11,0.9411418481459684,15.99,5790.83,113.81,2.25,0.0,-0.0002987035769085,0.026176332453823,0.02556801,-0.000608322453823,8.928571428571429e-05,0.0
2019-06-12,0.9331378299120234,15.91,5779.12,114.66,2.217,-0.0001387347391785,-0.0020242099574163,0.0183387473665286,0.0253128099999999,0.0069740626334713,8.797619047619048e-05,0.0
2019-06-13,0.9383155397390274,15.82,5804.53,113.33,2.176,-0.0001726370306429,0.00438722522816,0.0178619695767959,0.02502724,0.007165270423204,8.634920634920635e-05,0.0
2019-06-14,0.9204819277108433,15.28,5795.96,113.16,2.172,0.0,-0.0014775240630492,0.0175984391677922,0.0233478399999999,0.0057494008322077,8.61904761904762e-05,0.0
2019-06-17,0.9241420830824804,15.35,5801.4,115.3,2.182,-6.90941753611506e-05,0.000938144612047,0.0166603800089007,0.02356225,0.0069018699910992,8.658730158730159e-05,0.0
2019-06-18,0.9181818181818182,15.15,5857.95,116.21,2.216,-3.42108414156135e-05,0.0097004452974034,0.0171657619765483,0.02295225,0.0057864880234516,8.793650793650795e-05,0.0
2019-06-19,0.8900621118012422,14.33,5875.45,115.93,2.164,3.4123287437480696e-05,0.0029829398087758,0.0163894872162374,0.02053489,0.0041454027837625,8.587301587301588e-05,0.0
2019-06-20,0.9138785625774472,14.75,5931.66,119.23,2.132,-3.3801483885303954e-05,0.0095214535406045,0.0165844448533416,0.0217562499999999,0.0051718051466583,8.460317460317461e-05,0.0
2019-06-21,0.9238152369526094,15.4,5924.54,118.46,2.107,-3.4006087089558105e-05,-0.0012010595057284,0.0164386113469097,0.023716,0.0072773886530902,8.361111111111111e-05,0.0
2019-06-24,0.9265330904675168,15.26,5914.29,117.09,2.109,-6.810365376096234e-05,-0.0017315904631011,0.0142182830520427,0.0232867599999999,0.0090684769479572,8.369047619047619e-05,0.0
2019-06-25,0.9509345794392524,16.28,5858.13,116.83,2.123,-3.4387304207255396e-05,-0.0095410163797083,0.0158528455041921,0.02650384,0.0106509944958078,8.424603174603175e-05,0.0
2019-06-26,0.950733137829912,16.21,5850.9,117.16,2.144,-3.442518546565538e-05,-0.0012349444691603,0.0146635645523125,0.02627641,0.0116128454476874,8.507936507936508e-05,0.0
2019-06-27,0.9439140811455846,15.82,5874.15,117.5,2.139,0.0,0.0039658731473694,0.0136601825951027,0.02502724,0.0113670574048972,8.488095238095238e-05,0.0
2019-06-28,0.9389788293897884,15.08,5908.25,118.12,2.093,-0.0002047432178809,0.0057883105663835,0.0137923564484194,0.0227406399999999,0.0089482835515805,8.305555555555556e-05,0.0
2019-07-01,0.9112119248217758,14.06,5953.63,119.86,2.112,0.0,0.0076514382872863,0.0107451911197749,0.01976836,0.009023168880225,8.380952380952382e-05,0.0
2019-07-02,0.8783967391304347,12.93,5971.29,122.14,2.184,3.3729656800711375e-05,0.0029618668989682,0.0102197077384661,0.01671849,0.0064987822615338,8.666666666666667e-05,0.0
2019-07-03,0.8651066758430833,12.57,6018.54,120.82,2.205,3.3471122788783514e-05,0.0078817205253494,0.0065087778202871,0.01580049,0.0092917121797128,8.75e-05,0.0
2019-07-05,0.8865153538050734,13.28,6008.31,126.66,2.219,-0.0003016945175402,-0.0017011939896458,0.0064413768659501,0.01763584,0.0111944631340498,8.805555555555555e-05,0.0
2019-07-08,0.9018087855297158,13.96,5979.34,121.42,2.233,0.0,-0.004833317021637,0.0069290151884513,0.01948816,0.0125591448115486,8.861111111111113e-05,0.0
2019-07-09,0.9049454078355812,14.09,5988.48,120.44,2.243,-6.728569506116878e-05,0.0015274296867766,0.0060178800566048,0.01985281,0.0138349299433951,8.90079365079365e-05,0.0
2019-07-10,0.857801184990125,13.03,6015.56,120.66,2.174,3.3489057450447595e-05,0.0045118220095742,0.0060078665220875,0.01697809,0.0109702234779124,8.626984126984126e-05,0.0
2019-07-11,0.8631508678237649,12.93,6029.33,122.45,2.142,3.341185118358444e-05,0.0022864477797555,0.0059514180720081,0.01671849,0.0107670719279918,8.499999999999999e-05,0.0
2019-07-12,0.8371621621621622,12.39,6057.77,123.65,2.134,3.325850170446796e-05,0.0047058521041004,0.005825689340557,0.01535121,0.0095255206594429,8.468253968253968e-05,0.0
2019-07-15,0.8430851063829787,12.68,6058.83,126.22,2.132,3.324854953199643e-05,0.0001749665752278,0.0058109355525063,0.01607824,0.0102673044474936,8.460317460317461e-05,0.0
2019-07-16,0.8449408672798948,12.86,6038.4,125.15,2.148,0.0,-0.0033776359419204,0.0060227764167856,0.0165379599999999,0.0105151835832143,8.523809523809524e-05,0.0
2019-07-17,0.8830594184576486,13.97,5999.05,123.98,2.118,3.35824028208913e-05,-0.0065379528334177,0.006884362771716,0.01951609,0.0126317272282839,8.404761904761904e-05,0.0
2019-07-18,0.8706563706563707,13.53,6021.15,125.42,2.027,3.3461042980679275e-05,0.0036771476184976,0.0060894716548842,0.01830609,0.0122166183451157,8.043650793650793e-05,0.0
2019-07-19,0.9070935342121782,14.45,5984.2,125.5,2.068,3.365700149770596e-05,-0.0061556084036225,0.0067060199386652,0.0208802499999999,0.0141742300613347,8.206349206349206e-05,0.0
2019-07-22,0.874595992243051,13.53,6001.28,125.36,2.071,0.0,0.0028501172355174,0.0057861988923221,0.01830609,0.0125198911076778,8.21825396825397e-05,0.0
2019-07-23,0.8446081714668453,12.61,6042.48,124.65,2.046,3.333722267613804e-05,0.0068417438926633,0.0062063914008801,0.01590121,0.0096948185991198,8.119047619047618e-05,0.0
2019-07-24,0.8289835164835164,12.07,6071.05,123.08,2.095,3.318125259225518e-05,0.004717048288124,0.0062714827555342,0.01456849,0.0082970072444657,8.313492063492065e-05,0.0
2019-07-25,0.8465116279069768,12.74,6039.13,121.88,2.103,3.333833408341553e-05,-0.0052716101529505,0.0053296821540048,0.01623076,0.0109010778459951,8.345238095238097e-05,0.0
2019-07-26,0.8277739959155889,12.16,6083.82,123.27,2.116,3.311422752782723e-05,0.0073728263236559,0.0056366113543479,0.01478656,0.0091499486456521,8.396825396825397e-05,0.0
2019-07-29,0.8553333333333334,12.83,6074.01,125.1,2.103,3.316914606030451e-05,-0.0016137751768186,0.0057139482244558,0.01646089,0.0107469417755441,8.345238095238097e-05,0.0
2019-07-30,0.8878980891719745,13.94,6058.96,121.94,2.067,3.3243023120492344e-05,-0.0024808447921461,0.0056603112673868,0.01943236,0.0137720487326131,8.202380952380953e-05,0.0
2019-07-31,0.9532820816085156,16.12,5993.17,121.71,2.065,3.3626443835401604e-05,-0.0109176806903692,0.0067789032884101,0.02598544,0.0192065367115898,8.194444444444444e-05,0.0
2019-08-01,0.9933296275708728,17.87,5939.83,117.07,2.078,-0.0001356070108825,-0.0089399740648399,0.0076849462808049,0.03193369,0.024248743719195,8.246031746031745e-05,0.0
2019-08-02,0.9843487982112912,17.61,5897.1,117.25,2.056,3.4157088449749476e-05,-0.0072198087866619,0.0073264364169834,0.03101121,0.0236847735830165,8.158730158730159e-05,0.0
2019-08-05,1.1228310502283103,24.59,5721.8,113.3,2.005,3.520692872374091e-05,-0.0301772634463724,0.0175812989648999,0.06046681,0.0428855110351,7.956349206349205e-05,1.0
2019-08-06,1.0243778567800914,20.17,5796.72,114.2,2.033,6.949753283771858e-05,0.0130087991424544,0.0202743503100768,0.04068289,0.0204085396899231,8.067460317460318e-05,0.0
2019-08-07,0.9994871794871794,19.49,5801.32,113.96,2.015,3.471920840201686e-05,0.0007932375196502,0.02022523104324,0.0379860099999999,0.0177607789567599,7.996031746031746e-05,0.0
2019-08-08,0.946808510638298,16.91,5911.66,117.71,2.011,3.406516666379692e-05,0.0188411939778208,0.0248644075357493,0.02859481,0.0037304024642506,7.980158730158732e-05,0.0
2019-08-09,0.9682112068965516,17.97,5873.47,116.34,1.989,3.4295316974435946e-05,-0.0064810712615884,0.0250983636598064,0.03229209,0.0071937263401935,7.892857142857144e-05,0.0
2019-08-12,1.028780487804878,21.09,5804.25,115.15,1.976,3.471077248840746e-05,-0.0118551927451491,0.0259051633406326,0.04447881,0.0185736466593673,7.841269841269841e-05,0.0
2019-08-13,0.9454937938478144,17.52,5890.16,117.58,1.989,3.4196802598925894e-05,0.014692754143909,0.0292431542332826,0.03069504,0.0014518857667173,7.892857142857144e-05,0.0
2019-08-14,1.0375586854460097,22.1,5719.3,113.48,1.944,3.5220568812154284e-05,-0.0294367416998735,0.0387272468048875,0.048841,0.0101137531951124,7.714285714285714e-05,0.0
2019-08-15,1.005220692928334,21.18,5734.49,112.52,1.883,3.512777728986003e-05,0.0026523987091456,0.038825390515729,0.0448592399999999,0.0060338494842709,7.472222222222223e-05,0.0
2019-08-16,0.9375634517766496,18.47,5818.17,115.84,1.865,3.461824727810882e-05,0.0144869603195159,0.0418143538595923,0.0341140899999999,-0.0077002638595923,7.40079365079365e-05,0.0
2019-08-19,0.9193899782135077,16.88,5888.93,116.48,1.901,3.4208500812420785e-05,0.0120885380143716,0.0437292487992904,0.0284934399999999,-0.0152358087992904,7.543650793650793e-05,0.0
2019-08-20,0.9273979862215156,17.5,5842.76,114.78,1.91,3.447622002720486e-05,-0.0078710293852496,0.0441320721985612,0.0306249999999999,-0.0135070721985612,7.579365079365079e-05,0.0
2019-08-21,0.8916478555304741,15.8,5891.19,114.48,1.974,3.4196802598925894e-05,0.008254726669781,0.0444450353500628,0.024964,-0.0194810353500628,7.833333333333333e-05,0.0
2019-08-22,0.9149753154141524,16.68,5888.37,114.46,1.986,3.420967107398151e-05,-0.0004787954819827,0.0439932707498755,0.02782224,-0.0161710307498755,7.88095238095238e-05,0.0
2019-08-23,0.975933202357564,19.87,5735.63,112.62,1.96,3.511051033123573e-05,-0.026281622790819,0.0513110981562291,0.03948169,-0.011829408156229,7.777777777777778e-05,0.0
2019-08-26,0.9747729566094854,19.32,5799.34,113.07,1.982,3.472523656564252e-05,0.0110465216386596,0.0523829149497206,0.03732624,-0.0150566749497206,7.865079365079366e-05,0.0
2019-08-27,0.9840116279069766,20.31,5780.79,111.76,1.977,3.486081818337106e-05,-0.0032037664286351,0.0523865411239228,0.0412496099999999,-0.0111369311239228,7.845238095238096e-05,0.0
2019-08-28,0.9650872817955112,19.35,5818.84,113.65,1.985,6.924248719027369e-05,0.0065605776177872,0.0533390927126501,0.03744225,-0.0158968427126501,7.876984126984127e-05,0.0
2019-08-29,0.9395691014188124,17.88,5893.65,115.02,1.985,3.418043853499532e-05,0.0127745709663431,0.0547062814191863,0.0319694399999999,-0.0227368414191863,7.876984126984127e-05,0.0
2019-08-30,0.9713408393039918,18.98,5898.23,115.37,1.983,6.838542022853946e-05,0.0007768057731775,0.0538454524254601,0.03602404,-0.0178214124254601,7.869047619047619e-05,1.0
2019-09-03,0.9771371769383698,19.66,5857.95,114.68,1.956,3.439203480470794e-05,-0.0068525928698484,0.0537833566761116,0.03865156,-0.0151317966761116,7.761904761904762e-05,1.0
2019-09-04,0.9213184476342372,17.33,5921.96,115.99,1.948,3.401765516319204e-05,0.0108677621489252,0.0431143778013019,0.0300328899999999,-0.0130814878013019,7.730158730158731e-05,0.0
2019-09-05,0.8998893805309736,16.27,6000.38,118.58,1.956,3.35767648786734e-05,0.0131553253741691,0.0431566241290252,0.0264712899999999,-0.0166853341290252,7.761904761904762e-05,0.0
2019-09-06,0.8591065292096219,15.0,6006.07,118.87,1.953,3.354860353934716e-05,0.0009478239489568,0.043153595464034,0.0225,-0.020653595464034,7.750000000000001e-05,0.0
2019-09-09,0.87008547008547,15.27,6005.99,118.79,1.951,3.354072682751985e-05,-1.3319946787051792e-05,0.039252186538262,0.02331729,-0.015934896538262,7.742063492063492e-05,0.0
2019-09-10,0.8730614589316484,15.2,6008.12,119.01,1.94,3.353397830348554e-05,0.0003545830731228,0.0385666257565562,0.023104,-0.0154626257565562,7.698412698412698e-05,0.0
2019-09-11,0.8543859649122806,14.61,6051.87,119.95,1.949,3.3301696721606974e-05,0.0072554275618768,0.0367201010941771,0.02134521,-0.0153748910941771,7.734126984126984e-05,0.0
2019-09-12,0.8459250446162999,14.22,6070.23,119.95,1.955,3.319336796505039e-05,0.0030291804289976,0.0346187656320358,0.0202208399999999,-0.0143979256320358,7.757936507936508e-05,0.0
2019-09-13,0.8242351529694061,13.74,6067.5,118.4,1.96,6.643414715157552e-05,-0.0004498370034652,0.0221515258988252,0.0188787599999999,-0.0032727658988252,7.777777777777778e-05,0.0
2019-09-16,0.852906976744186,14.67,6048.67,119.16,1.984,3.331612000482334e-05,-0.003108245453805,0.0225732486509344,0.02152089,-0.0010523586509344,7.873015873015872e-05,0.0
2019-09-17,0.8380731282646546,14.44,6064.31,117.94,1.977,6.645843025181701e-05,0.002582355240635,0.0206898374371996,0.02085136,0.0001615225628003,7.845238095238096e-05,0.0
2019-09-18,0.8274021352313167,13.95,6066.42,118.09,1.935,3.32121091351492e-05,0.0003478768419177,0.0193511527273855,0.0194602499999999,0.0001090972726144,7.678571428571428e-05,0.0
2019-09-19,0.8368076235854677,14.05,6066.9,118.77,1.922,3.321652189796185e-05,7.912096610813203e-05,0.0182494103195803,0.01974025,0.0014908396804196,7.626984126984128e-05,0.0
2019-09-20,0.8650479954827781,15.32,6037.5,117.5,1.905,3.3541851845609895e-05,-0.0048577472347844,0.0181773434904154,0.02347024,0.0052928965095845,7.55952380952381e-05,0.0
2019-09-23,0.8554216867469879,14.91,6036.9,118.78,1.894,3.3528356607570386e-05,-9.938382039591047e-05,0.0181633238078221,0.02223081,0.0040674861921778,7.515873015873015e-05,0.0
2019-09-24,0.9191374663072776,17.05,5986.58,118.01,1.915,3.380605466435964e-05,-0.0083703376718378,0.0096150703451243,0.02907025,0.0194551796548756,7.59920634920635e-05,0.0
2019-09-25,0.8866666666666667,15.96,6023.46,117.98,1.89,3.3602715099540476e-05,0.0061415475588388,0.0087904195426107,0.02547216,0.0166817404573892,7.500000000000001e-05,0.0
2019-09-26,0.8868653421633553,16.07,6009.19,117.51,1.814,3.367286808650864e-05,-0.0023718809555727,0.0086937098941808,0.02582449,0.0171307801058191,7.198412698412698e-05,0.0
2019-09-27,0.9184,17.22,5978.11,116.61,1.789,3.3857561239833096e-05,-0.0051854995943257,0.0089536024901028,0.0296528399999999,0.0206992375098971,7.09920634920635e-05,0.0
2019-09-30,0.9042316258351892,16.24,6008.59,117.67,1.816,3.368988461211457e-05,0.0050856475417006,0.0074369787615397,0.0263737599999999,0.0189367812384602,7.206349206349206e-05,0.0
2019-10-01,0.959173126614987,18.56,5935.2,114.01,1.78,3.41046672238724e-05,-0.012289386143919,0.0095327480157702,0.0344473599999999,0.0249146119842297,7.063492063492064e-05,0.0
2019-10-02,0.991321118611379,20.56,5828.93,111.47,1.744,3.471800302063204e-05,-0.0180672758227866,0.0130626775818807,0.0422713599999999,0.0292086824181192,6.920634920634921e-05,0.0
2019-10-03,0.9666329625884732,19.12,5876.86,112.44,1.702,3.4438226431307465e-05,0.0081891555986534,0.0123992300173443,0.03655744,0.0241582099826556,6.753968253968255e-05,0.0
2019-10-04,0.9166218396987628,17.04,5960.43,114.54,1.694,3.397027600846167e-05,0.0141200204567026,0.0127390577361813,0.02903616,0.0162971022638186,6.722222222222222e-05,0.0
2019-10-07,0.9444738233738762,17.86,5933.76,118.76,1.713,3.411630247510671e-05,-0.0044845499688674,0.012919885787074,0.0318979599999999,0.0189780742129259,6.797619047619047e-05,0.0
2019-10-08,0.994605198626778,20.28,5841.57,118.42,1.683,3.465543830462444e-05,-0.0156584798301263,0.0156349863097456,0.04112784,0.0254928536902543,6.67857142857143e-05,0.0
2019-10-09,0.955407483341876,18.64,5896.6,119.95,1.683,3.433771139150452e-05,0.0093763172904195,0.0169928074155098,0.03474496,0.0177521525844902,6.67857142857143e-05,0.0
2019-10-10,0.9350718467269824,17.57,5934.56,120.85,1.677,3.410234112568726e-05,0.0064169752176951,0.0168290924556803,0.0308704899999999,0.0140413975443196,6.654761904761905e-05,0.0
2019-10-11,0.8877492877492877,15.58,6000.04,122.4,1.67,3.37535652202957e-05,0.0109732470376298,0.0183794045229051,0.02427364,0.0058942354770948,6.626984126984126e-05,0.0
2019-10-14,0.8510514018691588,14.57,5991.72,124.85,1.67,3.3782071854436114e-05,-0.0013876197213762,0.0183875002636324,0.02122849,0.0028409897363675,6.626984126984126e-05,0.0
2019-10-15,0.8216019417475727,13.54,6051.39,127.17,1.657,3.345544571033522e-05,0.0099094815687783,0.0195977155139459,0.0183331599999999,-0.0012645555139459,6.575396825396826e-05,0.0
2019-10-16,0.8300970873786407,13.68,6039.69,125.53,1.66,3.350925693219705e-05,-0.0019353115936369,0.019551075805584,0.01871424,-0.000836835805584,6.587301587301587e-05,0.0
2019-10-17,0.8388077858880777,13.79,6056.84,128.01,1.668,6.683598449399081e-05,0.0028355258062922,0.0196592884925573,0.0190164099999999,-0.0006428784925573,6.619047619047619e-05,0.0
2019-10-18,0.8558558558558559,14.25,6033.26,126.24,1.665,3.355986240453362e-05,-0.0039007170988881,0.0198338747888989,0.0203062499999999,0.000472375211101,6.607142857142857e-05,0.0
2019-10-21,0.8599508599508598,14.0,6074.9,128.44,1.661,3.332722334235692e-05,0.0068780333521113,0.0201282840071149,0.0196,-0.0005282840071149,6.591269841269842e-05,0.0
2019-10-22,0.8737160120845922,14.46,6053.42,125.79,1.65,3.344201989797143e-05,-0.0035421266026156,0.0203046488230328,0.02090916,0.0006045111769671,6.547619047619048e-05,0.0
2019-10-23,0.860036832412523,14.01,6070.87,127.92,1.658,3.3349452235216704e-05,0.0028785210596337,0.0194134520926772,0.01962801,0.0002145579073227,6.579365079365078e-05,0.0
2019-10-24,0.8436923076923077,13.71,6082.54,125.22,1.665,3.3287285921112146e-05,0.00192044925444,0.0190447988056378,0.01879641,-0.0002483888056378,6.607142857142857e-05,0.0
2019-10-25,0.8052196053469127,12.65,6107.42,125.7,1.668,3.31515523214073e-05,0.0040820535175304,0.0190832847874799,0.01600225,-0.0030810347874799,6.619047619047619e-05,0.0
2019-10-28,0.8198874296435271,13.11,6141.51,125.26,1.637,3.296467834712105e-05,0.0055662148476279,0.0188563013650774,0.0171872099999999,-0.0016690913650774,6.496031746031746e-05,0.0
2019-10-29,0.8203853325046613,13.2,6136.47,127.29,1.612,0.0,-0.00082098199917,0.0187091119806346,0.017424,-0.0012851119806346,6.396825396825397e-05,0.0
2019-10-30,0.7858508604206501,12.33,6156.93,129.64,1.582,3.28790543983656e-05,0.0033286184279185,0.0164047077129009,0.01520289,-0.0012018177129009,6.277777777777778e-05,0.0
2019-10-31,0.8236760124610591,13.22,6138.73,130.71,1.535,3.2974461279708854e-05,-0.0029603963173971,0.0116003294021301,0.01747684,0.0058765105978698,6.091269841269841e-05,0.0
2019-11-01,0.7976653696498055,12.3,6198.59,126.88,1.516,3.2659993141371733e-05,0.0097039664587565,0.0118463394348084,0.015129,0.0032826605651915,6.015873015873016e-05,0.0
2019-11-04,0.8213828425096031,12.83,6221.63,129.74,1.538,0.0,0.0037100834652293,0.0101084401969825,0.01646089,0.0063524498030174,6.103174603174603e-05,0.0
2019-11-05,0.8233815210559396,13.1,6214.28,126.78,1.549,3.257275940128306e-05,-0.0011820607990612,0.0096961311804168,0.017161,0.0074648688195831,6.146825396825397e-05,0.0
2019-11-06,0.7972204674668351,12.62,6219.1,125.2,1.553,3.2557912386628157e-05,0.0007753322493897,0.0055413660548456,0.0159264399999999,0.0103850739451543,6.162698412698412e-05,0.0
2019-11-07,0.8056962025316455,12.73,6238.99,124.68,1.558,3.24438316164844e-05,0.0031931085583377,0.0050038352068798,0.01620529,0.0112014547931201,6.182539682539683e-05,0.0
2019-11-08,0.7772054088860271,12.07,6256.11,123.3,1.55,3.236507808072143e-05,0.0027402759022334,0.004820527819246,0.01456849,0.0097479621807539,6.150793650793651e-05,0.0
2019-11-11,0.8134615384615385,12.69,6243.81,123.85,1.55,3.2425947242954344e-05,-0.001968013230469,0.0040710752980132,0.0161036099999999,0.0120325347019867,6.150793650793651e-05,0.0
2019-11-12,0.8185926404131697,12.68,6253.91,123.18,1.568,3.2369268616346175e-05,0.0016162951640424,0.0039307613436533,0.01607824,0.0121474786563466,6.222222222222222e-05,0.0
2019-11-13,0.8322663252240717,13.0,6258.58,124.61,1.571,3.235460648706917e-05,0.0007464541776802,0.0031210375838186,0.0169,0.0137789624161813,6.234126984126983e-05,0.0
2019-11-14,0.8365384615384616,13.05,6265.42,126.28,1.565,3.230756804778582e-05,0.0010923028872695,0.0029610679174123,0.01703025,0.0140691820825876,6.210317460317461e-05,0.0
2019-11-15,0.8038692461641095,12.05,6314.74,124.95,1.564,3.2069269622355184e-05,0.0078409579345723,0.0033989877131932,0.01452025,0.0111212622868067,6.206349206349206e-05,0.0
2019-11-18,0.8213579433091629,12.46,6318.02,126.59,1.556,3.205179570182504e-05,0.0005192847918756,0.0029777787990609,0.01552516,0.012547381200939,6.174603174603175e-05,0.0
2019-11-19,0.8296774193548386,12.86,6314.66,127.46,1.559,3.206310018112736e-05,-0.0005319536439193,0.0027624108704006,0.0165379599999999,0.0137755491295993,6.186507936507936e-05,0.0
2019-11-20,0.8171355498721227,12.78,6292.17,125.64,1.56,3.2175549799677935e-05,-0.0035679110225355,0.0027659180947036,0.0163328399999999,0.0135669219052963,6.19047619047619e-05,0.0
2019-11-21,0.8299620733249052,13.13,6282.59,124.87,1.569,6.445583164149233e-05,-0.0015236874267865,0.0028834874063967,0.01723969,0.0143562025936032,6.226190476190475e-05,0.0
2019-11-22,0.8012987012987013,12.34,6296.34,125.53,1.583,3.2154857795112154e-05,0.0021861963579505,0.0028862638828692,0.01522756,0.0123412961171307,6.281746031746032e-05,0.0
2019-11-25,0.7918612408272181,11.87,6344.36,128.65,1.586,6.38263922133035e-05,0.0075977170563661,0.003250487830474,0.0140896899999999,0.0108392021695259,6.293650793650793e-05,0.0
2019-11-26,0.7771043771043771,11.54,6358.46,130.28,1.587,3.1845612470712883e-05,0.0022199804123442,0.0030683200447458,0.0133171599999999,0.0102488399552541,6.297619047619047e-05,0.0
2019-11-27,0.785427807486631,11.75,6385.76,130.37,1.596,3.1702252445007385e-05,0.0042843017082505,0.0030627857886784,0.0138062499999999,0.0107434642113215,6.333333333333335e-05,0.0
2019-11-29,0.8136686009026434,12.62,6361.56,129.83,1.575,3.181926656587672e-05,-0.0037968810813372,0.0034148555327642,0.0159264399999999,0.0125115844672357,6.25e-05,0.0
2019-12-02,0.8853919239904988,14.91,6306.88,126.35,1.566,3.209294115774563e-05,-0.0086325292719447,0.004446627901033,0.02223081,0.0177841820989669,6.214285714285714e-05,0.0
2019-12-03,0.9052750992626206,15.96,6265.22,122.78,1.563,3.231278778573682e-05,-0.0066273975682368,0.004183109556784,0.02547216,0.0212890504432159,6.202380952380952e-05,0.0
2019-12-04,0.8716136631330977,14.8,6305.49,123.31,1.544,6.421164157074084e-05,0.0064069790417222,0.0044879305544806,0.021904,0.0174160694455193,6.126984126984128e-05,0.0
2019-12-05,0.8653158522050058,14.52,6316.69,123.64,1.536,3.204665993683893e-05,0.0017746542894233,0.0044572580246851,0.0210830399999999,0.0166257819753148,6.095238095238096e-05,0.0
2019-12-06,0.8402220851326341,13.62,6374.7,131.48,1.516,3.1763678233910603e-05,0.0091416943287577,0.0052965727811157,0.0185504399999999,0.0132538672188842,6.015873015873016e-05,0.0
2019-12-09,0.9167630057803468,15.86,6355.07,136.56,1.537,3.185981680602439e-05,-0.0030841115840468,0.0054504557023135,0.0251539599999999,0.0197035042976864,6.099206349206349e-05,0.0
2019-12-10,0.9153531815528312,15.68,6348.31,135.0,1.55,3.1893348642111675e-05,-0.0010642837792912,0.0054455907909612,0.02458624,0.0191406492090387,6.150793650793651e-05,0.0
2019-12-11,0.8864577173270254,14.99,6366.84,134.37,1.564,3.180610995387398e-05,0.0029146353944462,0.0054038040618035,0.02247001,0.0170662059381964,6.206349206349206e-05,0.0
2019-12-12,0.8663766314481044,13.94,6422.35,132.68,1.551,3.153231273744905e-05,0.00868082319319,0.0061250198680939,0.01943236,0.013307340131906,6.154761904761905e-05,0.0
2019-12-13,0.8265706806282723,12.63,6423.93,144.51,1.56,3.151839886530898e-05,0.0002459856095254,0.0061345726364459,0.0159516899999999,0.009817117363554,6.19047619047619e-05,0.0
2019-12-16,0.8104138851802404,12.14,6470.03,143.85,1.561,3.129841473526519e-05,0.0071506653397386,0.0065522014478937,0.01473796,0.0081857585521062,6.194444444444444e-05,0.0
2019-12-17,0.8112211221122111,12.29,6472.24,137.48,1.555,3.1293517547811506e-05,0.0003415165997124,0.0060344647675151,0.0151044099999999,0.0090699452324848,6.17063492063492e-05,0.0
2019-12-18,0.8276315789473685,12.58,6470.0,144.56,1.559,3.129253829421528e-05,-0.0003461533741248,0.0060577122503795,0.01582564,0.0097679277496204,6.186507936507936e-05,0.0
2019-12-19,0.8256274768824307,12.5,6499.26,150.14,1.564,6.232276962400254e-05,0.0045122157539708,0.0061515363850705,0.015625,0.0094734636149294,6.206349206349206e-05,0.0
2019-12-20,0.8165796344647519,12.51,6531.75,147.17,1.569,3.115701578100016e-05,0.0049865769920415,0.0059647509052138,0.01565001,0.0096852590947861,6.226190476190475e-05,0.0
2019-12-23,0.8135483870967741,12.61,6537.4,143.91,1.562,3.113082730170723e-05,0.0008646316481161,0.0058343969950097,0.01590121,0.0100668130049902,6.198412698412698e-05,0.0
2019-12-24,0.8163659793814433,12.67,6536.58,143.87,1.573,3.1128889165561815e-05,-0.0001254399962482,0.0058814530079367,0.01605289,0.0101714369920632,6.242063492063492e-05,0.0
2019-12-26,0.8150773195876289,12.65,6570.71,143.07,1.573,3.096886081060296e-05,0.0052078007180957,0.005599804290563,0.01600225,0.0104024457094369,6.242063492063492e-05,0.0
2019-12-27,0.8420062695924765,13.43,6571.03,140.29,1.556,6.194443584099424e-05,4.8699791665751125e-05,0.0056262475753287,0.01803649,0.0124102424246712,6.174603174603175e-05,0.0
2019-12-30,0.8884892086330936,14.82,6533.91,133.56,1.533,3.114246118867942e-05,-0.0056650544411198,0.0061325616662535,0.02196324,0.0158306783337464,6.083333333333333e-05,0.0
2019-12-31,0.8683049779458097,13.78,6553.57,139.52,1.549,3.106603084854038e-05,0.0030044003564145,0.005849709571718,0.01898884,0.0131391304282819,6.146825396825397e-05,0.0
2020-01-02,0.8209348255431206,12.47,6609.29,137.7,1.528,3.078486000582112e-05,0.0084662957480683,0.0050283263334137,0.01555009,0.0105217636665862,6.063492063492064e-05,0.0
2020-01-03,0.8757026858213616,14.02,6563.32,133.46,1.513,3.101304098370545e-05,-0.0069796625910184,0.0051084454056047,0.0196560399999999,0.0145475945943952,6.0039682539682534e-05,0.0
2020-01-06,0.8699748743718593,13.85,6586.54,132.51,1.528,6.179133067624991e-05,0.0035316002046716,0.0049037992795487,0.0191822499999999,0.0142784507204512,6.063492063492064e-05,0.0
2020-01-07,0.8694829760403531,13.79,6568.74,129.78,1.53,3.098229361916845e-05,-0.0027061394151597,0.0051788179611587,0.0190164099999999,0.0138375920388412,6.071428571428572e-05,0.0
2020-01-08,0.8733766233766234,13.45,6601.15,136.42,1.532,6.164848036490293e-05,0.0049218429958661,0.0046185042221066,0.0180902499999999,0.0134717457778933,6.079365079365079e-05,0.0
2020-01-09,0.8387959866220736,12.54,6646.84,133.47,1.532,3.061615001910725e-05,0.0068976774820812,0.0046202374866927,0.0157251599999999,0.0111049225133072,6.079365079365079e-05,0.0
2020-01-10,0.8401337792642141,12.56,6627.87,128.15,1.533,3.070357236061624e-05,-0.0028580681480982,0.0048035832808411,0.01577536,0.0109717767191588,6.083333333333333e-05,0.0
2020-01-13,0.8415300546448087,12.32,6674.13,131.27,1.546,3.049384786616526e-05,0.0069553731008891,0.0050873394175397,0.01517824,0.0100909005824602,6.134920634920634e-05,0.0
2020-01-14,0.8463114754098361,12.39,6664.66,130.82,1.562,3.054041260094646e-05,-0.0014199191367574,0.0046733591656357,0.01535121,0.0106778508343642,6.198412698412698e-05,0.0
2020-01-15,0.8489405331510594,12.42,6677.25,135.53,1.56,0.0,0.0018872865634642,0.0046429173569824,0.01542564,0.0107827226430175,6.19047619047619e-05,0.0
2020-01-16,0.8525951557093426,12.32,6733.35,133.13,1.549,3.0221067105852024e-05,0.0083665648437575,0.0048233278869497,0.01517824,0.0103549121130502,6.146825396825397e-05,0.0
2020-01-17,0.8396946564885496,12.1,6759.51,134.62,1.556,3.011912112401821e-05,0.0038776112370818,0.0048345334141542,0.014641,0.0098064665858457,6.174603174603175e-05,0.0
2020-01-21,0.8641560188298588,12.85,6741.71,132.7,1.537,3.018275659113202e-05,-0.0026368002763,0.0050368538769503,0.01651225,0.0114753961230496,6.099206349206349e-05,0.0
2020-01-22,0.8618157543391188,12.91,6743.9,129.93,1.547,3.0176380946605627e-05,0.0003247906500709,0.0049778373810432,0.0166668099999999,0.0116889726189567,6.138888888888889e-05,0.0
2020-01-23,0.8659106070713809,12.98,6752.09,131.76,1.551,6.028636021094743e-05,0.0012136939943433,0.0048418360328237,0.0168480399999999,0.0120062039671762,6.154761904761905e-05,0.0
2020-01-24,0.9060360920970754,14.56,6691.22,127.02,1.528,3.0418713592574505e-05,-0.0090558673405181,0.0062016377649936,0.02119936,0.0149977222350063,6.063492063492064e-05,0.0
2020-01-27,1.0038546255506609,18.23,6585.95,127.21,1.539,3.09104678299025e-05,-0.0158576271843588,0.0096604434077762,0.03323329,0.0235728465922237,6.107142857142857e-05,0.0
2020-01-28,0.9559600704638872,16.28,6652.3,125.61,1.558,3.059086250934063e-05,0.0100240674681925,0.0105273828860547,0.02650384,0.0159764571139452,6.182539682539683e-05,0.0
2020-01-29,0.9624192601291838,16.39,6646.69,125.15,1.553,6.123136270392128e-05,-0.0008436731410069,0.0105490587669459,0.02686321,0.016314151233054,6.162698412698412e-05,0.0
2020-01-30,0.9336949969861362,15.49,6668.52,129.95,1.559,3.0519906609231505e-05,0.0032789598600262,0.0101092880961893,0.02399401,0.0138847219038106,6.186507936507936e-05,0.0
2020-01-31,1.0112721417069244,18.84,6551.0,135.73,1.547,3.108051407167448e-05,-0.0177802365013022,0.0142282968499733,0.03549456,0.0212662631500266,6.138888888888889e-05,0.0
2020-02-03,0.996119733924612,17.97,6598.63,127.7,1.562,3.085039102867823e-05,0.0072443419782354,0.0139849351239071,0.03229209,0.0183071548760928,6.198412698412698e-05,0.0
2020-02-04,0.9610778443113772,16.05,6697.49,128.65,1.56,6.077549532023159e-05,0.0148707776130991,0.015913341467279,0.02576025,0.009846908532721,6.19047619047619e-05,0.0
2020-02-05,0.9404096834264432,15.15,6772.98,129.78,1.56,3.004581987528252e-05,0.0112083379861073,0.0171173124296028,0.02295225,0.0058349375703971,6.19047619047619e-05,0.0
2020-02-06,0.9414726242920076,14.96,6796.64,134.48,1.563,2.9943257527129332e-05,0.0034872050914682,0.0169477995206296,0.02238016,0.0054323604793703,6.202380952380952e-05,0.0
2020-02-07,0.9496623695518724,15.47,6761.26,132.21,1.547,3.0101894914257477e-05,-0.0052191091997894,0.0173391245652479,0.02393209,0.006592965434752,6.138888888888889e-05,0.0
2020-02-10,0.9324240545567266,15.04,6811.83,133.29,1.557,2.9878841298507267e-05,0.0074515433101062,0.0174231512166767,0.0226201599999999,0.0051970087833232,6.178571428571428e-05,0.0
2020-02-11,0.9405204460966542,15.18,6823.59,132.95,1.564,2.9825372444480814e-05,0.0017249197921063,0.0172102688357608,0.0230432399999999,0.0058329711642391,6.206349206349206e-05,0.0
2020-02-12,0.89453125,13.74,6867.92,133.2,1.576,2.9637093786556332e-05,0.0064755684226695,0.0171456894976735,0.0188787599999999,0.0017330705023264,6.253968253968253e-05,0.0
2020-02-13,0.9024234693877552,14.15,6858.92,133.04,1.581,2.966786821530241e-05,-0.001311299802377,0.0171382137227291,0.02002225,0.0028840362772708,6.273809523809524e-05,0.0
2020-02-14,0.8825806451612903,13.68,6872.68,132.67,1.573,2.9620414389570368e-05,0.0020041371152177,0.0171399062517419,0.01871424,0.001574333748258,6.242063492063492e-05,0.0
2020-02-18,0.92111801242236,14.83,6853.04,137.66,1.571,2.969958866067004e-05,-0.0028617826101612,0.016674156897487,0.0219928899999999,0.0053187331025129,6.234126984126983e-05,0.0
2020-02-19,0.90897597977244,14.38,6886.47,141.81,1.576,2.9559125641036653e-05,0.0048662675699595,0.0167615899155839,0.02067844,0.003916850084416,6.253968253968253e-05,0.0
2020-02-20,0.9373493975903614,15.56,6860.52,137.12,1.574,2.967579197267128e-05,-0.0037753764021236,0.0168782258112959,0.02421136,0.007333134188704,6.246031746031747e-05,0.0
2020-02-21,0.9699034639409426,17.08,6788.6,135.14,1.552,2.9985457053301864e-05,-0.0105385058698294,0.018433180696715,0.0291726399999999,0.0107394593032849,6.158730158730159e-05,0.0
2020-02-24,1.1418795620437956,25.03,6561.94,130.48,1.538,3.101688869604302e-05,-0.0339584438011154,0.0324812200809129,0.06265009,0.030168869919087,6.103174603174603e-05,0.0
2020-02-25,1.1672254819782062,27.85,6363.37,130.79,1.523,3.19800444522327e-05,-0.0307281797112161,0.0423203773091579,0.07756225,0.035241872690842,6.043650793650793e-05,1.0
2020-02-26,1.1628691983122363,27.56,6339.38,130.65,1.513,3.2097061513989196e-05,-0.0037771393629989,0.039972406187327,0.07595536,0.0359829538126729,6.0039682539682534e-05,1.0
2020-02-27,1.3088235294117645,39.16,6060.67,128.93,1.432,3.360610286825032e-05,-0.044960616843192,0.0598450019842056,0.1533505599999999,0.0935055580157943,5.682539682539682e-05,1.0
2020-02-28,1.343718592964824,40.11,6011.73,115.74,1.284,0.0011708622564189,-0.0081077943233106,0.0598207343854123,0.16088121,0.1010604756145876,5.095238095238096e-05,1.0
2020-03-02,1.2064981949458484,33.42,6288.64,126.84,1.195,3.2353559700376615e-05,0.0450322704154421,0.0892216297209172,0.1116896399999999,0.0224680102790827,4.742063492063493e-05,1.0
2020-03-03,1.2204176334106729,36.82,6112.07,123.06,0.934,3.329282706037955e-05,-0.0284793264398202,0.0946360892885685,0.13557124,0.0409351507114315,3.7063492063492065e-05,1.0
2020-03-04,1.1628498727735368,31.99,6370.35,127.38,0.721,0.0,0.0413889084513762,0.117701251384578,0.1023360099999999,-0.015365241384578,2.861111111111111e-05,1.0
2020-03-05,1.2164568621430765,39.62,6155.58,123.61,0.619,3.3063862851066826e-05,-0.0342954256013254,0.1262070869631393,0.15697444,0.0307673530368606,2.4563492063492063e-05,1.0
2020-03-06,1.182741116751269,41.94,6050.8,126.08,0.463,0.0289962951058178,-0.0171684928223602,0.1249818674143568,0.17589636,0.0509144925856431,1.8373015873015875e-05,1.0
2020-03-09,1.2650406504065042,54.46,5591.74,121.57,0.36,3.644248464877736e-05,-0.0788999858481706,0.1880466187536099,0.2965891599999999,0.10854254124639,1.4285714285714284e-05,1.0
2020-03-10,1.199290060851927,47.3,5868.11,121.38,0.457,3.466865433615041e-05,0.0482420969869042,0.2278312914266085,0.2237289999999999,-0.0041022914266085,1.8134920634920637e-05,1.0
2020-03-11,1.214784764480505,53.9,5581.76,121.72,0.408,3.644779764179434e-05,-0.0500284669970076,0.2469128869601284,0.290521,0.0436081130398715,1.619047619047619e-05,1.0
2020-03-12,1.31848357791754,75.47,5051.97,115.79,0.328,8.061590551808541e-05,-0.0997258726192999,0.3417646633407783,0.5695720900000001,0.2278074266592217,1.3015873015873016e-05,1.0
2020-03-13,1.1970606499689505,57.83,5522.85,132.37,0.267,3.690922176902543e-05,0.0891157651692666,0.4670137849973297,0.33443089,-0.1325828949973297,1.0595238095238096e-05,1.0
2020-03-16,1.2214180206794685,82.69,4861.22,114.66,0.209,0.0001253001983919,-0.1276045961810717,0.6295537115304287,0.68376361,0.0542098984695712,8.293650793650793e-06,1.0
2020-03-18,1.0475472732255413,76.45,4885.76,113.54,0.01,4.149808071372925e-05,0.0050354164780906,0.6310693278083509,0.5844602500000001,-0.0466090778083507,3.9682539682539683e-07,1.0
2020-03-19,1.036418597955952,72.0,4909.13,115.44,0.019,4.146366746146709e-05,0.0047718850025441,0.6343438828601231,0.5184,-0.1159438828601231,7.539682539682539e-07,1.0
2020-03-20,1.006860801951517,66.04,4697.09,118.12,0.015,4.3678612767218786e-05,-0.0441535686691752,0.6375445525183314,0.4361281600000001,-0.2014163925183312,5.952380952380952e-07,1.0
2020-03-23,1.0873940677966103,61.59,4559.5,117.05,-0.009,0.000269687162891,-0.0297301996364043,0.636180855617998,0.37933281,-0.2568480456179979,-3.571428571428571e-07,1.0
2020-03-24,1.1834580694684322,61.67,4987.8,117.75,-0.006,4.105343104046187e-05,0.0897819623913772,0.7794946234165601,0.38031889,-0.39917573341656,-2.3809523809523814e-07,1.0
2020-03-25,1.1875580315691736,63.95,5045.35,116.6,-0.043,4.0524385549082434e-05,0.0114720962356601,0.7821892659997285,0.4089602500000001,-0.3732290159997284,-1.7063492063492063e-06,1.0
2020-03-26,1.225145611568588,61.0,5360.49,118.97,-0.088,3.825627881172519e-05,0.0605883617961752,0.840342514831172,0.3721,-0.4682425148311719,-3.4920634920634916e-06,1.0
2020-03-27,1.1756053811659195,65.54,5179.92,117.41,-0.005,7.89297130905333e-05,-0.0342657766781081,0.8481245655019601,0.4295491600000001,-0.41857540550196,-1.9841269841269841e-07,1.0
2020-03-30,1.1135388216933282,57.08,5354.39,122.18,0.044,3.821388310369683e-05,0.0331271730429742,0.8517506162124284,0.32581264,-0.5259379762124284,1.7460317460317458e-06,1.0
2020-03-31,1.1080298013245031,53.54,5269.2,125.49,0.092,0.0001164076596241,-0.0160382368061269,0.8529465066601069,0.2866531599999999,-0.5662933466601069,3.6507936507936503e-06,1.0
2020-04-01,1.115106507719367,57.06,5036.64,115.48,0.071,0.0,-0.0451393552779613,0.8339243945592879,0.32558436,-0.5083400345592879,2.817460317460317e-06,1.0
2020-04-02,1.076321353065539,50.91,5152.47,118.43,0.078,0.0,0.0227370182536503,0.8422892464720269,0.25918281,-0.5831064364720269,3.0952380952380953e-06,1.0
2020-04-03,1.043710972346119,46.8,5075.16,120.57,0.079,4.028440791999245e-05,-0.0151181598247453,0.810087968874659,0.2190239999999999,-0.591063968874659,3.134920634920635e-06,1.0
2020-04-06,1.049895567417034,45.24,5432.17,121.01,0.085,0.0002250731487733,0.06798063426577,0.8751175042328175,0.20466576,-0.6704517442328175,3.3730158730158734e-06,1.0
2020-04-07,1.0755412252418242,46.7,5423.52,118.48,0.136,3.772090303838443e-05,-0.0015936346433399,0.8736266264936924,0.218089,-0.6555376264936923,5.396825396825397e-06,1.0
2020-04-08,1.0423178648713634,43.35,5609.55,119.3,0.186,3.648370090679417e-05,0.0337254512666456,0.8167012406811255,0.1879222499999999,-0.6287789906811255,7.380952380952381e-06,1.0
2020-04-09,1.0261019453336615,41.67,5691.54,120.85,0.224,3.5938258072598536e-05,0.0145103593691301,0.7894762203097239,0.17363889,-0.6158373303097239,8.88888888888889e-06,1.0
2020-04-13,1.0300225168876658,41.17,5634.15,119.6,0.214,3.628907880170161e-05,-0.0101345686147603,0.7597421610742549,0.16949689,-0.5902452710742548,8.492063492063492e-06,1.0
2020-04-14,1.0356555128908391,37.76,5807.1,122.33,0.17,3.522553146517394e-05,0.0302350136695486,0.634359544721044,0.14258176,-0.491777784721044,6.746031746031747e-06,1.0
2020-04-15,1.039714867617108,40.84,5679.53,122.42,0.14,3.600554485387475e-05,-0.0222128240069648,0.5516857583881543,0.16679056,-0.3848951983881542,5.555555555555557e-06,1.0
2020-04-16,1.0229533282325938,40.11,5712.6,122.33,0.133,3.5814694769434834e-05,0.0058057787070558,0.3317880167061822,0.16088121,-0.1709068067061822,5.277777777777778e-06,1.0
2020-04-17,1.0233369098712446,38.15,5865.9,126.43,0.114,3.4876623942770615e-05,0.0264816614806379,0.335875363114795,0.14554225,-0.190333113114795,4.5238095238095235e-06,1.0
2020-04-20,1.069807175982426,43.83,5761.0,125.34,0.088,3.551073311905294e-05,-0.0180448522679556,0.3443847884049963,0.1921068899999999,-0.1522778984049964,3.4920634920634916e-06,1.0
2020-04-21,1.0492144177449167,45.41,5584.44,123.71,0.099,3.662802410120655e-05,-0.0311269118328562,0.3294254023264137,0.2062068099999999,-0.1232185923264137,3.928571428571429e-06,1.0
2020-04-22,1.025904203323558,41.98,5712.65,126.19,0.103,3.581982627380999e-05,0.0226988551638816,0.3122443191583827,0.1762320399999999,-0.1360122791583827,4.087301587301587e-06,1.0
2020-04-23,1.0127263827704358,41.38,5710.04,125.22,0.103,3.583394549653631e-05,-0.000456985183949,0.2302104357361462,0.17123044,-0.0589799957361461,4.087301587301587e-06,1.0
2020-04-24,0.9502777043110288,35.93,5789.65,126.51,0.113,3.53313194482935e-05,0.0138458118103774,0.2305790834835987,0.12909649,-0.1014825934835987,4.484126984126984e-06,1.0
2020-04-27,0.9422587036512878,33.29,5874.94,129.29,0.108,0.0,0.0146240065044145,0.1933420411265014,0.1108224099999999,-0.0825196311265014,4.2857142857142855e-06,1.0
2020-04-28,0.9491094147582698,33.57,5844.18,129.23,0.102,0.0678305271874138,-0.0052495529766416,0.1751990252088788,0.11269449,-0.0625045352088788,4.0476190476190474e-06,1.0
2020-04-29,0.936993699369937,31.23,5999.74,132.6,0.103,3.410815696570734e-05,0.0262698407203328,0.1710316271786688,0.09753129,-0.0735003371786688,4.087301587301587e-06,1.0
2020-04-30,0.9743223965763196,34.15,5944.68,130.38,0.1,3.443704048070976e-05,-0.0092194330069356,0.1679024976057105,0.1166222499999999,-0.0512802476057105,3.968253968253968e-06,1.0
2020-05-01,0.9794574664208584,37.19,5778.53,129.97,0.107,3.537005924481706e-05,-0.0283473768702526,0.1497545703603837,0.1383096099999999,-0.0114449603603837,4.246031746031746e-06,1.0
2020-05-04,0.972162162162162,35.97,5803.12,131.29,0.103,3.5252851074298574e-05,0.0042463788752063,0.1463117422050516,0.1293840899999999,-0.0169276522050516,4.087301587301587e-06,1.0
2020-05-05,0.9462274774774774,33.61,5855.58,128.26,0.114,3.4939990566170774e-05,0.0089993488216151,0.1406617113880872,0.11296321,-0.0276985013880872,4.5238095238095235e-06,1.0
2020-05-06,0.9562780269058296,34.12,5815.17,128.59,0.113,-7.034327518282854e-05,-0.0069250324943904,0.0925273613228962,0.1164174399999999,0.0238900786771037,4.484126984126984e-06,0.0
2020-05-07,0.9244339900029404,31.44,5884.14,130.67,0.103,6.951444162538199e-05,0.0117905755129511,0.0930452409494593,0.09884736,0.0058021190505407,4.087301587301587e-06,0.0
2020-05-08,0.8843236409608091,27.98,5984.55,132.21,0.107,3.419212555364829e-05,0.016920552419255,0.0837957585440646,0.0782880399999999,-0.0055077185440646,4.246031746031746e-06,0.0
2020-05-11,0.9072063178677195,27.57,5985.66,129.1,0.112,3.418160687730822e-05,0.0001854604059881,0.0821325017798017,0.07601049,-0.0061220117798017,4.444444444444445e-06,0.0
2020-05-12,0.9643899591360188,33.04,5863.68,125.97,0.126,3.4890009245820716e-05,-0.0205892157831117,0.0867462399399497,0.1091641599999999,0.0224179200600502,5e-06,0.0
2020-05-13,0.9663105998356616,35.28,5761.7,123.43,0.121,3.5503168657770416e-05,-0.0175448227843563,0.0800261498831006,0.12446784,0.0444416901168993,4.801587301587302e-06,0.0
2020-05-14,0.934383954154728,32.61,5829.33,124.35,0.114,3.508094929045589e-05,0.011669500893458,0.0751553358878021,0.10634121,0.0311858741121978,4.5238095238095235e-06,0.0
2020-05-15,0.9240799768183136,31.89,5852.84,124.47,0.112,3.493388761765176e-05,0.0040249425815255,0.0749884799409536,0.10169721,0.0267087300590463,4.444444444444445e-06,0.0
2020-05-18,0.9222536984576644,29.3,6037.9,129.23,0.109,6.779890843751249e-05,0.0311292558453188,0.0782139369180824,0.085849,0.0076350630819175,4.3253968253968256e-06,0.0
2020-05-19,0.9305089911612312,30.53,5975.15,127.48,0.122,3.424481619091795e-05,-0.0104470672671074,0.0751882157402749,0.09320809,0.018019874259725,4.841269841269841e-06,0.0
2020-05-20,0.8997107039537126,27.99,6075.76,125.95,0.119,6.734913793116464e-05,0.0166978821775882,0.0630264467753974,0.0783440099999999,0.0153175632246025,4.7222222222222214e-06,0.0
2020-05-21,0.9119827053736874,29.53,6028.93,124.53,0.116,3.392302864815967e-05,-0.0077375353917053,0.0598127610355671,0.08720209,0.0273893289644328,4.603174603174603e-06,0.0
2020-05-22,0.8928344958782499,28.16,6044.16,125.78,0.118,6.77048070414308e-05,0.0025229677039943,0.0596923100472768,0.07929856,0.0196062499527231,4.682539682539682e-06,0.0
2020-05-26,0.9079416531604538,28.01,6118.54,129.11,0.126,0.0,0.0122309893774222,0.0592703621078277,0.07845601,0.0191856478921722,5e-06,0.0
2020-05-27,0.914872474329248,27.62,6209.38,129.96,0.145,3.2950557688158906e-05,0.0147375460194724,0.0593048310514384,0.07628644,0.0169816089485615,5.753968253968254e-06,0.0
2020-05-28,0.9160525472604936,28.59,6197.02,130.78,0.145,3.300820253830075e-05,-0.0019925206488977,0.0587848699657583,0.08173881,0.0229539400342416,5.753968253968254e-06,0.0
2020-05-29,0.908820614469772,27.51,6227.81,131.72,0.139,3.287797340187651e-05,0.0049562147775496,0.051625840617088,0.07568001,0.0240541693829119,5.5158730158730166e-06,0.0
2020-06-01,0.9130012936610608,28.23,6251.48,132.09,0.135,6.544716777394107e-05,0.0037934895952218,0.0500519930320036,0.07969329,0.0296412969679963,5.357142857142857e-06,0.0
2020-06-02,0.8967591045773472,26.84,6303.0,132.61,0.147,6.490977541211804e-05,0.0082074748153575,0.0377665830083259,0.0720385599999999,0.034271976991674,5.833333333333333e-06,0.0
2020-06-03,0.8875821515046697,25.66,6389.67,131.5,0.151,3.20292106402567e-05,0.0136569133324264,0.0388552265580237,0.06584356,0.0269883334419762,5.992063492063493e-06,0.0
2020-06-04,0.8946273830155979,25.81,6369.54,130.77,0.147,3.2123869641307775e-05,-0.0031553703876329,0.039275990655302,0.0666156099999999,0.0273396193446979,5.833333333333333e-06,0.0
2020-06-05,0.8942377826404084,24.52,6536.58,129.87,0.151,3.1320961553491207e-05,0.0258868394349229,0.0431567492972881,0.06012304,0.0169662907027118,5.992063492063493e-06,0.0
2020-06-08,0.9191595441595442,25.81,6615.4,129.11,0.162,3.093628671747716e-05,0.0119861714599725,0.0431878758039618,0.0666156099999999,0.0234277341960381,6.4285714285714295e-06,0.0
2020-06-09,0.929221435793731,27.57,6564.27,124.93,0.168,3.1170612346651204e-05,-0.0077589585335647,0.043442662454062,0.07601049,0.0325678275459379,6.666666666666667e-06,0.0
2020-06-10,0.9323638823131551,27.57,6529.42,127.74,0.169,3.13464884096074e-05,-0.0053231873205134,0.0443922561475584,0.07601049,0.0316182338524415,6.706349206349207e-06,0.0
2020-06-11,1.008904279000742,40.79,6145.3,131.29,0.179,3.326513979671974e-05,-0.0606305565112446,0.0885853288701006,0.1663824099999999,0.0777970811298992,7.103174603174603e-06,1.0
2020-06-12,0.9484888304862024,36.09,6227.42,133.54,0.164,0.0004281456353845,0.0132745598198579,0.0846222907832967,0.13024881,0.0456265192167033,6.507936507936508e-06,1.0
2020-06-15,0.9442766950315672,34.4,6279.4,137.33,0.164,6.514445783519043e-05,0.0083123126892655,0.0840834295052963,0.1183359999999999,0.0342525704947036,6.507936507936508e-06,1.0
2020-06-16,0.9405027932960895,33.67,6398.58,133.85,0.162,3.195551791902761e-05,0.0188016562332638,0.086883650441959,0.11336689,0.0264832395580409,6.4285714285714295e-06,0.0
2020-06-17,0.937010078387458,33.47,6375.54,135.49,0.157,3.2096031325697386e-05,-0.0036072974082247,0.0778299250812274,0.1120240899999999,0.0341941649187725,6.23015873015873e-06,0.0
2020-06-18,0.9373932840068298,32.94,6379.56,134.9,0.15,3.207749923813022e-05,0.0006303361217245,0.0756628273640544,0.1085043599999999,0.0328415326359455,5.9523809523809525e-06,0.0
2020-06-19,0.9574700109051254,35.12,6344.7,125.38,0.15,3.2407032325985276e-05,-0.0054793107365496,0.0739757550055502,0.1233414399999999,0.0493656849944497,5.9523809523809525e-06,0.0
2020-06-22,0.9413333333333334,31.77,6385.91,135.54,0.147,0.0,0.006474182139444,0.0728896875530711,0.10093329,0.0280436024469288,5.833333333333333e-06,0.0
2020-06-23,0.9488808227465214,31.37,6413.44,135.2,0.145,3.204871404531978e-05,0.0043017875836513,0.07291796239727,0.09840769,0.0254897276027299,5.753968253968254e-06,0.0
2020-06-24,0.9562023170387116,33.84,6247.66,134.05,0.141,3.2882297814941404e-05,-0.0261887948046409,0.0815232411836968,0.11451456,0.0329913188163031,5.595238095238094e-06,0.0
2020-06-25,0.9451452038721032,32.22,6316.45,131.92,0.139,6.509145349209729e-05,0.010950347837352,0.0803837505235515,0.1038128399999999,0.0234290894764484,5.5158730158730166e-06,0.0
2020-06-26,0.9701117318435754,34.73,6163.5,137.47,0.139,0.0,-0.0245125434710462,0.088062342838092,0.1206172899999999,0.0325549471619079,5.5158730158730166e-06,0.0
2020-06-29,0.9371866705986436,31.78,6254.78,135.75,0.131,6.569654764636142e-05,0.0147011734283828,0.0904824506592612,0.10099684,0.0105143893407388,5.198412698412698e-06,0.0
2020-06-30,0.9357318573185732,30.43,6351.67,148.27,0.139,3.240808257576493e-05,0.0153717990163975,0.0931379380145776,0.09259849,-0.0005394480145776,5.5158730158730166e-06,0.0
2020-07-01,0.9034090909090908,28.62,6383.76,142.44,0.138,3.219834178536877e-05,0.0050394950016562,0.0926635863675766,0.08191044,-0.0107531463675766,5.4761904761904765e-06,0.0
2020-07-02,0.8966634272756722,27.68,6414.16,146.34,0.139,6.406355104257603e-05,0.0047507809358251,0.090686400382956,0.0766182399999999,-0.014068160382956,5.5158730158730166e-06,0.0
2020-07-06,0.9018721755971596,27.94,6516.05,140.98,0.141,3.154723409622192e-05,0.0157603177379351,0.0933891196159659,0.07806436,-0.0153247596159659,5.595238095238094e-06,0.0
2020-07-07,0.9176800748362955,29.43,6445.59,138.34,0.147,3.1875049804736326e-05,-0.0108721880959358,0.0866272711156921,0.08661249,-1.4781115692169555e-05,5.833333333333333e-06,0.0
2020-07-08,0.9002885540237254,28.08,6496.14,144.46,0.141,3.163405722598075e-05,0.0078119783175817,0.0855053201986379,0.07884864,-0.0066566801986379,5.595238095238094e-06,0.0
2020-07-09,0.9126637554585152,29.26,6461.31,138.84,0.131,3.1804086825128104e-05,-0.0053760707374384,0.0851595618224391,0.08561476,0.0004551981775608,5.198412698412698e-06,0.0
2020-07-10,0.8797549967762733,27.29,6528.96,135.68,0.128,3.148465909982496e-05,0.0104155820594051,0.0863193828811351,0.0744744099999999,-0.0118449728811351,5.07936507936508e-06,0.0
2020-07-13,0.9319629415170816,32.19,6467.84,128.52,0.131,3.176569622461811e-05,-0.0094054614319491,0.0395455262616703,0.1036196099999999,0.0640740837383296,5.198412698412698e-06,1.0
2020-07-14,0.9066339066339064,29.52,6555.4,131.1,0.138,3.135926744748391e-05,0.0134469332331105,0.0395929637383268,0.08714304,0.0475500762616731,5.4761904761904765e-06,1.0
2020-07-15,0.8795944233206592,27.76,6615.07,146.53,0.133,3.1068926413219536e-05,0.0090612420471039,0.0397104445519933,0.07706176,0.0373513154480066,5.277777777777778e-06,1.0
2020-07-16,0.8874801901743264,28.0,6592.75,142.44,0.109,3.1170612346651204e-05,-0.0033798191142982,0.0364911827329439,0.0784,0.041908817267056,4.3253968253968256e-06,1.0
2020-07-17,0.845571287454725,25.68,6611.86,140.81,0.112,6.217552149713e-05,0.0028944457036852,0.0361741815291031,0.0659462399999999,0.0297720584708968,4.444444444444445e-06,0.0
2020-07-20,0.8405498281786942,24.46,6667.45,145.9,0.113,3.0830417289669976e-05,0.008372471872398,0.0366783079419197,0.05982916,0.0231508520580802,4.484126984126984e-06,0.0
2020-07-21,0.8428910756701731,24.84,6678.74,134.84,0.115,3.077254473573384e-05,0.0016918690192572,0.0359254022531604,0.06170256,0.0257771577468395,4.563492063492064e-06,0.0
2020-07-22,0.8371772805507746,24.32,6717.29,140.39,0.117,3.059835074886681e-05,0.0057554523862293,0.0358585940234244,0.05914624,0.0232876459765755,4.642857142857143e-06,0.0
2020-07-23,0.8621487603305784,26.08,6635.04,140.74,0.112,3.0965983866694244e-05,-0.0123201029867637,0.0383812418070688,0.0680166399999999,0.0296353981929311,4.444444444444445e-06,0.0
2020-07-24,0.8455497382198953,25.84,6594.1,139.4,0.106,3.1166726402863925e-05,-0.0061893865656829,0.0291669660525157,0.06677056,0.0376035939474842,4.206349206349206e-06,0.0
2020-07-27,0.8246666666666667,24.74,6642.89,139.61,0.099,3.094203010656715e-05,0.0073717999259869,0.0285648960821663,0.0612067599999999,0.0326418639178336,3.928571428571429e-06,0.0
2020-07-28,0.8451827242524917,25.44,6599.97,139.64,0.105,3.11327656792108e-05,-0.00648200619482,0.0202380807758802,0.06471936,0.0444812792241197,4.166666666666666e-06,0.0
2020-07-29,0.8228064185728918,24.1,6682.01,140.86,0.101,0.0,0.0123537369238579,0.0196272872677333,0.058081,0.0384537127322666,4.007936507936508e-06,0.0
2020-07-30,0.831989247311828,24.76,6658.02,138.99,0.091,3.086562649502571e-05,-0.0035966974379636,0.0181010832779284,0.06130576,0.0432046767220715,3.611111111111111e-06,0.0
2020-07-31,0.8232918209357118,24.46,6709.81,141.56,0.091,3.062365064536558e-05,0.0077484915829396,0.0183800502896739,0.05982916,0.0414491097103261,3.611111111111111e-06,0.0
2020-08-03,0.8186109238031019,24.28,6758.2,141.77,0.085,3.04177883225834e-05,0.0071859477724522,0.0185971834957733,0.05895184,0.0403546565042266,3.3730158730158734e-06,0.0
2020-08-04,0.8167755242351324,23.76,6782.6,141.64,0.094,0.0,0.0036039268594935,0.0163046696316994,0.05645376,0.0401490903683006,3.73015873015873e-06,0.0
2020-08-05,0.8038461538461538,22.99,6826.22,139.59,0.1,3.011458599970158e-05,0.0064105704067984,0.0143223957828092,0.05285401,0.0385316142171907,3.968253968253968e-06,0.0
2020-08-06,0.8031914893617021,22.65,6870.86,141.75,0.093,2.9912804175800255e-05,0.0065182006750788,0.0141768630861012,0.0513022499999999,0.0371253869138987,3.6904761904761904e-06,0.0
2020-08-07,0.7853606789250354,22.21,6876.65,139.75,0.093,2.9891344961039337e-05,0.0008423344070812,0.0133799528762306,0.04932841,0.0359484571237693,3.6904761904761904e-06,0.0
2020-08-10,0.7889483065953654,22.13,6895.59,137.5,0.095,2.9802261991658064e-05,0.0027504620802652,0.0126461572141204,0.04897369,0.0363275327858795,3.7698412698412697e-06,0.0
2020-08-11,0.823791566678094,24.03,6840.67,136.39,0.103,3.0044917151113633e-05,-0.0079963967837771,0.0122436295107705,0.05774409,0.0455004604892294,4.087301587301587e-06,0.0
2020-08-12,0.7923186344238976,22.28,6937.44,137.01,0.103,2.9637093786556332e-05,0.0140471503327741,0.0124109779320292,0.04963984,0.0372288620679707,4.087301587301587e-06,0.0
2020-08-13,0.7855875044373446,22.13,6924.96,136.11,0.096,2.968548231484691e-05,-0.0018005545030695,0.0120848056818021,0.04897369,0.0368888843181978,3.80952380952381e-06,0.0
2020-08-14,0.7772294677476207,22.05,6924.28,136.82,0.094,2.968548231484691e-05,-9.820033453771326e-05,0.0117542472640236,0.04862025,0.0368660027359763,3.73015873015873e-06,0.0
2020-08-17,0.7777777777777779,21.35,6943.22,137.45,0.093,2.959674435809369e-05,0.0027315683110406,0.0117522749352802,0.04558225,0.0338299750647197,3.6904761904761904e-06,0.0
2020-08-18,0.7864716636197441,21.51,6960.3,138.08,0.098,5.906500103358379e-05,0.0024569330057394,0.0112712288782926,0.04626801,0.0349967811217074,3.888888888888889e-06,0.0
2020-08-19,0.8018498754891498,22.54,6930.8,138.2,0.096,2.9653791978622297e-05,-0.0042473302111226,0.011747656058848,0.0508051599999999,0.0390575039411519,3.80952380952381e-06,0.0
2020-08-20,0.8076786349093494,22.72,6952.92,144.05,0.094,2.956436902242725e-05,0.0031864685713097,0.0115684578393824,0.0516198399999999,0.0400513821606175,3.73015873015873e-06,0.0
2020-08-21,0.8001419950301739,22.54,6977.27,146.73,0.094,0.0,0.0034960075635163,0.009005527226969,0.0508051599999999,0.0417996327730309,3.73015873015873e-06,0.0
2020-08-24,0.796085409252669,22.37,7048.17,147.23,0.09,2.9159194623017992e-05,0.0101102858714279,0.0086676659235687,0.05004169,0.0413740240764312,3.5714285714285714e-06,0.0
2020-08-25,0.7893228233608026,22.03,7073.6,146.53,0.096,2.906174167031706e-05,0.0036015354290328,0.0084391315462559,0.04853209,0.040092958453744,3.80952380952381e-06,0.0
2020-08-26,0.810801393728223,23.27,7145.77,142.09,0.096,2.877242450832503e-05,0.0101510291551699,0.0077881635585058,0.0541492899999999,0.0463611264414941,3.80952380952381e-06,0.0
2020-08-27,0.8175743401269628,24.47,7158.18,145.07,0.1,2.8711293587306464e-05,0.001735185471669,0.006847944032283,0.05987809,0.0530301459677169,3.968253968253968e-06,1.0
2020-08-28,0.775151924375422,22.96,7207.1,145.73,0.1,2.852700794474577e-05,0.0068108925282786,0.0063447370812261,0.05271616,0.0463714229187738,3.968253968253968e-06,1.0
2020-08-31,0.8291993720565148,26.41,7192.11,144.67,0.101,2.8624178843843383e-05,-0.0020820594206351,0.0065197015620563,0.06974881,0.0632291084379436,4.007936507936508e-06,1.0
2020-09-01,0.8137071651090343,26.12,7246.37,142.28,0.103,2.836356416544724e-05,0.0075160620001665,0.006553290851755,0.06822544,0.0616721491482449,4.087301587301587e-06,1.0
2020-09-02,0.8132843587389041,26.57,7358.49,141.1,0.104,2.795677881991894e-05,0.0153540948239998,0.0082938207511461,0.07059649,0.0623026692488538,4.126984126984127e-06,1.0
2020-09-03,0.8929045973956949,33.6,7101.38,144.66,0.103,2.8950682512313897e-05,-0.0355656172906996,0.0267617048132955,0.112896,0.0861342951867044,4.087301587301587e-06,1.0
2020-09-04,0.8848920863309353,30.75,7043.62,133.28,0.107,2.9188132105459363e-05,-0.0081668888002403,0.0276337653225773,0.09455625,0.0669224846774226,4.246031746031746e-06,1.0
2020-09-08,0.9169338385310404,31.46,6848.42,132.51,0.114,3.000615126098122e-05,-0.0281042738231249,0.037936790245998,0.0989731599999999,0.0610363697540019,4.5238095238095235e-06,1.0
2020-09-09,0.8969489414694894,28.81,6986.76,133.2,0.109,2.9432973760477124e-05,0.0199989607397045,0.0427875855854543,0.0830016099999999,0.0402140244145456,4.3253968253968256e-06,1.0
2020-09-10,0.9024908869987848,29.71,6864.23,130.16,0.112,2.9946844351249245e-05,-0.0176930596913466,0.0460226927050042,0.08826841,0.0422457172949957,4.444444444444445e-06,1.0
2020-09-11,0.8631545133311919,26.87,6868.22,125.42,0.11,2.9933398189002187e-05,0.0005811053544387,0.0434874428277453,0.07219969,0.0287122471722546,4.365079365079366e-06,0.0
2020-09-14,0.8480971128608924,25.85,6957.91,130.95,0.106,2.9549517604098235e-05,0.0129741667575081,0.0456143541964453,0.06682225,0.0212078958035546,4.206349206349206e-06,0.0
2020-09-15,0.8453914767096135,25.59,6994.33,132.95,0.105,2.93983625113485e-05,0.0052206789333283,0.0459103799515497,0.06548481,0.0195744300484502,4.166666666666666e-06,0.0
2020-09-16,0.8518155053974484,26.04,6962.29,136.06,0.098,2.9515503017933335e-05,-0.004591377609418,0.0461382606840926,0.0678081599999999,0.0216698993159072,3.888888888888889e-06,0.0
2020-09-17,0.8604878048780488,26.46,6903.82,139.41,0.09,2.9773867476488785e-05,-0.0084335616198002,0.0469230578568726,0.07001316,0.0230901021431273,3.5714285714285714e-06,0.0
2020-09-18,0.8479973736047274,25.83,6826.72,132.09,0.087,3.024025885658831e-05,-0.0112305576261602,0.0481874006215161,0.0667188899999999,0.0185314893784838,3.452380952380952e-06,0.0
2020-09-21,0.8780025284450064,27.78,6748.08,130.64,0.085,6.115833893945879e-05,-0.0115863039946798,0.0493517485351477,0.0771728399999999,0.0278210914648522,3.3730158730158734e-06,0.0
2020-09-22,0.8481212503946952,26.86,6819.08,130.08,0.091,3.0273215772317887e-05,0.0104665454171995,0.0507990432554795,0.07214596,0.0213469167445204,3.611111111111111e-06,0.0
2020-09-23,0.8587740384615384,28.58,6657.82,129.84,0.094,3.0991895619267363e-05,-0.0239324617535119,0.0550957138779551,0.08168164,0.0265859261220448,3.73015873015873e-06,0.0
2020-09-24,0.8623714458560193,28.51,6678.04,129.17,0.096,3.09104678299025e-05,0.0030324276791469,0.0550090384911545,0.08128201,0.0262729715088454,3.80952380952381e-06,0.0
2020-09-25,0.823602872307212,26.38,6784.95,129.26,0.095,3.0423340787024156e-05,0.0158823927420877,0.0572651113224075,0.0695904399999999,0.0123253286775924,3.7698412698412697e-06,0.0
2020-09-28,0.8251417769376183,26.19,6894.27,126.69,0.095,0.0,0.0159837077557044,0.0612103179790094,0.06859161,0.0073812920209905,3.7698412698412697e-06,0.0
2020-09-29,0.8449662270826632,26.27,6861.96,123.93,0.094,3.0085593513518677e-05,-0.0046975166036722,0.0603056219768829,0.0690112899999999,0.008705668023117,3.73015873015873e-06,0.0
2020-09-30,0.8334386852085968,26.37,6918.83,120.94,0.097,2.9860105406144928e-05,0.0082535649753015,0.0616538818397823,0.06953769,0.0078838081602176,3.8492063492063495e-06,0.0
2020-10-01,0.8417402269861286,26.7,6956.2,117.78,0.09,2.967138936277993e-05,0.005386668044857,0.0612059903771651,0.071289,0.0100830096228348,3.5714285714285714e-06,0.0
2020-10-02,0.8530410620561901,27.63,6889.65,119.12,0.09,2.9952226199185017e-05,-0.0096130627581665,0.0578015170735688,0.0763416899999999,0.0185401729264311,3.5714285714285714e-06,0.0
2020-10-05,0.8938618925831202,27.96,7014.23,119.53,0.09,2.9436439368434563e-05,0.017920657263146,0.0484191203167175,0.07817616,0.0297570396832824,3.5714285714285714e-06,0.0
2020-10-06,0.9247176913425346,29.48,6916.4,120.05,0.093,2.9855647942172312e-05,-0.0140455396915954,0.0499565731850711,0.08690704,0.0369504668149288,3.6904761904761904e-06,0.0
2020-10-07,0.9140065146579804,28.06,7036.91,120.6,0.094,2.934832054233027e-05,0.0172737503131301,0.0435210979548833,0.0787363599999999,0.0352152620451166,3.73015873015873e-06,0.0
2020-10-08,0.8938623262122753,26.36,7095.4,121.81,0.094,2.909302494724243e-05,0.0082775333920103,0.0396444086227406,0.06948496,0.0298405513772593,3.73015873015873e-06,0.0
2020-10-09,0.884016973125884,25.0,7157.92,121.93,0.099,2.883298493473915e-05,0.0087727492215101,0.0357594632611567,0.0625,0.0267405367388432,3.928571428571429e-06,0.0
2020-10-12,0.8959971408148678,25.07,7275.43,123.94,0.099,2.837563667832216e-05,0.0162834818648959,0.0381587501764095,0.06285049,0.0246917398235904,3.928571428571429e-06,0.0
2020-10-13,0.9195767195767196,26.07,7229.55,122.54,0.095,2.855878111135854e-05,-0.0063261242703013,0.0376525425541947,0.0679644899999999,0.0303119474458052,3.7698412698412697e-06,0.0
2020-10-14,0.9348441926345608,26.4,7182.38,122.6,0.103,0.0,-0.0065459891126287,0.0383067232833077,0.069696,0.0313892767166922,4.087301587301587e-06,0.0
2020-10-15,0.939066852367688,26.97,7171.61,123.47,0.1,2.8776564365954178e-05,-0.0015006283299719,0.0379653472290101,0.0727380899999999,0.0347727427709898,3.968253968253968e-06,0.0
2020-10-16,0.938377268058884,27.41,7172.7,123.7,0.094,2.8798110843902448e-05,0.0001519766377188,0.0367200546281628,0.07513081,0.0384107553718372,3.73015873015873e-06,0.0
2020-10-19,0.9598684210526316,29.18,7055.58,124.75,0.091,2.9237628828275436e-05,-0.0164633596415064,0.0387694941054213,0.08514724,0.0463777458945786,3.611111111111111e-06,0.0
2020-10-20,0.9747592162072402,29.35,7089.06,125.31,0.096,-2.9126920556297692e-05,0.00473395753089,0.0365548169033704,0.08614225,0.0495874330966295,3.80952380952381e-06,1.0
2020-10-21,0.96757852077001,28.65,7073.65,124.38,0.095,2.9182169694290232e-05,-0.0021761380528543,0.0358861318967638,0.0820822499999999,0.046196118103236,3.7698412698412697e-06,1.0
2020-10-22,0.9593856655290102,28.11,7111.17,124.94,0.09,2.9016205550773733e-05,0.0052901746377733,0.027224283670613,0.07901721,0.0517929263293869,3.5714285714285714e-06,1.0
2020-10-23,0.9503276992066232,27.55,7135.81,126.7,0.09,2.892221370621077e-05,0.0034589821235405,0.0272253441747644,0.07590025,0.0486749058252355,3.5714285714285714e-06,1.0
2020-10-26,1.0121608980355472,32.46,7003.21,126.05,0.084,2.946245746355024e-05,-0.0187571539905635,0.0305160924316677,0.10536516,0.0748490675683322,3.3333333333333333e-06,1.0
2020-10-27,1.0192542787286063,33.35,6982.14,127.58,0.093,2.956174709922668e-05,-0.0030131553291684,0.0279166937370984,0.11122225,0.0833055562629015,3.6904761904761904e-06,1.0
2020-10-28,1.067019867549669,40.28,6735.75,129.3,0.094,3.061052696019378e-05,-0.03592629780594,0.0437909261200412,0.16224784,0.1184569138799587,3.73015873015873e-06,1.0
2020-10-29,1.048828125,37.59,6816.79,128.05,0.089,3.030348944678224e-05,0.0119595243295299,0.0448090943265055,0.14130081,0.0964917156734944,3.5317460317460317e-06,1.0
2020-10-30,1.0482492417976288,38.02,6734.84,129.01,0.089,-6.125574272582483e-05,-0.0120946334823413,0.0457915782819329,0.14455204,0.0987604617180671,3.5317460317460317e-06,1.0
2020-11-02,1.0590416428978893,37.13,6817.89,133.86,0.089,3.0283300274208463e-05,0.0122559867377734,0.0470815584270845,0.13786369,0.0907821315729154,3.5317460317460317e-06,1.0
2020-11-03,1.060560859188544,35.55,6939.3,136.44,0.094,2.9765005283430557e-05,0.0176508650562341,0.046957203819742,0.12638025,0.0794230461802579,3.73015873015873e-06,1.0
2020-11-04,0.986324216144096,29.57,7092.3,133.32,0.089,0.0,0.0218087836234968,0.0501551342770557,0.08743849,0.0372833557229442,3.5317460317460317e-06,1.0
2020-11-05,0.9493975903614456,27.58,7231.67,127.65,0.091,2.855470367353666e-05,0.0194603030160727,0.051098413108256,0.0760656399999999,0.0249672268917439,3.611111111111111e-06,0.0
2020-11-06,0.908293752283522,24.86,7230.51,124.56,0.089,2.8555519067921888e-05,-0.0001604184158248,0.0504691324829944,0.0618019599999999,0.0113328275170055,3.5317460317460317e-06,0.0
2020-11-09,0.9579613095238096,25.75,7315.77,127.41,0.094,2.8205959919465637e-05,0.0117227189882322,0.0511589459025176,0.06630625,0.0151473040974823,3.73015873015873e-06,0.0
2020-11-10,0.9362023405058514,24.8,7306.75,126.3,0.095,5.648441030270507e-05,-0.0012337136340486,0.0481116200704271,0.0615039999999999,0.0133923799295728,3.7698412698412697e-06,0.0
2020-11-11,0.9153005464480872,23.45,7362.65,129.47,0.095,2.8041445256062995e-05,0.0076213438284426,0.0481506240650177,0.0549902499999999,0.0068396259349822,3.7698412698412697e-06,0.0
2020-11-12,0.9313005143277004,25.35,7290.69,131.42,0.089,2.8306560045264755e-05,-0.0098217305373191,0.0488914643606172,0.06426225,0.0153707856393827,3.5317460317460317e-06,0.0
2020-11-13,0.899182561307902,23.1,7390.61,129.33,0.089,2.7928670176344152e-05,0.0136120837846128,0.0507892559805137,0.053361,0.0025717440194862,3.5317460317460317e-06,0.0
2020-11-16,0.8856015779092702,22.45,7476.79,129.56,0.084,2.759039302512355e-05,0.0115932799606618,0.0519909284241315,0.05040025,-0.0015906784241315,3.3333333333333333e-06,0.0
2020-11-17,0.8947990543735225,22.71,7442.04,128.91,0.082,2.7728867137107893e-05,-0.0046585506833479,0.0481774481788332,0.05157441,0.0033969618211667,3.253968253968254e-06,0.0
2020-11-18,0.903372489579386,23.84,7357.34,133.59,0.074,2.8066630180021907e-05,-0.0114465504373341,0.0504243029616132,0.05683456,0.0064102570383867,2.9365079365079366e-06,0.0
2020-11-19,0.8957364341085271,23.11,7386.86,133.55,0.062,2.7952871458695177e-05,0.0040042917817849,0.0502682572109587,0.05340721,0.0031389527890412,2.46031746031746e-06,0.0
2020-11-20,0.9094397544128934,23.7,7336.76,133.54,0.067,2.814166514246084e-05,-0.0068054178740825,0.0510402713396645,0.056169,0.0051287286603354,2.658730158730159e-06,0.0
2020-11-23,0.891073535194652,22.66,7378.94,134.26,0.072,2.7973984194673487e-05,0.0057326685805092,0.0512152859394625,0.05134756,0.0001322740605374,2.857142857142857e-06,0.0
2020-11-24,0.8711755233494364,21.64,7498.29,134.19,0.08,2.753493494869114e-05,0.0160449976862291,0.0479000492081085,0.04682896,-0.0010710892081085,3.174603174603174e-06,0.0
2020-11-25,0.8701883701883701,21.25,7486.68,133.9,0.085,2.7574416456543408e-05,-0.0015495529618114,0.0476946531927882,0.0451562499999999,-0.0025384031927882,3.3730158730158734e-06,0.0
2020-11-27,0.8530495292672943,20.84,7505.38,132.43,0.08,2.7499346890486343e-05,0.0024946551305133,0.0274078042256966,0.04343056,0.0160227557743033,3.174603174603174e-06,0.0
2020-11-30,0.8454582819564325,20.57,7472.06,133.95,0.076,0.0,-0.0044493658421269,0.0278238646044258,0.0423124899999999,0.0144886253955741,3.0158730158730155e-06,0.0
2020-12-01,0.8481012658227849,20.77,7556.51,132.6,0.084,2.7324270783498612e-05,0.0112387125182657,0.0246756580472945,0.04313929,0.0184636319527054,3.3333333333333333e-06,0.0
2020-12-02,0.8626731866340669,21.17,7570.76,134.61,0.084,2.726615860721982e-05,0.001884015320021,0.0241959674336493,0.04481689,0.0206209225663506,3.3333333333333333e-06,0.0
2020-12-03,0.8664495114006515,21.28,7567.44,132.46,0.08,2.7272107452078555e-05,-0.0004386254710902,0.0223501916075693,0.04528384,0.0229336483924306,3.174603174603174e-06,0.0
2020-12-04,0.8559077809798271,20.79,7634.77,133.08,0.079,2.703981612922573e-05,0.0088579805497803,0.0185920369627264,0.04322241,0.0246303730372735,3.134920634920635e-06,0.0
2020-12-07,0.8686786296900489,21.3,7620.0,132.44,0.075,2.7091093802887653e-05,-0.0019364440913102,0.0154853379702786,0.045369,0.0298836620297213,2.9761904761904763e-06,0.0
2020-12-08,0.8663594470046082,20.68,7641.43,134.9,0.072,2.701643950341327e-05,0.0028083887401049,0.015392757167826,0.0427662399999999,0.0273734828321739,2.857142857142857e-06,0.0
2020-12-09,0.900525677315002,22.27,7581.06,135.75,0.074,2.7255754371116815e-05,-0.0079317268726627,0.0155258384866365,0.04959529,0.0340694515133634,2.9365079365079366e-06,0.0
2020-12-10,0.899001996007984,22.52,7571.87,135.71,0.075,-8.180293672535404e-05,-0.0012129668818851,0.0155243118262993,0.0507150399999999,0.0351907281737006,2.9761904761904763e-06,0.0
2020-12-11,0.8948176583493281,23.31,7562.46,139.92,0.07,5.460452671521504e-05,-0.0012435305973386,0.0151439237179585,0.0543356099999999,0.0391916862820414,2.7777777777777783e-06,0.0
2020-12-14,0.9118406492069346,24.72,7530.87,139.29,0.067,2.74269414845954e-05,-0.0041859611003487,0.0139490824899487,0.0611078399999999,0.0471587575100511,2.658730158730159e-06,0.0
2020-12-15,0.8848086586780054,22.89,7628.28,138.95,0.071,5.411841108340137e-05,0.0128518209474956,0.0137248000114125,0.05239521,0.0386704099885874,2.817460317460317e-06,0.0
2020-12-16,0.88339222614841,22.5,7641.82,144.79,0.079,2.701643950341327e-05,0.0017734007699429,0.0123860601761875,0.050625,0.0382389398238124,3.134920634920635e-06,0.0
2020-12-17,0.8719681908548708,21.93,7686.18,147.07,0.082,2.6865471153175913e-05,0.0057881163683108,0.0121955739813151,0.0480924899999999,0.0358969160186848,3.253968253968254e-06,0.0
2020-12-18,0.8569725864123957,21.57,7659.75,147.02,0.082,2.7091093802887653e-05,-0.003444564927993,0.0103458035437736,0.04652649,0.0361806864562263,3.253968253968254e-06,0.0
2020-12-21,0.9122552574329224,25.16,7630.07,146.53,0.082,2.7177974969060337e-05,-0.0038823265779725,0.0106775804670037,0.06330256,0.0526249795329962,3.253968253968254e-06,0.0
2020-12-22,0.8891743119266056,24.23,7614.83,146.27,0.081,2.7232003050114367e-05,-0.0019993578280917,0.0099437098142807,0.05870929,0.0487655801857192,3.2142857142857147e-06,1.0
2020-12-23,0.8876618431073876,23.31,7620.63,147.39,0.081,2.720829308786306e-05,0.0007613817082241,0.0097440261180722,0.0543356099999999,0.0445915838819277,3.2142857142857147e-06,1.0
2020-12-24,0.8486401261332283,21.53,7648.39,148.27,0.084,5.420347986335793e-05,0.003636124726473,0.0070543705135066,0.04635409,0.0392997194864933,3.3333333333333333e-06,1.0
2020-12-28,0.8628230616302187,21.7,7715.1,145.3,0.087,2.6871968506028472e-05,0.0086842793211072,0.0076681245914493,0.047089,0.0394208754085507,3.452380952380952e-06,1.0
2020-12-29,0.8795731707317073,23.08,7697.93,142.74,0.091,0.0,-0.00222798594469,0.007809195503637,0.0532686399999999,0.0454594444963629,3.611111111111111e-06,1.0
2020-12-30,0.8950471698113207,22.77,7709.1,143.03,0.08,2.6887141224684828e-05,0.0014499876948436,0.0073860383280355,0.0518472899999999,0.0444612516719644,3.174603174603174e-06,1.0
2020-12-31,0.8999208860759493,22.75,7759.35,147.83,0.072,2.67483382594613e-05,0.0064971185561483,0.0064906377827,0.05175625,0.0452656122172999,2.857142857142857e-06,1.0
2021-01-04,0.954352441613588,26.97,7645.27,143.84,0.071,2.7111659369241134e-05,-0.0148114118420501,0.0095735300349782,0.0727380899999999,0.0631645599650217,2.817460317460317e-06,1.0
2021-01-05,0.929908256880734,25.34,7700.34,145.5,0.081,5.386334868433872e-05,0.0071773277707806,0.0100958750648301,0.06421156,0.0541156849351698,3.2142857142857147e-06,1.0
2021-01-06,0.9357969391564016,25.07,7744.43,147.06,0.086,8.03159092431017e-05,0.0057093915632677,0.009577785888603,0.06285049,0.0532727041113969,3.4126984126984127e-06,1.0
2021-01-07,0.8940847322142287,22.37,7861.1,145.92,0.082,5.2763487666486765e-05,0.0149526704663459,0.0118875025158557,0.05004169,0.0381541874841442,3.253968253968254e-06,1.0
2021-01-08,0.8658634538152611,21.56,7905.28,139.25,0.079,2.6229852194759027e-05,0.0056043448954339,0.0120746712549007,0.0464833599999999,0.0344086887450992,3.134920634920635e-06,0.0
2021-01-11,0.90187265917603,24.08,7853.45,134.7,0.082,0.0,-0.0065779649614631,0.0117709280564542,0.0579846399999999,0.0462137119435457,3.253968253968254e-06,1.0
2021-01-12,0.8904580152671755,23.33,7856.72,139.99,0.082,2.639741305349675e-05,0.0004162908545515,0.0116839655359497,0.0544288899999999,0.0427449244640502,3.253968253968254e-06,1.0
2021-01-13,0.8692759295499022,22.21,7874.75,139.93,0.086,2.633276717881504e-05,0.0022922216289456,0.0115664974993552,0.04932841,0.0377619125006447,3.4126984126984127e-06,0.0
2021-01-14,0.8833586626139818,23.25,7846.1,138.06,0.076,2.6423220726350308e-05,-0.0036448451219472,0.0114866554509831,0.05405625,0.0425695945490168,3.0158730158730155e-06,0.0
2021-01-15,0.8928833455612619,24.34,7789.79,136.7,0.079,2.661804437225576e-05,-0.0072026911727917,0.0108047114255435,0.05924356,0.0484388485744564,3.134920634920635e-06,1.0
2021-01-19,0.8707381041588609,23.24,7853.47,141.32,0.077,2.6411356883435868e-05,0.0081415704594709,0.011415838727616,0.05400976,0.0425939212723839,3.055555555555555e-06,1.0
2021-01-20,0.8390357698289269,21.58,7962.92,146.66,0.079,2.605286125546369e-05,0.0138402944191747,0.0131044050717547,0.0465696399999999,0.0334652349282452,3.134920634920635e-06,0.0
2021-01-21,0.8295719844357977,21.32,7966.11,144.2,0.075,2.6027771632308027e-05,0.0004005265910911,0.0127848465721858,0.04545424,0.0326693934278142,2.9761904761904763e-06,0.0
2021-01-22,0.8430165448249327,21.91,7942.2,145.55,0.074,2.6120231425375144e-05,-0.0030059783853897,0.012667083964111,0.0480048099999999,0.0353377260358889,2.9365079365079366e-06,0.0
2021-01-25,0.8627232142857144,23.19,7970.92,145.56,0.074,2.6014229783815895e-05,0.0036096040478939,0.0124921503753501,0.05377761,0.0412854596246498,2.9365079365079366e-06,0.0
2021-01-26,0.8560803272592041,23.02,7959.1,143.31,0.067,2.605354002472717e-05,-0.0014839908762443,0.0126327115090367,0.05299204,0.0403593284909632,2.658730158730159e-06,0.0
2021-01-27,1.0414217744192555,37.21,7754.74,137.93,0.067,2.670619183055163e-05,-0.0260116588277557,0.022010048139248,0.1384584099999999,0.1164483618607519,2.658730158730159e-06,1.0
2021-01-28,0.950897072710104,30.21,7831.22,145.84,0.06,5.2966101695017615e-05,0.0098140395393016,0.0222538843324965,0.09126441,0.0690105256675035,2.3809523809523808e-06,1.0
2021-01-29,0.9766824085005904,33.09,7681.01,134.3,0.052,2.7013520266869012e-05,-0.0193672599193276,0.0270484791164317,0.10949481,0.0824463308835682,2.0634920634920634e-06,1.0
2021-02-01,0.9296034429757146,30.24,7804.31,141.63,0.053,5.313355118099587e-05,0.0159250962612699,0.0301299617648549,0.09144576,0.061315798235145,2.103174603174603e-06,1.0
2021-02-02,0.8705722070844686,25.56,7912.87,141.15,0.052,2.6209228269249774e-05,0.0138144026396276,0.031862732403843,0.0653313599999999,0.0334686275961569,2.0634920634920634e-06,1.0
2021-02-03,0.8309756982227058,22.91,7920.85,136.59,0.043,2.618795092375615e-05,0.0010079754695232,0.0285893008323205,0.05248681,0.0238975091676794,1.7063492063492063e-06,0.0
2021-02-04,0.8126166480029862,21.77,8007.62,136.01,0.028,2.589566636021106e-05,0.0108950650396275,0.0292696016423867,0.04739329,0.0181236883576132,1.1111111111111112e-06,0.0
2021-02-05,0.7869532428355959,20.87,8039.67,135.09,0.025,2.579480234730355e-05,0.0039944492328365,0.0291386787708896,0.04355569,0.0144170112291103,9.92063492063492e-07,0.0
2021-02-08,0.7969981238273921,21.24,8099.33,136.65,0.03,5.1211143544934336e-05,0.0073933046354534,0.0273153755236534,0.0451137599999999,0.0177983844763465,1.1904761904761904e-06,0.0
2021-02-09,0.7978605680560679,21.63,8091.7,140.06,0.03,2.5625584583625007e-05,-0.0009424972425857,0.0271396476095155,0.04678569,0.0196460423904844,1.1904761904761904e-06,0.0
2021-02-10,0.7999272462713714,21.99,8089.11,139.33,0.041,2.5634781271351205e-05,-0.0003201323076062,0.0263972166516187,0.0483560099999999,0.0219587933483812,1.626984126984127e-06,0.0
2021-02-11,0.7806759735488612,21.25,8104.19,137.6,0.038,2.5593448077268933e-05,0.0018624992261312,0.0263861764207569,0.0451562499999999,0.018770073579243,1.5079365079365078e-06,0.0
2021-02-12,0.7535849056603773,19.97,8142.79,137.66,0.039,2.5465055577460637e-05,0.0047516612474181,0.0265093030169765,0.0398800899999999,0.0133707869830234,1.5476190476190476e-06,0.0
2021-02-16,0.7789473684210526,21.46,8139.16,140.17,0.038,2.548777224138895e-05,-0.0004458925448294,0.0262097902435922,0.04605316,0.0198433697564077,1.5079365079365078e-06,0.0
2021-02-17,0.78125,21.5,8137.88,144.45,0.037,2.5481926943292277e-05,-0.0001572767533455,0.0252166171281494,0.0462249999999999,0.0210083828718505,1.4682539682539683e-06,0.0
2021-02-18,0.8072505384063172,22.49,8102.24,142.55,0.032,2.559148315438294e-05,-0.004389137175787,0.0251872937483799,0.0505800099999999,0.02539271625162,1.26984126984127e-06,0.0
2021-02-19,0.813953488372093,22.05,8087.68,141.53,0.029,2.564003948563749e-05,-0.00179865050912,0.0232529757213775,0.04862025,0.0253672742786224,1.1507936507936507e-06,0.0
2021-02-22,0.8432218626393384,23.45,8025.81,138.82,0.029,2.583278438664162e-05,-0.0076793176461572,0.0241055628245944,0.0549902499999999,0.0308846871754055,1.1507936507936507e-06,0.0
2021-02-23,0.8521386430678466,23.11,8036.06,136.64,0.028,2.5806118630703876e-05,0.0012763148240422,0.0239628652399043,0.05340721,0.0294443447600956,1.1111111111111112e-06,0.0
2021-02-24,0.8242564696794129,21.34,8127.38,138.52,0.033,2.55261579303159e-05,0.0112996950731265,0.025263604119721,0.04553956,0.0202759558802789,1.3095238095238096e-06,0.0
2021-02-25,0.9553571428571428,28.89,7929.56,142.07,0.039,2.615096954717218e-05,-0.0246410597898649,0.0331047688419014,0.08346321,0.0503584411580985,1.5476190476190476e-06,0.0
2021-02-26,0.9442567567567568,27.95,7892.81,136.23,0.038,2.629399313724388e-05,-0.0046453301352383,0.0246728505672442,0.0781202499999999,0.0534473994327557,1.5079365079365078e-06,1.0
2021-03-01,0.8719193427931292,23.35,8080.78,141.33,0.034,2.5672952261121923e-05,0.0235361840532669,0.0300354919717841,0.05452225,0.0244867580282158,1.3492063492063493e-06,0.0
2021-03-02,0.8873343151693668,24.1,8015.54,141.68,0.037,2.5869539910209168e-05,-0.0081062450609267,0.0256373124869553,0.058081,0.0324436875130446,1.4682539682539683e-06,0.0
2021-03-03,0.9263633205974298,26.67,7911.21,140.53,0.038,2.6215412040714908e-05,-0.0131014164627864,0.0255839924419148,0.07112889,0.0455448975580851,1.5079365079365078e-06,0.0
2021-03-04,0.9498005319148936,28.57,7806.45,137.19,0.033,2.6543857087849294e-05,-0.0133304259436378,0.0254195086640839,0.08162449,0.056204981335916,1.3095238095238096e-06,1.0
2021-03-05,0.8841878809609178,24.66,7958.98,135.9,0.033,2.6069161485545297e-05,0.0193505358821041,0.0302208570228572,0.06081156,0.0305907029771427,1.3095238095238096e-06,0.0
2021-03-08,0.9054390330607892,25.47,7916.41,137.01,0.039,2.6195496994042897e-05,-0.0053630307077173,0.0290227053271412,0.06487209,0.0358493846728587,1.5476190476190476e-06,0.0
2021-03-09,0.8808651026392962,24.03,8029.2,134.45,0.034,2.583278438664162e-05,0.0141470763602991,0.0314211474203922,0.05774409,0.0263229425796077,1.3492063492063493e-06,0.0
2021-03-10,0.8455772113943029,22.56,8078.05,138.57,0.035,2.5672952261121923e-05,0.0060656101783344,0.0311928600340622,0.05089536,0.0197024999659377,1.3888888888888892e-06,0.0
2021-03-11,0.8397853583748562,21.91,8162.58,139.61,0.035,2.5413929374667152e-05,0.0104097887003879,0.0325055646283884,0.0480048099999999,0.0154992453716115,1.3888888888888892e-06,0.0
2021-03-12,0.8038073038073039,20.69,8172.9,140.29,0.029,2.5374592420730403e-05,0.001263507576508,0.0325063098954116,0.04280761,0.0103013001045883,1.1507936507936507e-06,0.0
2021-03-15,0.8047408597830454,20.03,8226.32,141.26,0.019,2.522227126550452e-05,0.0065149670472068,0.0329268859420458,0.04012009,0.0071932040579541,7.539682539682539e-07,0.0
2021-03-16,0.800890327802509,19.79,8213.63,142.56,0.016,2.525603303486824e-05,-0.0015438006223086,0.0327616473732945,0.03916441,0.0064027626267054,6.34920634920635e-07,0.0
2021-03-17,0.8052763819095478,19.23,8237.35,143.19,0.01,2.5175282907361876e-05,0.0028837207798749,0.0328226603803947,0.03697929,0.0041566296196053,3.9682539682539683e-07,0.0
2021-03-18,0.853639240506329,21.58,8116.17,148.11,0.009,2.5548331055250576e-05,-0.0148203222314848,0.0356718363297055,0.0465696399999999,0.0108978036702944,3.571428571428571e-07,0.0
2021-03-19,0.8383353341336535,20.95,8112.13,141.47,0.005,2.5673611378521217e-05,-0.0004978956617094,0.0354356155730248,0.04389025,0.0084546344269751,1.9841269841269841e-07,0.0
2021-03-22,0.8230165649520488,18.88,8169.14,146.14,0.005,2.547608432581595e-05,0.0070031678120179,0.0359534436219586,0.03564544,-0.0003080036219586,1.9841269841269841e-07,0.0
2021-03-23,0.8529411764705882,20.3,8106.83,143.44,0.009,2.5673611378521217e-05,-0.0076567239202582,0.0359488057231439,0.041209,0.0052601942768561,3.571428571428571e-07,0.0
2021-03-24,0.8688524590163935,21.2,8063.0,143.7,0.018,2.5808116652663797e-05,-0.0054212205503186,0.0363524023675662,0.044944,0.0085915976324337,7.142857142857142e-07,0.0
2021-03-25,0.8476679503637141,19.81,8105.51,140.86,0.018,2.5664386813614715e-05,0.005258381626028,0.0350943567444194,0.03924361,0.0041492532555805,7.142857142857142e-07,0.0
2021-03-26,0.8449820788530465,18.86,8240.38,145.46,0.018,2.525603303486824e-05,0.0165023820339883,0.0299925712940209,0.03556996,0.005577388705979,7.142857142857142e-07,0.0
2021-03-29,0.8939655172413793,20.74,8233.24,143.67,0.013,2.526751986656451e-05,-0.0008668404937214,0.0295472417671661,0.0430147599999999,0.0134675182328338,5.158730158730158e-07,0.0
2021-03-30,0.8789780367548184,19.61,8208.1,142.2,0.016,2.5330884681124453e-05,-0.0030581472791136,0.0236085419075455,0.03845521,0.0148466680924544,6.34920634920635e-07,0.0
2021-03-31,0.8758465011286681,19.4,8238.48,140.93,0.018,2.5236274621117476e-05,0.0036943892959477,0.022647622787904,0.0376359999999999,0.0149883772120959,7.142857142857142e-07,0.0
2021-04-01,0.826418693371483,17.33,8335.91,136.29,0.015,2.4966607163038807e-05,0.0117568275216084,0.0210373750684328,0.0300328899999999,0.0089955149315671,5.952380952380952e-07,0.0
2021-04-05,0.8544847328244275,17.91,8457.4,139.63,0.018,2.4585428216673603e-05,0.0144691093701947,0.0192281077276595,0.03207681,0.0128487022723404,7.142857142857142e-07,0.0
2021-04-06,0.8563327032136107,18.12,8449.54,142.44,0.016,2.4626599189762488e-05,-0.0009297957603516,0.0162233789577632,0.03283344,0.0166100610422367,6.34920634920635e-07,0.0
2021-04-07,0.8305905130687319,17.16,8462.18,140.6,0.013,2.459570804892309e-05,0.0014948216211792,0.0153687017802595,0.02944656,0.0140778582197404,5.158730158730158e-07,0.0
2021-04-08,0.8232151529868869,16.95,8499.85,139.04,0.011,2.448070308577036e-05,0.0044416926430913,0.0138154626947933,0.0287302499999999,0.0149147873052066,4.365079365079365e-07,0.0
2021-04-09,0.8047251687560272,16.69,8565.57,132.88,0.01,2.4304585059949455e-05,0.0077021631924342,0.0139858862378339,0.02785561,0.013869723762166,3.9682539682539683e-07,0.0
2021-04-12,0.8121998078770413,16.91,8564.03,134.29,0.013,2.42945470888838e-05,-0.000179805716905,0.0132982897352019,0.02859481,0.015296520264798,5.158730158730158e-07,0.0
2021-04-13,0.8012512030798844,16.65,8592.25,134.72,0.015,0.0,0.0032897604202033,0.0132953369399728,0.0277222499999999,0.0144269130600271,5.952380952380952e-07,0.0
2021-04-14,0.8067426400759734,16.99,8558.16,137.67,0.018,2.430222243821987e-05,-0.0039754204006114,0.0135235204607833,0.0288660099999999,0.0153424895392166,7.142857142857142e-07,0.0
2021-04-15,0.7981695568400771,16.57,8653.29,139.29,0.013,2.404857812779632e-05,0.0110543816742236,0.0143401180008468,0.02745649,0.0131163719991531,5.158730158730158e-07,0.0
2021-04-16,0.7915245981490501,16.25,8684.51,138.33,0.013,2.396271401696777e-05,0.0036013835369555,0.0143535441545269,0.02640625,0.012052705845473,5.158730158730158e-07,0.0
2021-04-19,0.8090781469349555,17.29,8638.42,137.15,0.018,2.408100851261461e-05,-0.0053212832652673,0.011286129698388,0.02989441,0.0186082803016119,7.142857142857142e-07,0.0
2021-04-20,0.8357941834451901,18.68,8579.95,134.87,0.018,-0.0001212782729974,-0.0067916097457054,0.012311408027818,0.03489424,0.0225828319721819,7.142857142857142e-07,0.0
2021-04-21,0.8143322475570033,17.5,8659.8,139.43,0.019,2.403355083694655e-05,0.009263541642372,0.0126195493729438,0.0306249999999999,0.0180054506270561,7.539682539682539e-07,0.0
2021-04-22,0.8308170515097691,18.71,8580.73,138.09,0.018,0.0,-0.0091726361537158,0.0130457238041701,0.03500641,0.0219606861958298,7.142857142857142e-07,0.0
2021-04-23,0.8034306907742234,17.33,8674.8,140.09,0.018,2.3997216323021125e-05,0.0109032793463948,0.012900513306871,0.0300328899999999,0.0171323766931289,7.142857142857142e-07,0.0
2021-04-26,0.818941504178273,17.64,8690.26,139.09,0.013,2.394378000452754e-05,0.0017805874652492,0.0128900319415565,0.03111696,0.0182269280584434,5.158730158730158e-07,0.0
2021-04-27,0.823639774859287,17.56,8688.45,139.13,0.009,0.0,-0.0002083008470184,0.0106885449293496,0.0308353599999999,0.0201468150706503,3.571428571428571e-07,0.0
2021-04-28,0.81779460482726,17.28,8681.17,139.37,0.01,2.396041739044915e-05,-0.0008382452150683,0.0106861132167413,0.02985984,0.0191737267832586,3.9682539682539683e-07,0.0
2021-04-29,0.8263725950258095,17.61,8740.35,139.3,0.009,2.3809807259588577e-05,0.0067939224169471,0.0104653036347656,0.03101121,0.0205459063652343,3.571428571428571e-07,0.0
2021-04-30,0.8432260987766198,18.61,8678.16,146.32,0.009,2.3963862495335207e-05,-0.0071407099980537,0.0116822705323156,0.03463321,0.0229509394676843,3.571428571428571e-07,0.0
2021-05-03,0.8422263109475621,18.31,8702.02,143.75,0.01,2.3914005237145395e-05,0.0027456579839017,0.0105491554084942,0.03352561,0.0229764545915057,3.9682539682539683e-07,0.0
2021-05-04,0.8592853992059991,19.48,8643.91,139.23,0.013,2.4058413828891147e-05,-0.0067001558740036,0.0092999278497576,0.03794704,0.0286471121502423,5.158730158730158e-07,0.0
2021-05-05,0.8602875112309073,19.15,8650.04,142.12,0.011,2.4054362860041863e-05,0.0007089184664843,0.0092508612107746,0.0366722499999999,0.0274213887892253,4.365079365079365e-07,0.0
2021-05-06,0.8404936014625229,18.39,8722.04,144.47,0.013,2.3861507808656728e-05,0.0082892103036104,0.0098695571381463,0.03381921,0.0239496528618536,5.158730158730158e-07,0.0
2021-05-07,0.8027898027898028,16.69,8787.82,145.76,0.011,2.3691910397173332e-05,0.007513516322328,0.0102151279038347,0.02785561,0.0176404820961653,4.365079365079365e-07,0.0
2021-05-10,0.8776785714285715,19.66,8696.29,142.72,0.006,2.392373114508763e-05,-0.0104701739075837,0.0113773455276121,0.03865156,0.0272742144723878,2.3809523809523814e-07,0.0
2021-05-11,0.9013619479983492,21.84,8620.98,140.12,0.01,2.4138555307442897e-05,-0.0086977306202934,0.0124414148007303,0.04769856,0.0352571451992696,3.9682539682539683e-07,0.0
2021-05-12,0.9790631653655074,27.59,8437.24,142.6,0.013,2.46642577908e-05,-0.0215435263995666,0.0179805030549942,0.0761208099999999,0.0581403069450057,5.158730158730158e-07,1.0
2021-05-13,0.9156769596199524,23.13,8541.39,139.26,0.01,4.874957344118805e-05,0.0122685171129374,0.0198744345405613,0.0534996899999999,0.0336252554594386,3.9682539682539683e-07,0.0
2021-05-14,0.8450134770889487,18.81,8669.49,139.05,0.005,2.400701004691187e-05,0.0148862075108822,0.0211270816854288,0.0353816099999999,0.0142545283145711,1.9841269841269841e-07,0.0
2021-05-17,0.8522039757994814,19.72,8647.57,138.35,0.009,2.406478239418331e-05,-0.0025316089113492,0.0210356110980879,0.0388878399999999,0.017852228901912,3.571428571428571e-07,0.0
2021-05-18,0.8810900082576384,21.34,8574.98,139.46,0.008,2.427213922496852e-05,-0.0084296959337501,0.0215524846193823,0.04553956,0.0239870753806176,3.174603174603175e-07,0.0
2021-05-19,0.8777206173328057,22.18,8550.95,143.75,0.008,2.433771006483786e-05,-0.0028062728003698,0.0210962461145029,0.04919524,0.028098993885497,3.174603174603175e-07,0.0
2021-05-20,0.8681226375472492,20.67,8641.98,142.96,0.008,4.8164916674650346e-05,0.0105893353405636,0.0214322202836307,0.04272489,0.0212926697163692,3.174603174603175e-07,0.0
2021-05-21,0.8578118348233291,20.15,8635.55,144.51,0.003,2.4098417938977377e-05,-0.0007443193901973,0.0203572833441694,0.0406022499999999,0.0202449666558305,1.1904761904761907e-07,0.0
2021-05-24,0.8277103013945118,18.4,8722.0,144.64,0.006,2.385923053979339e-05,0.0099611655828106,0.0201162763426101,0.033856,0.0137397236573898,2.3809523809523814e-07,0.0
2021-05-25,0.8410714285714286,18.84,8703.59,144.6,0.011,2.390885942783925e-05,-0.0021129851958646,0.0201488407286936,0.03549456,0.0153457192713063,4.365079365079365e-07,0.0
2021-05-26,0.8150234741784037,17.36,8720.04,149.82,0.01,2.3864355006259023e-05,0.0018882408416206,0.0201867253371843,0.03013696,0.0099502346628157,3.9682539682539683e-07,0.0
2021-05-27,0.8242245199409158,16.74,8730.97,149.35,0.008,7.156744635416991e-05,0.0012526497239087,0.0201859137326548,0.0280227599999999,0.0078368462673451,3.174603174603175e-07,0.0
2021-05-28,0.8183593750000001,16.76,8738.77,155.31,0.01,2.3808106660296185e-05,0.0008929727080438,0.0196339905106602,0.02808976,0.0084557694893397,3.9682539682539683e-07,0.0
2021-06-01,0.8388003748828491,17.9,8734.74,149.04,0.013,2.3830233417114647e-05,-0.0004612696672226,0.0189688808084417,0.032041,0.0130721191915582,5.158730158730158e-07,0.0
2021-06-02,0.8160597572362278,17.48,8748.3,148.59,0.016,2.378885016590559e-05,0.0015512179482622,0.0189126717540262,0.03055504,0.0116423682459737,6.34920634920635e-07,0.0
2021-06-03,0.8267644362969752,18.04,8717.97,145.21,0.018,2.3876890751264652e-05,-0.0034729831252715,0.0184722178235164,0.03254416,0.0140719421764835,7.142857142857142e-07,0.0
2021-06-04,0.7963142580019399,16.42,8795.08,147.76,0.018,2.3664998284266103e-05,0.0088060615714175,0.0193207401176176,0.02696164,0.0076408998823823,7.142857142857142e-07,0.0
2021-06-07,0.7990267639902677,16.42,8788.28,151.29,0.022,0.0,-0.0007734585811814,0.0185940786672959,0.02696164,0.008367561332704,8.730158730158729e-07,0.0
2021-06-08,0.818705035971223,17.07,8790.0,150.7,0.025,2.3681811184897884e-05,0.0001956960527979,0.0179175627514194,0.0291384899999999,0.0112209272485805,9.92063492063492e-07,0.0
2021-06-09,0.8406954887218044,17.89,8774.31,150.71,0.022,2.3718321217202674e-05,-0.001786577915484,0.0165286834135922,0.03200521,0.0154765265864077,8.730158730158729e-07,0.0
2021-06-10,0.8017928286852591,16.1,8815.56,154.81,0.023,2.360801255944121e-05,0.0046902081275503,0.0156016287714264,0.025921,0.0103193712285735,9.126984126984128e-07,0.0
2021-06-11,0.7968431771894093,15.65,8832.94,159.28,0.023,2.3566841454052684e-05,0.0019695731216138,0.0088410680831094,0.02449225,0.0156511819168905,9.126984126984128e-07,0.0
2021-06-14,0.8138033763654419,16.39,8851.17,160.64,0.018,2.3513643791922472e-05,0.0020617386408047,0.007496977430211,0.02686321,0.0193662325697889,7.142857142857142e-07,0.0
2021-06-15,0.8230174081237911,17.02,8833.68,161.35,0.018,2.3557403502964475e-05,-0.0019779648345608,0.0053044446903617,0.0289680399999999,0.0236635953096382,7.142857142857142e-07,0.0
2021-06-16,0.8537158984007525,18.15,8786.18,155.97,0.029,2.368966538345491e-05,-0.0053916563546507,0.0056494555935959,0.03294225,0.027292794406404,1.1507936507936507e-06,0.0
2021-06-17,0.8460438512869399,17.75,8782.58,161.01,0.032,2.369752479351376e-05,-0.0004098183423743,0.0045645921759476,0.03150625,0.0269416578240523,1.26984126984127e-06,0.0
2021-06-18,0.9027474923680768,20.7,8667.76,150.78,0.035,2.4096095227746425e-05,-0.0131598188971857,0.0068803335098758,0.042849,0.0359686664901241,1.3888888888888892e-06,0.0
2021-06-21,0.8470643939393939,17.89,8789.52,158.36,0.035,2.3762282129554115e-05,0.01394970745471,0.0078578459556298,0.03200521,0.0241473640443701,1.3888888888888892e-06,0.0
2021-06-22,0.8300946686596911,16.66,8834.56,160.51,0.034,0.0,0.0051111999098284,0.0080405107984849,0.02775556,0.019715049201515,1.3492063492063493e-06,0.0
2021-06-23,0.8284263959390863,16.32,8825.01,154.85,0.042,2.3662758367721405e-05,-0.0010815666441429,0.0070337680089344,0.02663424,0.0196004719910655,1.6666666666666669e-06,0.0
2021-06-24,0.8291796469366562,15.97,8877.06,161.04,0.049,2.352470682331982e-05,0.0058806851403619,0.0072622863981774,0.02550409,0.0182418036018225,1.9444444444444444e-06,0.0
2021-06-25,0.8221052631578947,15.62,8906.79,170.55,0.047,2.3443635638993577e-05,0.0033434861062952,0.0073224823393332,0.02439844,0.0170759576606667,1.865079365079365e-06,0.0
2021-06-28,0.8286014721345951,15.76,8927.4,162.09,0.044,2.3392633659639295e-05,0.002311291869718,0.0073424296771615,0.0248377599999999,0.0174953303228384,1.7460317460317458e-06,0.0
2021-06-29,0.8219599794766548,16.02,8930.67,163.84,0.046,2.3382241187796583e-05,0.0003662209898996,0.0073479693024403,0.02566404,0.0183160706975596,1.8253968253968256e-06,0.0
2021-06-30,0.8113787801127627,15.83,8942.78,161.85,0.043,2.3360938175255873e-05,0.0013550827459815,0.0073190999542641,0.02505889,0.0177397900457358,1.7063492063492063e-06,0.0
2021-07-01,0.7958868894601543,15.48,8990.08,155.65,0.046,2.323015273823313e-05,0.0052752444049026,0.0075259063891964,0.0239630399999999,0.0164371336108035,1.8253968253968256e-06,0.0
2021-07-02,0.7808290155440414,15.07,9058.66,157.94,0.044,2.3055552353374534e-05,0.0075994590260694,0.0076658101208173,0.02271049,0.0150446798791826,1.7460317460317458e-06,0.0
2021-07-06,0.8114511352418559,16.44,9040.76,153.75,0.047,2.309975629768136e-05,-0.0019779645796287,0.0071643239445467,0.02702736,0.0198630360554532,1.865079365079365e-06,0.0
2021-07-07,0.7937285644292014,16.2,9071.14,152.15,0.048,2.3018933072431157e-05,0.0033547036469352,0.0071518811251221,0.026244,0.0190921188748778,1.904761904761905e-06,0.0
2021-07-08,0.8644222020018199,19.0,8995.26,152.82,0.048,-6.96112213289468e-05,-0.0084001733817797,0.0083229274345651,0.0361,0.0277770725654348,1.904761904761905e-06,0.0
2021-07-09,0.7915851272015655,16.18,9096.84,155.7,0.046,2.2962903429488745e-05,0.0112293285374055,0.0094093578791813,0.02617924,0.0167698821208187,1.8253968253968256e-06,0.0
2021-07-12,0.7903225806451614,16.17,9128.22,157.93,0.048,2.287884507587976e-05,0.0034436134651849,0.0093346677251228,0.02614689,0.0168122222748771,1.904761904761905e-06,0.0
2021-07-13,0.8102224325603409,17.12,9096.15,154.4,0.047,2.2956050641026835e-05,-0.0035194668571046,0.0096533508665993,0.02930944,0.0196560891334006,1.865079365079365e-06,0.0
2021-07-14,0.7919495635305528,16.33,9107.85,154.31,0.048,2.2924475316180664e-05,0.0012854319502338,0.0096476029870567,0.0266668899999999,0.0170192870129432,1.904761904761905e-06,0.0
2021-07-15,0.806543385490754,17.01,9078.33,154.15,0.043,2.300304790382634e-05,-0.0032464240347997,0.0097736506081954,0.02893401,0.0191603593918045,1.7063492063492063e-06,0.0
2021-07-16,0.8359764386044404,18.45,9009.89,151.94,0.046,2.318061173632264e-05,-0.0075673921041966,0.0101973987489296,0.03404025,0.0238428512510703,1.8253968253968256e-06,0.0
2021-07-19,0.9036144578313252,22.5,8867.07,155.74,0.041,2.353134964067099e-05,-0.0159784480819048,0.0137364966459973,0.050625,0.0368885033540026,1.626984126984127e-06,0.0
2021-07-20,0.8504310344827587,19.73,9001.77,154.5,0.044,2.3199972160144187e-05,0.0150768098597646,0.0136157305069892,0.03892729,0.0253115594930107,1.7460317460317458e-06,0.0
2021-07-21,0.8189300411522633,17.91,9075.97,155.34,0.048,2.3010987746628096e-05,0.0082090368247095,0.0122536324877023,0.03207681,0.0198231775122976,1.904761904761905e-06,0.0
2021-07-22,0.8092406221408966,17.69,9094.95,152.63,0.046,2.2961848888051584e-05,0.0020890529376189,0.0120902785427555,0.03129361,0.0192033314572444,1.8253968253968256e-06,0.0
2021-07-23,0.7944572748267898,17.2,9187.64,159.44,0.046,2.2732697575537128e-05,0.0101397880892334,0.0129043111103052,0.0295839999999999,0.0166796888896947,1.8253968253968256e-06,0.0
2021-07-26,0.8086476540938362,17.58,9209.63,153.2,0.043,2.267650827123577e-05,0.0023905732179224,0.0127019241177895,0.0309056399999999,0.0182037158822104,1.7063492063492063e-06,0.0
2021-07-27,0.8417391304347825,19.36,9166.27,151.04,0.044,2.277930272552285e-05,-0.0047192333951651,0.0131585311592608,0.03748096,0.0243224288407391,1.7460317460317458e-06,0.0
2021-07-28,0.8192393736017896,18.31,9164.62,152.23,0.048,4.558092893941988e-05,-0.0001800239927745,0.0131737557833,0.03352561,0.0203518542166999,1.904761904761905e-06,0.0
2021-07-29,0.8089579524680073,17.7,9204.25,149.96,0.046,2.2692460430001487e-05,0.0043149155595921,0.0132730371816791,0.0313289999999999,0.0180559628183208,1.8253968253968256e-06,0.0
2021-07-30,0.8223624887285842,18.24,9155.21,153.71,0.043,0.0002049857079409,-0.0053422177591838,0.0138250837241747,0.0332697599999999,0.0194446762758252,1.7063492063492063e-06,0.0
2021-08-02,0.8442516268980478,19.46,9138.36,153.3,0.044,2.285270290341512e-05,-0.0018421778543177,0.0136873249067893,0.03786916,0.0241818350932106,1.7460317460317458e-06,0.0
2021-08-03,0.8133453561767358,18.04,9213.35,152.56,0.044,2.2669825328975223e-05,0.008172580908059,0.0137897720483674,0.03254416,0.0187543879516325,1.7460317460317458e-06,0.0
2021-08-04,0.8105548037889038,17.97,9170.76,151.4,0.048,0.0001138109599954,-0.0046333574150161,0.0140606969916309,0.03229209,0.018231393008369,1.904761904761905e-06,0.0
2021-08-05,0.8029739776951673,17.28,9226.49,148.27,0.048,2.263646961617807e-05,0.0060585327119906,0.0143306802087659,0.02985984,0.015529159791234,1.904761904761905e-06,0.0
2021-08-06,0.7738380450407282,16.15,9243.03,148.27,0.048,2.2597593356287e-05,0.0017910594776202,0.0132120245127838,0.0260822499999999,0.0128702254872161,1.904761904761905e-06,0.0
2021-08-09,0.7860836859426422,16.72,9235.05,148.27,0.048,2.2616503262538588e-05,-0.0008637261551099,0.0119391574113957,0.0279558399999999,0.0160166825886042,1.904761904761905e-06,0.0
2021-08-10,0.7916077322017915,16.79,9244.22,148.27,0.049,2.259044650015453e-05,0.0009924635283419,0.0118428994119651,0.02819041,0.0163475105880348,1.9444444444444444e-06,0.0
2021-08-11,0.7769714562167391,16.06,9267.4,154.32,0.053,2.2535973046955737e-05,0.0025043742379326,0.0116528002120043,0.0257923599999999,0.0141395597879956,2.103174603174603e-06,0.0
2021-08-12,0.7698765432098765,15.59,9297.2,157.18,0.048,4.493574188905773e-05,0.0032104139701487,0.0117165377664771,0.02430481,0.0125882722335228,1.904761904761905e-06,0.0
2021-08-13,0.7625863770977295,15.45,9312.51,159.66,0.052,4.485310607768256e-05,0.0016453779724696,0.0114827087391147,0.02387025,0.0123875412608852,2.0634920634920634e-06,0.0
2021-08-16,0.7810077519379846,16.12,9337.18,152.54,0.066,2.237061396147983e-05,0.0026456219260937,0.0104746414035049,0.02598544,0.015510798596495,2.6190476190476192e-06,0.0
2021-08-17,0.8253456221198157,17.91,9271.83,149.05,0.067,2.2519732915947136e-05,-0.0070235083586863,0.0074477346333461,0.03207681,0.0246290753666538,2.658730158730159e-06,0.0
2021-08-18,0.9063025210084034,21.57,9173.93,148.54,0.06,4.553526706442933e-05,-0.010615005211571,0.0069834783950885,0.04652649,0.0395430116049114,2.3809523809523808e-06,0.0
2021-08-19,0.8954545454545455,21.67,9186.07,151.19,0.049,0.0,0.0013224402798747,0.0062845224525113,0.04695889,0.0406743675474886,1.9444444444444444e-06,0.0
2021-08-20,0.8282016956715751,18.56,9261.31,153.51,0.047,2.255681497770463e-05,0.0081573011685272,0.006958059043066,0.0344473599999999,0.0274893009569339,1.865079365079365e-06,0.0
2021-08-23,0.8089622641509434,17.15,9341.09,159.02,0.044,0.0,0.0085774404521785,0.0066221182784921,0.0294122499999999,0.0227901317215078,1.7460317460317458e-06,0.0
2021-08-24,0.8114985862393967,17.22,9355.11,157.13,0.047,2.2323670904423223e-05,0.00149977028786,0.0065956826364912,0.0296528399999999,0.0230571573635087,1.865079365079365e-06,0.0
2021-08-25,0.8075998075998075,16.79,9376.0,159.51,0.048,2.227791701473886e-05,0.0022305147597751,0.0062180656067685,0.02819041,0.0219723443932314,1.904761904761905e-06,0.0
2021-08-26,0.8618481244281794,18.84,9321.74,157.25,0.047,2.2407708251618185e-05,-0.0058039262835818,0.0067757923875293,0.03549456,0.0287187676124706,1.865079365079365e-06,0.0
2021-08-27,0.7952450266860748,16.39,9404.15,162.43,0.048,2.221309017401936e-05,0.0088017746588316,0.0074137318401471,0.02686321,0.0194494781598528,1.904761904761905e-06,0.0
2021-08-30,0.7936274509803922,16.19,9445.24,157.99,0.043,2.211337527514069e-05,0.0043598296907149,0.006987014304281,0.02621161,0.0192245956957189,1.7063492063492063e-06,0.0
2021-08-31,0.8070519098922624,16.48,9433.58,155.91,0.041,2.2142754337191868e-05,-0.001235246851509,0.0069405445934515,0.02715904,0.0202184954065484,1.626984126984127e-06,0.0
2021-09-01,0.8022908366533865,16.11,9437.15,154.75,0.041,2.2132952646527684e-05,0.0003783637456092,0.0063617089106895,0.0259532099999999,0.0195915010893104,1.626984126984127e-06,0.0
2021-09-02,0.8152011922503726,16.41,9465.47,156.98,0.043,2.2065069891088813e-05,0.0029964122634031,0.0059496709737254,0.0269288099999999,0.0209791390262745,1.7063492063492063e-06,0.0
2021-09-03,0.8075787401574803,16.41,9462.54,162.27,0.041,2.2072375318649845e-05,-0.0003095940908105,0.0057057642742168,0.0269288099999999,0.0212230457257831,1.626984126984127e-06,0.0
2021-09-07,0.8425452856479331,18.14,9430.68,154.76,0.039,2.2147167930880695e-05,-0.0033726416354495,0.0059492033294059,0.03290596,0.026956756670594,1.5476190476190476e-06,0.0
2021-09-08,0.8318666049096805,17.96,9418.57,153.39,0.043,2.217516160147e-05,-0.0012849319380012,0.0059706589239389,0.03225616,0.026285501076061,1.7063492063492063e-06,0.0
2021-09-09,0.8522212148685404,18.8,9375.99,149.97,0.042,2.2273947277546536e-05,-0.0045311061126764,0.006329058216117,0.035344,0.0290149417838829,1.6666666666666669e-06,0.0
2021-09-10,0.8987558987558988,20.95,9304.03,151.16,0.041,2.2445933358003447e-05,-0.0077045266504175,0.0071088241705521,0.04389025,0.0367814258294478,1.626984126984127e-06,0.0
2021-09-13,0.8620382732532266,19.37,9325.29,148.5,0.042,2.2393658116001176e-05,0.0022824246112504,0.0070484743955075,0.03751969,0.0304712156044924,1.6666666666666669e-06,0.0
2021-09-14,0.8629711751662972,19.46,9273.99,146.73,0.038,2.2513648899624937e-05,-0.005516356556705,0.0073929354283269,0.03786916,0.030476224571673,1.5079365079365078e-06,0.0
2021-09-15,0.8354779411764706,18.18,9352.83,154.33,0.038,2.232865547998996e-05,0.0084652636155993,0.0082162943342876,0.0330512399999999,0.0248349456657123,1.5079365079365078e-06,0.0
2021-09-16,0.8569463548830812,18.69,9338.61,152.88,0.034,2.2364110076129457e-05,-0.0015215524051029,0.0075946912217007,0.03493161,0.0273369187782992,1.3492063492063493e-06,0.0
2021-09-17,0.8962101636520241,20.81,9253.57,149.52,0.037,2.265390496684806e-05,-0.0091479958835108,0.0072154605131056,0.0433056099999999,0.0360901494868943,1.4682539682539683e-06,0.0
2021-09-20,0.9738636363636364,25.71,9096.52,141.57,0.028,2.3038024259018594e-05,-0.0171175002121645,0.0108725834593042,0.06610041,0.0552278265406957,1.1111111111111112e-06,0.0
2021-09-21,0.9564193168433452,24.36,9089.55,139.98,0.022,2.3058742145594984e-05,-0.0007665207866539,0.009888877850238,0.0593409599999999,0.0494520821497619,8.730158730158729e-07,1.0
2021-09-22,0.9054229934924078,20.87,9176.08,144.12,0.028,2.284017586933342e-05,0.0094746961713977,0.0101126378990727,0.04355569,0.0334430521009272,1.1111111111111112e-06,0.0
2021-09-23,0.8717828731867102,18.63,9287.8,146.87,0.03,2.2566486510862165e-05,0.0121016128178006,0.0120888610095877,0.03470769,0.0226188289904122,1.1904761904761904e-06,0.0
2021-09-24,0.8525456292026897,17.75,9301.49,145.67,0.033,2.2526327645415113e-05,0.0014728913772322,0.0120465987318456,0.03150625,0.0194596512681543,1.3095238095238096e-06,0.0
2021-09-27,0.8766355140186918,18.76,9275.87,144.66,0.028,2.2589936183409735e-05,-0.0027581977463256,0.0117416121361417,0.03519376,0.0234521478638582,1.1111111111111112e-06,0.0
2021-09-28,0.9675405742821472,23.25,9087.47,140.08,0.032,2.3054489285405137e-05,-0.0205198630173626,0.0153814667772148,0.05405625,0.0386747832227851,1.26984126984127e-06,0.0
2021-09-29,0.951096121416526,22.56,9102.62,137.99,0.033,2.3018403213348153e-05,0.0016657425557606,0.015061829206559,0.05089536,0.0358335307934409,1.3095238095238096e-06,0.0
2021-09-30,0.9694176790950984,23.14,8994.83,135.55,0.037,-2.3301061363323903e-05,-0.0119123163366334,0.0162887814690012,0.05354596,0.0372571785309987,1.4682539682539683e-06,0.0
2021-10-01,0.9175704989154012,21.15,9098.25,135.05,0.035,2.303165701254282e-05,0.0114321195016498,0.0184921340200204,0.0447322499999999,0.0262401159799795,1.3888888888888892e-06,0.0
2021-10-04,0.9523019493985898,22.96,8980.64,130.87,0.03,2.3326607494817773e-05,-0.0130109380746919,0.0196557449164248,0.05271616,0.0330604150835752,1.1904761904761904e-06,0.0
2021-10-05,0.9216789268714842,21.3,9076.19,131.68,0.038,4.6184043412958806e-05,0.0105833517684707,0.0216819279218207,0.045369,0.0236870720781792,1.5079365079365078e-06,0.0
2021-10-06,0.9194395796847636,21.0,9113.45,131.51,0.043,2.299299863189567e-05,0.0040968432706412,0.0220902612342217,0.0440999999999999,0.0220097387657782,1.7063492063492063e-06,0.0
2021-10-07,0.8833634719710668,19.54,9191.19,133.32,0.049,2.2797998335725387e-05,0.00849407225779,0.0233226895510347,0.03818116,0.0148584704489652,1.9444444444444444e-06,0.0
2021-10-08,0.8578610603290676,18.77,9173.74,134.46,0.061,2.284017586933342e-05,-0.0019003617494366,0.0231824984606731,0.03523129,0.0120487915393268,2.4206349206349204e-06,0.0
2021-10-11,0.8932559178204555,20.0,9110.76,134.7,0.061,2.300675248196328e-05,-0.0068889222096601,0.0230534712372856,0.04,0.0169465287627143,2.4206349206349204e-06,0.0
2021-10-12,0.8889386475593374,19.85,9088.73,134.1,0.047,2.3060869164137824e-05,-0.0024209481430303,0.0229299303997846,0.03940225,0.0164723196002154,1.865079365079365e-06,0.0
2021-10-13,0.8653667595171775,18.64,9116.39,135.77,0.046,2.2981901752349108e-05,0.0030387079331288,0.022882727355723,0.03474496,0.0118622326442769,1.8253968253968256e-06,0.0
2021-10-14,0.8276877761413843,16.86,9272.97,143.78,0.043,2.2600657679246377e-05,0.0170298242236779,0.0257661335560627,0.02842596,0.0026598264439372,1.7063492063492063e-06,0.0
2021-10-15,0.8029556650246306,16.3,9342.15,147.27,0.047,2.2430325800461852e-05,0.0074327018560674,0.0264770855504372,0.026569,9.191444956274664e-05,1.865079365079365e-06,0.0
2021-10-18,0.8038442582552981,16.31,9373.68,143.77,0.046,2.236010956451653e-05,0.0033693434732656,0.0254659821492777,0.0266016099999999,0.0011356278507222,1.8253968253968256e-06,0.0
2021-10-19,0.7857857857857857,15.7,9443.12,141.01,0.047,2.218844647589981e-05,0.0073806720828672,0.0217212271887787,0.024649,0.0029277728112212,1.865079365079365e-06,0.0
2021-10-20,0.7795671867136387,15.49,9477.82,141.23,0.051,2.2104576752596525e-05,0.0036678979905814,0.0216725518511155,0.02399401,0.0023214581488844,2.0238095238095237e-06,0.0
2021-10-21,0.7705338809034907,15.01,9506.91,140.94,0.052,2.204464039678348e-05,0.00306457060667,0.020956886198366,0.02253001,0.0015731238016339,2.0634920634920634e-06,0.0
2021-10-22,0.7711144427786106,15.43,9496.86,139.34,0.056,2.2068478488730523e-05,-0.0010576849684992,0.0195811276164654,0.0238084899999999,0.0042273623835345,2.2222222222222225e-06,0.0
2021-10-25,0.7791411042944786,15.24,9541.99,140.94,0.055,2.1954137806103043e-05,0.0047408414401993,0.0197432860942533,0.02322576,0.0034824739057466,2.182539682539683e-06,0.0
2021-10-26,0.7946295375435107,15.98,9559.39,141.3,0.055,2.193054596092175e-05,0.001821858401099,0.019536364390243,0.02553604,0.0059996756097569,2.182539682539683e-06,0.0
2021-10-27,0.8128291048348492,16.98,9511.27,140.6,0.052,2.2031041737913767e-05,-0.0050465062167253,0.0138491432101285,0.02883204,0.0149828967898714,2.0634920634920634e-06,0.0
2021-10-28,0.80712890625,16.53,9605.23,144.73,0.052,2.1821911381198035e-05,0.0098303305159361,0.014545212905953,0.02732409,0.0127788770940469,2.0634920634920634e-06,0.0
2021-10-29,0.7982326951399117,16.26,9625.02,148.09,0.055,2.177629215083947e-05,0.0020582162984141,0.0117924797032541,0.02643876,0.0146462802967458,2.182539682539683e-06,0.0
2021-11-01,0.8048062775870525,16.41,9642.44,145.81,0.047,4.3468811128099655e-05,0.0018082305344358,0.0109133994670118,0.0269288099999999,0.0160154105329881,1.865079365079365e-06,0.0
2021-11-02,0.7975124378109453,16.03,9677.95,146.68,0.048,2.165134833769804e-05,0.0036759133728931,0.0076203503950658,0.0256960899999999,0.0180757396049341,1.904761904761905e-06,0.0
2021-11-03,0.7743589743589744,15.1,9740.47,149.77,0.046,2.1517639084620064e-05,0.0064392691092542,0.0070930708712751,0.022801,0.0157079291287248,1.8253968253968256e-06,0.0
2021-11-04,0.783756345177665,15.44,9782.48,151.67,0.042,2.1418550606660967e-05,0.0043036595228297,0.0070974058229269,0.0238393599999999,0.016741954177073,1.6666666666666669e-06,0.0
2021-11-05,0.8042947779404589,16.48,9819.98,148.83,0.042,2.1344944983384892e-05,0.0038260550712429,0.0067565267104234,0.02715904,0.0204025132895765,1.6666666666666669e-06,0.0
2021-11-08,0.8207816968541467,17.22,9828.81,149.24,0.041,2.1323552930491075e-05,0.0008987831407852,0.006494225055806,0.0296528399999999,0.0231586149441939,1.626984126984127e-06,0.0
2021-11-09,0.8304530593180757,17.78,9795.12,144.09,0.042,2.139563742950866e-05,-0.0034335663752032,0.0057516554503763,0.03161284,0.0258611845496236,1.6666666666666669e-06,0.0
2021-11-10,0.8513636363636364,18.73,9716.72,144.89,0.049,2.1568225689894003e-05,-0.0080361895059048,0.0069606427088682,0.03508129,0.0281206472911317,1.9444444444444444e-06,0.0
2021-11-11,0.8260056127221703,17.66,9722.08,144.03,0.049,2.156032038634133e-05,0.0005514743848224,0.0070438329031134,0.03118756,0.0241437270968865,1.9444444444444444e-06,0.0
2021-11-12,0.7873368777187046,16.29,9793.22,144.37,0.048,2.14015901381278e-05,0.0072907221634393,0.0047542526765541,0.0265364099999999,0.0217821573234458,1.904761904761905e-06,0.0
2021-11-15,0.7901293723047436,16.49,9793.53,142.38,0.046,4.278990158330906e-05,3.165405184903296e-05,0.0045101098598395,0.0271920099999999,0.0226819001401604,1.8253968253968256e-06,0.0
2021-11-16,0.7832535885167465,16.37,9831.91,139.56,0.041,2.131082909778667e-05,0.0039112548740631,0.0045289617317904,0.02679769,0.0222687282682095,1.626984126984127e-06,0.0
2021-11-17,0.7928637627432809,17.11,9808.27,141.96,0.048,2.1362272091240197e-05,-0.0024073110751976,0.0044187080219761,0.02927521,0.0248565019780238,1.904761904761905e-06,0.0
2021-11-18,0.8031963470319635,17.59,9842.35,144.8,0.062,2.1289505338445116e-05,0.0034685963260689,0.0044098366980374,0.03094081,0.0265309733019625,2.46031746031746e-06,0.0
2021-11-19,0.8170620437956204,17.91,9828.8,148.44,0.048,4.265210808052431e-05,-0.0013776522616192,0.0045047567886769,0.03207681,0.027572053211323,1.904761904761905e-06,0.0
2021-11-22,0.8471056120194433,19.17,9798.29,147.44,0.047,2.138968803138061e-05,-0.0031089707720334,0.0046918886784973,0.03674889,0.0320570013215026,1.865079365079365e-06,0.0
2021-11-23,0.8632516703786192,19.38,9814.65,146.99,0.047,2.1356341231600776e-05,0.0016682867325755,0.004553308619407,0.03755844,0.0330051313805929,1.865079365079365e-06,0.0
2021-11-24,0.8484018264840183,18.58,9837.6,148.15,0.058,2.1305380673869817e-05,0.0023356114880323,0.004562693315604,0.03452164,0.0299589466843959,2.3015873015873014e-06,0.0
2021-11-26,0.9811450119986288,28.62,9614.25,148.27,0.048,4.3570137028165166e-05,-0.0229654059978837,0.0113113843900052,0.08191044,0.0705990556099948,1.904761904761905e-06,1.0
2021-11-29,0.9169329073482428,22.96,9741.78,149.93,0.043,2.152227016903786e-05,0.0131774796192397,0.0122317411569355,0.05271616,0.0404844188430644,1.7063492063492063e-06,1.0
2021-11-30,0.9665837184500534,27.19,9558.33,150.55,0.051,2.193631886631109e-05,-0.0190108268860251,0.0168227025291335,0.07392961,0.0571069074708664,2.0238095238095237e-06,1.0
2021-12-01,1.010717765508282,31.12,9446.21,155.21,0.047,4.439314569826381e-05,-0.011799422752188,0.0183111200421,0.09684544,0.0785343199578999,1.865079365079365e-06,1.0
2021-12-02,0.9588336192109778,27.95,9581.79,151.38,0.039,6.559312584035227e-05,0.0142508192688524,0.0208935606078089,0.0781202499999999,0.057226689392191,1.5476190476190476e-06,1.0
2021-12-03,0.9650723725613594,30.67,9501.28,149.64,0.049,2.2053391260220983e-05,-0.0084378957556882,0.0209571393765897,0.09406489,0.0731077506234102,1.9444444444444444e-06,1.0
2021-12-06,0.9411357340720222,27.18,9613.02,151.64,0.046,2.1796702159067427e-05,0.0116919032250754,0.0226338758551282,0.07387524,0.0512413641448717,1.8253968253968256e-06,1.0
2021-12-07,0.8770032051282051,21.89,9812.2,151.66,0.062,2.1356341231600776e-05,0.0205080797952651,0.0279315932150742,0.04791721,0.0199856167849258,2.46031746031746e-06,0.0
2021-12-08,0.8421498095641133,19.9,9842.68,151.2,0.062,2.129721325962561e-05,0.0031015223123596,0.028041803517776,0.0396009999999999,0.0115591964822239,2.46031746031746e-06,0.0
2021-12-09,0.8751013787510137,21.58,9773.19,149.66,0.055,2.144427169890292e-05,-0.0070851092194719,0.0285239407547567,0.0465696399999999,0.0180456992452432,2.182539682539683e-06,0.0
2021-12-10,0.8062985332182917,18.69,9866.62,147.34,0.052,2.1244728651683975e-05,0.0095144204353547,0.0287132240781916,0.03493161,0.0062183859218083,2.0634920634920634e-06,0.0
2021-12-13,0.8351151315789473,20.31,9776.69,146.07,0.053,2.143094414022461e-05,-0.0091563619677432,0.029887561215268,0.0412496099999999,0.0113620487847319,2.103174603174603e-06,0.0
2021-12-14,0.8635108481262327,21.89,9705.06,137.76,0.047,2.158032737354663e-05,-0.0073535819711677,0.0298689208235311,0.04791721,0.0180482891764688,1.865079365079365e-06,0.0
2021-12-15,0.8278969957081544,19.29,9863.92,141.75,0.046,2.1250146094735076e-05,0.0162362565469943,0.0332087607739448,0.0372104099999999,0.0040016492260551,1.8253968253968256e-06,0.0
2021-12-16,0.8440705785802216,20.57,9778.09,140.29,0.042,0.0001499202210252,-0.0087394870787141,0.0339910739394977,0.0423124899999999,0.0083214160605022,1.6666666666666669e-06,0.0
2021-12-17,0.8498817966903074,21.57,9678.03,134.94,0.039,2.174362096530316e-05,-0.0102858002700256,0.0351619690904127,0.04652649,0.0113645209095872,1.5476190476190476e-06,0.0
2021-12-20,0.8692512352717598,22.87,9567.91,131.71,0.046,2.1978746552064145e-05,-0.0114435773708128,0.0362877846687254,0.05230369,0.0160159053312745,1.8253968253968256e-06,0.0
2021-12-21,0.8404,21.01,9738.73,136.33,0.06,2.1596639562987136e-05,0.0176959281996519,0.0406385023991707,0.04414201,0.0035035076008292,2.3809523809523808e-06,0.0
2021-12-22,0.7907470288624788,18.63,9838.9,142.04,0.065,2.1380998706430132e-05,0.0102331971882898,0.0418767531300872,0.03470769,-0.0071690631300872,2.579365079365079e-06,0.0
2021-12-23,0.7728055077452669,17.96,9900.3,150.26,0.066,4.25007437629772e-05,0.006221143514257,0.0422943041138392,0.03225616,-0.0100381441138392,2.6190476190476192e-06,0.0
2021-12-27,0.7774846086191733,17.68,10037.67,151.87,0.049,2.0952281179594377e-05,0.0137799559059091,0.0444202383979088,0.0312582399999999,-0.0131619983979088,1.9444444444444444e-06,0.0
2021-12-28,0.7854903716972683,17.54,10027.53,153.21,0.051,2.0968976399397993e-05,-0.0010107051874078,0.0369681168578297,0.03076516,-0.0062029568578297,2.0238095238095237e-06,0.0
2021-12-29,0.7764544205222171,16.95,10041.61,156.24,0.044,2.0943943535228233e-05,0.0014031495430389,0.035316472701351,0.0287302499999999,-0.006586222701351,1.7460317460317458e-06,0.0
2021-12-30,0.7920475319926873,17.33,10012.51,155.27,0.041,2.100244678503136e-05,-0.0029021488277204,0.0301271421282336,0.0300328899999999,-9.425212823367668e-05,1.626984126984127e-06,0.0
2021-12-31,0.7870201096892139,17.22,9986.7,154.38,0.044,2.105772976613476e-05,-0.002581103386489,0.0278923231759168,0.0296528399999999,0.0017605168240831,1.7460317460317458e-06,0.0
2022-01-03,0.7710171853228054,16.6,10050.41,151.49,0.062,2.093123044236252e-05,0.0063592219337998,0.026332527247535,0.027556,0.0012234727524649,2.46031746031746e-06,0.0
2022-01-04,0.7821461609620721,16.91,10044.75,150.36,0.08,2.094218908700622e-05,-0.000563319739646,0.0249510205301142,0.02859481,0.0036437894698857,3.174603174603174e-06,0.0
2022-01-05,0.8406476352790797,19.73,9850.7,143.41,0.089,2.134995783381386e-05,-0.0195075913044267,0.0295219422049426,0.03892729,0.0094053477950573,3.5317460317460317e-06,0.0
2022-01-06,0.8344680851063829,19.61,9841.92,140.77,0.096,2.137094619862351e-05,-0.0008917046672079,0.0245850699136758,0.03845521,0.0138701400863241,3.80952380952381e-06,0.0
2022-01-07,0.820288587669436,18.76,9803.85,139.14,0.095,4.2907405818205206e-05,-0.0038756483103486,0.0246492379102544,0.03519376,0.0105445220897455,3.7698412698412697e-06,0.0
2022-01-10,0.8553791887125219,19.4,9789.72,139.24,0.094,2.1480662034106454e-05,-0.0014423101506775,0.0240506061985642,0.0376359999999999,0.0135853938014357,3.73015873015873e-06,0.0
2022-01-11,0.8375796178343949,18.41,9879.39,138.09,0.117,2.1289052104935664e-05,0.0091179134424975,0.0239582290336907,0.03389281,0.0099345809663093,4.642857142857143e-06,0.0
2022-01-12,0.8164967562557925,17.62,9907.38,135.73,0.119,4.245653512213007e-05,0.0028291650097246,0.0228979160963854,0.03104644,0.0081485239036145,4.7222222222222214e-06,0.0
2022-01-13,0.867577958137548,20.31,9767.35,133.13,0.117,2.152643984972587e-05,-0.0142347431950437,0.0248509200083251,0.0412496099999999,0.0163986899916748,4.642857142857143e-06,0.0
2022-01-14,0.8409290096406661,19.19,9775.53,133.85,0.12,2.152041749607985e-05,0.0008371335727084,0.0215141327255289,0.03682561,0.015311477274471,4.7619047619047615e-06,0.0
2022-01-18,0.9072452229299364,22.79,9595.93,129.72,0.133,2.1905085265524473e-05,-0.0185432741057161,0.0247207448109095,0.05193841,0.0272176651890904,5.277777777777778e-06,0.0
2022-01-19,0.9240604416892678,23.85,9503.14,134.73,0.171,2.2133932425084175e-05,-0.0097167799342188,0.0245899795102347,0.05688225,0.0322922704897652,6.785714285714286e-06,0.0
2022-01-20,0.9390825688073394,25.59,9398.96,127.58,0.171,2.2381629158766113e-05,-0.0110232254532773,0.0244800782452787,0.06548481,0.0410047317547212,6.785714285714286e-06,0.0
2022-01-21,0.963272120200334,28.85,9221.28,136.18,0.167,2.2830268369783925e-05,-0.0190851882911125,0.0235258698638804,0.08323225,0.0597063801361195,6.626984126984127e-06,1.0
2022-01-24,0.9701492537313432,29.9,9246.84,136.06,0.164,2.273321436282416e-05,0.0027680149706476,0.0217804310000857,0.089401,0.0676205689999142,6.507936507936508e-06,1.0
2022-01-25,0.9811083123425692,31.16,9134.33,133.9,0.189,2.3015754283786332e-05,-0.0122420286768469,0.0216015375608444,0.09709456,0.0754930224391555,7.5e-06,1.0
2022-01-26,1.0003129890453837,31.96,9120.75,133.38,0.195,2.307044560563589e-05,-0.0014878053128244,0.0176216594881777,0.10214416,0.0845225005118222,7.738095238095238e-06,1.0
2022-01-27,0.9876903142209263,30.49,9072.24,132.22,0.198,2.3187061619595165e-05,-0.0053328358851583,0.0174590772059269,0.09296401,0.075504932794073,7.857142857142858e-06,1.0
2022-01-28,0.9597501734906316,27.66,9294.21,132.96,0.185,0.000113051834266,0.0241724239683193,0.0272209207274963,0.07650756,0.0492866392725036,7.3412698412698415e-06,1.0
2022-01-31,0.9247672253258844,24.83,9469.92,131.44,0.186,2.223284458140611e-05,0.0187288338023892,0.0332614297828109,0.0616528899999999,0.028391460217189,7.380952380952381e-06,0.0
2022-02-01,0.8869143780290791,21.96,9534.95,133.0,0.199,2.2076273525008897e-05,0.0068435357675118,0.0343444121139757,0.04822416,0.0138797478860242,7.896825396825397e-06,0.0
2022-02-02,0.8786793953858393,22.09,9624.89,132.05,0.194,2.1867243961887373e-05,0.0093884563369689,0.0351082379933572,0.0487968099999999,0.0136885720066427,7.698412698412699e-06,0.0
2022-02-03,0.9130108736407948,24.35,9390.57,132.75,0.199,-2.2388644479626892e-05,-0.0246464572838867,0.0411598520270237,0.05929225,0.0181323979729762,7.896825396825397e-06,0.0
2022-02-04,0.8845714285714286,23.22,9440.58,129.29,0.23,6.685311256943858e-05,0.0053114246947483,0.0383565399496547,0.0539168399999999,0.0155603000503452,9.126984126984127e-06,0.0
2022-02-07,0.8898404048267807,22.86,9405.84,126.25,0.217,0.0,-0.0036866459886783,0.0383704591314835,0.05225796,0.0138875008685164,8.611111111111112e-06,0.0
2022-02-08,0.8736756316218419,21.44,9484.95,127.72,0.274,2.2178604300411204e-05,0.008375558932501,0.0396413037957604,0.04596736,0.0063260562042396,1.0873015873015874e-05,0.0
2022-02-09,0.8497232865048958,19.96,9623.84,129.78,0.279,2.1858162384268473e-05,0.0145370215384751,0.0427586854889188,0.03984016,-0.0029185254889188,1.1071428571428572e-05,0.0
2022-02-10,0.9171461449942464,23.91,9450.72,128.11,0.398,2.225263415554793e-05,-0.0181524243507774,0.0448575533709878,0.05716881,0.0123112566290121,1.5793650793650794e-05,0.0
2022-02-11,0.9490114464099896,27.36,9271.8,126.81,0.359,4.5402951191786174e-05,-0.0191133935939277,0.0479028280448952,0.07485696,0.0269541319551047,1.4246031746031746e-05,0.0
2022-02-14,0.9622961956521738,28.33,9236.86,128.12,0.378,2.2776189771192457e-05,-0.0037755344260262,0.0462958527735511,0.08025889,0.0339630372264488,1.5e-05,0.0
2022-02-15,0.94208211143695,25.7,9383.57,129.76,0.406,2.24177548618302e-05,0.0157582865648458,0.0502822093382066,0.066049,0.0157667906617933,1.611111111111111e-05,0.0
2022-02-16,0.924980959634425,24.29,9393.09,132.75,0.387,2.2390148334712353e-05,0.0010140249454101,0.0466935139061208,0.05900041,0.0123068960938791,1.535714285714286e-05,0.0
2022-02-17,0.958731241473397,28.11,9195.35,131.31,0.356,2.2877274858997983e-05,-0.0212763910726269,0.0508311669290977,0.07901721,0.0281860430709022,1.4126984126984128e-05,0.0
2022-02-18,0.9496919917864476,27.75,9130.81,128.36,0.34,2.3027414136508596e-05,-0.0070435123151417,0.0500729539512261,0.07700625,0.0269332960487738,1.3492063492063494e-05,0.0
2022-02-22,0.9896942631398143,28.81,9038.32,128.33,0.345,2.327448767045129e-05,-0.0101810927564315,0.0470512241562326,0.0830016099999999,0.0359503858437673,1.369047619047619e-05,0.0
2022-02-23,1.0045336787564767,31.02,8871.95,126.88,0.356,2.3698086379503298e-05,-0.0185787021012559,0.0505170340075743,0.0962240399999999,0.0457070059924256,1.4126984126984128e-05,0.0
2022-02-24,1.0089850249584027,30.32,9005.37,130.48,0.313,2.3347847912097467e-05,0.0149264517437651,0.0523424122389721,0.09193024,0.0395878277610279,1.242063492063492e-05,0.0
2022-02-25,0.9839514978601998,27.59,9207.85,132.51,0.32,4.5695485286012176e-05,0.0222353150363394,0.0586111823226378,0.0761208099999999,0.0175096276773621,1.26984126984127e-05,0.0
2022-02-28,1.0168634064080944,30.15,9186.37,137.36,0.307,2.290137522769177e-05,-0.0023355173270523,0.0582820022499693,0.0909022499999999,0.0326202477500306,1.2182539682539682e-05,0.0
2022-03-01,1.0223995090518565,33.32,9044.47,134.42,0.321,2.325500273244167e-05,-0.0155673425562839,0.0536218831136596,0.11102224,0.0574003568863403,1.273809523809524e-05,1.0
2022-03-02,0.9925734581853406,30.74,9213.39,136.11,0.335,4.5679830070990595e-05,0.0185043394978484,0.0535091963105182,0.09449476,0.0409855636894817,1.3293650793650794e-05,1.0
2022-03-03,0.9896103896103896,30.48,9166.13,133.28,0.342,2.29497286194382e-05,-0.005142691882939,0.0527711145212996,0.09290304,0.0401319254787003,1.3571428571428572e-05,1.0
2022-03-04,0.9888682745825602,31.98,9094.04,134.98,0.326,0.0,-0.0078959149383643,0.0514485967736313,0.10227204,0.0508234432263687,1.2936507936507936e-05,1.0
2022-03-07,1.0198656966983772,36.45,8825.72,136.69,0.326,2.3839322963206163e-05,-0.0299490680040168,0.0547184103935243,0.13286025,0.0781418396064756,1.2936507936507936e-05,1.0
2022-03-08,1.0037142857142858,35.13,8762.11,135.25,0.355,2.4020850097863116e-05,-0.0072334423693665,0.0539939133652368,0.12341169,0.0694177766347631,1.4087301587301586e-05,1.0
2022-03-09,0.9815486993345433,32.45,8988.65,134.12,0.382,2.339701220165358e-05,0.0255259268310298,0.0641348887453076,0.10530025,0.0411653612546923,1.515873015873016e-05,1.0
2022-03-10,0.9590736040609136,30.23,8950.9,130.94,0.378,2.3502038801844685e-05,-0.0042085844650015,0.0626940535623361,0.09138529,0.0286912364376638,1.5e-05,0.0
2022-03-11,0.9508348794063078,30.75,8835.4,130.7,0.379,2.3804706190392196e-05,-0.0129877066669834,0.0597880230492057,0.09455625,0.0347682269507942,1.503968253968254e-05,0.0
2022-03-14,0.9534813925570228,31.77,8771.75,131.81,0.397,2.3977652827542903e-05,-0.0072300488458016,0.0573435930243086,0.10093329,0.0435896969756913,1.5753968253968255e-05,0.0
2022-03-15,0.933354192740926,29.83,8959.74,130.66,0.463,7.040022528065687e-05,0.0212048783311564,0.0610378459287426,0.08898289,0.0279450440712573,1.8373015873015875e-05,0.0
2022-03-16,0.9209254143646408,26.67,9160.51,132.0,0.416,2.2956577633385532e-05,0.0221606452833654,0.0677079643002222,0.07112889,0.0034209256997777,1.6507936507936507e-05,0.0
2022-03-17,0.9096385542168676,25.67,9274.17,134.93,0.387,2.2675479869822124e-05,0.0123312626265649,0.0664538630167177,0.06589489,-0.0005589730167177,1.535714285714286e-05,0.0
2022-03-18,0.8990583804143126,23.87,9382.43,136.64,0.391,2.2498959423234107e-05,0.0116056746824991,0.0682197646173668,0.05697769,-0.0112420746173668,1.5515873015873016e-05,0.0
2022-03-21,0.8919636087945414,23.53,9378.84,135.73,0.454,6.749839691313982e-05,-0.0003827033078055,0.0622843239003298,0.05536609,-0.0069182339003298,1.8015873015873015e-05,0.0
2022-03-22,0.8874274661508704,22.94,9484.86,139.72,0.496,2.2243229716934673e-05,0.0112407551371501,0.0626171871479009,0.05262436,-0.0099928271479009,1.968253968253968e-05,0.0
2022-03-23,0.8924649753881105,23.57,9368.98,136.71,0.48,2.25303878607346e-05,-0.0122926108632123,0.0633088205531047,0.05555449,-0.0077543305531047,1.904761904761905e-05,0.0
2022-03-24,0.8565217391304348,21.67,9504.19,138.39,0.496,4.440398747816136e-05,0.01432852173572,0.0594779686747724,0.04695889,-0.0125190786747724,1.968253968253968e-05,0.0
2022-03-25,0.8418284789644013,20.81,9552.4,140.26,0.528,2.209285627490341e-05,0.0050596778174184,0.0577499065344669,0.0433056099999999,-0.014444296534467,2.095238095238095e-05,0.0
2022-03-28,0.8118279569892473,19.63,9620.66,138.87,0.538,2.193631886631109e-05,0.0071204375724946,0.0530917163780615,0.03853369,-0.0145580263780615,2.134920634920635e-05,0.0
2022-03-29,0.8150064683053039,18.9,9738.6,140.0,0.547,2.1663543505791543e-05,0.012184500764078,0.054002954881637,0.0357209999999999,-0.0182819548816371,2.170634920634921e-05,0.0
2022-03-30,0.8201103097157403,19.33,9678.3,139.28,0.534,2.180002834014093e-05,-0.0062111041261369,0.0507275792667457,0.0373648899999999,-0.0133626892667457,2.1190476190476193e-05,0.0
2022-03-31,0.8405560098119378,20.56,9527.46,140.73,0.496,2.214128353018611e-05,-0.0157081106468714,0.0516006584197811,0.0422713599999999,-0.0093292984197811,1.968253968253968e-05,0.0
2022-04-01,0.8108219743907475,19.63,9559.95,145.51,0.518,4.4161808867651054e-05,0.0034043415401752,0.051025820952098,0.03853369,-0.012492130952098,2.055555555555556e-05,0.0
2022-04-04,0.8063395570994355,18.57,9637.37,146.48,0.555,2.189261671499295e-05,0.0080657528990044,0.0501013556903457,0.03448449,-0.0156168656903457,2.2023809523809524e-05,0.0
2022-04-05,0.8445783132530121,21.03,9517.94,141.33,0.652,2.216729658732453e-05,-0.0124698109894104,0.0393586004026895,0.04422609,0.0048674895973104,2.5873015873015875e-05,0.0
2022-04-06,0.8565891472868218,22.1,9425.49,144.27,0.673,2.2393156651306988e-05,-0.0097607174611104,0.0401249206355507,0.048841,0.0087160793644493,2.670634920634921e-05,0.0
2022-04-07,0.8541418945699564,21.55,9466.76,139.55,0.679,2.2284370856479527e-05,0.0043689942327858,0.0337399066548099,0.0464402499999999,0.01270034334519,2.6944444444444448e-05,0.0
2022-04-08,0.8406833531982518,21.16,9441.84,141.51,0.689,2.234062754820751e-05,-0.0026358391872426,0.0335049821705316,0.04477456,0.0112695778294683,2.734126984126984e-05,0.0
2022-04-11,0.9025925925925926,24.37,9282.48,137.91,0.705,0.0,-0.0170221239433337,0.0352792356342644,0.05938969,0.0241104543657355,2.7976190476190475e-05,0.0
2022-04-12,0.8928965771071035,24.26,9251.07,137.62,0.742,2.2818807260923717e-05,-0.0033895319647083,0.0345290064989017,0.05885476,0.0243257535010982,2.944444444444444e-05,0.0
2022-04-13,0.8543461237274863,21.82,9356.21,139.86,0.748,4.510905113106843e-05,0.0113010734494672,0.0310460977303349,0.04761124,0.016565142269665,2.968253968253968e-05,0.0
2022-04-14,0.8720706876680753,22.7,9242.58,134.39,0.771,2.2838089365422916e-05,-0.012219226501615,0.0278167655203881,0.0515289999999999,0.0237122344796118,3.059523809523809e-05,0.0
2022-04-18,0.8609708737864078,22.17,9240.69,130.94,0.767,2.2831310859692244e-05,-0.0002045092677417,0.0259412197493273,0.04915089,0.0232096702506726,3.0436507936507936e-05,0.0
2022-04-19,0.8527533918595372,21.37,9389.21,130.94,0.826,2.2472162608548196e-05,0.0159445994352885,0.027454940293962,0.04566769,0.0182127497060379,3.277777777777778e-05,0.0
2022-04-20,0.8414078674948241,20.32,9383.54,134.18,0.818,4.4977174084111384e-05,-0.0006040670836623,0.0274578550634628,0.04129024,0.0138323849365371,3.246031746031746e-05,0.0
2022-04-21,0.868632707774799,22.68,9245.86,132.72,0.803,4.565897312978256e-05,-0.0147812067733236,0.0282280457155848,0.05143824,0.0232101942844151,3.186507936507937e-05,0.0
2022-04-22,0.9444258453297624,28.21,8989.51,136.22,0.806,2.3469495523172383e-05,-0.028117541775992,0.0356506949585693,0.07958041,0.0439297150414306,3.198412698412699e-05,0.0
2022-04-25,0.9294805641554869,27.02,9040.86,133.42,0.814,2.333749518662039e-05,0.0056959606301001,0.0329996088305537,0.07300804,0.0400084311694462,3.23015873015873e-05,0.0
2022-04-26,1.011466505733253,33.52,8786.47,137.43,0.823,2.403124061277478e-05,-0.0285412643044805,0.0402484503799337,0.11235904,0.0721105896200662,3.2658730158730154e-05,1.0
2022-04-27,0.9813664596273292,31.6,8805.0,138.09,0.827,2.396615978236547e-05,0.0021067036300344,0.0391476074215041,0.099856,0.0607083925784958,3.281746031746032e-05,1.0
2022-04-28,0.962760834670947,29.99,9023.42,136.35,0.818,2.3376228713133347e-05,0.0245036776922873,0.0460610222792072,0.08994001,0.0438789877207927,3.246031746031746e-05,1.0
2022-04-29,1.0066305003013862,33.4,8696.65,136.69,0.834,4.8534265191180864e-05,-0.0368855256048474,0.0593456277591581,0.1115559999999999,0.0522103722408418,3.309523809523809e-05,1.0
2022-05-02,0.979703120266586,32.34,8746.05,131.4,0.787,9.6497153334026e-05,0.0056642758379319,0.059109725681457,0.10458756,0.0454778343185429,3.1230158730158734e-05,1.0
2022-05-03,0.949367088607595,29.25,8788.36,129.0,0.912,2.4014504760853728e-05,0.0048259487619893,0.0594019226536726,0.0855562499999999,0.0261543273463273,3.619047619047619e-05,0.0
2022-05-04,0.9049483802064792,25.42,9050.9,127.75,0.871,2.331083837428093e-05,0.02943608164554,0.0713839704720866,0.06461764,-0.0067663304720866,3.4563492063492065e-05,0.0
2022-05-05,0.9547123623011016,31.2,8729.21,128.65,0.819,9.66393660458082e-05,-0.0361893270786682,0.0838019097025876,0.097344,0.0135420902974123,3.25e-05,0.0
2022-05-06,0.9343856391210152,30.19,8680.97,126.21,0.837,7.292261694971879e-05,-0.0055415996217647,0.0834157068984439,0.09114361,0.0077279031015561,3.321428571428571e-05,0.0
2022-05-09,0.9914407988587732,34.75,8403.5,127.05,0.823,2.5109540369840697e-05,-0.0324849878461534,0.0920177135161975,0.1207562499999999,0.0287385364838024,3.2658730158730154e-05,0.0
2022-05-10,0.971151015602002,32.99,8424.2,125.86,0.903,5.011777677537666e-05,0.002460230505769,0.092719420933092,0.10883401,0.016114589066908,3.5833333333333335e-05,0.0
2022-05-11,0.968183169788879,32.56,8285.82,124.51,0.903,2.5459868881652104e-05,-0.0165628962098482,0.0925878081207097,0.10601536,0.0134275518792902,3.5833333333333335e-05,0.0
2022-05-12,0.9603990326481258,31.77,8278.04,119.91,0.944,7.64535735675265e-05,-0.0009393946304941,0.0927845178901261,0.10093329,0.0081487721098738,3.746031746031746e-05,0.0
2022-05-13,0.9403908794788274,28.87,8476.57,122.09,0.978,4.979211790768992e-05,0.023699661447267,0.0998136456769426,0.08334769,-0.0164659556769426,3.880952380952381e-05,0.0
2022-05-16,0.930870891223314,27.47,8443.55,117.53,1.009,7.495409061942738e-05,-0.0039030505597288,0.0990681079217547,0.07546009,-0.0236080179217547,4.0039682539682536e-05,0.0
2022-05-17,0.9199859005992246,26.1,8614.31,117.68,1.067,4.898838975158431e-05,0.0200219376235508,0.1060677855336023,0.068121,-0.0379467855336023,4.234126984126984e-05,1.0
2022-05-18,0.9439024390243904,30.96,8268.32,123.46,1.022,7.654525738335833e-05,-0.0409934294055069,0.1172972344926588,0.0958521599999999,-0.0214450744926588,4.055555555555555e-05,1.0
2022-05-19,0.9532315686911336,29.35,8220.97,122.66,1.014,2.567756679374727e-05,-0.005743137533251,0.1169083896057891,0.08614225,-0.030766139605789,4.023809523809524e-05,1.0
2022-05-20,0.945086705202312,29.43,8222.31,122.32,1.021,0.0002559836170484,0.0001629845143993,0.1163938094682956,0.08661249,-0.0297813194682956,4.0515873015873014e-05,1.0
2022-05-23,0.940244305051172,28.48,8375.87,120.55,1.015,5.0385448682374694e-05,0.0185037614262881,0.1160060701789065,0.08111104,-0.0348950301789065,4.027777777777778e-05,1.0
2022-05-24,0.958035133376708,29.45,8307.97,122.96,1.06,2.5381032754199685e-05,-0.0081396578829546,0.1151433522256548,0.08673025,-0.0284131022256548,4.2063492063492065e-05,1.0
2022-05-25,0.9542549613185336,28.37,8386.62,118.85,1.06,2.5153752310978116e-05,0.0094222837307565,0.1089845077975326,0.08048569,-0.0284988177975326,4.2063492063492065e-05,1.0
2022-05-26,0.939207650273224,27.5,8553.68,122.28,1.051,2.4673994843252895e-05,0.0197240209451248,0.1146288723619895,0.075625,-0.0390038723619895,4.17063492063492e-05,1.0
2022-05-27,0.9179157744468236,25.72,8766.83,121.25,1.055,2.407637024653661e-05,0.0246136818149018,0.1147007669311566,0.0661518399999999,-0.0485489269311566,4.186507936507936e-05,1.0
2022-05-31,0.9356913183279744,26.19,8712.6,119.1,1.058,7.264714072969103e-05,-0.0062050277381484,0.0985403821126702,0.06859161,-0.0299487721126702,4.1984126984126986e-05,1.0
2022-06-01,0.9267676767676768,25.69,8648.28,119.3,1.13,2.441197651565639e-05,-0.007409796541533,0.0987541163829052,0.06599761,-0.0327565063829052,4.484126984126984e-05,1.0
2022-06-02,0.9135254988913526,24.72,8809.18,121.4,1.131,2.395984330260301e-05,0.0184339023252239,0.1028147216528464,0.0611078399999999,-0.0417068816528464,4.4880952380952385e-05,1.0
2022-06-03,0.907061836809367,24.79,8665.8,122.25,1.173,4.870920604003568e-05,-0.0164101152132617,0.094159170301267,0.0614544099999999,-0.032704760301267,4.6547619047619054e-05,1.0
2022-06-06,0.9210139603232916,25.07,8693.06,122.36,1.201,2.4286286748165547e-05,0.0031407618252109,0.0789056234834702,0.06285049,-0.0160551334834702,4.765873015873016e-05,1.0
2022-06-07,0.9057315233785822,24.02,8776.09,120.66,1.254,2.4056098822432084e-05,0.0095059719836624,0.0795963429722032,0.05769604,-0.0219003029722031,4.976190476190477e-05,1.0
2022-06-08,0.9027882441597588,23.96,8681.68,119.13,1.251,2.4314040142596374e-05,-0.0108159198306293,0.0672087841937297,0.05740816,-0.0098006241937297,4.9642857142857136e-05,0.0
2022-06-09,0.9314530524812566,26.09,8475.91,120.66,1.264,2.4908151192455083e-05,-0.0239870361977437,0.0749961691484964,0.06806881,-0.0069273591484964,5.015873015873016e-05,0.0
2022-06-10,0.93371467025572,27.75,8229.43,121.64,1.341,2.5653194464017304e-05,-0.0295112686522973,0.0825076347361996,0.07700625,-0.0055013847361996,5.321428571428571e-05,0.0
2022-06-13,0.9935747663551402,34.02,7910.43,124.14,1.6,2.6664889007375258e-05,-0.0395346116115799,0.1009801048363536,0.11573604,0.0147559351636463,6.349206349206349e-05,0.0
2022-06-14,0.9822716346153844,32.69,7883.34,125.16,1.776,2.6750484852513623e-05,-0.0034304699342252,0.0921308313520232,0.1068636099999999,0.0147327786479767,7.047619047619048e-05,0.0
2022-06-15,0.9623131903833658,29.62,7998.62,118.36,1.619,2.6375829190106176e-05,0.0145173548645629,0.095994567551382,0.08773444,-0.0082601275513819,6.424603174603174e-05,0.0
2022-06-16,0.9838757838160646,32.95,7739.39,122.48,1.533,0.0,-0.032946153673652,0.0994959541597951,0.10857025,0.0090742958402048,6.083333333333333e-05,0.0
2022-06-17,0.9619901112484548,31.13,7756.59,121.15,1.602,2.7333980237662803e-05,0.0022199315001185,0.0828176793362378,0.0969076899999999,0.014090010663762,6.357142857142857e-05,0.0
2022-06-21,0.96608,30.19,7946.89,121.38,1.543,2.6662756129076814e-05,0.024237852534508,0.0915634658136,0.09114361,-0.0004198558136,6.123015873015873e-05,0.0
2022-06-22,0.95734126984127,28.95,7936.67,119.22,1.557,8.013569644590898e-05,-0.0012868653388004,0.0915237427239506,0.0838102499999999,-0.0077134927239506,6.178571428571428e-05,0.0
2022-06-23,0.9622391520370984,29.05,8012.68,121.11,1.596,2.6446280991711484e-05,0.0095314950708786,0.0879253572401115,0.0843902499999999,-0.0035351072401115,6.333333333333335e-05,0.0
2022-06-24,0.940587219343696,27.23,8257.72,120.43,1.662,2.563806740245588e-05,0.0301232334811125,0.0996809004387538,0.0741472899999999,-0.0255336104387538,6.595238095238095e-05,0.0
2022-06-27,0.9563520227111426,26.95,8233.42,119.98,1.667,2.5729098323725844e-05,-0.0029470391479548,0.0984898607500694,0.07263025,-0.0258596107500694,6.615079365079365e-05,0.0
2022-06-28,0.9728987993138936,28.36,8067.56,120.46,1.736,0.0,-0.0203503990616681,0.0969559880882196,0.08042896,-0.0165270280882196,6.88888888888889e-05,0.0
2022-06-29,0.9710344827586208,28.16,8062.72,119.26,1.717,2.6290536721283253e-05,-0.000600113593224,0.0871752578670559,0.07929856,-0.0078766978670559,6.813492063492064e-05,0.0
2022-06-30,0.96634129922585,28.71,7993.43,119.94,1.667,2.6505161880402744e-05,-0.008631014302008,0.0873814894376241,0.08242641,-0.004955079437624,6.615079365079365e-05,0.0
2022-07-01,0.9361851332398315,26.7,8077.89,118.59,1.662,2.6232604504114336e-05,0.0105107455472079,0.0897416246807919,0.071289,-0.0184526246807919,6.595238095238095e-05,0.0
2022-07-05,0.9529411764705884,27.54,8092.15,118.19,1.688,2.6181094631542737e-05,0.0017637561436718,0.0839676145983846,0.07584516,-0.0081224545983846,6.698412698412698e-05,0.0
2022-07-06,0.9415287072912998,26.73,8121.21,117.45,1.885,2.6088204218438897e-05,0.003584701890123,0.0825336420251644,0.0714492899999999,-0.0110843520251644,7.480158730158729e-05,0.0
2022-07-07,0.93043168034249,26.08,8243.69,118.76,1.907,0.0,0.0149689013655969,0.0860699124511678,0.0680166399999999,-0.0180532724511678,7.567460317460318e-05,0.0
2022-07-08,0.9025641025641026,24.64,8237.5,118.13,1.914,2.5727774418850494e-05,-0.0007511593872839,0.0842220158305712,0.06071296,-0.0235090558305712,7.595238095238095e-05,0.0
2022-07-11,0.9263716814159292,26.17,8142.68,119.8,2.03,2.6021676056131108e-05,-0.0115775356719837,0.0843786799622434,0.06848689,-0.0158917899622433,8.055555555555556e-05,0.0
2022-07-12,0.9469118667591948,27.29,8067.56,121.33,2.173,2.62546437900965e-05,-0.0092682819920999,0.0792133770825782,0.0744744099999999,-0.0047389670825782,8.623015873015873e-05,0.0
2022-07-13,0.939075630252101,26.82,8031.76,120.41,2.361,2.6394626054111372e-05,-0.0044474001396864,0.0695972424575469,0.07193124,0.002333997542453,9.36904761904762e-05,0.0
2022-07-14,0.9227542817196784,26.4,8008.71,121.92,2.351,2.6457476221469578e-05,-0.0028739826034587,0.050270896102391,0.069696,0.0194251038976089,9.32936507936508e-05,0.0
2022-07-15,0.8947562776957164,24.23,8162.5,122.48,2.342,2.596761838000428e-05,0.0190207951811528,0.0540460823929339,0.05870929,0.004663207607066,9.293650793650794e-05,0.0
2022-07-18,0.9094176851186198,25.3,8094.23,120.55,2.328,2.6179038443894143e-05,-0.0083990324419064,0.0529212978028608,0.064009,0.0110877021971391,9.238095238095236e-05,0.0
2022-07-19,0.8971072867081655,24.5,8318.2,120.04,2.487,2.549427016275773e-05,0.027294423112423,0.0455951356247674,0.0600249999999999,0.0144298643752325,9.86904761904762e-05,0.0
2022-07-20,0.8943820224719101,23.88,8367.37,117.24,2.466,2.5329601438698325e-05,0.0058937324084238,0.0456446594534027,0.0570254399999999,0.0113807805465972,9.785714285714286e-05,0.0
2022-07-21,0.8813882532418001,23.11,8450.64,118.71,2.431,2.5074282562067383e-05,0.0099025604644607,0.0406586412620832,0.05340721,0.0127485687379167,9.646825396825398e-05,0.0
2022-07-22,0.8867924528301888,23.03,8371.87,119.15,2.417,2.530780619279716e-05,-0.0093649016330677,0.0422994460750013,0.05303809,0.0107386439249986,9.59126984126984e-05,0.0
2022-07-25,0.9054263565891472,23.36,8382.88,119.46,2.472,2.528157352511321e-05,0.0013142543559006,0.0416623912951554,0.05456896,0.0129065687048445,9.80952380952381e-05,0.0
2022-07-26,0.9345193035579108,24.69,8286.19,121.29,2.51,2.5581008659148164e-05,-0.0116012572326828,0.0331417453254388,0.06095961,0.0278178646745611,9.96031746031746e-05,0.0
2022-07-27,0.9182141446068748,23.24,8503.02,121.92,2.405,0.0,0.0258311208758081,0.0408238572885746,0.05400976,0.0131859027114253,9.543650793650792e-05,0.0
2022-07-28,0.917796958487464,22.33,8607.24,122.67,2.362,2.4630238543837898e-05,0.012182315046906,0.0355827920531354,0.0498628899999999,0.0142800979468645,9.373015873015874e-05,0.0
2022-07-29,0.8965952080706179,21.33,8730.46,122.29,2.364,4.8537798810779784e-05,0.0142143507716527,0.0368412446085456,0.04549689,0.0086556453914543,9.38095238095238e-05,0.0
2022-08-01,0.918744971842317,22.84,8705.87,122.94,2.331,2.4348376571969917e-05,-0.0028205495424944,0.0354278113260789,0.0521665599999999,0.016738748673921,9.25e-05,0.0
2022-08-02,0.9325798908807482,23.93,8647.91,121.78,2.484,2.4502897467603265e-05,-0.0066798375357471,0.0361819497776217,0.0572644899999999,0.0210825402223782,9.857142857142858e-05,0.0
2022-08-03,0.9006975789905621,21.95,8783.28,121.16,2.48,2.4130982975706733e-05,0.0155322409423383,0.0379421693840231,0.04818025,0.0102380806159768,9.84126984126984e-05,0.0
2022-08-04,0.8815789473684211,21.44,8777.23,122.81,2.433,2.4144966378112357e-05,-0.0006890460743306,0.0381955899787198,0.04596736,0.0077717700212801,9.654761904761904e-05,0.0
2022-08-05,0.8746898263027295,21.15,8764.08,125.97,2.504,4.837461300305198e-05,-0.0014993181767363,0.0367730713077286,0.0447322499999999,0.0079591786922713,9.936507936507936e-05,0.0
2022-08-08,0.86968954248366,21.29,8753.39,123.69,2.519,2.4211023279014488e-05,-0.0012204960336161,0.0368190744867355,0.0453264099999999,0.0085073355132644,9.996031746031746e-05,0.0
2022-08-09,0.8817334953422438,21.77,8716.75,123.91,2.613,2.431108463901906e-05,-0.0041945918833124,0.0347810013485336,0.04739329,0.0126122886514663,0.0001036904761904,0.0
2022-08-10,0.8414322250639386,19.74,8902.72,125.04,2.582,2.381320918711445e-05,0.0211103859973919,0.0362765672405202,0.0389667599999999,0.0026901927594797,0.0001024603174603,0.0
2022-08-11,0.8519611978068325,20.2,8898.84,126.84,2.543,2.3809240366164464e-05,-0.0004359168591337,0.0355459012216848,0.0408039999999999,0.0052580987783151,0.0001009126984126,0.0
2022-08-12,0.8378378378378379,19.53,9054.14,129.34,2.551,4.683292354520972e-05,0.0173011805082742,0.0364872117242195,0.03814209,0.0016548782757804,0.0001012301587301,0.0
2022-08-15,0.8554888507718696,19.95,9090.36,127.62,2.57,2.331736094106748e-05,0.0039923996924659,0.0342066166707375,0.0398002499999999,0.0055936333292624,0.0001019841269841,0.0
2022-08-16,0.8443396226415095,19.69,9107.87,126.09,2.634,2.327394598115021e-05,0.0019243635676162,0.0319667320380814,0.03876961,0.0068028779619186,0.0001045238095238,0.0
2022-08-17,0.8432203389830507,19.9,9043.59,122.06,2.628,2.3437591553070687e-05,-0.0070826554681164,0.027370185782062,0.0396009999999999,0.0122308142179379,0.0001042857142857,0.0
2022-08-18,0.8362548097477553,19.56,9065.49,124.22,2.646,2.3373496791966307e-05,0.0024186773349334,0.02734763616783,0.03825936,0.0109117238321699,0.0001049999999999,0.0
2022-08-19,0.8470394736842106,20.6,8948.82,123.68,2.668,2.3688543036139016e-05,-0.0129532167807839,0.030110605669904,0.042436,0.0123253943300959,0.000105873015873,0.0
2022-08-22,0.9153846153846156,23.8,8758.24,123.93,2.722,4.837227301320237e-05,-0.021526708498695,0.0355915988611359,0.056644,0.021052401138864,0.0001080158730158,0.0
2022-08-23,0.9301697530864196,24.11,8738.76,123.83,2.717,4.850483835758206e-05,-0.0022266683486963,0.0358164938272647,0.0581292099999999,0.0223127161727352,0.0001078174603174,0.0
2022-08-24,0.9168340699075934,22.82,8764.42,122.78,2.763,2.4176488365042982e-05,0.0029320407357926,0.0333771635708915,0.05207524,0.0186980764291084,0.0001096428571428,0.0
2022-08-25,0.9026108578532948,21.78,8888.13,123.1,2.806,2.383761814517325e-05,0.0140163347853912,0.0281569807644616,0.04743684,0.0192798592355383,0.0001113492063492,0.0
2022-08-26,0.9623493975903614,25.56,8588.95,124.57,2.829,2.4672168560233165e-05,-0.0342401853253305,0.0422336758448954,0.0653313599999999,0.0230976841551045,0.0001122619047619,0.0
2022-08-29,0.9772557792692022,26.21,8532.1,121.97,2.879,2.4837007140616965e-05,-0.0066409722459193,0.0399293623898865,0.06869641,0.0287670476101134,0.000114246031746,0.0
2022-08-30,0.9739873652917131,26.21,8438.69,121.01,2.913,2.5114585295387467e-05,-0.011008437830862,0.0410900238920682,0.06869641,0.0276063861079317,0.0001155952380952,0.0
2022-08-31,0.9707317073170731,25.87,8374.42,119.71,2.925,5.061753391370168e-05,-0.007645261709261,0.0412276088881709,0.06692569,0.025698081111829,0.0001160714285714,0.0
2022-09-01,0.9670828603859252,25.56,8400.96,120.74,2.931,2.52273615963645e-05,0.0031641634518023,0.037745270752162,0.0653313599999999,0.0275860892478379,0.0001163095238095,0.0
2022-09-02,0.961858006042296,25.47,8311.42,119.81,2.894,2.549297031341289e-05,-0.0107155123044559,0.0385902696508388,0.06487209,0.0262818203491611,0.0001148412698412,0.0
2022-09-06,0.975353388909025,26.91,8277.81,119.84,2.932,2.558886372648295e-05,-0.0040520320698151,0.0385978739565509,0.07241481,0.033816936043449,0.0001163492063492,0.0
2022-09-07,0.9440613026819924,24.64,8429.87,119.05,3.01,2.513984036199084e-05,0.0182029101206245,0.0438582005432555,0.06071296,0.0168547594567444,0.0001194444444444,0.0
2022-09-08,0.9251567398119124,23.61,8486.63,119.08,3.023,2.497471310310248e-05,0.0067106331692755,0.0446253899843031,0.05574321,0.0111178200156968,0.0001199603174603,0.0
2022-09-09,0.9065234685759744,22.79,8616.98,119.66,3.033,2.4596918006151456e-05,0.0152426913124831,0.0417286571919369,0.05193841,0.010209752808063,0.0001203571428571,0.0
2022-09-12,0.9408750492707922,23.87,8708.17,121.06,3.073,2.4334748804533337e-05,0.0105269901985574,0.0434796130999295,0.05697769,0.0134980769000704,0.0001219444444444,0.0
2022-09-13,0.97567084078712,27.27,8331.9,125.46,3.199,2.5435260902310156e-05,-0.0441701440537138,0.0604257221637943,0.07436529,0.0139395678362056,0.0001269444444444,0.0
2022-09-14,0.9526584122359796,26.16,8362.4,120.19,3.191,2.534115530324723e-05,0.0036539458299657,0.0603592824067243,0.06843456,0.0080752775932756,0.0001266269841269,0.0
2022-09-15,0.9518115942028984,26.27,8268.6,119.97,3.157,2.563215297266563e-05,-0.011280259109343,0.0604886699786433,0.0690112899999999,0.0085226200213566,0.0001252777777777,0.0
2022-09-16,0.9518639160332972,26.3,8209.35,117.71,3.133,2.5930583827071283e-05,-0.0071914595387063,0.0604956095203788,0.069169,0.0086733904796211,0.0001243253968253,0.0
2022-09-19,0.953720844131803,25.76,8265.73,116.26,3.152,2.57377070278038e-05,0.006844303043242,0.0615143759117286,0.06635776,0.0048433840882713,0.0001250793650793,0.0
2022-09-20,0.9741750358680058,27.16,8172.64,116.69,3.249,2.6030481694040073e-05,-0.0113260615410667,0.0611953444884534,0.07376656,0.0125712155115465,0.0001289285714285,0.0
2022-09-21,0.9732267037552156,27.99,8033.29,116.21,3.262,2.649743637300681e-05,-0.0171978324674067,0.0595432249950512,0.0783440099999999,0.0188007850049487,0.0001294444444444,0.0
2022-09-22,0.9691708008504608,27.35,7965.96,115.86,3.209,2.672189190992292e-05,-0.0084166942169319,0.0597085691042662,0.07480225,0.0150936808957338,0.0001273412698412,0.0
2022-09-23,0.9868073878627968,29.92,7828.87,118.99,3.19,2.718019107671855e-05,-0.0173592805486208,0.0608955996538171,0.08952064,0.0286250403461828,0.0001265873015873,0.0
2022-09-26,1.015423355366698,32.26,7747.93,120.01,3.241,2.7448773726008826e-05,-0.0103924719431608,0.056117220610305,0.10407076,0.0479535393896949,0.0001286111111111,0.0
2022-09-27,1.0149439601494397,32.6,7731.99,120.39,3.284,2.7518265248533705e-05,-0.0020594428955533,0.0460789336022103,0.106276,0.0601970663977896,0.0001303174603174,1.0
2022-09-28,0.9869195552648792,30.18,7884.55,120.38,3.325,5.3982563631897786e-05,0.0195388803808023,0.0532244102535793,0.09108324,0.0378588297464206,0.0001319444444444,1.0
2022-09-29,1.0031505986137366,31.84,7719.09,121.54,3.302,0.0001378074829463,-0.0212086669584785,0.0563364893033172,0.10137856,0.0450420706966827,0.0001310317460317,1.0
2022-09-30,0.992467043314501,31.62,7603.14,123.59,3.27,2.7995912596735413e-05,-0.0151351615803356,0.0576515859304991,0.09998244,0.0423308540695008,0.0001297619047619,1.0
2022-10-03,0.9807754969045293,30.1,7800.0,121.38,3.23,2.7277314821104197e-05,0.0255624138347453,0.0680546890769057,0.0906009999999999,0.0225463109230942,0.0001281746031746,0.0
2022-10-04,0.9797775530839232,29.07,8039.25,122.46,3.383,2.6459576382158055e-05,0.0302120615620555,0.0807490586988702,0.08450649,0.0037574313011297,0.000134246031746,0.0
2022-10-05,0.9700985389058784,28.55,8023.81,121.78,3.373,5.302789267164772e-05,-0.0019224238414287,0.080671110147166,0.08151025,0.0008391398528339,0.0001338492063492,0.0
2022-10-06,0.9912309191295876,30.52,7943.63,122.44,3.378,2.6794207092554552e-05,-0.0100430217902238,0.0762319728445814,0.0931470399999999,0.0169150671554185,0.0001340476190476,0.0
2022-10-07,0.9769470404984424,31.36,7721.44,121.81,3.356,2.7563015945179656e-05,-0.0283694744861319,0.0825660418051341,0.09834496,0.0157789181948658,0.0001331746031746,0.0
2022-10-10,0.991445157347999,32.45,7663.58,120.07,3.356,2.777199194609708e-05,-0.0075216376430699,0.0774592469495492,0.10530025,0.0278410030504507,0.0001331746031746,0.0
2022-10-11,1.0080935251798562,33.63,7613.75,120.12,3.44,2.7952871458695177e-05,-0.0065234143281895,0.0740256053860074,0.11309769,0.0390720846139926,0.0001365079365079,0.0
2022-10-12,1.0132810141865378,33.57,7588.9,119.99,3.616,2.8046950595271016e-05,-0.0032691698002609,0.0551658009790239,0.11269449,0.057528689020976,0.000143492063492,1.0
2022-10-13,1.0044025157232706,31.94,7786.96,117.82,3.705,2.7325764096653703e-05,0.0257638864469537,0.0655460768088762,0.10201636,0.0364702831911237,0.0001470238095238,1.0
2022-10-14,0.986748844375963,32.02,7602.99,119.3,3.717,2.79583420702898e-05,-0.0239089488401036,0.069969311927169,0.10252804,0.032558728072831,0.0001475,0.0
2022-10-17,0.9883427851291746,31.37,7804.33,116.97,3.764,2.726244189689591e-05,0.026137116898866,0.0806153416973029,0.09840769,0.017792348302697,0.000149365079365,0.0
2022-10-18,0.9845061329890252,30.5,7893.68,116.88,3.891,0.0,0.0113837314281942,0.0819211701272404,0.093025,0.0111038298727595,0.0001544047619047,0.0
2022-10-19,0.9811802232854864,30.76,7840.99,117.26,3.981,2.71322561827382e-05,-0.0066973374017673,0.0811129702382303,0.09461776,0.0135047897617697,0.0001579761904761,0.0
2022-10-20,0.973060694579682,29.98,7779.53,117.41,3.985,5.472854640975758e-05,-0.0078691768460298,0.0785781016903567,0.08988004,0.0113019383096432,0.0001581349206349,0.0
2022-10-21,0.9744010502133248,29.69,7964.25,116.19,3.985,2.6717608239837957e-05,0.023466851915518,0.0852423921623889,0.08814961,0.002907217837611,0.0001581349206349,0.0
2022-10-24,0.9841740850642928,29.85,8058.88,114.97,4.007,2.6396019480388412e-05,0.0118118120767003,0.082700331711372,0.08910225,0.0064019182886279,0.0001590079365079,0.0
2022-10-25,0.9716626835097304,28.46,8190.02,114.64,4.026,2.598313694409963e-05,0.0161417508178104,0.0832780531905638,0.08099716,-0.0022808931905638,0.0001597619047619,0.0
2022-10-26,0.9585382993675334,27.28,8129.62,113.86,4.018,5.234505862641806e-05,-0.0074021578644936,0.0842536291790698,0.0744198399999999,-0.0098337891790698,0.0001594444444444,0.0
2022-10-27,0.9685289957567184,27.39,8080.32,113.23,4.028,2.631821351979195e-05,-0.006082706290761,0.0810575092192705,0.07502121,-0.0060362992192705,0.0001598412698412,0.0
2022-10-28,0.9572490706319704,25.75,8280.11,112.06,4.068,2.5709254046116613e-05,0.024424777623894,0.0803142013214353,0.06630625,-0.0140079513214353,0.0001614285714285,0.0
2022-10-31,0.9613670133729568,25.88,8218.7,111.96,4.074,2.589231386675232e-05,-0.0074442076237353,0.0774431193671444,0.0669774399999999,-0.0104656793671444,0.0001616666666666,0.0
2022-11-01,0.967028849756463,25.81,8185.07,111.44,4.126,2.6006111436163853e-05,-0.0041002826931259,0.0716648379698654,0.0666156099999999,-0.0050492279698654,0.0001637301587301,0.0
2022-11-02,0.9500367376928728,25.86,7980.47,111.99,4.132,2.667555851948224e-05,-0.0253144560457659,0.0695992456909481,0.06687396,-0.0027252856909481,0.0001639682539682,0.0
2022-11-03,0.9475655430711613,25.3,7897.01,110.34,4.133,2.695308815005028e-05,-0.0105131001521488,0.0708253672397069,0.064009,-0.0068163672397069,0.0001640079365079,0.0
2022-11-04,0.9302766199317924,24.55,8006.24,111.62,4.109,2.6571364041099915e-05,0.0137370308196255,0.072047459331194,0.06027025,-0.011777209331194,0.0001630555555555,0.0
2022-11-07,0.9272658035034272,24.35,8083.38,111.67,4.078,2.631959888928899e-05,0.0095888642566666,0.0618430524056476,0.05929225,-0.0025508024056476,0.0001618253968253,0.0
2022-11-08,0.9424354243542434,25.54,8128.7,113.55,4.182,2.6179723803890055e-05,0.0055909072804855,0.0607000869159971,0.06522916,0.0045290730840028,0.0001659523809523,0.0
2022-11-09,0.9347903977069152,26.09,7961.52,114.36,4.194,2.672689126177052e-05,-0.0207810727744606,0.0664913776607599,0.06806881,0.00157743233924,0.0001664285714285,0.0
2022-11-10,0.89877769289534,23.53,8403.48,111.42,4.168,0.0,0.0540259693703024,0.0980931794566882,0.05536609,-0.0427270894566882,0.0001653968253968,1.0
2022-11-11,0.874902874902875,22.52,8481.13,114.09,4.168,2.5094417746749408e-05,0.0091977898722502,0.0926577491300386,0.0507150399999999,-0.0419427091300386,0.0001653968253968,1.0
2022-11-14,0.9081515499425948,23.73,8407.25,113.67,4.166,2.5304604172706212e-05,-0.0087492668083259,0.0847283089679679,0.05631129,-0.0284170189679679,0.0001653174603174,1.0
2022-11-15,0.9229033471229784,24.54,8481.14,115.94,4.183,2.5091269492757165e-05,0.0087504458957947,0.0790019760404136,0.0602211599999999,-0.0187808160404136,0.000165992063492,1.0
2022-11-16,0.9262389550518632,24.11,8413.09,115.56,4.22,5.056634304202521e-05,-0.0080560484894801,0.0799002246488609,0.0581292099999999,-0.0217710146488609,0.0001674603174603,1.0
2022-11-17,0.9264421215640728,23.93,8388.84,115.24,4.222,2.536300805273199e-05,-0.0028865751539518,0.0791399188189347,0.0572644899999999,-0.0218754288189347,0.0001675396825396,1.0
2022-11-18,0.9127516778523492,23.12,8429.01,114.97,4.241,2.5247106050446003e-05,0.0047770763077865,0.0775263479986386,0.05345344,-0.0240729079986386,0.0001682936507936,1.0
2022-11-21,0.9045307443365695,22.36,8397.23,114.52,4.203,2.534308197217559e-05,-0.0037774378339019,0.07294350133185,0.04999696,-0.02294654133185,0.0001667857142857,1.0
2022-11-22,0.8934116659672682,21.29,8511.48,116.24,4.213,2.500844034859491e-05,0.0135139509465478,0.0733767916674739,0.0453264099999999,-0.0280503816674739,0.0001671825396825,1.0
2022-11-23,0.8704020530367836,20.35,8562.27,118.65,4.271,2.485182101716243e-05,0.0059495014060628,0.0711457528530113,0.04141225,-0.0297335028530113,0.0001694841269841,1.0
2022-11-25,0.8690122933446376,20.5,8560.09,128.11,4.289,2.4859852581051586e-05,-0.000254637796633,0.0700442989980599,0.0420249999999999,-0.0280192989980599,0.0001701984126984,1.0
2022-11-28,0.8919678714859438,22.21,8427.95,118.47,4.29,0.0,-0.015557140798326,0.0731603764524481,0.04932841,-0.0238319664524481,0.000170238095238,1.0
2022-11-29,0.8880324543610548,21.89,8415.27,120.38,4.325,2.530012270557211e-05,-0.0015056506292082,0.0665794217067624,0.04791721,-0.0186622117067624,0.0001716269841269,1.0
2022-11-30,0.8746281342966424,20.58,8678.0,118.47,4.349,2.454258752498044e-05,0.0307431746866229,0.0761730301924343,0.0423536399999999,-0.0338193901924343,0.0001725793650793,1.0
2022-12-01,0.8511368511368512,19.84,8671.9,117.79,4.309,2.4547407180094276e-05,-0.000703174110669,0.0757388230828154,0.03936256,-0.0363762630828154,0.000170992063492,1.0
2022-12-02,0.8301393728222995,19.06,8662.23,118.11,4.284,2.457817703658684e-05,-0.0011157180663953,0.0656510754134065,0.03632836,-0.0293227154134065,0.0001699999999999,1.0
2022-12-05,0.8685642528254499,20.75,8507.34,117.75,4.273,2.5024085682446614e-05,-0.0180428749180808,0.0690670126046851,0.04305625,-0.0260107626046851,0.0001695634920634,1.0
2022-12-06,0.8968446601941749,22.17,8385.16,117.11,4.306,0.0001015022330491,-0.0144658434943946,0.0713682388614186,0.04915089,-0.0222173488614186,0.000170873015873,1.0
2022-12-07,0.9007148530579825,22.68,8369.74,117.81,4.288,2.5435907871118557e-05,-0.0018406560890962,0.0708082558195683,0.05143824,-0.0193700158195683,0.0001701587301587,1.0
2022-12-08,0.9013344116457744,22.29,8433.9,117.54,4.257,2.523882235666935e-05,0.0076364777863371,0.0710612160737816,0.0496844099999999,-0.0213768060737816,0.0001689285714285,1.0
2022-12-09,0.9055930186433954,22.83,8372.26,119.24,4.281,2.5426853299891297e-05,-0.0073354384817102,0.0655946867983935,0.0521208899999999,-0.0134737967983935,0.0001698809523809,0.0
2022-12-12,0.9738994935722632,25.0,8491.86,121.86,4.276,2.506799694168157e-05,0.0141841975983934,0.0328053684620537,0.0625,0.0296946315379462,0.0001696825396825,0.0
2022-12-13,0.9283655825442568,22.55,8554.1,122.73,4.338,2.4878406786806745e-05,0.0073026425730632,0.0324329948448223,0.05085025,0.0184172551551776,0.0001721428571428,0.0
2022-12-14,0.9011082693947144,21.14,8503.97,124.23,4.316,2.5037242898931533e-05,-0.0058775868918287,0.0318692789943164,0.04468996,0.0128206810056835,0.0001712698412698,0.0
2022-12-15,0.9102870813397128,22.83,8292.64,124.49,4.306,2.5664386813614715e-05,-0.0251647388598649,0.0386590108649909,0.0521208899999999,0.013461879135009,0.000170873015873,0.0
2022-12-16,0.8994035785288271,22.62,8200.9,120.04,4.28,2.608956547826323e-05,-0.0111244700769044,0.0393121602409209,0.05116644,0.011854279759079,0.0001698412698412,0.0
2022-12-19,0.893939393939394,22.42,8127.57,117.09,4.254,2.6316828295829847e-05,-0.0089819184516314,0.0400145382740071,0.05026564,0.0102511017259928,0.0001688095238095,0.0
2022-12-20,0.8803278688524591,21.48,8136.3,115.57,4.302,2.6280172923513937e-05,0.0010735453294257,0.0395926754694132,0.04613904,0.0065463645305867,0.0001707142857142,0.0
2022-12-21,0.8595289079229121,20.07,8258.43,114.25,4.321,2.589164347204584e-05,0.0148989656047651,0.0427926523955475,0.0402804899999999,-0.0025121623955475,0.0001714682539682,0.0
2022-12-22,0.8866020984665052,21.97,8139.07,114.42,4.316,2.626360783178397e-05,-0.0145585739544684,0.0421278350339659,0.0482680899999999,0.006140254966034,0.0001712698412698,0.0
2022-12-23,0.8648984666390386,20.87,8187.06,114.57,4.307,2.611682053824392e-05,0.0058789361861853,0.0421135266263717,0.04355569,0.0014421633736282,0.0001709126984126,0.0
2022-12-27,0.8862054850593533,21.65,8154.57,113.44,4.284,2.6219536176381195e-05,-0.0039763527639904,0.0421034961306046,0.04687225,0.0047687538693953,0.0001699999999999,0.0
2022-12-28,0.90073230268511,22.14,8056.62,112.03,4.443,2.6548085219329407e-05,-0.0120843925692977,0.0410890079830604,0.04901796,0.0079289520169395,0.0001763095238095,0.0
2022-12-29,0.8951983298538623,21.44,8198.36,113.27,4.39,2.6083440927503436e-05,0.0174400205415436,0.0457018431192075,0.04596736,0.0002655168807924,0.0001742063492063,0.0
2022-12-30,0.8921366817620421,21.67,8178.02,113.57,4.374,2.614823434045238e-05,-0.0024840667423624,0.0321671370429991,0.04695889,0.0147917529570008,0.0001735714285714,0.0
2023-01-03,0.9316517493897478,22.9,8145.6,112.74,4.368,2.6258090774195925e-05,-0.0039721633592434,0.0321205167933288,0.0524409999999999,0.0203204832066711,0.0001733333333333,0.0
2023-01-04,0.9244015119697608,22.01,8207.42,112.14,4.509,2.6059650540062556e-05,0.007560718997717,0.0334318141479756,0.04844401,0.0150121958520243,0.0001789285714285,0.0
2023-01-05,0.933111757374325,22.46,8113.15,112.67,4.611,2.6357753792197855e-05,-0.0115524210765767,0.0314063076126035,0.05044516,0.0190388523873964,0.0001829761904761,0.0
2023-01-06,0.9115616911130284,21.13,8298.61,113.86,4.605,2.577087118442344e-05,0.0226018288113132,0.0364921610384602,0.04464769,0.0081555289615397,0.000182738095238,0.0
2023-01-09,0.9254422914911542,21.97,8293.8,114.42,4.609,2.5782166475425484e-05,-0.0005797831821587,0.036468452185129,0.0482680899999999,0.0117996378148709,0.0001828968253968,0.0
2023-01-10,0.9050131926121372,20.58,8351.68,114.65,4.612,2.5599999999976716e-05,0.0069544685138015,0.03633532901073,0.0423536399999999,0.0060183109892699,0.0001830158730158,0.0
2023-01-11,0.9274406332453826,21.09,8459.18,115.1,4.669,2.528476971893679e-05,0.0127895259764556,0.0377119253316601,0.04447881,0.0067668846683398,0.0001852777777777,0.0
2023-01-12,0.8725671918443003,18.83,8489.08,117.39,4.59,5.0385448682374694e-05,0.0035283894653585,0.0353977179853253,0.03545689,5.9172014674625795e-05,0.0001821428571428,0.0
2023-01-13,0.8680227057710502,18.35,8523.32,121.7,4.598,2.5095677269567488e-05,0.0040253046287141,0.0349222042753512,0.03367225,-0.0012499542753511,0.0001824603174603,0.0
2023-01-17,0.9025641025641026,19.36,8506.03,120.01,4.596,2.5140472389453333e-05,-0.0020306125531641,0.0345466404011965,0.03748096,0.0029343195988034,0.0001823809523809,0.0
2023-01-18,0.9133363268971711,20.34,8373.66,119.91,4.663,2.554050084934361e-05,-0.0156842588376302,0.0296103790313961,0.04137156,0.0117611809686038,0.0001850396825396,0.0
2023-01-19,0.9140311804008908,20.52,8310.75,121.23,4.651,5.145488692783918e-05,-0.0075412074073571,0.0287181297047608,0.04210704,0.0133889102952391,0.0001845634920634,0.0
2023-01-20,0.9139042357274404,19.85,8468.15,120.19,4.652,2.526368976186675e-05,0.0187622093591914,0.0312322483260948,0.03940225,0.0081700016739052,0.0001846031746031,0.0
2023-01-23,0.9171296296296296,19.81,8568.77,120.91,4.659,2.49628677343645e-05,0.0118121315268926,0.0323775859771061,0.03924361,0.0068660240228938,0.0001848809523809,0.0
2023-01-24,0.9182209469153516,19.2,8562.87,121.34,4.68,0.0,-0.0006887840549134,0.0304095618652364,0.036864,0.0064544381347635,0.0001857142857142,0.0
2023-01-25,0.9111747851002864,19.08,8561.4,121.04,4.672,2.497720829740588e-05,-0.0001716861511307,0.0269901653414819,0.0364046399999999,0.009414474658518,0.0001853968253968,0.0
2023-01-26,0.9048309178743962,18.73,8656.26,121.49,4.671,2.470996676507223e-05,0.0110190304391543,0.027756681673651,0.03508129,0.0073246083263489,0.0001853571428571,0.0
2023-01-27,0.9042501221299464,18.51,8678.01,121.97,4.671,2.4649059022149412e-05,0.002509481093142,0.0271778368089055,0.03426201,0.0070841731910944,0.0001853571428571,0.0
2023-01-30,0.9330837622835751,19.94,8566.28,120.69,4.657,2.4960375404023376e-05,-0.0129586736871179,0.0275185219067988,0.03976036,0.0122418380932011,0.0001848015873015,0.0
2023-01-31,0.932244113407016,19.4,8691.88,123.29,4.665,2.460296957840574e-05,0.0145556904728211,0.0265630321518426,0.0376359999999999,0.0110729678481573,0.000185119047619,0.0
2023-02-01,0.8948422633950928,17.87,8782.77,122.19,4.65,2.434304214995534e-05,0.0104025911395828,0.0268451889539714,0.03193369,0.0050885010460285,0.0001845238095238,0.0
2023-02-02,0.8987523992322457,18.73,8912.35,123.88,4.627,0.0,0.0146461076642236,0.0275472951157494,0.03508129,0.0075339948842505,0.0001836111111111,0.0
2023-02-03,0.8820981713185754,18.33,8820.47,123.08,4.653,2.4250948818350463e-05,-0.010362798723448,0.0299222356909936,0.03359889,0.0036766543090063,0.0001846428571428,0.0
2023-02-06,0.9066728884741018,19.43,8766.9,123.01,4.648,2.4395301464915662e-05,-0.0060918904498129,0.0282183399939708,0.03775249,0.0095341500060291,0.0001844444444444,0.0
2023-02-07,0.8979788257940327,18.66,8879.91,123.36,4.67,2.4085648566279865e-05,0.0128081556865904,0.0247019654196507,0.0348195599999999,0.0101175945803492,0.0001853174603174,0.0
2023-02-08,0.8996333638863427,19.63,8781.79,121.52,4.707,2.435015523221746e-05,-0.0111111625123609,0.027042366035702,0.03853369,0.011491323964298,0.0001867857142857,0.0
2023-02-09,0.9204444444444444,20.71,8705.58,120.58,4.751,4.912194522912601e-05,-0.0087160599301436,0.0283179493810325,0.04289041,0.0145724606189674,0.0001885317460317,0.0
2023-02-10,0.910421286031042,20.53,8726.47,120.88,4.758,2.450830218734368e-05,0.0023967358973778,0.0267820946124799,0.04214809,0.01536599538752,0.0001888095238095,0.0
2023-02-13,0.9258079198907602,20.34,8827.72,122.48,4.768,2.422333918728494e-05,0.0115358353557775,0.0279645888476483,0.04137156,0.0134069711523516,0.0001892063492063,0.0
2023-02-14,0.8945127719962157,18.91,8826.32,121.27,4.751,2.4232731149942217e-05,-0.0001586039232871,0.0279466339920632,0.0357588099999999,0.0078121760079367,0.0001885317460317,0.0
2023-02-15,0.8815280464216635,18.23,8853.02,121.36,4.771,2.4154881097575827e-05,0.0030204770426157,0.027782589564958,0.03323329,0.0054507004350419,0.0001893253968253,0.0
2023-02-16,0.9218464351005484,20.17,8731.75,123.09,4.801,2.4489096230020567e-05,-0.0137928357949607,0.0269871965631175,0.04068289,0.0136956934368824,0.0001905158730158,0.0
2023-02-17,0.919614147909968,20.02,8709.21,122.89,4.804,2.455524315827304e-05,-0.0025847215461467,0.026091012927172,0.04008004,0.0139890270728279,0.0001906349206349,0.0
2023-02-21,0.9781864841745084,22.87,8534.73,124.09,4.814,2.505417966349958e-05,-0.0202373651068276,0.0280949940658322,0.05230369,0.0242086959341677,0.0001910317460317,0.0
2023-02-22,0.9828042328042328,22.29,8521.45,122.81,4.828,2.508812202874534e-05,-0.001557207145275,0.026385915764915,0.0496844099999999,0.0232984942350849,0.0001915873015873,0.0
2023-02-23,0.972401103955842,21.14,8567.57,121.85,4.817,2.49597523992335e-05,0.0053976309903356,0.0267652506297219,0.04468996,0.017924709370278,0.0001911507936507,0.0
2023-02-24,0.966116807846634,21.67,8477.66,121.22,4.806,2.52273615963645e-05,-0.0105496768164867,0.028109416863907,0.04695889,0.0188494731360929,0.0001907142857142,0.0
2023-02-27,0.970356646595646,20.95,8504.76,120.54,4.779,2.5143633003652736e-05,0.0031915384265839,0.0265787917015224,0.04389025,0.0173114582984775,0.0001896428571428,0.0
2023-02-28,0.9709193245778612,20.7,8479.8,120.01,4.812,2.524009641714536e-05,-0.0029391421347619,0.0264750305887104,0.042849,0.0163739694112895,0.0001909523809523,0.0
2023-03-01,0.9634831460674156,20.58,8440.25,118.89,4.854,2.5330243043802955e-05,-0.0046749355977654,0.0248230273183967,0.0423536399999999,0.0175306126816032,0.000192619047619,0.0
2023-03-02,0.9495879786718372,19.59,8505.55,117.58,4.853,2.513920836644858e-05,0.0077069625771383,0.0227519402960542,0.03837681,0.0156248697039457,0.0001925793650793,0.0
2023-03-03,0.9254254254254252,18.49,8643.61,118.14,4.851,2.4744819053488165e-05,0.0161014280264707,0.0247837795348927,0.0341880099999999,0.0094042304651072,0.0001925,0.0
2023-03-06,0.9309654827413708,18.61,8649.88,120.19,4.853,2.472401814754737e-05,0.0007251283893227,0.02170451466645,0.03463321,0.0129286953335499,0.0001925793650793,0.0
2023-03-07,0.9514327343370568,19.59,8517.54,120.56,4.945,2.51082794551275e-05,-0.015417881259554,0.0231499271018158,0.03837681,0.0152268828981841,0.0001962301587301,0.0
2023-03-08,0.9465081723625556,19.11,8530.33,119.32,5.003,2.506799694168157e-05,0.0015004809867346,0.0229945106943471,0.0365192099999999,0.0135246993056528,0.0001985317460317,0.0
2023-03-09,0.9886313948404022,22.61,8374.25,122.22,4.98,2.5536587545928184e-05,-0.0184665262800868,0.0236107594823883,0.05112121,0.0275104505176116,0.000197619047619,0.0
2023-03-10,0.9767625049231982,24.8,8253.65,130.27,4.908,0.0,-0.0145059947140173,0.0244607691158988,0.0615039999999999,0.0370432308841011,0.0001947619047619,0.0
2023-03-13,0.9954954954954954,26.52,8241.39,132.14,4.792,2.5954812671263477e-05,-0.0014865077329406,0.0240381265678926,0.07033104,0.0462929134321073,0.0001901587301587,0.0
2023-03-14,0.95416164053076,23.73,8379.16,132.72,4.8,2.55300680376081e-05,0.0165786517909515,0.0282407239301998,0.05631129,0.0280705660698001,0.0001904761904761,0.0
2023-03-15,0.961029411764706,26.14,8320.96,136.62,4.66,2.5683502202336955e-05,-0.0069700380140675,0.0260687175557552,0.06832996,0.0422612424442447,0.0001849206349206,0.0
2023-03-16,0.9360749185667752,22.99,8468.33,134.53,4.665,2.525029353478291e-05,0.0175556899619965,0.0310201757642386,0.05285401,0.0218338342357613,0.000185119047619,0.0
2023-03-17,0.9303428154631656,25.51,8375.21,131.34,4.396,5.126496296101763e-05,-0.011057170730573,0.0316273438548531,0.06507601,0.0334486661451469,0.0001744444444444,0.0
2023-03-20,0.934235976789168,24.15,8449.98,129.91,4.589,2.5402954363713784e-05,0.0088879224787435,0.0314270416258765,0.05832225,0.0268952083741234,0.0001821031746031,0.0
2023-03-21,0.90708527789563,21.38,8560.31,127.46,4.669,2.5070510811634987e-05,0.0129723299487999,0.0339303534640877,0.04571044,0.0117800865359122,0.0001852777777777,0.0
2023-03-22,0.9130434782608696,22.26,8420.02,123.16,4.703,7.638155130923763e-05,-0.0165242009028496,0.0322789979034734,0.04955076,0.0172717620965265,0.0001866269841269,0.0
2023-03-23,0.9217284957195272,22.61,8445.87,125.5,4.646,0.0,0.003065360943477,0.03242907890623,0.05112121,0.0186921310937699,0.000184365079365,0.0
2023-03-24,0.9073455759599331,21.74,8493.55,126.88,4.65,0.0,0.005629487422751,0.0324637398935513,0.0472627599999999,0.0147990201064486,0.0001845238095238,0.0
2023-03-27,0.90074333187582,20.6,8507.54,126.0,4.685,2.5223543655625244e-05,0.0016457772010802,0.0311332903050849,0.042436,0.011302709694915,0.0001859126984126,0.0
2023-03-28,0.8923145665773011,19.97,8494.35,122.9,4.697,2.527454474238351e-05,-0.0015515925166175,0.0310418087602993,0.0398800899999999,0.0088382812397006,0.0001863888888888,0.0
2023-03-29,0.8897161470451374,19.12,8615.29,123.76,4.751,2.4916219213015605e-05,0.014137295031379,0.0333013729736359,0.03655744,0.003256067026364,0.0001885317460317,0.0
2023-03-30,0.8867132867132868,19.02,8665.7,126.31,4.827,2.4771176259282144e-05,0.0058341730405606,0.0331887040441817,0.03617604,0.0029873359558182,0.0001915476190476,0.0
2023-03-31,0.8808290155440414,18.7,8791.13,125.85,4.749,2.4428077632408494e-05,0.0143705539399564,0.0348049289594904,0.034969,0.0001640710405095,0.0001884523809523,0.0
2023-04-03,0.8905424867978877,18.55,8823.66,126.21,4.756,2.4335340998943617e-05,0.0036934913196069,0.0321095341901118,0.0344102499999999,0.0023007158098881,0.0001887301587301,0.0
2023-04-04,0.8903467666354264,19.0,8773.31,127.03,4.8,2.4466926831772133e-05,-0.0057225917195187,0.0326501053846201,0.0361,0.0034498946153798,0.0001904761904761,0.0
2023-04-05,0.8882681564245809,19.08,8752.54,126.98,4.825,2.453054666334952e-05,-0.002370214251939,0.0294017444295767,0.0364046399999999,0.0070028955704231,0.0001914682539682,0.0
2023-04-06,0.8761904761904761,18.4,8785.7,124.42,4.838,2.4437629061206256e-05,0.0037814557805139,0.0294759312318343,0.033856,0.0043800687681656,0.0001919841269841,0.0
2023-04-10,0.9003322259136212,18.97,8794.65,126.96,4.992,2.4410188812788265e-05,0.0010181823198288,0.0242747458305677,0.0359860899999999,0.0117113441694322,0.0001980952380952,0.0
2023-04-11,0.9090909090909092,19.1,8794.29,127.42,4.988,2.440780561621387e-05,-4.09348147243951e-05,0.0206476491192009,0.036481,0.015833350880799,0.0001979365079365,0.0
2023-04-12,0.9068883610451306,19.09,8758.11,130.0,5.007,2.4505299270945055e-05,-0.0041225189991569,0.0210304735417833,0.0364428099999999,0.0154123364582165,0.0001986904761904,0.0
2023-04-13,0.8785784797630799,17.8,8875.65,132.36,5.001,2.41870139921656e-05,0.0133314438706983,0.0200373403308016,0.031684,0.0116466596691983,0.0001984523809523,0.0
2023-04-14,0.8522216674987518,17.07,8857.31,134.65,5.05,2.42427180935306e-05,-0.0020684653367568,0.0191261244054837,0.0291384899999999,0.0100123655945162,0.0002003968253968,0.0
2023-04-17,0.8625954198473282,16.95,8886.76,135.04,5.059,2.4157798741356716e-05,0.0033194218734915,0.0163271374140899,0.0287302499999999,0.01240311258591,0.0002007539682539,0.0
2023-04-18,0.8491422805247224,16.83,8894.35,137.12,5.116,2.414205183310056e-05,0.000853715033649,0.0140213671603257,0.0283248899999999,0.0143035228396742,0.0002030158730158,0.0
2023-04-19,0.8221778221778222,16.46,8893.6,130.48,5.121,2.4142634685701297e-05,-8.43267493380843e-05,0.0136253271829565,0.0270931599999999,0.0134678328170434,0.0002032142857142,0.0
2023-04-20,0.8355231143552312,17.17,8841.62,133.49,5.076,2.4279210925622836e-05,-0.0058617991588451,0.0128815343800887,0.02948089,0.0165993556199113,0.0002014285714285,0.0
2023-04-21,0.8224619911721431,16.77,8849.76,132.94,5.067,2.4261539394652526e-05,0.0009202222296301,0.0085923477467384,0.0281232899999999,0.0195309422532615,0.0002010714285714,0.0
2023-04-24,0.8279411764705883,16.89,8857.3,132.4,5.001,2.423508027868138e-05,0.0008516377598223,0.0086123849216202,0.0285272099999999,0.0199148250783797,0.0001984523809523,0.0
2023-04-25,0.866512702078522,18.76,8717.63,130.29,5.04,2.462296091102716e-05,-0.0158945657791347,0.0123468695236929,0.03519376,0.022846890476307,0.0002,0.0
2023-04-26,0.8746518105849582,18.84,8684.19,130.5,5.125,2.473013242983667e-05,-0.0038432808937579,0.0126523001679935,0.03549456,0.0228422598320064,0.000203373015873,0.0
2023-04-27,0.836033382425135,17.03,8854.32,136.6,5.152,2.4248596612449e-05,0.0194013444186527,0.0165846122136032,0.02900209,0.0124174777863967,0.0002044444444444,0.0
2023-04-28,0.8075742067553736,15.78,8928.35,138.44,5.056,2.404279617717354e-05,0.0083261318658815,0.0152089890776245,0.0249008399999999,0.0096918509223754,0.0002006349206349,0.0
2023-05-01,0.817488561260803,16.08,8924.92,135.66,5.022,2.4065940677434344e-05,-0.0003842433394219,0.0150251199997742,0.0258566399999999,0.0108315200002257,0.0001992857142857,0.0
2023-05-02,0.8568674698795181,17.78,8821.59,131.09,5.145,2.4338302403385227e-05,-0.0116452381596159,0.0146458393348447,0.03161284,0.0169670006651552,0.0002041666666666,0.0
2023-05-03,0.8614372945044623,18.34,8759.95,130.41,5.208,2.451070505040848e-05,-0.0070119287110256,0.0150691284294846,0.03363556,0.0185664315705153,0.0002066666666666,0.0
2023-05-04,0.8823012736056215,20.09,8697.68,130.54,5.216,2.4680693527465675e-05,-0.0071338737374601,0.0152842767250725,0.04036081,0.0250765332749274,0.0002069841269841,0.0
2023-05-05,0.8272377285851781,17.19,8858.86,134.32,5.22,2.423625501385321e-05,0.0183617647349791,0.0194191403680379,0.02954961,0.010130469631962,0.0002071428571428,0.0
2023-05-08,0.8198937711250603,16.98,8863.01,132.32,5.214,2.422509962570018e-05,0.0004683478747849,0.0192831491568862,0.02883204,0.0095488908431137,0.0002069047619047,0.0
2023-05-09,0.83656117146906,17.71,8823.05,133.88,5.214,2.4332380315082195e-05,-0.0045188208111606,0.0195671923604215,0.03136441,0.0117972176395785,0.0002069047619047,0.0
2023-05-10,0.818753020782987,16.94,8862.85,138.63,5.221,2.422509962570018e-05,0.0045007680904457,0.0197924609958562,0.02869636,0.0089038990041437,0.0002071825396825,0.0
2023-05-11,0.8210475266731329,16.93,8849.69,138.18,5.161,2.4262128031227553e-05,-0.0014859531632958,0.0195774027221012,0.02866249,0.0090850872778987,0.0002048015873015,0.0
2023-05-12,0.8242981606969991,17.03,8837.68,140.26,5.172,2.42945470888838e-05,-0.001358031391415,0.0174151718950852,0.02900209,0.0115869181049147,0.000205238095238,0.0
2023-05-15,0.842934515017233,17.12,8865.03,138.57,5.133,2.4212781927557548e-05,0.0030899248488678,0.0174921348897203,0.02930944,0.0118173051102796,0.0002036904761904,0.0
2023-05-16,0.8607655502392344,17.99,8808.95,137.32,5.165,2.4375083789328357e-05,-0.0063460735168181,0.0178147882023917,0.0323640099999999,0.0145492217976082,0.0002049603174603,0.0
2023-05-17,0.8413965087281796,16.87,8915.43,137.53,5.228,2.4084488385233573e-05,0.0120152333681713,0.0196676557535785,0.02845969,0.0087920342464214,0.0002074603174603,0.0
2023-05-18,0.8303155716502847,16.05,9001.25,138.06,5.235,2.3853539268867327e-05,0.0095799731143863,0.0207404498311492,0.02576025,0.0050198001688507,0.000207738095238,0.0
2023-05-19,0.8388223552894212,16.81,8988.46,135.52,5.242,2.3888298317047655e-05,-0.0014219242172303,0.0202570509564748,0.02825761,0.0080005590435251,0.0002080158730158,0.0
2023-05-22,0.8452848722986248,17.21,8990.89,136.24,5.245,2.3879171392730953e-05,0.0002703101074062,0.0202598943498143,0.02961841,0.0093585156501856,0.0002081349206349,0.0
2023-05-23,0.8798670465337133,18.53,8890.16,136.42,5.265,2.4149631114362765e-05,-0.0112667953569784,0.0219921726037277,0.03433609,0.0123439173962722,0.0002089285714285,0.0
2023-05-24,0.9096276112624888,20.03,8825.26,138.37,5.34,2.432586934573362e-05,-0.0073269829723913,0.0194032568676696,0.04012009,0.0207168331323303,0.0002119047619047,0.0
2023-05-25,0.8952291861552854,19.14,8902.84,140.73,5.304,2.4118179077457715e-05,0.0087522628180089,0.0199016759268849,0.03663396,0.016732284073115,0.0002104761904761,0.0
2023-05-26,0.8781800391389432,17.95,9019.64,146.46,5.263,2.3810941127426405e-05,0.0130340950100963,0.0174651368232231,0.03222025,0.0147551131767768,0.0002088492063492,0.0
2023-05-30,0.8673621460506707,17.46,9020.39,145.14,5.265,2.3800173741246663e-05,8.314842053271225e-05,0.0167339513356774,0.03048516,0.0137512086643225,0.0002089285714285,0.0
2023-05-31,0.8876793666501732,17.94,8967.16,158.3,5.403,2.3933464967368887e-05,-0.0059185553768062,0.0172231946598322,0.03218436,0.0149611653401677,0.0002144047619047,0.0
2023-06-01,0.8346666666666667,15.65,9057.17,151.98,5.365,2.37070753766246e-05,0.0099876942152248,0.0163680276601807,0.02449225,0.0081242223398192,0.0002128968253968,0.0
2023-06-02,0.8147321428571428,14.6,9189.34,142.61,5.371,2.3369673175232235e-05,0.0144874073672147,0.0174358121680551,0.0213159999999999,0.0038801878319448,0.0002131349206349,0.0
2023-06-05,0.8229050279329609,14.73,9171.09,143.18,5.295,2.341454277249471e-05,-0.0019879715246734,0.0165329765156029,0.02169729,0.005164313484397,0.000210119047619,0.0
2023-06-06,0.8192488262910799,13.96,9192.91,146.27,5.268,2.336257549043361e-05,0.0023763897046984,0.0132193331976773,0.01948816,0.0062688268023226,0.0002090476190476,0.0
2023-06-07,0.8133022170361727,13.94,9158.14,151.01,5.288,2.344143742905507e-05,-0.0037894334773791,0.0135757450310715,0.01943236,0.0058566149689284,0.0002098412698412,0.0
2023-06-08,0.8096085409252669,13.65,9215.86,155.53,5.238,2.3303776376940693e-05,0.0062828115672661,0.0133212294703869,0.01863225,0.005311020529613,0.0002078571428571,0.0
2023-06-09,0.8154481132075472,13.83,9226.7,152.78,5.247,2.3261494085743977e-05,0.0011755419256671,0.0132505794383764,0.01912689,0.0058763105616235,0.0002082142857142,0.0
2023-06-12,0.8686342592592592,15.01,9312.72,157.71,5.226,2.3052363443541083e-05,0.0092797527961091,0.0137184867976716,0.02253001,0.0088115232023283,0.0002073809523809,0.0
2023-06-13,0.8479396401625072,14.61,9377.65,156.44,5.217,0.0,0.0069479909927402,0.0137537985613332,0.02134521,0.0075914114386667,0.0002070238095238,0.0
2023-06-14,0.8232502965599052,13.88,9387.54,150.37,5.24,2.2874135071746795e-05,0.0010540794860824,0.0137898936882503,0.01926544,0.0054755463117496,0.0002079365079365,0.0
2023-06-15,0.8440046565774156,14.5,9503.53,147.86,5.215,2.2594019363182476e-05,0.012280030468975,0.0136943315279148,0.021025,0.0073306684720851,0.0002069444444444,0.0
2023-06-16,0.8083582089552238,13.54,9468.81,143.07,5.224,2.275752989768421e-05,-0.0036600692122737,0.013324297516969,0.0183331599999999,0.0050088624830309,0.0002073015873015,0.0
2023-06-20,0.8023121387283237,13.88,9424.02,138.75,5.226,2.2870996146216343e-05,-0.0047414901751639,0.0133630505949161,0.01926544,0.0059023894050838,0.0002073809523809,0.0
2023-06-21,0.7815275310834813,13.2,9375.21,133.72,5.293,2.299194132454483e-05,-0.0051927775424673,0.0138764925526029,0.017424,0.003547507447397,0.0002100396825396,0.0
2023-06-22,0.7795893719806763,12.91,9410.83,136.15,5.295,2.290714588413773e-05,0.0037921821401997,0.0138712849436002,0.0166668099999999,0.0027955250563997,0.000210119047619,0.0
2023-06-23,0.7966804979253111,13.44,9338.84,137.85,5.295,2.308375942103832e-05,-0.0076791062202743,0.0128105841233558,0.0180633599999999,0.0052527758766441,0.000210119047619,0.0
2023-06-26,0.8357771260997067,14.25,9297.12,140.09,5.315,2.317899982613642e-05,-0.0044773727456218,0.0122135080034414,0.0203062499999999,0.0080927419965585,0.0002109126984126,0.0
2023-06-27,0.8357664233576642,13.74,9403.62,140.56,5.297,2.292868033978219e-05,0.0113900467446046,0.0127139127529673,0.0188787599999999,0.0061648472470326,0.0002101984126984,0.0
2023-06-28,0.8446540880503144,13.43,9400.3,138.37,5.34,2.2915544759766963e-05,-0.0003531178642006,0.0113464977648106,0.01803649,0.0066899922351893,0.0002119047619047,0.0
2023-06-29,0.8409937888198756,13.54,9443.46,143.05,5.339,2.282349450522294e-05,0.0045808347667977,0.0113755661242212,0.0183331599999999,0.0069575938757787,0.000211865079365,0.0
2023-06-30,0.848314606741573,13.59,9559.67,149.96,5.298,2.256088619158909e-05,0.0122307692119661,0.0116231675213031,0.01846881,0.0068456424786968,0.000210238095238,0.0
2023-07-05,0.8588734100545123,14.18,9553.69,144.08,5.348,2.2566486510862165e-05,-0.0006257403402773,0.0111185236666669,0.02010724,0.008988716333333,0.0002122222222222,0.0
2023-07-06,0.8812785388127854,15.44,9478.73,148.45,5.36,2.2744072326129313e-05,-0.0078771262508663,0.0103880230204195,0.0238393599999999,0.0134513369795804,0.0002126984126984,0.0
2023-07-07,0.8602088167053366,14.83,9453.1,148.13,5.364,2.2802677034263084e-05,-0.0027076110083523,0.0104570652508835,0.0219928899999999,0.0115358247491164,0.0002128571428571,0.0
2023-07-10,0.8736231884057971,15.07,9475.9,142.49,5.365,2.274510695897408e-05,0.0024090032253432,0.0104578457733416,0.02271049,0.0122526442266583,0.0002128968253968,0.0
2023-07-11,0.8744843842074249,14.84,9539.95,143.99,5.401,2.2599636145837496e-05,0.0067365110913972,0.0103992643973297,0.02202256,0.0116232956026702,0.0002143253968253,0.0
2023-07-12,0.840471756672874,13.54,9610.87,148.32,5.386,2.2420770601865195e-05,0.0074065052254214,0.0105372506116546,0.0183331599999999,0.0077959093883453,0.0002137301587301,0.0
2023-07-13,0.8442928039702232,13.61,9693.3,147.08,5.39,2.224520893823117e-05,0.0085401756200146,0.0110353698132971,0.01852321,0.0074878401867028,0.0002138888888888,0.0
2023-07-14,0.8316708229426434,13.34,9683.69,149.48,5.385,2.2258082466175296e-05,-0.0009918982037879,0.0105075117846703,0.01779556,0.0072880482153296,0.0002136904761904,0.0
2023-07-17,0.8285187461585741,13.48,9721.03,142.24,5.397,2.218057203705874e-05,0.0038485529384605,0.0102253949415286,0.01817104,0.0079456450584713,0.0002141666666666,0.0
2023-07-18,0.824550526968382,13.3,9790.2,141.86,5.4,2.201745984563758e-05,0.0070903054065199,0.0105624738319629,0.017689,0.007126526168037,0.0002142857142857,0.0
2023-07-19,0.8309178743961353,13.76,9813.46,141.25,5.409,2.1972468496953308e-05,0.002373027375016,0.0091737655980616,0.01893376,0.0097599944019383,0.0002146428571428,0.0
2023-07-20,0.8397358943577431,13.99,9748.1,142.82,5.408,2.2115331453510045e-05,-0.0066825184930501,0.0096785541027636,0.0195720099999999,0.0098934558972363,0.0002146031746031,0.0
2023-07-21,0.8292682926829269,13.6,9751.26,142.55,5.414,2.2114842376440848e-05,0.0003241132045013,0.0092045083646576,0.018496,0.0092914916353423,0.0002148412698412,0.0
2023-07-24,0.8554735547355473,13.91,9790.76,143.75,5.417,2.2016975087772665e-05,0.0040425763348717,0.0086411937299221,0.01934881,0.0107076162700778,0.0002149603174603,0.0
2023-07-25,0.8545006165228114,13.86,9818.49,142.18,5.422,6.587398307045127e-05,0.0028282589578352,0.0086103946712054,0.01920996,0.0105995653287945,0.0002151587301587,0.0
2023-07-26,0.8353388220392653,13.19,9817.11,143.58,5.426,2.1953655832517547e-05,-0.0001405610220489,0.0074499233779822,0.0173976099999999,0.0099476866220177,0.0002153174603174,0.0
2023-07-27,0.8665063138905593,14.41,9754.72,147.93,5.429,2.210066854520339e-05,-0.0063755112660527,0.007821087541396,0.02076481,0.0129437224586039,0.0002154365079365,0.0
2023-07-28,0.8373115577889447,13.33,9852.01,143.48,5.424,4.3774212611310845e-05,0.0099242248460912,0.0075106507953525,0.01776889,0.0102582392046474,0.000215238095238,0.0
2023-07-31,0.8513429106808245,13.63,9866.77,145.47,5.416,2.184431556308693e-05,0.00149705029993,0.0074318456933341,0.01857769,0.0111458443066658,0.0002149206349206,0.0
2023-08-01,0.8525091799265606,13.93,9840.71,142.57,5.408,2.1907484692249676e-05,-0.0026446826473387,0.0076441769384816,0.01940449,0.0117603130615183,0.0002146031746031,0.0
2023-08-02,0.8958797327394209,16.09,9704.63,145.75,5.41,2.221457053692117e-05,-0.0139247717164895,0.0090852848994657,0.0258888099999999,0.0168035251005342,0.0002146825396825,0.0
2023-08-03,0.8984198645598195,15.92,9680.36,147.38,5.405,2.2279406031141592e-05,-0.002504000536612,0.0091911579925807,0.02534464,0.0161534820074192,0.0002144841269841,0.0
2023-08-04,0.9188608275120904,17.1,9629.77,153.35,5.404,2.2381629158766113e-05,-0.005239748851563,0.0087094119973705,0.029241,0.0205315880026294,0.0002144444444444,0.0
2023-08-07,0.8899548532731377,15.77,9716.91,148.54,5.411,2.2187461865279745e-05,0.0090083248684374,0.0093349097884808,0.02486929,0.0155343802115191,0.0002147222222222,0.0
2023-08-08,0.8819635962493106,15.99,9676.0,142.3,5.441,2.2283874274361077e-05,-0.0042190739486898,0.009678641663917,0.02556801,0.0158893683360829,0.0002159126984126,0.0
2023-08-09,0.8842105263157894,15.96,9608.73,137.12,5.443,2.243435147896422e-05,-0.0069765325049333,0.0099511565230092,0.02547216,0.0155210034769907,0.000215992063492,0.0
2023-08-10,0.8727973568281938,15.85,9612.36,136.58,5.436,2.242529573356709e-05,0.0003777101135426,0.0092927143810334,0.02512225,0.0158295356189665,0.0002157142857142,0.0
2023-08-11,0.8451025056947609,14.84,9603.45,135.16,5.426,2.2442910845516256e-05,-0.0009273614423279,0.0083325550593954,0.02202256,0.0136900049406046,0.0002153174603174,0.0
2023-08-14,0.8512349224583573,14.82,9659.26,136.9,5.438,2.2316696236395737e-05,0.0057946318212202,0.0087914435595008,0.02196324,0.0131717964404991,0.0002157936507936,0.0
2023-08-15,0.8854222700376547,16.46,9549.17,136.69,5.434,2.257616634117307e-05,-0.0114628010143872,0.0100733335368105,0.0270931599999999,0.0170198264631894,0.0002156349206349,0.0
2023-08-16,0.8845545598313127,16.78,9478.54,132.09,5.45,2.2746659084426283e-05,-0.0074239437533005,0.0096972763865125,0.02815684,0.0184595636134874,0.0002162698412698,0.0
2023-08-17,0.9021684316691884,17.89,9407.27,132.51,5.442,2.292237338251918e-05,-0.0075475013592726,0.0098998947307493,0.03200521,0.0221053152692506,0.0002159523809523,0.0
2023-08-18,0.8991683991683993,17.3,9406.5,134.77,5.437,2.2911344552364445e-05,-8.185493927380653e-05,0.009646000460302,0.029929,0.0202829995396979,0.0002157539682539,0.0
2023-08-21,0.9126265316995203,17.13,9471.39,133.59,5.439,2.2761673893477423e-05,0.0068747360609731,0.0104948358854498,0.0293436899999999,0.0188488541145501,0.0002158333333333,0.0
2023-08-22,0.906517094017094,16.97,9445.22,134.06,5.434,2.2825578343070506e-05,-0.0027668823003347,0.0101196046300834,0.0287980899999999,0.0186784853699165,0.0002156349206349,0.0
2023-08-23,0.890746934225195,15.98,9549.73,131.82,5.453,2.2574637394866313e-05,0.0110040884119759,0.0118569555333213,0.02553604,0.0136790844666786,0.0002163888888888,0.0
2023-08-24,0.9173333333333332,17.2,9421.47,132.48,5.468,2.2887223207623516e-05,-0.0135217544726604,0.0136073642496198,0.0295839999999999,0.0159766357503801,0.0002169841269841,0.0
2023-08-25,0.8848758465011287,15.68,9485.89,132.27,5.481,2.2730113991500996e-05,0.0068143039828895,0.0142269912260969,0.02458624,0.010359248773903,0.0002175,0.0
2023-08-28,0.880841121495327,15.08,9545.44,130.19,5.495,2.2587895147098575e-05,0.0062581221965766,0.0133484748316296,0.0227406399999999,0.0093921651683703,0.0002180555555555,0.0
2023-08-29,0.8725845410628019,14.45,9684.22,135.23,5.453,2.226452481935879e-05,0.014434203154468,0.0163357388738034,0.0208802499999999,0.0045445111261965,0.0002163888888888,0.0
2023-08-30,0.857849196538937,13.88,9722.96,142.14,5.466,2.217319482475616e-05,0.0039923421595236,0.0165707429244105,0.01926544,0.0026946970755894,0.0002169047619047,0.0
2023-08-31,0.8523869346733669,13.57,9709.68,144.7,5.451,2.2209143504360556e-05,-0.0013667728180347,0.0142379320834362,0.01841449,0.0041765579165637,0.0002163095238095,0.0
2023-09-01,0.8316391359593392,13.09,9727.64,144.28,5.423,2.2162383786105844e-05,0.0018479919156782,0.0141878790092549,0.0171348099999999,0.002946930990745,0.0002151984126984,0.0
2023-09-05,0.8626847290640395,14.01,9687.26,139.62,5.429,2.2259568832131475e-05,-0.0041596977810718,0.0140529506797082,0.01962801,0.0055750593202917,0.0002154365079365,0.0
2023-09-06,0.8699578567128236,14.45,9619.98,137.88,5.472,2.2412228111637335e-05,-0.0069694345056566,0.0136034333533581,0.0208802499999999,0.0072768166466418,0.0002171428571428,0.0
2023-09-07,0.8685162846803378,14.4,9590.4,135.59,5.454,2.2480245484260244e-05,-0.0030795875331679,0.0135115722324184,0.020736,0.0072244277675815,0.0002164285714285,0.0
2023-09-08,0.8574969021065675,13.84,9604.77,138.18,5.458,2.244643718923672e-05,0.0014972519320759,0.0129738257673851,0.0191545599999999,0.0061807342326148,0.0002165873015873,0.0
2023-09-11,0.8614232209737829,13.8,9669.36,138.21,5.454,2.2297289764408855e-05,0.0067022731282005,0.0135171544499826,0.019044,0.0055268455500173,0.0002164285714285,0.0
2023-09-12,0.8756923076923078,14.23,9614.66,136.25,5.448,2.242328433856412e-05,-0.0056731061994265,0.0139319955123035,0.02024929,0.0063172944876964,0.0002161904761904,0.0
2023-09-13,0.8467336683417086,13.48,9626.68,137.42,5.472,2.239616577639871e-05,0.001249393396051,0.0135225516577074,0.01817104,0.0046484883422925,0.0002171428571428,0.0
2023-09-14,0.8357235984354628,12.82,9710.54,144.32,5.467,2.2202733156431366e-05,0.0086734831301328,0.0126532114984957,0.01643524,0.0037820285015042,0.0002169444444444,0.0
2023-09-15,0.8607990012484394,13.79,9592.86,142.92,5.461,2.2558341510711613e-05,-0.0121928217726964,0.0139141939485299,0.0190164099999999,0.00510221605147,0.0002167063492063,0.0
2023-09-18,0.8679479231246126,14.0,9599.93,137.65,5.46,2.2541052892560113e-05,0.0007367350259952,0.0130429182037327,0.0196,0.0065570817962673,0.0002166666666666,0.0
2023-09-19,0.8747675139491631,14.11,9579.27,137.31,5.448,2.2586364611663385e-05,-0.0021544181187061,0.0131491601078392,0.01990921,0.0067600498921607,0.0002161904761904,0.0
2023-09-20,0.9006543723973827,15.14,9489.92,135.74,5.477,2.2800597375630508e-05,-0.009371206001767,0.0138566464314047,0.02292196,0.0090653135685953,0.0002173412698412,0.0
2023-09-21,0.961622807017544,17.54,9334.59,135.94,5.48,4.635961150654518e-05,-0.0165033273593651,0.0171109226711207,0.03076516,0.0136542373288792,0.0002174603174603,0.0
2023-09-22,0.9508015478164732,17.2,9313.3,137.74,5.483,0.0,-0.0022833692444674,0.0153570863956707,0.0295839999999999,0.0142269136043292,0.0002175793650793,0.0
2023-09-25,0.9378468368479468,16.9,9350.9,133.06,5.476,2.313609809703489e-05,0.0040291092964764,0.0136010422235615,0.0285609999999999,0.0149599577764384,0.0002173015873015,0.0
2023-09-26,0.9604462474645032,18.94,9213.72,136.3,5.467,2.3483274038045032e-05,-0.0147789178399054,0.0152934317800349,0.03587236,0.020578928219965,0.0002169444444444,0.0
2023-09-27,0.9534275248560964,18.22,9216.02,135.38,5.486,2.3472800891945087e-05,0.000249596577265,0.0145691852727494,0.03319684,0.0186276547272505,0.0002176984126984,0.0
2023-09-28,0.9434167573449402,17.34,9271.55,133.48,5.465,2.3335316835375755e-05,0.0060072975513144,0.0120009729741062,0.03006756,0.0180665870258937,0.000216865079365,0.0
2023-09-29,0.946515397082658,17.52,9246.74,134.5,5.451,0.0,-0.0026795146683879,0.0115152527062362,0.03069504,0.0191797872937637,0.0002163095238095,0.0
2023-10-02,0.9457572502685284,17.61,9247.51,129.17,5.466,2.3399202087187544e-05,8.32691242354637e-05,0.0115779245029218,0.03101121,0.0194332854970781,0.0002169047619047,0.0
2023-10-03,0.9691327780499756,19.78,9121.14,129.78,5.496,0.0,-0.0137595298228405,0.0128608325838187,0.03912484,0.0262640074161812,0.0002180952380952,0.0
2023-10-04,0.951844262295082,18.58,9195.14,130.68,5.501,2.3545755288943868e-05,0.0080802873321069,0.0143211517104802,0.03452164,0.0202004882895197,0.0002182936507936,0.0
2023-10-05,0.948205128205128,18.49,9184.81,129.75,5.501,2.3559623517194767e-05,-0.0011240510542906,0.0140702602289698,0.0341880099999999,0.0201177497710301,0.0002182936507936,0.0
2023-10-06,0.9316604378003204,17.45,9294.82,129.36,5.511,0.0,0.0119062231835565,0.0164346241336465,0.0304502499999999,0.0140156258663534,0.0002186904761904,0.0
2023-10-09,0.9409888357256778,17.7,9353.41,133.64,5.511,2.313342201143001e-05,0.0062837269581598,0.0170699562255847,0.0313289999999999,0.0142590437744152,0.0002186904761904,0.0
2023-10-10,0.932129173508484,17.03,9402.31,135.17,5.489,2.3015754283786332e-05,0.0052144210726074,0.0167978791194039,0.02900209,0.012204210880596,0.0002178174603174,0.0
2023-10-11,0.9126488939307998,16.09,9443.13,137.61,5.501,2.291974650758278e-05,0.0043320892310338,0.0169050160753676,0.0258888099999999,0.0089837939246323,0.0002182936507936,0.0
2023-10-12,0.9226091763405198,16.69,9385.16,136.13,5.505,2.30571471391635e-05,-0.006157774622797,0.017170188793098,0.02785561,0.0106854212069019,0.0002184523809523,0.0
2023-10-13,0.9392318911035488,19.32,9338.09,144.3,5.493,2.31720174716801e-05,-0.0050279838343445,0.0160104335787398,0.03732624,0.0213158064212601,0.0002179761904761,0.0
2023-10-16,0.915912719531666,17.21,9437.31,137.95,5.493,2.2934990768645356e-05,0.0105692473817279,0.0163021957773098,0.02961841,0.0133162142226901,0.0002179761904761,0.0
2023-10-17,0.9283489096573208,17.88,9436.36,138.72,5.504,2.293130926308152e-05,-0.0001006693452625,0.0162786357587101,0.0319694399999999,0.0156908042412898,0.0002184126984126,0.0
2023-10-18,0.9389350268685882,19.22,9309.92,137.1,5.495,2.324257109319319e-05,-0.0134898142356809,0.018202178765121,0.0369408399999999,0.0187386612348789,0.0002180555555555,0.0
2023-10-19,0.9643983776475888,21.4,9231.73,137.73,5.476,2.3450232743538652e-05,-0.0084340351036597,0.0180234759517694,0.0457959999999999,0.0277725240482305,0.0002173015873015,0.0
2023-10-20,0.9674688057040998,21.71,9115.84,136.74,5.46,2.3741408577749326e-05,-0.0126329035658415,0.0167217041903505,0.04713241,0.0304107058096494,0.0002166666666666,0.0
2023-10-23,0.9549929676511956,20.37,9100.49,133.92,5.46,2.3783758071591265e-05,-0.0016853014447083,0.0167086016392922,0.04149369,0.0247850883607077,0.0002166666666666,0.0
2023-10-24,0.9386442355269669,18.97,9166.8,132.44,5.436,2.360578341691568e-05,0.0072600031261787,0.0172515292889192,0.0359860899999999,0.0187345607110807,0.0002157142857142,0.0
2023-10-25,0.9465541490857948,20.19,9035.4,132.29,5.47,2.3945500041882845e-05,-0.0144380660144855,0.0171341135700598,0.04076361,0.0236294964299401,0.0002170634920634,0.0
2023-10-26,0.9587389893370422,20.68,8928.63,133.38,5.457,0.0001205298492171,-0.0118872276731659,0.018540770027871,0.0427662399999999,0.0242254699721289,0.0002165476190476,0.0
2023-10-27,0.9550965424337674,21.27,8885.94,132.74,5.455,2.4346598171548332e-05,-0.0047927153690683,0.0178949280568844,0.04524129,0.0273463619431155,0.0002164682539682,0.0
2023-10-30,0.9495192307692308,19.75,8993.46,130.13,5.458,2.4062466162135075e-05,0.012027394222899,0.0202470851819167,0.03900625,0.0187591648180832,0.0002165873015873,0.0
2023-10-31,0.930733709594664,18.14,9052.31,128.21,5.469,2.3910002749628568e-05,0.0065223272408761,0.0209727359430833,0.03290596,0.0119332240569166,0.0002170238095238,0.0
2023-11-01,0.909433962264151,16.87,9147.45,129.82,5.46,2.3657720105491916e-05,0.0104551781617437,0.0202326755547198,0.02845969,0.0082270144452801,0.0002166666666666,0.0
2023-11-02,0.8797752808988764,15.66,9320.56,133.8,5.431,2.3215052640110743e-05,0.0187475608073514,0.0237333983809886,0.0245235599999999,0.0007901616190113,0.0002155158730158,0.0
2023-11-03,0.8658536585365855,14.91,9408.56,140.09,5.41,0.0,0.0093972004649952,0.0245926876858437,0.02223081,-0.0023618776858437,0.0002146825396825,0.0
2023-11-06,0.8743394010569583,14.89,9425.34,137.89,5.422,2.2953942913653575e-05,0.0017818937596475,0.0230774581252685,0.02217121,-0.0009062481252685,0.0002151587301587,0.0
2023-11-07,0.8752955082742316,14.81,9452.28,139.52,5.427,2.2890366589200107e-05,0.0028541752920632,0.0227329190617516,0.02193361,-0.0007993090617516,0.0002153571428571,0.0
2023-11-08,0.868389423076923,14.45,9462.25,139.41,5.434,2.2872565501288653e-05,0.0010542160892565,0.0224464350666425,0.0208802499999999,-0.0015661850666425,0.0002156349206349,0.0
2023-11-09,0.883815028901734,15.29,9387.59,139.28,5.429,2.304811293573242e-05,-0.0079215940739504,0.0230039936421975,0.0233784099999999,0.0003744163578024,0.0002154365079365,0.0
2023-11-10,0.8577481840193705,14.17,9535.63,139.81,5.409,2.269606563700118e-05,0.0156467049733308,0.0254800340543672,0.02007889,-0.0054011440543672,0.0002146428571428,0.0
2023-11-13,0.8886213124623721,14.76,9528.25,135.27,5.425,2.27166888154176e-05,-0.0007742390708144,0.0250770046502862,0.02178576,-0.0032912446502862,0.0002152777777777,0.0
2023-11-14,0.8692449355432781,14.16,9712.01,138.38,5.398,2.228586073576267e-05,0.0191021938067921,0.0280170244154655,0.02005056,-0.0079664644154655,0.0002142063492063,0.0
2023-11-15,0.8710073710073709,14.18,9729.31,142.98,5.417,2.2240261545455548e-05,0.001779715015885,0.0279899412514993,0.02010724,-0.0078827012514993,0.0002149603174603,0.0
2023-11-16,0.8872366790582403,14.32,9743.22,154.45,5.401,2.2211610008657524e-05,0.0014286795158106,0.0250419186854288,0.02050624,-0.0045356786854288,0.0002143253968253,0.0
2023-11-17,0.8706624605678234,13.8,9755.92,146.88,5.392,2.2183524296610912e-05,0.0013026217357079,0.0235786238429607,0.019044,-0.0045346238429607,0.0002139682539682,0.0
2023-11-20,0.8546845124282983,13.41,9829.02,143.78,5.399,2.201503626975223e-05,0.0074649541393643,0.0206956211696901,0.01798281,-0.0027128111696901,0.000214246031746,0.0
2023-11-21,0.8612903225806451,13.35,9809.39,140.8,5.39,2.2062149073921227e-05,-0.0019991441809937,0.0207385004102273,0.01782225,-0.0029162504102273,0.0002138888888888,0.0
2023-11-22,0.8301033591731266,12.85,9849.74,141.55,5.42,2.197681446072393e-05,0.0041049687001095,0.0205647291047839,0.01651225,-0.0040524791047839,0.0002150793650793,0.0
2023-11-24,0.8240740740740742,12.46,9855.84,144.54,5.406,2.1965711524290578e-05,0.0006191139966289,0.0165086069740601,0.01552516,-0.0009834469740601,0.0002145238095238,0.0
2023-11-27,0.8272490221642764,12.69,9836.75,142.2,5.404,2.200244227107208e-05,-0.0019388009378005,0.0136785403200454,0.0161036099999999,0.0024250696799545,0.0002144444444444,0.0
2023-11-28,0.8326771653543307,12.69,9846.43,142.68,5.419,2.1983578267014533e-05,0.0009835809844135,0.0127098799349751,0.0161036099999999,0.0033937300650248,0.0002150396825396,0.0
2023-11-29,0.8368794326241135,12.98,9838.82,139.82,5.401,2.199615067361211e-05,-0.0007731677656213,0.0123730056278188,0.0168480399999999,0.0044750343721811,0.0002143253968253,0.0
2023-11-30,0.8367875647668394,12.92,9879.02,144.54,5.394,2.191516639088089e-05,0.0040775313825412,0.0123064599230955,0.01669264,0.0043861800769044,0.0002140476190476,0.0
2023-12-01,0.8222656250000001,12.63,9937.89,144.54,5.374,2.1784831222124128e-05,0.0059414079366989,0.0118350722936504,0.0159516899999999,0.0041166177063495,0.0002132539682539,0.0
2023-12-04,0.8341836734693878,13.08,9884.17,144.54,5.381,2.189789013826526e-05,-0.0054202370005728,0.0098298828806501,0.01710864,0.0072787571193498,0.0002135317460317,0.0
2023-12-05,0.8253050738599871,12.85,9878.97,144.54,5.366,2.190172695115018e-05,-0.0005262321797042,0.0093607612331257,0.01651225,0.0071514887668742,0.0002129365079365,0.0
2023-12-06,0.8240152477763659,12.97,9840.65,144.54,5.404,2.1992764380498806e-05,-0.0038864895200466,0.009823657777251,0.01682209,0.0069984322227489,0.0002144444444444,0.0
2023-12-07,0.8345047923322684,13.06,9920.64,130.84,5.395,2.18242926200956e-05,0.0080956695516682,0.0102591169159705,0.01705636,0.0067972430840294,0.0002140873015873,0.0
2023-12-08,0.8146437994722955,12.35,9961.5,134.1,5.384,2.1732752344400894e-05,0.0041102273220034,0.0102750223436495,0.01525225,0.0049772276563504,0.0002136507936507,0.0
2023-12-11,0.8314680710994076,12.63,10000.64,140.9,5.391,4.3293791670358155e-05,0.003921428279392,0.0088632291544394,0.0159516899999999,0.0070884608455605,0.0002139285714285,0.0
2023-12-12,0.8138907619689818,12.07,10047.04,148.83,5.389,2.15440629948206e-05,0.0046289728140656,0.0068120403807141,0.01456849,0.0077564496192858,0.0002138492063492,0.0
2023-12-13,0.8315143246930422,12.19,10184.38,152.02,5.384,2.125646993801806e-05,0.0135771102316136,0.0081038636210666,0.0148596099999999,0.0067557463789333,0.0002136507936507,0.0
2023-12-14,0.8438133874239352,12.48,10213.69,162.51,5.381,2.1186216247689972e-05,0.0028738032737395,0.0047491035809344,0.01557504,0.0108259364190655,0.0002135317460317,0.0
2023-12-15,0.8116325181758096,12.28,10213.48,153.26,5.385,4.261030743332938e-05,-2.056085106343064e-05,0.0048160618676723,0.0150798399999999,0.0102637781323276,0.0002136904761904,0.0
2023-12-18,0.8118939883645766,12.56,10259.85,139.36,5.387,2.1185767401440433e-05,0.0045298033382226,0.0048623854777141,0.01577536,0.0109129745222858,0.0002137698412698,0.0
2023-12-19,0.8011508951406648,12.53,10320.86,133.18,5.371,2.106083421962429e-05,0.0059288701620095,0.0049842462987472,0.01570009,0.0107158437012527,0.0002131349206349,0.0
2023-12-20,0.8244873341375152,13.67,10170.51,136.86,5.386,2.1368662855902355e-05,-0.0146747336189702,0.0081969536671723,0.0186868899999999,0.0104899363328276,0.0002137301587301,0.0
2023-12-21,0.8374233128834355,13.65,10275.3,138.18,5.375,2.1156185539727945e-05,0.0102506007406132,0.0088784652785512,0.01863225,0.0097537847214487,0.0002132936507936,0.0
2023-12-22,0.8148843026891807,13.03,10292.37,134.46,5.373,2.1113750329883145e-05,0.0016598869895627,0.0088334249405856,0.01697809,0.0081446650594143,0.0002132142857142,0.0
2023-12-26,0.8180100755667506,12.99,10335.98,135.69,5.372,2.102629337997193e-05,0.0042281680279274,0.008855660246449,0.01687401,0.0080183497535509,0.0002131746031746,0.0
2023-12-27,0.8140144073346431,12.43,10351.6,135.64,5.4,2.098613865539901e-05,0.0015100850817993,0.0086330299689508,0.0154504899999999,0.0068174600310491,0.0002142857142857,0.0
2023-12-28,0.8187787261982928,12.47,10356.59,136.9,5.384,2.097821412461249e-05,0.0004819349345916,0.0086543260386902,0.01555009,0.0068957639613097,0.0002136507936507,0.0
2023-12-29,0.8158584534731324,12.45,10327.83,138.05,5.344,2.1036909257272783e-05,-0.0027808387698156,0.008863510851303,0.01550025,0.0066367391486969,0.0002120634920634,0.0
2024-01-02,0.8527131782945736,13.2,10269.69,134.8,5.368,2.1159319093092337e-05,-0.0056453548204073,0.0095648083730203,0.017424,0.0078591916269796,0.0002130158730158,0.0
2024-01-03,0.8753117206982544,14.04,10187.79,134.23,5.392,2.133401602182663e-05,-0.0080068940605282,0.0104602387326708,0.01971216,0.0092519212673291,0.0002139682539682,0.0
2024-01-04,0.880922693266833,14.13,10154.2,136.6,5.392,2.1400674121215357e-05,-0.0033025314170053,0.0101616850880055,0.01996569,0.0098040049119944,0.0002139682539682,0.0
2024-01-05,0.8607350096711799,13.35,10172.75,132.68,5.379,2.1369119485533635e-05,0.0018251636521479,0.0101207994603832,0.01782225,0.0077014505396167,0.0002134523809523,0.0
2024-01-08,0.8639365918097754,13.08,10316.52,137.05,5.387,2.1072373065273583e-05,0.0140339172286136,0.0115892004471164,0.01710864,0.0055194395528835,0.0002137698412698,0.0
2024-01-09,0.8563758389261744,12.76,10302.73,140.95,5.383,2.1103947493479404e-05,-0.0013375852231302,0.0112671289259385,0.01628176,0.0050146310740614,0.0002136111111111,0.0
2024-01-10,0.8615071283095722,12.69,10361.27,137.4,5.383,2.0985257856336824e-05,0.0056659075306477,0.0113867547026729,0.0161036099999999,0.004716855297327,0.0002136111111111,0.0
2024-01-11,0.8543956043956044,12.44,10354.69,140.36,5.377,2.0994509935632737e-05,-0.0006352590197395,0.0114007748966755,0.0154753599999999,0.0040745851033244,0.000213373015873,0.0
2024-01-12,0.8500669344042838,12.7,10363.35,143.81,5.366,2.0979094332478583e-05,0.0008359864643907,0.0112893152646907,0.016129,0.0048396847353092,0.0002129365079365,0.0
2024-01-16,0.8792884371029225,13.84,10324.83,139.94,5.364,2.1054626227728743e-05,-0.0037238698149109,0.0096053340357034,0.0191545599999999,0.0095492259642965,0.0002128571428571,0.0
2024-01-17,0.9029304029304028,14.79,10267.05,147.76,5.377,2.1174104070702252e-05,-0.0056119355437839,0.0099943612307206,0.02187441,0.0118800487692793,0.000213373015873,0.0
2024-01-18,0.8920454545454546,14.13,10358.29,148.15,5.365,2.0987900475476157e-05,0.0088474270159988,0.0108780101768149,0.01996569,0.009087679823185,0.0002128968253968,0.0
2024-01-22,0.8810955243820975,13.19,10509.44,146.01,5.361,2.06814539061908e-05,0.0144867355885585,0.0130360730090081,0.0173976099999999,0.0043615369909918,0.000212738095238,0.0
2024-01-23,0.8643250688705235,12.55,10540.38,148.12,5.362,2.062344679664437e-05,0.0029396947129666,0.0127829059740599,0.01575025,0.00296734402594,0.0002127777777777,0.0
2024-01-24,0.8777555110220441,13.14,10549.04,150.25,5.37,4.120992334950509e-05,0.0008212649268446,0.0095425824788988,0.01726596,0.0077233775211012,0.0002130952380952,0.0
2024-01-25,0.890728476821192,13.45,10605.13,153.05,5.358,2.0491593323820255e-05,0.0053029857891143,0.0087752432494731,0.0180902499999999,0.0093150067505268,0.000212619047619,0.0
2024-01-26,0.8822355289421158,13.26,10598.23,151.36,5.359,2.0514293333978337e-05,-0.0006508402671619,0.0088302696191461,0.01758276,0.0087524903808538,0.0002126587301587,0.0
2024-01-29,0.8935611038107752,13.6,10678.5,149.03,5.361,2.0355612551252188e-05,0.0075453681868559,0.0091991928368884,0.018496,0.0092968071631116,0.000212738095238,0.0
2024-01-30,0.8791281373844122,13.31,10672.95,148.73,5.36,2.037220009573081e-05,-0.0005198710274943,0.0092508084575197,0.01771561,0.0084648015424802,0.0002126984126984,0.0
2024-01-31,0.8991228070175438,14.35,10501.38,150.21,5.368,2.070757793812763e-05,-0.016205826103478,0.0130021180033181,0.0205922499999999,0.0075901319966818,0.0002130158730158,0.0
2024-02-01,0.895483870967742,13.88,10633.14,160.08,5.367,2.0440074810655216e-05,0.0124688620402879,0.014470037408612,0.01926544,0.0047954025913879,0.0002129761904761,0.0
2024-02-02,0.8872517616912236,13.85,10747.25,160.02,5.372,2.0232061748234058e-05,0.0106743687549967,0.0147738082785606,0.0191822499999999,0.0044084417214393,0.0002131746031746,0.0
2024-02-05,0.8917155903457273,13.67,10713.11,155.49,5.374,2.0301476932428373e-05,-0.0031816827676915,0.0138164145680456,0.0186868899999999,0.0048704754319543,0.0002132539682539,0.0
2024-02-06,0.8712474983322215,13.06,10738.17,152.82,5.376,2.0244349296099417e-05,0.0023364583745387,0.0133884724726452,0.01705636,0.0036678875273547,0.0002133333333333,0.0
2024-02-07,0.863973063973064,12.83,10826.81,151.41,5.382,2.0078103823856613e-05,0.0082207819529299,0.0137443299132014,0.01646089,0.0027165600867985,0.0002135714285714,0.0
2024-02-08,0.8566644340254521,12.79,10834.36,150.36,5.386,2.006360161710804e-05,0.0006970999540415,0.0121594166864494,0.0163584099999999,0.0041989933135505,0.0002137301587301,0.0
2024-02-09,0.8574270557029178,12.93,10897.61,156.62,5.383,1.9953110191032883e-05,0.0058209337297046,0.0121123407910275,0.01671849,0.0046061492089724,0.0002136111111111,0.0
2024-02-12,0.8889597957881302,13.93,10887.41,152.8,5.392,1.996227130721118e-05,-0.0009364233537867,0.0121374864905885,0.01940449,0.0072670035094114,0.0002139682539682,0.0
2024-02-13,0.9423305588585016,15.85,10739.81,170.52,5.393,2.0236974976962037e-05,-0.0136496777349489,0.0151518895812961,0.02512225,0.0099703604187038,0.0002140079365079,0.0
2024-02-14,0.9026993094789706,14.38,10844.72,160.4,5.392,2.005515166706624e-05,0.009720927547068,0.0158970228803541,0.02067844,0.0047814171196458,0.0002139682539682,0.0
2024-02-15,0.8889593908629442,14.01,10910.31,148.9,5.38,3.984381225603365e-05,0.0060298881440407,0.0155919276510259,0.01962801,0.004036082348974,0.000213492063492,0.0
2024-02-16,0.8978562421185372,14.24,10859.63,142.62,5.379,4.004164330900498e-05,-0.0046559697962987,0.0154044273640995,0.02027776,0.0048733326359004,0.0002134523809523,0.0
2024-02-20,0.939670932358318,15.42,10794.8,141.45,5.371,2.013145842348718e-05,-0.0059877072445463,0.0157367559881641,0.02377764,0.0080408840118358,0.0002131349206349,0.0
2024-02-21,0.9451632778804684,15.34,10808.93,142.72,5.398,2.0114046644455873e-05,0.0013081076290876,0.0136625802255332,0.02353156,0.0098689797744667,0.0002142063492063,0.0
2024-02-22,0.922003804692454,14.54,11037.82,145.91,5.405,1.970346288358387e-05,0.0209549132539448,0.0182842843257585,0.02114116,0.0028568756742414,0.0002144841269841,0.0
2024-02-23,0.9016393442622952,13.75,11041.9,144.0,5.409,1.9692210746021495e-05,0.0003695699081726,0.0183023797785757,0.01890625,0.0006038702214242,0.0002146428571428,0.0
2024-02-26,0.9027595269382392,13.74,11000.5,143.6,5.413,1.976382232321934e-05,-0.0037564011796705,0.0185730028922855,0.0188787599999999,0.0003057571077144,0.0002148015873015,0.0
2024-02-27,0.9019476158495634,13.43,11019.44,147.29,5.388,1.9729119193455663e-05,0.001720259425843,0.0184974325439234,0.01803649,-0.0004609425439234,0.0002138095238095,0.0
2024-02-28,0.909329829172142,13.84,11002.2,149.09,5.398,1.975562294416252e-05,-0.0015657329356048,0.0181872789156202,0.0191545599999999,0.0009672810843797,0.0002142063492063,0.0
2024-02-29,0.8975217682518419,13.4,11062.11,149.83,5.384,1.968523312235535e-05,0.0054305026742776,0.0183209735795025,0.017956,-0.0003649735795025,0.0002136507936507,0.0
2024-03-01,0.8780977896851976,13.11,11151.34,150.42,5.377,1.949906891944136e-05,0.0080339145820482,0.0144308386206358,0.0171872099999999,0.0027563713793641,0.000213373015873,0.0
2024-03-04,0.8857518056467498,13.49,11138.43,145.94,5.381,1.9521908461753467e-05,-0.0011583790630049,0.013359398987977,0.0181980099999999,0.0048386110120229,0.0002135317460317,0.0
2024-03-05,0.9088623507228158,14.46,11025.16,144.9,5.372,1.9718226542686814e-05,-0.0102213572950977,0.0141422682762209,0.02090916,0.006766891723779,0.0002131746031746,0.0
2024-03-06,0.907952410770194,14.5,11082.65,143.64,5.391,1.961534312137171e-05,0.0052008886984606,0.0140565683936239,0.021025,0.006968431606376,0.0002139285714285,0.0
2024-03-07,0.907605279698303,14.44,11198.39,142.94,5.388,1.942256708067339e-05,0.0103891955703064,0.0149811553381391,0.02085136,0.0058702046618608,0.0002138095238095,0.0
2024-03-08,0.9042944785276074,14.74,11126.07,141.18,5.387,1.9540218655028975e-05,-0.0064790147654205,0.0152691575298638,0.02172676,0.0064576024701361,0.0002137698412698,0.0
2024-03-11,0.9246658566221142,15.22,11113.61,142.27,5.4,1.9559710907455e-05,-0.0011205198369485,0.015336342508194,0.02316484,0.0078284974918059,0.0002142857142857,0.0
2024-03-12,0.8837803320561941,13.84,11238.46,142.23,5.393,1.9349283592977353e-05,0.0111713410369099,0.0163013147693242,0.0191545599999999,0.0028532452306757,0.0002140079365079,0.0
2024-03-13,0.8814102564102564,13.75,11217.3,144.17,5.401,1.9380408345186208e-05,-0.0018845949781104,0.0163695204695065,0.01890625,0.0025367295304934,0.0002143253968253,0.0
2024-03-14,0.8933002481389578,14.4,11187.85,143.95,5.402,1.9419549660625705e-05,-0.0026288613966456,0.013641402606401,0.020736,0.007094597393599,0.000214365079365,0.0
2024-03-15,0.8781230956733699,14.41,11115.69,138.91,5.396,1.9617651963218677e-05,-0.0064707442658238,0.013615137310956,0.02076481,0.0071496726890439,0.0002141269841269,0.0
2024-03-18,0.8834771886559803,14.33,11186.04,139.97,5.395,1.9498308521718005e-05,0.0063089485294589,0.0136502115033104,0.02053489,0.0068846784966895,0.0002140873015873,0.0
2024-03-19,0.8763474952441345,13.82,11249.23,141.61,5.385,1.9388675074871124e-05,0.0056331095721095,0.0134052129180255,0.0190992399999999,0.0056940270819744,0.0002136904761904,0.0
2024-03-20,0.8534031413612565,13.04,11350.89,141.19,5.392,1.921543383643997e-05,0.0089964730865465,0.0132047697760876,0.0170041599999999,0.0037993902239123,0.0002139682539682,0.0
2024-03-21,0.8511198945981555,12.92,11387.89,154.0,5.394,1.9152868620880277e-05,0.0032543551285552,0.013197065244634,0.01669264,0.0034955747553659,0.0002140476190476,0.0
2024-03-22,0.85359477124183,13.06,11372.49,155.84,5.376,1.918410021772209e-05,-0.0013532289311581,0.0087855705898243,0.01705636,0.0082707894101756,0.0002133333333333,0.0
2024-03-25,0.8576072821846553,13.19,11337.74,151.6,5.391,1.923761338188507e-05,-0.0030602972423166,0.0090177345669111,0.0173976099999999,0.0083798754330888,0.0002139285714285,0.0
2024-03-26,0.8659254414650098,13.24,11306.01,157.6,5.363,1.9280267610096895e-05,-0.0028025411663622,0.0089080952097044,0.01752976,0.0086216647902955,0.0002128174603174,0.0
2024-03-27,0.8514323784143903,12.78,11404.95,157.11,5.375,1.911442852635575e-05,0.0087130289458331,0.0095681518996119,0.0163328399999999,0.006764688100388,0.0002132936507936,0.0
2024-03-28,0.8564845292955893,13.01,11418.03,155.44,5.371,1.911625550785373e-05,0.0011462132843341,0.0094374987419027,0.01692601,0.0074885112580972,0.0002131349206349,0.0
2024-04-01,0.8795103092783506,13.65,11395.08,146.33,5.375,1.9148834314693677e-05,-0.0020120016729054,0.0094150186826475,0.01863225,0.0092172313173524,0.0002132936507936,0.0
2024-04-02,0.9080174021131135,14.61,11312.9,142.14,5.365,1.9273207350783753e-05,-0.0072380157791356,0.0096654116060763,0.02134521,0.0116797983939236,0.0002128968253968,0.0
2024-04-03,0.9006913890634821,14.33,11325.78,138.52,5.366,1.9254281670869052e-05,0.0011378756526186,0.0096220195269845,0.02053489,0.0109128704730154,0.0002129365079365,0.0
2024-04-04,0.9527972027972028,16.35,11187.49,142.49,5.361,1.9491847534750857e-05,-0.0122853534237406,0.0102460944738516,0.02673225,0.0164861555261483,0.000212738095238,0.0
2024-04-05,0.9330616996507568,16.03,11311.7,142.64,5.373,1.929030951299859e-05,0.0110413985475225,0.0113184646825542,0.0256960899999999,0.0143776253174457,0.0002132142857142,0.0
2024-04-08,0.9172705314009664,15.19,11307.66,140.63,5.376,1.9280267610096895e-05,-0.0003572161230875,0.0101545996142421,0.02307361,0.0129190103857578,0.0002133333333333,0.0
2024-04-09,0.912302070645554,14.98,11325.63,139.28,5.363,1.9256877112221195e-05,0.0015879267906665,0.0095244077322355,0.02244004,0.0129156322677644,0.0002128174603174,0.0
2024-04-10,0.9272300469483568,15.8,11218.73,139.94,5.408,1.9449387830500343e-05,-0.0094835960037691,0.0107782567191797,0.024964,0.0141857432808202,0.0002146031746031,0.0
2024-04-11,0.9041843541540328,14.91,11302.53,136.16,5.402,1.9302969761880315e-05,0.007441891505969,0.0099373876677632,0.02223081,0.0122934223322367,0.000214365079365,0.0
2024-04-12,0.951098901098901,17.31,11139.38,142.31,5.39,1.9576175794040827e-05,-0.0145400168090325,0.0125466645637363,0.0299636099999999,0.0174169454362636,0.0002138888888888,0.0
2024-04-15,0.9836317135549872,19.23,11005.61,137.72,5.388,1.9821409103955176e-05,-0.0120814348615238,0.01416601712561,0.03697929,0.0228132728743899,0.0002138095238095,0.0
2024-04-16,0.9766454352441613,18.4,10982.99,135.6,5.375,1.9861564892679832e-05,-0.0020574304848188,0.013767075097465,0.033856,0.0200889249025349,0.0002132936507936,0.0
2024-04-17,0.97016515716569,18.21,10919.49,134.38,5.407,1.998021958259504e-05,-0.0057984463783291,0.0134267524772253,0.03316041,0.0197336575227746,0.0002145634920634,0.0
2024-04-18,0.964630225080386,18.0,10896.07,131.8,5.407,2.0020621239858863e-05,-0.0021470921669846,0.0128235323677435,0.0324,0.0195764676322564,0.0002145634920634,0.0
2024-04-19,0.971948051948052,18.71,10801.16,133.4,5.405,4.039669555038206e-05,-0.0087486379926192,0.0118999561461175,0.03500641,0.0231064538538824,0.0002144841269841,0.0
2024-04-22,0.9608621667612026,16.94,10895.47,131.68,5.405,4.002882075090427e-05,0.0086935707509142,0.0130250659461417,0.02869636,0.0156712940538582,0.0002144841269841,0.0
2024-04-23,0.9406474820143884,15.69,11026.06,135.61,5.377,3.955383276635909e-05,0.0119144553152467,0.0153887692533899,0.0246176099999999,0.00922884074661,0.000213373015873,0.0
2024-04-24,0.9483372921615202,15.97,11028.46,135.06,5.425,1.9784154870346333e-05,0.0002176424614521,0.0153866013850582,0.02550409,0.0101174886149418,0.0002152777777777,0.0
2024-04-25,0.938912645082468,15.37,10978.2,134.08,5.412,1.9863142945090134e-05,-0.0045677160809938,0.0154900702914744,0.02362369,0.0081336197085255,0.0002147619047619,0.0
2024-04-26,0.9237861094038108,15.03,11090.46,140.86,5.402,1.9675937312445823e-05,0.0101737910953536,0.0158879892349882,0.0225900899999999,0.0067021007650117,0.000214365079365,0.0
2024-04-29,0.916875,14.67,11126.28,138.3,5.403,1.9605728793935763e-05,0.0032245983018325,0.0160695981558096,0.02152089,0.0054512918441903,0.0002144047619047,0.0
2024-04-30,0.94333936106088,15.65,10951.66,132.4,5.4,1.9918533199197093e-05,-0.0158188346674407,0.0186283338686553,0.02449225,0.0058639161313446,0.0002142857142857,0.0
2024-05-01,0.9287869643934822,15.39,10914.11,133.35,5.415,3.997921081034224e-05,-0.0034345954350601,0.0182893419162709,0.02368521,0.005395868083729,0.0002148809523809,0.0
2024-05-02,0.9146417445482864,14.68,11013.91,132.12,5.402,1.9801392037842252e-05,0.0091025718775846,0.0196219589292439,0.0215502399999999,0.001928281070756,0.000214365079365,0.0
2024-05-03,0.8834315651604454,13.49,11152.76,135.18,5.396,1.9558563228038666e-05,0.0125279815183115,0.0201598162901077,0.0181980099999999,-0.0019618062901077,0.0002141269841269,0.0
2024-05-06,0.8981358189081226,13.49,11268.23,130.08,5.399,1.9357523785539743e-05,0.0103002606843759,0.0199574259061608,0.0181980099999999,-0.0017594159061608,0.000214246031746,0.0
2024-05-07,0.8849498327759198,13.23,11283.96,133.64,5.402,1.933506704432739e-05,0.0013949866998164,0.01998659128643,0.01750329,-0.00248330128643,0.000214365079365,0.0
2024-05-08,0.87248322147651,13.0,11283.91,133.24,5.407,1.9335440896593276e-05,-4.431078342758673e-06,0.0199492899699859,0.0169,-0.0030492899699859,0.0002145634920634,0.0
2024-05-09,0.8626784500339904,12.69,11343.55,136.46,5.402,1.9225777923021725e-05,0.0052714832428348,0.0191009158470741,0.0161036099999999,-0.0029973058470741,0.000214365079365,0.0
2024-05-10,0.8560709413369714,12.55,11364.04,137.3,5.402,1.9199938560179144e-05,0.0018046834174061,0.0184999237807081,0.01575025,-0.0027496737807081,0.000214365079365,0.0
2024-05-13,0.9133646742780388,13.6,11361.46,139.65,5.396,1.919735844346072e-05,-0.000227057711477,0.0156206461752803,0.018496,0.0028753538247196,0.0002141269841269,0.0
2024-05-14,0.9129251700680272,13.42,11418.12,140.18,5.391,1.9110045195239507e-05,0.0049746410466999,0.0135147722948302,0.0180096399999999,0.0044948677051697,0.0002139285714285,0.0
2024-05-15,0.8842329545454545,12.45,11554.04,140.64,5.404,1.8876650527113297e-05,0.0118335921492487,0.0144967191568752,0.01550025,0.0010035308431247,0.0002144444444444,0.0
2024-05-16,0.8734177215189873,12.42,11532.36,147.85,5.401,1.8915928157287655e-05,-0.0018781625868915,0.013869856449539,0.01542564,0.0015557835504609,0.0002143253968253,0.0
2024-05-17,0.8570407433881344,11.99,11546.28,143.05,5.4,1.888841667845475e-05,0.001206310396801,0.0136036124867581,0.01437601,0.0007723975132418,0.0002142857142857,0.0
2024-05-20,0.8610914245216159,12.15,11557.84,144.54,5.399,1.8867034573823697e-05,0.0010006874068051,0.0119167146670684,0.01476225,0.0028455353329315,0.000214246031746,0.0
2024-05-21,0.850179211469534,11.86,11587.05,149.52,5.393,1.8820872347416186e-05,0.0025241006121245,0.011523153119293,0.0140659599999999,0.0025428068807069,0.0002140079365079,0.0
2024-05-22,0.8588399720475192,12.29,11555.84,150.14,5.411,3.7749381854052393e-05,-0.0026971582996058,0.010777146604936,0.0151044099999999,0.0043272633950639,0.0002147222222222,0.0
2024-05-23,0.8704839809134287,12.77,11470.98,153.33,5.41,1.9013033434402e-05,-0.0073705691163598,0.0118538318672974,0.01630729,0.0044534581327025,0.0002146825396825,0.0
2024-05-24,0.8419195483415667,11.93,11551.56,155.86,5.405,1.8885919602623075e-05,0.0070001250119652,0.0115819673776354,0.01423249,0.0026505226223645,0.0002144841269841,0.0
2024-05-28,0.8777173913043478,12.92,11554.45,152.23,5.407,1.8872731733537608e-05,0.0002501513688492,0.0108257358822984,0.01669264,0.0058669041177015,0.0002145634920634,0.0
2024-05-29,0.9242718446601942,14.28,11469.46,151.8,5.413,1.900725126634083e-05,-0.007382793455659,0.0118356790347809,0.0203918399999999,0.008556160965219,0.0002148015873015,0.0
2024-05-30,0.9281590763309816,14.47,11402.1,146.61,5.411,1.9133812316417583e-05,-0.0058903017335206,0.0086988006934754,0.02093809,0.0122392893065245,0.0002147222222222,0.0
2024-05-31,0.8813096862210096,12.92,11494.7,148.1,5.405,1.896291801380672e-05,0.0080885106088781,0.0087374913696864,0.01669264,0.0079551486303135,0.0002144841269841,0.0
2024-06-03,0.8858108108108107,13.11,11508.89,139.01,5.404,1.894782715790343e-05,0.0012337206322876,0.0081649296594448,0.0171872099999999,0.0090222803405551,0.0002144444444444,0.0
2024-06-04,0.8844086021505376,13.16,11526.81,138.18,5.4,3.785369546698554e-05,0.0015558462399535,0.0067244353465712,0.01731856,0.0105941246534287,0.0002142857142857,0.0
2024-06-05,0.8686382393397525,12.63,11663.55,141.4,5.405,3.7407649864363246e-05,0.0117929678319426,0.0070795394867437,0.0159516899999999,0.0088721505132562,0.0002144841269841,0.0
2024-06-06,0.8651994497936727,12.58,11661.37,140.18,5.398,1.8704349696504913e-05,-0.0001869245430505,0.0071194145166861,0.01582564,0.0087062254833138,0.0002142063492063,0.0
2024-06-07,0.8480222068008328,12.22,11650.49,139.61,5.396,5.618450993056103e-05,-0.0009334305190553,0.0071665509841847,0.01493284,0.0077662890158152,0.0002141269841269,0.0
2024-06-10,0.8726027397260274,12.74,11681.54,141.56,5.39,1.866873267306551e-05,0.0026615788107467,0.0070017145927344,0.01623076,0.0092290454072655,0.0002138888888888,0.0
2024-06-11,0.8868184955141476,12.85,11713.3,144.7,5.372,1.862526890230284e-05,0.0027151303031817,0.0070209894485838,0.01651225,0.0094912605514161,0.0002131746031746,0.0
2024-06-12,0.8526912181303116,12.04,11813.17,150.66,5.392,3.6946040308096374e-05,0.008490062461112,0.0075663188041649,0.0144961599999999,0.006929841195835,0.0002139682539682,0.0
2024-06-13,0.8426252646436132,11.94,11841.02,162.25,5.389,1.8436408218934016e-05,0.0023547636058402,0.0074428263655401,0.0142563599999999,0.0068135336344598,0.0002138492063492,0.0
2024-06-14,0.8530997304582211,12.66,11839.27,156.18,5.385,1.8425537795367644e-05,-0.0001478022442449,0.0061154323525754,0.0160275599999999,0.0099121276474245,0.0002136904761904,0.0
2024-06-17,0.8620689655172414,12.75,11931.48,153.84,5.388,1.828036597291015e-05,0.0077583132648717,0.0064916773515482,0.01625625,0.0097645726484517,0.0002138095238095,0.0
2024-06-18,0.8373042886317223,12.3,11961.93,142.9,5.383,1.823203916240354e-05,0.002548821326453,0.0064993044337474,0.015129,0.0086296955662525,0.0002136111111111,0.0
2024-06-20,0.8617780661907851,13.28,11931.8,148.6,5.374,3.656708231267688e-05,-0.0025220018783286,0.0067088829868998,0.01763584,0.0109269570131001,0.0002132539682539,0.0
2024-06-21,0.8701384311140409,13.2,11913.78,151.79,5.364,5.513540336137161e-05,-0.0015113914973141,0.0068018215898422,0.017424,0.0106221784101577,0.0002128571428571,0.0
2024-06-24,0.8752462245567958,13.33,11878.04,147.13,5.352,5.5285781418398585e-05,-0.0030043962070672,0.0068340890623845,0.01776889,0.0109348009376154,0.0002123809523809,0.0
2024-06-25,0.8640646029609691,12.84,11924.75,146.64,5.351,1.8356202101768448e-05,0.0039247550357663,0.0058943756060917,0.0164865599999999,0.0105921843939082,0.0002123412698412,0.0
2024-06-26,0.8531611148878314,12.55,11943.53,143.49,5.378,1.8331301614054436e-05,0.0015736369671766,0.0055431166014129,0.01575025,0.010207133398587,0.0002134126984126,0.0
2024-06-27,0.8488210818307906,12.24,11954.5,143.06,5.372,1.830345294638169e-05,0.0009180673696119,0.005525934961126,0.01498176,0.0094558250388739,0.0002131746031746,0.0
2024-06-28,0.8567493112947658,12.44,11907.15,141.79,5.358,5.513641668422954e-05,-0.0039687165095174,0.004891182842728,0.0154753599999999,0.0105841771572719,0.000212619047619,0.0
2024-07-01,0.861169837914024,12.22,11939.38,145.82,5.361,3.6672350881019875e-05,0.0027031202967478,0.0041155750254953,0.01493284,0.0108172649745046,0.000212738095238,0.0
2024-07-02,0.8586723768736616,12.03,12013.4,147.16,5.37,1.821576574523595e-05,0.0061805131281151,0.0038757761086958,0.0144720899999999,0.0105963138913041,0.0002130952380952,0.0
2024-07-03,0.8623395149786021,12.09,12074.83,148.83,5.388,1.8136148063496296e-05,0.0051004273183858,0.0039706120376875,0.01461681,0.0106461979623124,0.0002138095238095,0.0
2024-07-05,0.8696864111498258,12.48,12142.54,150.2,5.38,1.8027600255975525e-05,0.0055918686822899,0.0040918363363731,0.01557504,0.0114832036636268,0.000213492063492,0.0
2024-07-08,0.8656403079076277,12.37,12155.27,148.53,5.375,1.8006824586501914e-05,0.0010478311555438,0.0029550662747396,0.0153016899999999,0.0123466237252603,0.0002132936507936,0.0
2024-07-09,0.8693537178596247,12.51,12164.57,151.09,5.358,0.0,0.0007648077004882,0.0029142914166079,0.01565001,0.012735718583392,0.000212619047619,0.0
2024-07-10,0.8862068965517241,12.85,12290.21,156.96,5.372,3.5634743875245986e-05,0.0102753821917089,0.0035900500341012,0.01651225,0.0129221999658987,0.0002131746031746,0.0
2024-07-11,0.8807089297886844,12.92,12182.97,152.23,5.344,1.7972197011207292e-05,-0.0087639355730481,0.005123126835063,0.01669264,0.0115695131649369,0.0002120634920634,0.0
2024-07-12,0.8670842032011136,12.46,12250.19,150.86,5.338,1.7860172707853842e-05,0.0055023721529702,0.0052664832613025,0.01552516,0.0102586767386974,0.0002118253968253,0.0
2024-07-15,0.8823133826496301,13.12,12286.05,147.4,5.332,1.780991477954158e-05,0.0029230253317171,0.0047467150027601,0.0172134399999999,0.0124667249972398,0.0002115873015873,0.0
2024-07-16,0.8846411804158283,13.19,12364.56,151.53,5.335,1.7704598769514282e-05,0.006369843623436,0.0049893127588384,0.0173976099999999,0.0124082972411615,0.0002117063492063,0.0
2024-07-17,0.9170360987967068,14.48,12192.49,146.39,5.342,1.7955094309116526e-05,-0.0140141276042925,0.0080681635047692,0.02096704,0.0128988764952307,0.0002119841269841,0.0
2024-07-18,0.9619565217391304,15.93,12097.25,151.12,5.34,1.8094143830332857e-05,-0.0078420343803336,0.0084889444588198,0.0253764899999999,0.01688754554118,0.0002119047619047,0.0
2024-07-19,0.9627039627039626,16.52,12011.61,146.99,5.334,3.643385433762432e-05,-0.007104471983528,0.0091469772666472,0.0272910399999999,0.0181440627333527,0.0002116666666666,0.0
2024-07-22,0.9266625233064016,14.91,12141.75,141.38,5.326,3.605942593390634e-05,0.0107762447460533,0.0103577962096007,0.02223081,0.0118730137903992,0.0002113492063492,0.0
2024-07-23,0.9194253591505308,14.72,12122.83,137.0,5.303,3.611933829368961e-05,-0.0015594750730813,0.0103606617721754,0.02166784,0.0113071782278245,0.0002104365079365,0.0
2024-07-24,0.9788388497015736,18.04,11842.36,136.84,5.314,3.695491500366188e-05,-0.0234075178167763,0.0173267349256488,0.03254416,0.0152174250743511,0.000210873015873,0.0
2024-07-25,0.9876939539860888,18.46,11781.57,134.17,5.309,1.8575793882974175e-05,-0.0051464878346075,0.0173842559275505,0.03407716,0.0166929040724494,0.0002106746031746,0.0
2024-07-26,0.9506960556844548,16.39,11913.04,131.73,5.295,5.510805771645566e-05,0.0110971524049524,0.0189883338999224,0.02686321,0.0078748761000775,0.000210119047619,0.0
2024-07-29,0.9673659673659676,16.6,11922.89,128.93,5.287,3.671408903163251e-05,0.0008264834273879,0.0189860348111442,0.027556,0.0085699651888557,0.0002098015873015,0.0
2024-07-30,0.9822320932815104,17.69,11863.8,127.31,5.289,5.536025687154154e-05,-0.0049683349427611,0.019094823128994,0.03129361,0.0121987868710059,0.0002098809523809,0.0
2024-07-31,0.9640542133176192,16.36,12052.09,136.69,5.287,7.267177791518714e-05,0.015746341907696,0.0220819043499578,0.0267649599999999,0.0046830556500421,0.0002098015873015,0.0
2024-08-01,0.971264367816092,18.59,11887.54,132.23,5.257,3.682902126872629e-05,-0.0137472961354756,0.0239682681963774,0.03455881,0.0105905418036225,0.0002086111111111,0.0
2024-08-02,1.0021422450728363,23.39,11669.18,139.65,5.181,7.504549633208311e-05,-0.0185396145535922,0.0273372449172355,0.05470921,0.0273719650827644,0.0002055952380952,0.0
2024-08-05,1.1441708691782853,38.57,11319.96,145.3,5.214,7.730514272476916e-05,-0.0303836389914408,0.0363233752369096,0.14876449,0.1124411147630903,0.0002069047619047,1.0
2024-08-06,1.035500747384155,27.71,11437.32,145.43,5.204,1.9149934411457226e-05,0.0103141535729934,0.0383784431209631,0.07678441,0.0384059668790368,0.0002065079365079,1.0
2024-08-07,1.0310995927434283,27.85,11349.24,146.36,5.223,1.928101109620435e-05,-0.0077309114398383,0.0384601559861389,0.07756225,0.039102094013861,0.0002072619047619,1.0
2024-08-08,0.9859096560298384,23.79,11610.84,147.37,5.222,1.8845700824482272e-05,0.0227883631807066,0.0446208923884561,0.05659641,0.0119755176115438,0.0002072222222222,0.0
2024-08-09,0.9617563739376772,20.37,11666.49,144.52,5.215,5.629626849561868e-05,0.0047814853357559,0.0447554053755759,0.04149369,-0.0032617153755759,0.0002069444444444,0.0
2024-08-12,0.9574664817383264,20.71,11668.59,140.82,5.213,3.750515695904776e-05,0.0001799865272088,0.0440806690666545,0.04289041,-0.0011902590666545,0.000206865079365,0.0
2024-08-13,0.9123867069486404,18.12,11865.29,143.87,5.181,1.8450014298744305e-05,0.0167167148473805,0.048185029789402,0.03283344,-0.015351589789402,0.0002055952380952,0.0
2024-08-14,0.8775067750677508,16.19,11911.02,141.82,5.208,1.8389620897948463e-05,0.0038466907933989,0.0477508991544485,0.02621161,-0.0215392891544485,0.0002066666666666,0.0
2024-08-15,0.8517897091722596,15.23,12106.68,143.56,5.223,5.424415293250472e-05,0.016293344368467,0.0494292663634075,0.0231952899999999,-0.0262339763634075,0.0002072619047619,0.0
2024-08-16,0.8309938236945538,14.8,12132.48,142.55,5.213,3.608675255310492e-05,0.0021287874450461,0.0487363538916754,0.021904,-0.0268323538916754,0.000206865079365,0.0
2024-08-19,0.8328595793064242,14.65,12251.74,141.5,5.197,1.7871344193137237e-05,0.0097818138892125,0.0490759900685464,0.02146225,-0.0276137400685464,0.0002062301587301,0.0
2024-08-20,0.8687089715536105,15.88,12227.8,146.26,5.174,1.79010964421408e-05,-0.0019559197298736,0.0478661511386811,0.02521744,-0.0226487111386811,0.0002053174603174,0.0
2024-08-21,0.8756727664155006,16.27,12280.18,149.67,5.149,1.7834690256000756e-05,0.0042745326016781,0.0479958689857218,0.0264712899999999,-0.0215245789857218,0.0002043253968253,0.0
2024-08-22,0.90650826446281,17.55,12170.71,154.16,5.165,1.7978982569360046e-05,-0.0089543351135393,0.0417534438237033,0.03080025,-0.0109531938237033,0.0002049603174603,0.0
2024-08-23,0.8719076415612973,15.86,12310.63,153.95,5.134,1.7790903511018627e-05,0.0114308713124747,0.0423571521620523,0.0251539599999999,-0.0172031921620523,0.0002037301587301,0.0
2024-08-26,0.884931506849315,16.15,12272.08,151.5,5.132,1.7834054126338054e-05,-0.0031363532824844,0.0415581661695939,0.0260822499999999,-0.0154759161695939,0.0002036507936507,0.0
2024-08-27,0.8702763677382966,15.43,12292.64,151.83,5.108,1.7808646097664227e-05,0.0016739457889949,0.0415542382939934,0.0238084899999999,-0.0177457482939934,0.0002026984126984,0.0
2024-08-28,0.9052910052910054,17.11,12219.23,151.68,5.11,1.7910394297314166e-05,-0.0059897689959558,0.0417320781362254,0.02927521,-0.0124568681362254,0.0002027777777777,0.0
2024-08-29,0.8694444444444445,15.65,12219.38,153.01,5.125,1.791103588494773e-05,1.2275657249135017e-05,0.0390167560908986,0.02449225,-0.0145245060908986,0.000203373015873,0.0
2024-08-30,0.8605851979345955,15.0,12344.43,159.0,5.117,1.7744182126470933e-05,0.0101817332329041,0.0372023215815733,0.0225,-0.0147023215815733,0.0002030555555555,0.0
2024-09-03,0.9548387096774194,20.72,12084.57,163.6,5.117,3.622072912324431e-05,-0.0212755169683829,0.0386941711487925,0.04293184,0.0042376688512074,0.0002030555555555,0.0
2024-09-04,0.966017217942909,21.32,12065.69,160.9,5.081,3.630884301868418e-05,-0.0015635445619452,0.0253850378727825,0.04545424,0.0200692021272174,0.0002016269841269,0.0
2024-09-05,0.9507883420926898,19.9,12029.72,156.71,5.066,3.639208836016431e-05,-0.002985633091093,0.0250690188234108,0.0396009999999999,0.0145319811765891,0.0002010317460317,0.0
2024-09-06,0.9841688654353562,22.38,11823.57,148.98,5.057,1.850395522041154e-05,-0.0172852577374589,0.0286047900061715,0.05008644,0.0214816499938284,0.0002006746031746,0.0
2024-09-09,0.931513409961686,19.45,11961.74,140.33,5.027,3.660322108342205e-05,0.011618226057621,0.024236238201402,0.03783025,0.0135940117985979,0.0001994841269841,0.0
2024-09-10,0.9284671532846714,19.08,12015.57,139.75,4.969,3.644580508780124e-05,0.0044900858718745,0.0242125568247069,0.0364046399999999,0.012192083175293,0.0001971825396825,0.0
2024-09-11,0.9030117406840226,17.69,12143.85,139.73,5.006,1.8039307651355937e-05,0.0106195600360502,0.0251983796138191,0.03129361,0.0060952303861808,0.0001986507936507,0.0
2024-09-12,0.8762833675564682,17.07,12235.06,145.88,4.971,1.7888607640208053e-05,0.007482732048314,0.0227740277390023,0.0291384899999999,0.0063644622609976,0.0001972619047619,0.0
2024-09-13,0.858921161825726,16.56,12303.26,149.99,4.886,5.338695756642032e-05,0.0055586670650617,0.0229121061575051,0.02742336,0.0045112538424948,0.0001938888888888,0.0
2024-09-16,0.8652195860676427,17.14,12321.21,152.17,4.87,1.776624945589245e-05,0.0014578996566708,0.020038678622375,0.0293779599999999,0.0093392813776249,0.0001932539682539,0.0
2024-09-17,0.8748137108792846,17.61,12324.75,157.54,4.856,3.551703929957168e-05,0.0002872681789911,0.0200193989266468,0.03101121,0.0109918110733531,0.0001926984126984,0.0
2024-09-18,0.8958230958230958,18.23,12289.26,167.42,4.759,5.344402184074165e-05,-0.0028837255363259,0.019061285083767,0.03323329,0.0141720049162329,0.0001888492063492,0.0
2024-09-19,0.8563188253801782,16.33,12498.59,171.72,4.719,1.751543547749863e-05,0.0168901277348108,0.0223253093392494,0.0266668899999999,0.0043415806607505,0.0001872619047619,0.0
2024-09-20,0.8526927138331573,16.15,12474.44,165.75,4.663,1.7602379841738597e-05,-0.00193408709541,0.0222822821317497,0.0260822499999999,0.0037999678682502,0.0001850396825396,0.0
2024-09-23,0.8497326203208557,15.89,12509.61,165.6,4.62,1.7556025666893557e-05,0.0028153980824684,0.0210670965982263,0.02524921,0.0041821134017737,0.0001833333333333,0.0
2024-09-24,0.8332430969139145,15.39,12541.09,162.41,4.615,1.7505930133816914e-05,0.0025133043444538,0.0197465006218841,0.02368521,0.0039387093781158,0.0001831349206349,0.0
2024-09-25,0.8298330640818524,15.41,12517.82,160.48,4.619,3.508833488303621e-05,-0.0018572241720595,0.0196365679718711,0.02374681,0.0041102420281288,0.0001832936507936,0.0
2024-09-26,0.8330623306233063,15.37,12569.13,158.67,4.619,1.7474116464970347e-05,0.0040905786910555,0.0197510952742023,0.02362369,0.0038725947257976,0.0001832936507936,0.0
2024-09-27,0.8679631525076766,16.96,12553.78,160.99,4.611,1.7500721904762655e-05,-0.0012219923496229,0.0191769568587726,0.02876416,0.0095872031412273,0.0001829761904761,0.0
2024-09-30,0.8704474505723205,16.73,12608.07,154.3,4.627,0.0,0.0043152696838253,0.0192610039050139,0.02798929,0.008728286094986,0.0001836111111111,0.0
2024-10-01,0.9219722355193872,19.26,12490.87,158.59,4.578,1.758411802458419e-05,-0.0093391076943489,0.019558639272761,0.03709476,0.0175361207272389,0.0001816666666666,0.0
2024-10-02,0.917921321029626,18.9,12493.35,161.5,4.593,5.273937081925816e-05,0.0001985253098271,0.0132752023475036,0.0357209999999999,0.0224457976524963,0.0001822619047619,0.0
2024-10-03,0.9472954230235784,20.49,12472.39,162.78,4.588,5.2836901291814185e-05,-0.0016791014345675,0.013284528768209,0.0419840099999999,0.0286994812317909,0.0001820634920634,0.0
2024-10-04,0.930266343825666,19.21,12586.91,156.43,4.622,5.23637886946104e-05,0.0091399837379578,0.0136542101078998,0.03690241,0.0232481998921001,0.0001834126984126,0.0
2024-10-07,1.0022133687472332,22.64,12466.41,155.57,4.651,1.76113699005919e-05,-0.0096195577442942,0.0106037777829352,0.05125696,0.0406531822170647,0.0001845634920634,0.0
2024-10-08,0.9953531598513012,21.42,12587.25,156.28,4.634,1.7447896219897416e-05,0.0096465695691194,0.0101984288249606,0.04588164,0.0356832111750393,0.0001838888888888,0.0
2024-10-09,0.997608799617408,20.86,12677.16,156.93,4.658,1.7328469809457712e-05,0.0071175522853185,0.0104178599802804,0.04351396,0.0330961000197195,0.0001848412698412,0.0
2024-10-10,0.9957183634633682,20.93,12652.84,154.09,4.646,1.7358248205575303e-05,-0.0019202532548814,0.0097555473584988,0.04380649,0.0340509426415011,0.000184365079365,0.0
2024-10-11,0.9850746268656716,20.46,12729.52,159.43,4.634,1.7255213231281814e-05,0.0060420097479069,0.0095797711878349,0.04186116,0.032281388812165,0.0001838888888888,0.0
2024-10-14,0.9791252485089462,19.7,12827.63,153.08,4.634,1.7114935348316157e-05,0.0076777326067341,0.009829747752056,0.0388089999999999,0.0289792522479438,0.0001838888888888,0.0
2024-10-15,0.9923076923076924,20.64,12731.1,159.69,4.628,3.4496438242720064e-05,-0.0075536193681698,0.0109245009788252,0.04260096,0.0316764590211747,0.0001836507936507,0.0
2024-10-16,0.9635826771653544,19.58,12790.84,161.85,4.628,3.4350096180238065e-05,0.0046814708526042,0.0110154557389449,0.0383376399999999,0.027322184261055,0.0001836507936507,0.0
2024-10-17,0.9646643109540636,19.11,12788.78,165.82,4.644,1.7173720772458343e-05,-0.0001610657237639,0.0107852772033042,0.0365192099999999,0.0257339327966957,0.0001842857142857,0.0
2024-10-18,0.9395518499218344,18.03,12840.3,155.55,4.636,5.132196836851349e-05,0.004020438454841,0.0079103954213654,0.03250809,0.0245976945786346,0.0001839682539682,0.0
2024-10-21,0.9547817047817048,18.37,12817.39,150.97,4.632,3.4265350877356593e-05,-0.0017858198527321,0.0078986337995137,0.03374569,0.0258470562004862,0.0001838095238095,0.0
2024-10-22,0.9494001043296816,18.2,12811.36,146.8,4.633,1.714339593548013e-05,-0.0004705652918123,0.0079020145265858,0.033124,0.0252219854734141,0.0001838492063492,0.0
2024-10-23,0.9600798403193612,19.24,12693.82,146.97,4.638,1.730328329799006e-05,-0.0092170164740891,0.0091457890579482,0.03701776,0.0278719709420517,0.0001840476190476,0.0
2024-10-24,0.9612090680100754,19.08,12721.05,144.71,4.619,3.453217535435505e-05,0.0021428408187397,0.0090924800384496,0.0364046399999999,0.0273121599615503,0.0001832936507936,0.0
2024-10-25,0.9708691499522444,20.33,12717.34,148.91,4.642,1.7270411467537508e-05,-0.0002916851283672,0.0089558867591424,0.0413308899999999,0.0323750032408575,0.0001842063492063,0.0
2024-10-28,0.9816559246405552,19.8,12751.22,148.46,4.614,1.7218372002911463e-05,0.0026605367547154,0.0089625996967732,0.039204,0.0302414003032267,0.0001830952380952,0.0
2024-10-29,0.9689378757515028,19.34,12771.8,150.74,4.595,1.7190844156386665e-05,0.0016126621740032,0.0088069637178968,0.0374035599999999,0.0285965962821031,0.0001823412698412,0.0
2024-10-30,0.9802504816955684,20.35,12729.73,153.45,4.579,5.172904327149369e-05,-0.003299412871693,0.0077297707838172,0.04141225,0.0336824792161827,0.0001817063492063,0.0
2024-10-31,1.0229681978798586,23.16,12493.74,152.07,4.548,7.035688530062376e-05,-0.0187124837375628,0.0123565371408819,0.05363856,0.041282022859118,0.0001804761904761,0.0
2024-11-01,0.9986307622090368,21.88,12545.4,146.66,4.516,3.502504290564571e-05,0.0041263456572426,0.0125151103134597,0.0478734399999999,0.0353583296865402,0.0001792063492063,0.0
2024-11-04,1.0190078813166434,21.98,12510.73,148.95,4.527,3.5101883216002614e-05,-0.0027673884296181,0.0115573393050704,0.04831204,0.0367547006949295,0.0001796428571428,0.0
2024-11-05,1.0148588410104011,20.49,12664.32,152.68,4.535,3.468067766060708e-05,0.0122019146433652,0.012140619935272,0.0419840099999999,0.0298433900647279,0.0001799603174603,0.0
2024-11-06,0.9207696661007356,16.27,12984.73,148.11,4.54,5.07592741423336e-05,0.0249854609385374,0.0184028655017129,0.0264712899999999,0.008068424498287,0.0001801587301587,0.0
2024-11-07,0.8967551622418879,15.2,13081.53,152.12,4.542,3.35824028208913e-05,0.0074272599897901,0.0184480119729633,0.023104,0.0046559880270366,0.000180238095238,0.0
2024-11-08,0.8877005347593584,14.94,13133.47,150.34,4.533,3.3430839949823335e-05,0.0039626220076358,0.0183569738083355,0.02232036,0.0039633861916644,0.0001798809523809,0.0
2024-11-11,0.8910714285714286,14.97,13146.2,140.32,4.533,1.6702158754003765e-05,0.0009688098058834,0.0181203518436679,0.02241009,0.004289738156332,0.0001798809523809,0.0
2024-11-12,0.8803111909036505,14.71,13108.95,141.5,4.535,3.3507572711402306e-05,-0.0028375404439598,0.0178191445843632,0.02163841,0.0038192654156367,0.0001799603174603,0.0
2024-11-13,0.8491823137492428,14.02,13112.57,142.92,4.5,3.3490739810602326e-05,0.0002761090907771,0.0168605745412369,0.0196560399999999,0.002795465458763,0.0001785714285714,0.0
2024-11-14,0.8579136690647482,14.31,13034.79,147.98,4.529,3.3705214196605565e-05,-0.0059493753418233,0.0173392313755272,0.02047761,0.0031383786244727,0.0001797222222222,0.0
2024-11-15,0.9062324536777092,16.14,12864.42,149.55,4.501,3.414659131649077e-05,-0.0131565756265167,0.0197132011116024,0.02604996,0.0063367588883975,0.0001786111111111,0.0
2024-11-18,0.9063408958696916,15.58,12916.8,147.33,4.516,1.700260990060428e-05,0.0040634285012474,0.0197172746061533,0.02427364,0.0045563653938466,0.0001792063492063,0.0
2024-11-19,0.9242509892594688,16.35,12968.16,149.46,4.523,1.6940969192832117e-05,0.0039683327615718,0.0198146292204695,0.02673225,0.0069176207795304,0.0001794841269841,0.0
2024-11-20,0.9397590361445782,17.16,12968.85,153.0,4.537,1.6934657623544095e-05,5.320582443101945e-05,0.0198043600970702,0.02944656,0.0096421999029297,0.0001800396825396,0.0
2024-11-21,0.927942794279428,16.87,13040.08,155.72,4.545,5.053950926131911e-05,0.0054773632043962,0.0187669674545743,0.02845969,0.0096927225454256,0.0001803571428571,0.0
2024-11-22,0.8809248554913295,15.24,13085.86,161.64,4.545,3.3586350507123346e-05,0.0035045664849393,0.0188187748248852,0.02322576,0.0044069851751147,0.0001803571428571,0.0
2024-11-25,0.8654416123295791,14.6,13125.46,167.28,4.527,3.347616497070081e-05,0.0030215975486289,0.0188137384343594,0.0213159999999999,0.0025022615656405,0.0001796428571428,0.0
2024-11-26,0.8529945553539019,14.1,13201.47,166.23,4.492,1.664627497980125e-05,0.0057743315456377,0.019020824897273,0.0198809999999999,0.0008601751027269,0.0001782539682539,0.0
2024-11-27,0.8493975903614457,14.1,13152.08,167.94,4.5,1.6700485149078394e-05,-0.0037482660078341,0.0193710732694909,0.0198809999999999,0.000509926730509,0.0001785714285714,0.0
2024-11-29,0.8308733087330873,13.51,13227.13,164.62,4.492,3.319722471198388e-05,0.0056901023565679,0.0192768686489504,0.01825201,-0.0010248586489504,0.0001782539682539,0.0
2024-12-02,0.8164014687882497,13.34,13261.08,170.65,4.467,3.313123281314285e-05,0.0025634060278588,0.0136974857436842,0.01779556,0.0040980742563157,0.0001772619047619,0.0
2024-12-03,0.8189655172413794,13.3,13267.33,170.23,4.459,1.6560266951488195e-05,0.0004711929675118,0.0137391719353648,0.017689,0.0039498280646351,0.0001769444444444,0.0
2024-12-04,0.8206223306894447,13.45,13347.88,172.45,4.458,3.291639236336703e-05,0.0060529483655141,0.0134654344031917,0.0180902499999999,0.0046248155968081,0.0001769047619047,0.0
2024-12-05,0.8166465621230399,13.54,13323.74,173.93,4.446,1.64851921761128e-05,-0.0018101642563606,0.0126020349217833,0.0183331599999999,0.0057311250782166,0.0001764285714285,0.0
2024-12-06,0.7824754901960784,12.77,13358.5,168.05,4.398,1.6450479942737367e-05,0.0026054798745603,0.0058843867575833,0.01630729,0.0104229032424166,0.0001745238095238,0.0
2024-12-09,0.8303101228788765,14.19,13278.29,163.14,4.399,4.961671090818877e-05,-0.0060225156589229,0.0059958175793478,0.0201356099999999,0.014139792420652,0.0001745634920634,0.0
2024-12-10,0.8351001177856301,14.18,13239.21,165.12,4.38,3.3174097664513356e-05,-0.0029474896421552,0.0060025766086148,0.02010724,0.0141046633913851,0.0001738095238095,0.0
2024-12-11,0.8045023696682465,13.58,13347.51,169.06,4.364,3.292126878566906e-05,0.0081469695409346,0.006727062435336,0.01844164,0.011714577564664,0.0001731746031746,0.0
2024-12-12,0.8023054755043227,13.92,13275.24,167.43,4.332,1.654683996722221e-05,-0.0054292045352715,0.0070402456468923,0.0193766399999999,0.0123363943531076,0.0001719047619047,0.0
2024-12-13,0.8052478134110788,13.81,13276.56,169.91,4.325,4.964627032389676e-05,9.942828742970022e-05,0.0070420634718935,0.01907161,0.0120295465281064,0.0001716269841269,0.0
2024-12-16,0.836084234490609,14.69,13328.78,166.79,4.313,1.6480845137723674e-05,0.0039255327733701,0.0065844614553269,0.02157961,0.014995148544673,0.0001711507936507,0.0
2024-12-17,0.8753447324875896,15.87,13277.55,173.04,4.329,4.9650378584091547e-05,-0.0038509680449377,0.0042893001669041,0.0251856899999999,0.0208963898330958,0.0001717857142857,0.0
2024-12-18,1.1394389438943897,27.62,12886.21,168.92,4.343,5.1167034785203174e-05,-0.0299168917366555,0.0159546278282135,0.07628644,0.0603318121717864,0.0001723412698412,1.0
2024-12-19,0.9979287489643744,24.09,12875.09,163.1,4.333,3.412212307846691e-05,-0.0008633105231994,0.0157378439912043,0.05803281,0.0422949660087956,0.0001719444444444,1.0
2024-12-20,0.9134328358208954,18.36,13015.66,161.21,4.325,3.384667456419328e-05,0.0108588110625555,0.0172468605113005,0.0337089599999999,0.0164620994886994,0.0001716269841269,0.0
2024-12-23,0.8997319034852548,16.78,13111.3,170.65,4.321,3.3625878476044604e-05,0.0073212059261442,0.0175341905087424,0.02815684,0.0106226494912575,0.0001714682539682,0.0
2024-12-24,0.8296511627906977,14.27,13256.07,180.09,4.32,4.989563496348923e-05,0.0109811069326298,0.0188163981001766,0.02036329,0.0015468918998233,0.0001714285714285,0.0
2024-12-26,0.8485023041474655,14.73,13251.76,173.72,4.331,3.326513979671974e-05,-0.0003251869381975,0.0187478730860135,0.02169729,0.0029494169139864,0.000171865079365,0.0
2024-12-27,0.8826784726065301,15.95,13106.39,167.92,4.283,1.680686392321096e-05,-0.0110304762621587,0.0198844891288009,0.02544025,0.005555760871199,0.0001699603174603,0.0
2024-12-30,0.918690601900739,17.4,12966.22,161.08,4.283,1.6999719504612714e-05,-0.0107523834754056,0.0210740107649252,0.0302759999999999,0.0092019892350747,0.0001699603174603,0.0
2024-12-31,0.9141201264488936,17.35,12911.82,169.16,4.321,3.412911042470574e-05,-0.0042043431522208,0.0206610549837103,0.03010225,0.0094411950162896,0.0001714682539682,0.0
2025-01-02,0.9275737196068288,17.93,12883.58,157.2,4.311,1.7106444853082846e-05,-0.0021895385442416,0.0204875025434978,0.0321484899999999,0.0116609874565021,0.0001710714285714,0.0
2025-01-03,0.8891951488423373,16.13,13046.88,157.32,4.299,5.068809083301267e-05,0.0125953923589077,0.0228155938800538,0.02601769,0.0032020961199461,0.0001705952380952,0.0
2025-01-06,0.8896283971159178,16.04,13120.14,152.64,4.298,5.038671806107326e-05,0.0055994294660752,0.0227397660691907,0.0257281599999999,0.0029883939308092,0.0001705555555555,0.0
2025-01-07,0.928608650338718,17.82,12974.59,155.1,4.31,1.6985859272140482e-05,-0.0111556248673193,0.0240211289652348,0.03175524,0.0077341110347651,0.0001710317460317,0.0
2025-01-08,0.9152016546018614,17.7,12995.13,154.34,4.312,1.6965974737648185e-05,0.0015818425676499,0.0239338741849196,0.0313289999999999,0.0073951258150803,0.0001711111111111,0.0
2025-01-10,0.9318073438245112,19.54,12797.39,151.45,4.324,1.7226083735977374e-05,-0.0153334280071834,0.0260791501533672,0.03818116,0.0121020098466327,0.0001715873015873,0.0
2025-01-13,0.93930494371023,19.19,12817.56,170.55,4.323,5.158760865635382e-05,0.0015748618809551,0.0261888553078779,0.03682561,0.010636754692122,0.0001715476190476,0.0
2025-01-14,0.935967983991996,18.71,12832.29,167.64,4.314,5.153089706718153e-05,0.0011485448545909,0.0250679689485086,0.03500641,0.0099384410514913,0.0001711904761904,0.0
2025-01-15,0.884256719692814,16.12,13068.56,163.54,4.307,3.374046831766956e-05,0.0182446949713837,0.0296727573559451,0.02598544,-0.0036873173559451,0.0001709126984126,0.0
2025-01-16,0.904632152588556,16.6,13041.19,167.41,4.304,1.690031350080007e-05,-0.0020965355873045,0.029683773217871,0.027556,-0.002127773217871,0.0001707936507936,0.0
2025-01-17,0.8779549202858713,15.97,13171.75,165.35,4.3,1.6734861226148064e-05,0.0099615746767,0.0308476467166062,0.02550409,-0.0053435567166062,0.0001706349206349,0.0
2025-01-21,0.8605714285714287,15.06,13287.58,173.0,4.304,1.658608593249613e-05,0.0087553796658941,0.0317105921215699,0.02268036,-0.0090302321215699,0.0001707936507936,0.0
2025-01-22,0.8478382930937676,15.1,13369.36,179.98,4.322,1.6492533005666676e-05,0.0061357572600357,0.0200951484374491,0.022801,0.0027058515625508,0.0001715079365079,0.0
2025-01-23,0.8573059360730594,15.02,13440.61,179.32,4.318,3.2801941874929165e-05,0.0053151993636902,0.0201459195042587,0.02256004,0.0024141204957412,0.0001713492063492,0.0
2025-01-24,0.8461538461538461,14.85,13403.51,173.16,4.31,3.28985245013332e-05,-0.0027641080148081,0.0193478416486502,0.02205225,0.0027044083513497,0.0001710317460317,0.0
2025-01-27,0.9435951502372166,17.9,13208.19,168.55,4.298,1.6682932525864227e-05,-0.014679521219564,0.0218724333279068,0.032041,0.0101685666720931,0.0001705555555555,0.0
2025-01-28,0.9051296194153338,16.41,13329.95,163.64,4.29,1.6543281359842682e-05,0.0091762915104094,0.021428031922532,0.0269288099999999,0.0055007780774679,0.000170238095238,0.0
2025-01-29,0.912396694214876,16.56,13267.65,157.43,4.294,3.323363243599503e-05,-0.0046846417673469,0.0217208894425828,0.02742336,0.0057024705574171,0.0001703968253968,0.0
2025-01-30,0.8844221105527638,15.84,13337.85,156.7,4.291,3.3059490553220505e-05,0.0052771166044982,0.0203557004697702,0.0250905599999999,0.0047348595302297,0.0001702777777777,0.0
2025-01-31,0.8914812805208898,16.43,13271.38,158.47,4.289,1.6617230406193084e-05,-0.0049960211745175,0.0190726598764106,0.02699449,0.0079218301235893,0.0001701984126984,0.0
2025-02-03,0.9524296675191816,18.62,13171.21,155.45,4.296,1.673234110549056e-05,-0.0075764498990217,0.0196605176128505,0.03467044,0.0150099223871494,0.0001704761904761,0.0
2025-02-04,0.9232832618025753,17.21,13266.45,159.44,4.314,3.323639385123691e-05,0.0072049048211677,0.0199770041007678,0.02961841,0.0096414058992321,0.0001711904761904,0.0
2025-02-05,0.8780623608017817,15.77,13318.43,162.64,4.32,0.0,0.0039104984667841,0.0184307145925178,0.02486929,0.0064385754074821,0.0001714285714285,0.0
2025-02-06,0.8639910813823857,15.5,13366.96,163.57,4.323,3.2984250020585156e-05,0.0036372002433675,0.0182485428931262,0.024025,0.0057764571068737,0.0001715476190476,0.0
2025-02-07,0.8878153515834676,16.54,13241.34,166.53,4.333,1.664488960275457e-05,-0.0094422366939337,0.0177637806042801,0.02735716,0.0095933793957198,0.0001719444444444,0.0
2025-02-10,0.8672517827756445,15.81,13332.15,166.95,4.335,3.3069876649330024e-05,0.0068346576604661,0.0181759958170325,0.02499561,0.0068196141829674,0.0001720238095238,0.0
2025-02-11,0.8763676148796498,16.02,13337.0,168.81,4.324,1.6523053790786588e-05,0.0003637161329451,0.0145850991716705,0.02566404,0.0110789408283294,0.0001715873015873,0.0
2025-02-12,0.8678317859093393,15.89,13302.1,166.1,4.333,1.6573715744186198e-05,-0.0026202101397692,0.0148377071338973,0.02524921,0.0104115028661026,0.0001719444444444,0.0
2025-02-13,0.8464125560538116,15.1,13440.93,163.36,4.323,3.280409395108171e-05,0.0103826116291243,0.0157170225973044,0.022801,0.0070839774026955,0.0001715476190476,0.0
2025-02-14,0.8293093767546322,14.77,13443.1,167.97,4.318,4.920412330548825e-05,0.0001614341305758,0.0123325716326239,0.02181529,0.009482718367376,0.0001713492063492,0.0
2025-02-18,0.8613916947250281,15.35,13478.02,183.12,4.319,1.635684083974533e-05,0.0025942471624243,0.0121897314578392,0.02356225,0.0113725185421607,0.0001713888888888,0.0
2025-02-19,0.8516452872281093,15.27,13510.29,175.76,4.326,1.6315742243889194e-05,0.0023914069001637,0.0112763696097342,0.02331729,0.0120409203902657,0.0001716666666666,0.0
2025-02-20,0.869516935036091,15.66,13453.54,178.57,4.315,1.6382834066450258e-05,-0.0042093488791668,0.0108277103225557,0.0245235599999999,0.0136958496774442,0.0001712301587301,0.0
2025-02-21,0.9348049281314168,18.21,13224.45,165.0,4.305,5.0001250031205305e-05,-0.0171748794657483,0.0140912358910807,0.03316041,0.0190691741089192,0.0001708333333333,0.0
2025-02-24,0.9556898288016114,18.98,13159.21,156.93,4.295,1.6744949304650748e-05,-0.004945495277723,0.0138460827838481,0.03602404,0.0221779572161519,0.0001704365079365,0.0
2025-02-25,0.9700449326010984,19.43,13097.85,157.6,4.29,3.36587007741195e-05,-0.0046737990999484,0.0139743781651083,0.03775249,0.0237781118348916,0.000170238095238,0.0
2025-02-26,0.9670886075949368,19.1,13099.91,153.44,4.303,1.682269718321531e-05,0.0001572653543085,0.0115381737470581,0.036481,0.0249428262529418,0.0001707539682539,0.0
2025-02-27,0.9957587181903864,21.13,12892.2,149.32,4.3,1.7092702270749953e-05,-0.0159828826248974,0.0130675864932587,0.04464769,0.0315801035067412,0.0001706349206349,0.0
2025-02-28,0.9727452923686818,19.63,13098.22,157.94,4.299,3.366663300019442e-05,0.0158538657826768,0.016527877382006,0.03853369,0.0220058126179939,0.0001705952380952,0.0
2025-03-03,1.0270513976555455,22.78,12868.95,154.26,4.299,3.424716176643746e-05,-0.0176589099140708,0.0194367642149909,0.05189284,0.032456075785009,0.0001705952380952,0.0
2025-03-04,1.0320456540825285,23.51,12711.86,151.38,4.29,1.7334777898142413e-05,-0.0122820172402964,0.0206781928552207,0.05527201,0.0345938171447792,0.000170238095238,0.0
2025-03-05,1.009668508287293,21.93,12853.99,138.88,4.309,1.7151628975946395e-05,0.0111188530229341,0.0222692828352076,0.0480924899999999,0.0258232071647923,0.000170992063492,0.0
2025-03-06,1.049367088607595,24.87,12625.31,137.65,4.304,1.7457948167336016e-05,-0.0179507396654307,0.0245596839075365,0.06185169,0.0372920060924634,0.0001707936507936,0.0
2025-03-07,1.0345285524568393,23.37,12696.9,139.94,4.303,3.473186996384726e-05,0.0056543398650349,0.0248716787105126,0.05461569,0.0297440112894873,0.0001707539682539,0.0
2025-03-10,1.083203732503888,27.86,12356.69,146.04,4.283,1.7833100016925226e-05,-0.0271602523683041,0.0316644535511055,0.07761796,0.0459535064488944,0.0001699603174603,1.0
2025-03-11,1.0623520126282555,26.92,12263.31,132.79,4.288,1.7981892234503483e-05,-0.0075857390563295,0.0314391483581282,0.07246864,0.0410294916418717,0.0001701587301587,1.0
2025-03-12,1.0236586396282212,24.23,12323.5,128.69,4.303,1.7892128358112568e-05,0.0048961309124688,0.0309718678359457,0.05870929,0.0277374221640542,0.0001707539682539,1.0
2025-03-13,1.0249376558603491,24.66,12153.33,128.86,4.298,1.8131873113135464e-05,-0.0139048023590898,0.0319371629609216,0.06081156,0.0288743970390783,0.0001705555555555,1.0
2025-03-14,0.981957600360848,21.77,12414.28,130.3,4.294,1.7768774931796165e-05,0.0212442166075391,0.0398570629385827,0.04739329,0.0075362270614173,0.0001703968253968,0.0
2025-03-17,0.9629107981220658,20.51,12494.82,133.9,4.291,1.7636217736728138e-05,0.006466735504114,0.0386919304424323,0.04206601,0.0033740795575677,0.0001702777777777,0.0
2025-03-18,0.9877105143377332,21.7,12362.16,136.75,4.284,1.782324686106706e-05,-0.0106739643780236,0.0391076651487408,0.047089,0.0079813348512591,0.0001699999999999,0.0
2025-03-19,0.9553528564570332,19.9,12495.74,136.45,4.299,1.7636217736728138e-05,0.0107475921799149,0.041258567232607,0.0396009999999999,-0.001657567232607,0.0001705952380952,0.0
2025-03-20,0.9560598744567842,19.8,12469.97,140.79,4.292,3.535567812207519e-05,-0.0020644323075441,0.0408236760229071,0.039204,-0.0016196760229071,0.0001703174603174,0.0
2025-03-21,0.9474201474201476,19.28,12480.59,141.73,4.29,1.772436834780688e-05,0.0008512835496554,0.0410807860762397,0.03717184,-0.0039089460762397,0.000170238095238,0.0
2025-03-24,0.9180672268907564,17.48,12700.91,144.01,4.288,3.484259856096899e-05,0.0174990069760107,0.0436244912321573,0.03055504,-0.0130694512321573,0.0001701587301587,0.0
2025-03-25,0.900262467191601,17.15,12721.41,148.68,4.28,3.476144955241472e-05,0.0016127563844169,0.0436411821950688,0.0294122499999999,-0.0142289321950688,0.0001698412698412,0.0
2025-03-26,0.923891129032258,18.33,12579.48,144.75,4.296,1.7582572154464488e-05,-0.0112194858604162,0.0446605117989873,0.03359889,-0.0110616217989873,0.0001704761904761,0.0
2025-03-27,0.9396681749622926,18.69,12537.93,140.85,4.296,3.5272746512375106e-05,-0.0033084651562653,0.0446229719197878,0.03493161,-0.0096913619197878,0.0001704761904761,0.0
2025-03-28,0.983643798273512,21.65,12290.86,139.04,4.294,1.7990950551856044e-05,-0.0199025530889189,0.0461798195424404,0.04687225,0.0006924304575595,0.0001703968253968,0.0
2025-03-31,1.0141101502048249,22.28,12360.21,148.58,4.299,1.788444857772296e-05,0.0056265454567967,0.0427627749632685,0.04963984,0.0068770650367314,0.0001705952380952,0.0
2025-04-01,0.9977085242896424,21.77,12407.26,143.01,4.299,3.5647446751594e-05,0.0037993429766741,0.0402325719809104,0.04739329,0.0071607180190895,0.0001705952380952,0.0
2025-04-02,1.002797202797203,21.51,12491.1,144.27,4.305,1.7710242718860356e-05,0.0067346055627288,0.0395201221343872,0.04626801,0.0067478878656127,0.0001708333333333,0.0
2025-04-03,1.0964207450693937,30.02,11887.15,139.2,4.294,5.579786294179858e-05,-0.0495584059697156,0.0654238011031695,0.09012004,0.0246962388968304,0.0001703968253968,0.0
2025-04-04,1.2342685916643967,45.31,11178.48,136.54,4.253,3.9564004668516566e-05,-0.061467483328397,0.1037500426256308,0.20529961,0.1015495673743691,0.0001687698412698,1.0
2025-04-07,1.2738611713665942,46.98,11152.56,133.82,4.272,5.945715616416659e-05,-0.0023214334523026,0.1022120286492392,0.22071204,0.1185000113507607,0.0001695238095238,1.0
2025-04-08,1.2609638554216869,52.33,10977.5,135.68,4.301,4.0260890570862814e-05,-0.0158213445117256,0.0977587303722736,0.27384289,0.1760841596277264,0.0001706746031746,1.0
2025-04-09,1.123663101604278,33.62,12022.21,142.23,4.331,0.0001472103636096,0.0909080489860499,0.2093309869371326,0.11303044,-0.0963005469371326,0.000171865079365,1.0
2025-04-10,1.1402968356202745,40.72,11608.22,127.54,4.318,7.623549143318399e-05,-0.0350423045909055,0.2225926003864784,0.16581184,-0.0567807603864783,0.0001713492063492,1.0
2025-04-11,1.107637864936597,37.56,11818.53,128.64,4.323,3.745458631406009e-05,0.017955170912811,0.2258955910017934,0.14107536,-0.0848202310017934,0.0001715476190476,1.0
2025-04-14,1.0425244684441446,30.89,11912.45,135.71,4.311,3.710781676156708e-05,0.0079154329380478,0.2204450470235803,0.09541921,-0.1250258370235803,0.0001710714285714,1.0
2025-04-15,1.0386206896551724,30.12,11892.99,135.76,4.305,3.719477041524578e-05,-0.0016349207857246,0.2195112672895671,0.09072144,-0.1287898272895671,0.0001708333333333,1.0
2025-04-16,1.054945054945055,32.64,11626.79,131.32,4.313,1.9021351467004432e-05,-0.0226372327994419,0.2237379512074953,0.10653696,-0.1172009912074953,0.0001711507936507,1.0
2025-04-17,1.010221465076661,29.65,11642.4,130.02,4.319,5.6994670998209825e-05,0.0013416885024073,0.2215598974844782,0.08791225,-0.1336476474844782,0.0001713888888888,1.0
2025-04-21,1.0625196355639337,33.82,11368.98,125.77,4.323,1.9455820695138777e-05,-0.0237650126412291,0.2264978567842158,0.11437924,-0.1121186167842158,0.0001715476190476,1.0
2025-04-22,1.0380305602716469,30.57,11654.83,125.93,4.312,3.79557056916393e-05,0.0248320923910073,0.2365732440619929,0.09345249,-0.1431207540619929,0.0001711111111111,1.0
2025-04-23,1.015346181299072,28.45,11849.25,126.67,4.317,1.8678496381024337e-05,0.0165438880721734,0.2360845495566536,0.0809402499999999,-0.1551442995566536,0.0001713095238095,1.0
2025-04-24,1.0011346444780636,26.47,12089.31,129.02,4.306,5.489126954352917e-05,0.0200570165988061,0.2424526787930504,0.07006609,-0.1723865887930504,0.000170873015873,1.0
2025-04-25,0.97910918407568,24.84,12178.49,132.37,4.301,3.632796890322558e-05,0.007349689831214,0.2424760172082743,0.06170256,-0.1807734572082743,0.0001706746031746,1.0
2025-04-28,0.9774582199766808,25.15,12186.52,131.28,4.295,1.815096154737781e-05,0.0006591419655261,0.2424883672759255,0.06325225,-0.1792361172759255,0.0001704365079365,1.0
2025-04-29,0.9583663758921492,24.17,12257.27,134.29,4.288,3.609196231995851e-05,0.0057888075107001,0.2383999885798307,0.05841889,-0.1799810985798307,0.0001701587301587,1.0
2025-04-30,0.9671104150352388,24.7,12276.39,132.73,4.288,5.41179229540678e-05,0.0015586752136413,0.2380084214829065,0.061009,-0.1769994214829064,0.0001701587301587,1.0
2025-05-01,0.965084346802668,24.6,12353.87,134.07,4.297,3.581405343473873e-05,0.0062914687519622,0.2383419037889227,0.060516,-0.1778259037889227,0.0001705158730158,1.0
2025-05-02,0.945,22.68,12536.2,134.78,4.319,3.529577862484436e-05,0.0146510846680034,0.2404784403967402,0.05143824,-0.1890402003967402,0.0001713888888888,1.0
2025-05-05,0.9629327902240326,23.64,12456.84,134.12,4.316,5.323443558184833e-05,-0.006350589341309,0.208733531663627,0.05588496,-0.152848571663627,0.0001712698412698,1.0
2025-05-06,0.9744195198740654,24.76,12361.16,133.24,4.311,5.36850299295588e-05,-0.0077105708789866,0.1571230310013068,0.06130576,-0.0958172710013068,0.0001710714285714,1.0
2025-05-07,0.9534412955465588,23.55,12414.98,132.21,4.323,5.345544933754927e-05,0.0043445092458531,0.1564618270298732,0.05546025,-0.1010015770298732,0.0001715476190476,1.0
2025-05-08,0.946127946127946,22.48,12487.0,131.52,4.329,1.7701778143598428e-05,0.0057842951286662,0.1506690980635652,0.05053504,-0.1001340580635652,0.0001717857142857,1.0
2025-05-09,0.9366980325064156,21.9,12480.31,128.4,4.324,3.5442768789065575e-05,-0.000535900756638,0.055663682463457,0.0479609999999999,-0.007702682463457,0.0001715873015873,1.0
2025-05-12,0.9094955489614244,18.39,12888.13,137.67,4.388,3.4314734747069194e-05,0.0321545303499757,0.0474939065704414,0.03381921,-0.0136746965704414,0.0001741269841269,0.0
2025-05-13,0.9069188651070184,18.22,12981.89,140.52,4.381,3.4082582096582365e-05,0.0072485765783502,0.0453688696804774,0.03319684,-0.0121720296804774,0.0001738492063492,0.0
2025-05-14,0.9047619047619048,18.62,12995.78,138.94,4.389,1.7019683263678984e-05,0.0010693800732465,0.0453370199872044,0.03467044,-0.0106665799872044,0.0001741666666666,0.0
2025-05-15,0.8804938271604937,17.83,13052.72,140.85,4.362,1.6937525935571184e-05,0.0043718517912027,0.0448951169012809,0.0317908899999999,-0.0131042269012809,0.0001730952380952,0.0
2025-05-16,0.8585657370517928,17.24,13145.88,136.01,4.343,1.682694330159924e-05,0.0071118603786366,0.0352229127354043,0.02972176,-0.0055011527354043,0.0001723412698412,0.0
2025-05-19,0.8767520541324311,18.14,13159.31,135.94,4.345,1.6808558918376952e-05,0.001021091363862,0.0352605484014956,0.03290596,-0.0023545884014956,0.0001724206349206,0.0
2025-05-20,0.8730694980694981,18.09,13108.52,137.27,4.329,1.6868953534452147e-05,-0.0038670924316548,0.0251708236518584,0.03272481,0.0075539863481415,0.0001717857142857,0.0
2025-05-21,0.9210061782877316,20.87,12897.42,137.28,4.343,1.715339422786724e-05,-0.0162351091150297,0.0267267062280188,0.04355569,0.0168289837719811,0.0001723412698412,0.0
2025-05-22,0.9086021505376344,20.28,12891.95,139.04,4.344,1.7151628975946395e-05,-0.0004242057934743,0.025170376928676,0.04112784,0.0159574630713239,0.0001723809523809,0.0
2025-05-23,0.9365546218487394,22.29,12806.24,139.34,4.339,1.7265938619572506e-05,-0.0066705334354335,0.0229386263800092,0.0496844099999999,0.0267457836199907,0.0001721825396825,0.0
2025-05-27,0.8905589478628465,18.96,13069.32,140.89,4.311,0.0,0.0203349466026055,0.0264693451169266,0.03594816,0.0094788148830733,0.0001710714285714,0.0
2025-05-28,0.8910936778957083,19.31,12996.67,137.65,4.334,1.701533932838908e-05,-0.0055743279362741,0.0273601498718538,0.03728761,0.0099274601281461,0.0001719841269841,0.0
2025-05-29,0.8871415356151711,19.18,13049.01,137.26,4.344,1.694929618046069e-05,0.0040190980196817,0.0272762547798285,0.03678724,0.0095109852201714,0.0001723809523809,0.0
2025-05-30,0.8685687558465857,18.57,13049.13,138.25,4.342,1.6964535638232813e-05,9.19605765012685e-06,0.0273605879419895,0.03448449,0.0071239020580105,0.0001723015873015,0.0
2025-06-02,0.8705547652916074,18.36,13104.24,141.04,4.336,1.6874077198887838e-05,0.004214377081596,0.0272351988170441,0.0337089599999999,0.0064737611829558,0.0001720634920634,0.0
2025-06-03,0.8537644787644789,17.69,13180.45,141.6,4.332,1.6775286647695334e-05,0.005798829170568,0.0255336137818028,0.03129361,0.0057599962181971,0.0001719047619047,0.0
2025-06-04,0.8523717328170377,17.61,13181.97,137.46,4.345,3.356267830169795e-05,0.0001153156653813,0.0246116982832303,0.03101121,0.0063995117167696,0.0001724206349206,0.0
2025-06-05,0.8754144954997631,18.48,13113.47,140.09,4.338,1.6863832980582823e-05,-0.0052100405963859,0.0240310847452674,0.0341510399999999,0.0101199552547325,0.0001721428571428,0.0
2025-06-06,0.8376623376623377,16.77,13249.81,138.85,4.342,1.6693794082034815e-05,0.0103432665059019,0.0246943669946929,0.0281232899999999,0.003428923005307,0.0001723015873015,0.0
2025-06-09,0.8541562966650075,17.16,13263.13,139.18,4.351,1.667875876694702e-05,0.0010047924613915,0.0246450668089894,0.02944656,0.0048014931910105,0.0001726587301587,0.0
2025-06-10,0.850050150451354,16.95,13336.29,141.22,4.34,1.658251042623835e-05,0.0055008856947615,0.0245640341545956,0.0287302499999999,0.0041662158454043,0.0001722222222222,0.0
2025-06-11,0.8502463054187193,17.26,13299.87,141.39,4.358,1.6627730065414995e-05,-0.0027346301190816,0.0136779108734108,0.02979076,0.0161128491265891,0.0001729365079365,0.0
2025-06-12,0.8726392251815981,18.02,13350.85,145.6,4.371,1.656465599349159e-05,0.0038257924875211,0.013322442125556,0.03247204,0.0191495978744439,0.0001734523809523,0.0
2025-06-13,0.920424403183024,20.82,13202.26,149.65,4.358,1.6751962073542627e-05,-0.0111920261729541,0.0152084694390017,0.0433472399999999,0.0281387705609982,0.0001729365079365,0.0
2025-06-16,0.9001413094677343,19.11,13328.43,156.6,4.357,1.6591865008571198e-05,0.0095113207507977,0.0159944396253275,0.0365192099999999,0.0205247703746724,0.0001728968253968,0.0
2025-06-17,0.9428197293758184,21.6,13217.52,154.36,4.314,1.6734581175444666e-05,-0.0083561255374381,0.0164813767318034,0.046656,0.0301746232681965,0.0001711904761904,0.0
2025-06-18,0.91670459717797,20.14,13213.88,148.41,4.329,1.673766225069822e-05,-0.0002754299827487,0.0164766425342282,0.04056196,0.0240853174657717,0.0001717857142857,0.0
2025-06-20,0.9172597864768685,20.62,13185.84,149.19,4.307,1.6828642349263165e-05,-0.0021242657531381,0.016334597335108,0.04251844,0.0261838426648919,0.0001709126984126,0.0
2025-06-23,0.9087992667277726,19.83,13312.75,154.78,4.267,1.6663750510312202e-05,0.0095786961001496,0.0135875841229787,0.0393228899999999,0.0257353058770212,0.0001693253968253,0.0
2025-06-24,0.8718204488778055,17.48,13461.1,154.97,4.273,1.64811167604567e-05,0.0110818218669081,0.0146156296116039,0.03055504,0.015939410388396,0.0001695634920634,0.0
2025-06-25,0.8520589730554143,16.76,13461.17,152.24,4.296,1.64721579350353e-05,5.200155856050489e-06,0.0136821631841348,0.02808976,0.0144075968158651,0.0001704761904761,0.0
2025-06-26,0.8529562982005142,16.59,13569.29,147.46,4.316,1.6342940258367023e-05,0.0079999065221909,0.009925302940495,0.0275228099999999,0.0175975070595049,0.0001712698412698,0.0
2025-06-27,0.8390745501285347,16.32,13641.1,143.44,4.301,1.6263997202577688e-05,0.0052781431439676,0.0093252329815938,0.02663424,0.0173090070184061,0.0001706746031746,0.0
2025-06-30,0.86059670781893,16.73,13712.71,139.65,4.298,1.6183717561746395e-05,0.0052358456531973,0.00939557230262,0.02798929,0.0185937176973799,0.0001705555555555,0.0
2025-07-01,0.8626345463864683,16.83,13697.68,140.07,4.328,1.619262749687011e-05,-0.0010966645499276,0.0094758264117046,0.0283248899999999,0.0188490635882953,0.000171746031746,0.0
2025-07-02,0.8599483204134366,16.64,13763.04,139.28,4.334,1.611928269190555e-05,0.004760262908036,0.0095056028020531,0.02768896,0.0181833571979468,0.0001719841269841,0.0
2025-07-03,0.8526808953669963,16.38,13879.98,141.36,4.356,1.5991172872559793e-05,0.0084607758191641,0.0098229408601983,0.02683044,0.0170074991398016,0.0001728571428571,0.0
2025-07-07,0.880257298367145,17.79,13771.11,137.96,4.348,1.61088961378775e-05,-0.0078745946418933,0.0110616037158584,0.03164841,0.0205868062841415,0.0001725396825396,0.0
2025-07-08,0.8585291113381001,16.81,13761.33,140.8,4.352,1.6121101716076615e-05,-0.0007104347025795,0.0104777111351232,0.02825761,0.0177798988648767,0.0001726984126984,0.0
2025-07-09,0.8380651945320715,15.94,13844.92,141.75,4.362,1.602551261607023e-05,0.0060558935359744,0.0098288824300145,0.0254083599999999,0.0155794775699854,0.0001730952380952,0.0
2025-07-10,0.8340380549682874,15.78,13884.89,143.32,4.354,1.597916317139185e-05,0.0028828201622291,0.0098197456443375,0.0249008399999999,0.0150810943556624,0.0001727777777777,0.0
2025-07-11,0.8466701084150747,16.4,13839.11,144.96,4.342,1.6035791887478298e-05,-0.0033025567457612,0.0100133757919331,0.0268959999999999,0.0168826242080668,0.0001723015873015,0.0
2025-07-14,0.8669354838709677,17.2,13858.62,147.0,4.336,1.6007043098948985e-05,0.0014087799416578,0.0097498405785539,0.0295839999999999,0.019834159421446,0.0001720634920634,0.0
2025-07-15,0.8664007976071785,17.38,13805.08,143.72,4.338,3.214865538245939e-05,-0.0038707813379197,0.0100987471152555,0.0302064399999999,0.0201076928847444,0.0001721428571428,0.0
2025-07-16,0.8541562966650075,17.16,13849.17,146.71,4.338,1.6021147915233557e-05,0.0031886626726336,0.0079471271742049,0.02944656,0.021499432825795,0.0001721428571428,0.0
2025-07-17,0.8390045708481462,16.52,13923.75,151.12,4.341,3.1848148030163076e-05,0.0053707121374911,0.0073981104278848,0.0272910399999999,0.0198929295721151,0.0001722619047619,0.0
2025-07-18,0.838100102145046,16.41,13923.35,150.45,4.337,1.5934096576544857e-05,-2.8728305642399055e-05,0.0060400651834441,0.0269288099999999,0.0208887448165558,0.0001721031746031,0.0
2025-07-21,0.8534085084572013,16.65,13943.16,154.83,4.327,0.0,0.0014217785676845,0.005956896515619,0.0277222499999999,0.0217653534843809,0.0001717063492063,0.0
2025-07-22,0.8448540706605222,16.5,13952.35,153.44,4.316,1.590267562515947e-05,0.0006588874218448,0.0057214440206663,0.027225,0.0215035559793336,0.0001712698412698,0.0
2025-07-23,0.828125,15.37,14061.52,159.29,4.349,1.5769015461505317e-05,0.0077940357862171,0.0054498867050821,0.02362369,0.0181738032949178,0.0001725793650793,0.0
2025-07-24,0.8292025862068967,15.39,14071.45,159.41,4.353,1.5761807564077113e-05,0.0007059333168433,0.0045255244305732,0.02368521,0.0191596855694267,0.000172738095238,0.0
2025-07-25,0.8149563318777292,14.93,14128.12,145.57,4.351,1.5698217467392297e-05,0.0040192156325569,0.0045058018733812,0.0222904899999999,0.0177846881266187,0.0001726587301587,0.0
2025-07-28,0.8276431718061673,15.03,14130.61,147.65,4.339,1.570117523295191e-05,0.0001762287269416,0.0041170899584046,0.0225900899999999,0.0184730000415953,0.0001721825396825,0.0
2025-07-29,0.8513585508790624,15.98,14088.86,149.12,4.341,0.0,-0.0029589521320905,0.004236338339402,0.02553604,0.0212997016605979,0.0001722619047619,0.0
2025-07-30,0.8435967302452315,15.48,14071.34,154.08,4.343,1.5760565489075415e-05,-0.0012443095049415,0.004136382563498,0.0239630399999999,0.0198266574365019,0.0001723412698412,0.0
2025-07-31,0.8735632183908045,16.72,14020.46,152.29,4.341,1.582366112045905e-05,-0.0036224133474361,0.0043609855074767,0.0279558399999999,0.0235948544925232,0.0001722619047619,0.0
2025-08-01,0.9595103578154426,20.38,13796.83,155.49,4.28,1.6084540344033688e-05,-0.016078835708425,0.0076548137933987,0.0415344399999999,0.0338796262066012,0.0001698412698412,0.0
2025-08-04,0.8934217236104028,17.52,14000.69,159.31,4.251,0.0,0.0146677584842284,0.0094222694984358,0.03069504,0.0212727705015641,0.0001686904761904,0.0
2025-08-05,0.8911632551173241,17.85,13932.88,149.91,4.239,1.5922933004244902e-05,-0.0048550996669134,0.0089011144331336,0.03186225,0.0229611355668663,0.0001682142857142,0.0
2025-08-06,0.8613251155624038,16.77,14034.35,149.71,4.237,0.0,0.0072563815037905,0.0094084773473632,0.0281232899999999,0.0187148126526367,0.0001681349206349,0.0
2025-08-07,0.8563307493540051,16.57,14023.35,147.03,4.24,1.581540262059783e-05,-0.0007840985229421,0.0090873115460618,0.02745649,0.0183691784539381,0.0001682539682539,0.0
2025-08-08,0.8101604278074866,15.15,14134.02,147.53,4.243,0.0,0.007860859866276,0.0096698270253873,0.02295225,0.0132824229746126,0.000168373015873,0.0
2025-08-11,0.8441558441558441,16.25,14100.03,148.55,4.25,1.5727350649132093e-05,-0.0024077322538208,0.0095858686081902,0.02640625,0.0168203813918097,0.0001686507936507,0.0
2025-08-12,0.8031624863685932,14.73,14260.43,151.45,4.228,1.5560932722293224e-05,0.0113116437677849,0.0108922710459913,0.02169729,0.0108050189540086,0.0001677777777777,0.0
2025-08-13,0.7905073649754502,14.49,14306.96,153.13,4.207,1.5507121645601645e-05,0.0032575633368629,0.0105622220571677,0.02099601,0.0104337879428322,0.0001669444444444,0.0
2025-08-14,0.8020551649540293,14.83,14311.81,150.62,4.218,1.5505438532727474e-05,0.0003389383992694,0.0105528002476645,0.0219928899999999,0.0114400897523354,0.0001673809523809,0.0
2025-08-15,0.8095493562231759,15.09,14273.57,153.79,4.217,1.5541102330374157e-05,-0.0026754951524891,0.0105579841182677,0.02277081,0.0122128258817322,0.0001673412698412,0.0
2025-08-18,0.8124661246612467,14.99,14273.22,153.95,4.228,1.554545101238336e-05,-2.4521145811300084e-05,0.0105578560113463,0.02247001,0.0119121539886536,0.0001677777777777,0.0
2025-08-19,0.8238095238095239,15.57,14190.8,153.17,4.204,3.126172314615138e-05,-0.0057911869334674,0.011138558065143,0.02424249,0.0131039319348569,0.0001668253968253,0.0
2025-08-20,0.8214659685863873,15.69,14156.65,144.56,4.216,0.0,-0.0024093889588306,0.0112654040342623,0.0246176099999999,0.0133522059657376,0.0001673015873015,0.0
2025-08-21,0.8552292632663576,16.6,14101.79,144.32,4.235,1.5733536820395234e-05,-0.0038827386735341,0.0108118246614362,0.027556,0.0167441753385637,0.0001680555555555,0.0
2025-08-22,0.8006756756756757,14.22,14316.55,146.39,4.191,1.549798913589552e-05,0.0151144710372557,0.0135099713395126,0.0202208399999999,0.0067108686604873,0.0001663095238095,0.0
2025-08-25,0.820754716981132,14.79,14255.76,149.99,4.197,1.556456570969113e-05,-0.0042551751485659,0.0136649540046365,0.02187441,0.0082094559953634,0.0001665476190476,0.0
2025-08-26,0.8167597765363128,14.62,14315.6,156.53,4.179,1.550087192403163e-05,0.0041888161779439,0.0138326774947801,0.0213744399999999,0.0075417625052198,0.0001658333333333,0.0
2025-08-27,0.8277591973244146,14.85,14349.86,150.88,4.176,1.546539231832557e-05,0.0023903343126261,0.0136936926612092,0.02205225,0.0083585573387907,0.0001657142857142,0.0
2025-08-28,0.8143340857787811,14.43,14395.51,152.5,4.177,3.0822815047670276e-05,0.0031761663444616,0.0136921993556214,0.0208224899999999,0.0071302906443785,0.0001657539682539,0.0
2025-08-29,0.8370572207084468,15.36,14304.68,152.1,4.146,0.0,-0.006329595953843,0.0141012614286554,0.0235929599999999,0.0094916985713445,0.0001645238095238,0.0
2025-09-02,0.8859649122807018,17.17,14208.5,151.48,4.127,1.5616825567852617e-05,-0.0067463793790454,0.0111402591055404,0.02948089,0.0183406308944595,0.0001637698412698,0.0
2025-09-03,0.8637083993660857,16.35,14281.23,150.22,4.122,1.553675608068378e-05,0.0051057105838093,0.009040422741486,0.02673225,0.0176918272585139,0.0001635714285714,0.0
2025-09-04,0.831973898858075,15.3,14401.71,153.96,4.081,1.5408676625793977e-05,0.0084008618758709,0.009211632215959,0.023409,0.0141973677840409,0.0001619444444444,0.0
2025-09-05,0.8241042345276872,15.18,14358.11,148.16,4.009,1.545129365954759e-05,-0.0030320101726324,0.0090090991383923,0.0230432399999999,0.0140341408616076,0.0001590873015873,0.0
2025-09-08,0.8261344997266266,15.11,14389.13,148.82,4.024,1.541318906586966e-05,0.0021581210606375,0.0089743188668736,0.0228312099999999,0.0138568911331263,0.0001596825396825,0.0
2025-09-09,0.823207443897099,15.04,14428.25,150.93,4.025,0.0,0.0027150298903454,0.0084317189177159,0.0226201599999999,0.014188441082284,0.0001597222222222,0.0
2025-09-10,0.8324295010845986,15.35,14471.71,151.92,4.035,1.5332132316287943e-05,0.0030076188867224,0.0083211658307567,0.02356225,0.0152410841692432,0.000160119047619,0.0
2025-09-11,0.8158624514697725,14.71,14594.64,147.63,4.028,1.5206928276508952e-05,0.0084586288235624,0.0076946588624781,0.02163841,0.0139437511375218,0.0001598412698412,0.0
2025-09-12,0.8172757475083057,14.76,14588.18,149.49,4.028,1.5211554696933968e-05,-0.000442726241365,0.007658069666113,0.02178576,0.0141276903338869,0.0001598412698412,0.0
2025-09-15,0.8467350242849433,15.69,14660.13,152.11,3.994,3.026405386998836e-05,0.0049199523073071,0.0078420195420403,0.0246176099999999,0.0167755904579596,0.000158492063492,0.0
2025-09-16,0.8651507139079851,16.36,14641.77,148.21,3.964,1.5153007493320696e-05,-0.0012531612218136,0.0077293560974261,0.0267649599999999,0.0190356039025738,0.0001573015873015,0.0
2025-09-17,0.8524945770065075,15.72,14627.8,146.37,3.972,3.034164694456856e-05,-0.0009545750799075,0.0077687356719951,0.02471184,0.0169431043280048,0.000157619047619,0.0
2025-09-18,0.8477321814254859,15.7,14698.08,148.19,3.976,1.509923975326469e-05,0.0047930452246825,0.0072567376975578,0.024649,0.0173922623024421,0.0001577777777777,0.0
2025-09-19,0.836038961038961,15.45,14769.93,146.97,3.971,1.5068978247916194e-05,0.0048764841862942,0.007144289492386,0.02387025,0.0167259605076139,0.0001575793650793,0.0
2025-09-22,0.849604221635884,16.1,14836.27,145.46,3.942,1.4998012763295222e-05,0.0044815012416453,0.0067397547837069,0.025921,0.0191812452162931,0.0001564285714285,0.0
2025-09-23,0.8559670781893004,16.64,14754.63,146.53,3.944,1.507738467684024e-05,-0.0055179266020623,0.0052466262135193,0.02768896,0.0224423337864806,0.0001565079365079,0.0
2025-09-24,0.845350052246604,16.18,14712.72,145.87,3.958,1.5127792023101508e-05,-0.0028445060895237,0.0050682171337564,0.02617924,0.0211110228662435,0.0001570634920634,0.0
2025-09-25,0.8602261048304213,16.74,14639.18,145.89,3.977,1.519883880870119e-05,-0.0050109297100909,0.0054610504339453,0.0280227599999999,0.0225617095660546,0.0001578174603174,0.0
2025-09-26,0.830526887561108,15.29,14725.98,141.51,3.955,1.5111561099805671e-05,0.0059117847680079,0.0057275251292289,0.0233784099999999,0.017650884870771,0.0001569444444444,0.0
2025-09-29,0.8592750533049041,16.12,14764.92,143.03,3.96,1.5069205325443457e-05,0.0026408161589057,0.0057047366230739,0.02598544,0.020280703376926,0.0001571428571428,0.0
2025-09-30,0.8673415023974428,16.28,14826.8,143.44,3.939,1.5013098928801737e-05,0.0041822570770908,0.0050344075797105,0.02650384,0.0214694324202894,0.0001563095238095,0.0
2025-10-01,0.8683368869936033,16.29,14877.96,143.68,3.935,1.4958751243432593e-05,0.0034445691925929,0.0041097125533079,0.0265364099999999,0.022426697446692,0.0001561507936507,0.0
2025-10-02,0.8803599788247749,16.63,14887.32,145.93,3.948,0.0,0.0006289206960944,0.0040215476709799,0.02765569,0.02363414232902,0.0001566666666666,0.0
2025-10-03,0.8726415094339622,16.65,14889.84,144.65,3.956,2.9886431560044545e-05,0.0001692572432036,0.0035025782862391,0.0277222499999999,0.0242196717137608,0.0001569841269841,0.0
2025-10-06,0.8561715481171548,16.37,14945.23,142.5,3.947,1.4889926220402034e-05,0.0037130842085138,0.0032633695458514,0.02679769,0.0235343204541485,0.0001566269841269,0.0
2025-10-07,0.8746829020801622,17.24,14888.37,145.22,3.923,1.494466736905244e-05,-0.0038118141188203,0.0036534884919093,0.02972176,0.0260682715080906,0.0001556746031746,0.0
2025-10-08,0.8463136033229491,16.3,14975.13,145.76,3.937,1.4857847543612842e-05,0.0058104538379355,0.0038535614280066,0.026569,0.0227154385719933,0.0001562301587301,0.0
2025-10-09,0.847781217750258,16.43,14934.38,145.34,3.956,1.4899021879369463e-05,-0.0027248875166527,0.0040693407803829,0.02699449,0.022925149219617,0.0001569841269841,0.0
2025-10-10,0.9495835160017536,21.66,14531.41,138.86,3.946,0.0,-0.0273534241027047,0.013178188828915,0.04691556,0.0337373711710849,0.0001565873015873,0.0
2025-10-13,0.9092212135690396,19.03,14758.07,142.81,3.946,1.5081477683341137e-05,0.01547753833536,0.0161249766775306,0.03621409,0.0200891133224693,0.0001565873015873,0.0
2025-10-14,0.9446209714026328,20.81,14735.21,146.48,3.939,1.5101063869935902e-05,-0.0015501839454851,0.0159150399396456,0.0433056099999999,0.0273905700603543,0.0001563095238095,0.0
2025-10-15,0.9407474931631724,20.64,14795.66,144.98,3.957,1.503567213211981e-05,0.0040940266530438,0.0160565084956515,0.04260096,0.0265444515043484,0.0001570238095238,0.0
2025-10-16,1.0176919983916364,25.31,14702.57,147.14,3.939,1.5136035115587705e-05,-0.006311586086927,0.0165969559835734,0.0640596099999999,0.0474626540164265,0.0001563095238095,0.0
2025-10-17,0.9406971480307832,20.78,14780.36,147.63,3.921,1.5053099809735727e-05,0.0052769640272439,0.0166552554182661,0.04318084,0.0265255845817338,0.0001555952380952,0.0
2025-10-20,0.8975873953717382,18.23,14938.29,151.31,3.879,1.4897246244018242e-05,0.0106284428596126,0.0177205873389429,0.03323329,0.015512702661057,0.0001539285714285,0.0
2025-10-21,0.8939469734867435,17.87,14938.83,149.95,3.875,0.0,3.614806246761483e-05,0.0175161528215555,0.03193369,0.0144175371784444,0.0001537698412698,0.0
2025-10-22,0.9158050221565732,18.6,14859.33,152.85,3.88,1.4974206928722164e-05,-0.0053359125950506,0.0174897363299995,0.034596,0.0171062636700005,0.0001539682539682,0.0
2025-10-23,0.8804071246819339,17.3,14946.13,154.34,3.883,1.488970451380038e-05,0.005824452659698,0.0176965840035966,0.029929,0.0122324159964033,0.0001540873015873,0.0
2025-10-24,0.8526041666666667,16.37,15064.91,153.49,3.852,1.4768758168955927e-05,0.0079157950025753,0.0178252992099399,0.02679769,0.00897239079006,0.0001528571428571,0.0
2025-10-27,0.8314902580305424,15.79,15250.14,148.5,3.818,1.4594811544482658e-05,0.0122204848869116,0.0190257270886646,0.0249324099999999,0.0059066829113353,0.0001515079365079,0.0
2025-10-28,0.8398976982097187,16.42,15285.1,140.37,3.803,1.4556570471983558e-05,0.0022898143440388,0.0190185785638064,0.02696164,0.0079430614361936,0.0001509126984126,0.0
2025-10-29,0.8532526475037823,16.92,15284.53,139.45,3.879,1.4549793029180929e-05,-3.72919135800158e-05,0.0189628425007242,0.02862864,0.0096657974992757,0.0001539285714285,0.0
2025-10-30,0.8463463463463463,16.91,15133.23,141.15,3.843,1.4706639312304167e-05,-0.0099482176075615,0.0204413541997779,0.02859481,0.008153455800222,0.0001525,0.0
2025-10-31,0.8511469009272817,17.44,15173.95,142.78,3.816,1.4663509124355217e-05,0.0026871536383497,0.0204827928483956,0.03041536,0.0099325671516043,0.0001514285714285,0.0
2025-11-03,0.8424926398429834,17.17,15201.0,141.99,3.867,1.4633682346643993e-05,0.0017810733614849,0.0204839577377253,0.02948089,0.0089969322622746,0.0001534523809523,0.0
2025-11-04,0.8924377642085487,19.0,15022.75,144.01,3.875,1.4807246666505127e-05,-0.0117954963702975,0.0223039172999725,0.0361,0.0137960827000274,0.0001537698412698,0.0
2025-11-05,0.8742718446601941,18.01,15077.71,143.64,3.884,1.4760038671287897e-05,0.0036517754928935,0.022209108212678,0.03243601,0.0102269017873219,0.0001541269841269,0.0
2025-11-06,0.9133489461358312,19.5,14909.28,143.54,3.852,1.4919917343644347e-05,-0.0112336564122489,0.0234579375663916,0.038025,0.0145670624336083,0.0001528571428571,0.0
2025-11-07,0.9004247286455874,19.08,14929.63,141.27,3.851,2.9809813390541064e-05,0.0013639910543011,0.0233994165635563,0.0364046399999999,0.0130052234364436,0.0001528174603174,0.0
2025-11-10,0.8695652173913044,17.6,15161.47,142.94,3.873,1.4677283234859876e-05,0.0154095122860337,0.0158830042989254,0.030976,0.0150929957010745,0.0001536904761904,0.0
2025-11-11,0.8558692421991084,17.28,15192.94,143.45,3.84,1.4643754072780784e-05,0.0020735050541412,0.0134937115958756,0.02985984,0.0163661284041243,0.0001523809523809,0.0
2025-11-12,0.86086529006883,17.51,15203.13,138.57,3.875,1.463475314828796e-05,0.0006704814393266,0.0133887505048465,0.03066001,0.0172712594951534,0.0001537698412698,0.0
2025-11-13,0.9153318077803204,20.0,14951.87,142.49,3.885,2.9759247686360592e-05,-0.0166649520795994,0.0171970271890106,0.04,0.0228029728109893,0.0001541666666666,0.0
2025-11-14,0.9189063948100092,19.83,14947.52,137.93,3.879,1.488194894001965e-05,-0.0002909758380149,0.0165985326307726,0.0393228899999999,0.0227243573692272,0.0001539285714285,0.0
2025-11-17,0.9654874892148404,22.38,14812.02,140.9,3.864,3.0044465809541363e-05,-0.0091063864814145,0.0174536001250463,0.05008644,0.0326328398749536,0.0001533333333333,0.0
2025-11-18,1.0061124694376529,24.69,14690.81,142.98,3.857,1.5147957676592477e-05,-0.0082168850906318,0.0167162741126917,0.06095961,0.0442433358873082,0.0001530555555555,0.0
2025-11-19,0.9862442684451856,23.66,14746.44,143.05,3.875,4.527379326472751e-05,0.0037795695062235,0.0169628858248543,0.05597956,0.0390166741751456,0.0001537698412698,0.0
2025-11-20,1.0256211180124224,26.42,14518.95,144.96,3.866,3.065040152023204e-05,-0.0155470049903186,0.0194282877865773,0.06980164,0.0503733522134226,0.0001534126984126,1.0
2025-11-21,0.9778797996661102,23.43,14662.68,148.34,3.828,3.034579028038827e-05,0.0098507973867991,0.0203257610465997,0.05489649,0.0345707289534002,0.0001519047619047,1.0
2025-11-24,0.9391304347826086,20.52,14889.67,148.6,3.82,1.4952041327428632e-05,0.0153621938060649,0.0226476309654888,0.04210704,0.0194594090345111,0.0001515873015873,0.0
2025-11-25,0.8953207911239749,18.56,15025.54,151.68,3.776,1.481470507624522e-05,0.0090837359501345,0.0217556780574009,0.0344473599999999,0.012691681942599,0.0001498412698412,0.0
2025-11-26,0.8586413586413587,17.19,15129.57,145.04,3.843,1.4713563698682262e-05,0.0068996871642167,0.0223587716367785,0.02954961,0.0071908383632214,0.0001525,0.0
2025-11-28,0.8324847250509165,16.35,15211.14,143.0,3.803,7.316627034930239e-05,0.0053769471133823,0.0227718996279379,0.02673225,0.003960350372062,0.0001509126984126,0.0
2025-12-01,0.8526211671612265,17.24,15132.0,144.86,3.772,1.4699937525252148e-05,-0.0052163473820913,0.0218816604262155,0.02972176,0.0078400995737844,0.0001496825396825,0.0
2025-12-02,0.8361895161290323,16.59,15169.63,144.94,3.752,1.4673837281805035e-05,0.0024836960483087,0.0218683599318838,0.0275228099999999,0.0056544500681161,0.0001488888888888,0.0
2025-12-03,0.8158295281582951,16.08,15215.34,149.23,3.711,1.46238383189965e-05,0.0030087266488815,0.0219419658182047,0.0258566399999999,0.0039146741817951,0.0001472619047619,0.0
2025-12-04,0.8096459722934839,15.78,15232.81,148.91,3.706,2.9222249820987145e-05,0.0011475246881705,0.0200903145365007,0.0249008399999999,0.0048105254634992,0.0001470634920634,0.0
2025-12-05,0.7996886351842242,15.41,15264.64,148.83,3.701,1.458480700652802e-05,0.0020873883919766,0.0200017874743126,0.02374681,0.0037450225256873,0.000146865079365,0.0
2025-12-08,0.8367654445002511,16.66,15212.84,150.63,3.7,1.462768875202543e-05,-0.0033992344431486,0.0184046548796456,0.02775556,0.0093509051203543,0.0001468253968253,0.0
2025-12-09,0.8431274900398407,16.93,15199.66,150.32,3.708,1.4640109508005806e-05,-0.0008667489239705,0.0184416482879265,0.02866249,0.0102208417120734,0.0001471428571428,0.0
2025-12-10,0.8149870801033591,15.77,15302.75,147.55,3.673,1.454640667387815e-05,0.0067594916284399,0.0161666134009796,0.02486929,0.0087026765990203,0.0001457539682539,0.0
2025-12-11,0.7795275590551181,14.85,15334.74,148.32,3.65,1.451073431569685e-05,0.0020882919342022,0.0161672240920049,0.02205225,0.005885025907995,0.0001448412698412,0.0
2025-12-12,0.8176623376623376,15.74,15172.13,153.59,3.615,1.4668671385075951e-05,-0.0106606505381974,0.0176428258214181,0.02477476,0.0071319341785818,0.0001434523809523,0.0
2025-12-15,0.8384146341463414,16.5,15150.46,161.86,3.622,1.4690651603838528e-05,-0.001429297674712,0.0140673288911752,0.027225,0.0131576711088247,0.0001437301587301,0.0
2025-12-16,0.8378240976105744,16.48,15114.92,156.99,3.617,1.473068622900458e-05,-0.0023485590688602,0.0141657986777243,0.02715904,0.0129932413222756,0.0001435317460317,0.0
2025-12-17,0.8774900398406376,17.62,14940.01,153.49,3.624,1.4896358585130316e-05,-0.0116394864133837,0.0148579491379138,0.03104644,0.0161884908620861,0.0001438095238095,0.0
2025-12-18,0.8611536498213375,16.87,15058.71,155.38,3.608,1.4782512287949896e-05,0.0079137122839374,0.0144736709058058,0.02845969,0.0139860190941941,0.0001431746031746,0.0
2025-12-19,0.816986301369863,14.91,15191.85,155.87,3.607,1.4693025955216986e-05,0.0088025385111192,0.0151057586123573,0.02223081,0.0071250513876426,0.0001431349206349,0.0
2025-12-22,0.7914558740865655,14.08,15290.55,159.93,3.616,1.4602910360021474e-05,0.0064758906734967,0.0115112110854034,0.01982464,0.0083134289145965,0.000143492063492,0.0
2025-12-23,0.7847533632286996,14.0,15360.18,160.53,3.591,1.45364683649975e-05,0.0045434558838185,0.0108615094851462,0.0196,0.0087384905148537,0.0001425,0.0
2025-12-24,0.7580191333708498,13.47,15409.7,161.3,3.642,1.4486769957323288e-05,0.0032187348636595,0.0086072192723445,0.01814409,0.0095368707276554,0.0001445238095238,0.0
2025-12-26,0.7653348339898706,13.6,15406.48,151.45,3.629,1.4487609471985896e-05,-0.0002089811269093,0.007899094305522,0.018496,0.0105969056944779,0.0001440079365079,0.0
2025-12-29,0.7968574635241301,14.2,15353.16,150.47,3.625,1.4538370394049306e-05,-0.0034668840991429,0.0076976808959702,0.0201639999999999,0.0124663191040297,0.0001438492063492,0.0
2025-12-30,0.8064153066966798,14.33,15332.07,148.33,3.555,2.9114624275912736e-05,-0.0013746029161818,0.0074487092780451,0.02053489,0.0130861807219548,0.0001410714285714,0.0
2025-12-31,0.8223322332233223,14.95,15220.45,148.7,3.633,1.4666089800454507e-05,-0.0073067947657713,0.0077958065625011,0.02235025,0.0145544434374988,0.0001441666666666,0.0
2026-01-02,0.8052164261931187,14.51,15252.82,141.86,3.618,1.4637752226754746e-05,0.0021244856344593,0.0077773845420811,0.02105401,0.0132766254579188,0.0001435714285714,0.0
2026-01-05,0.8133187772925764,14.9,15349.78,142.45,3.597,1.4540484343520258e-05,0.006336737691966,0.0081407808594924,0.022201,0.0140602191405075,0.000142738095238,0.0
2026-01-06,0.81267217630854,14.75,15446.03,146.23,3.586,1.4454940337220612e-05,0.0062508707126652,0.0085470141424592,0.0217562499999999,0.0132092358575407,0.0001423015873015,0.0
2026-01-07,0.827326519634212,15.38,15392.99,143.57,3.594,1.4501475525121493e-05,-0.0034398014138234,0.0087150656958909,0.02365444,0.0149393743041091,0.000142619047619,0.0
2026-01-08,0.8401305057096248,15.45,15394.18,147.08,3.592,1.4504209846894871e-05,7.730492933216242e-05,0.0085273672043903,0.02387025,0.0153428827956096,0.0001425396825396,0.0
2026-01-09,0.8104026845637584,14.49,15494.51,146.04,3.598,4.322673141066507e-05,0.006496251724348,0.0089124100626392,0.02099601,0.0120835999373607,0.0001427777777777,0.0
2026-01-12,0.8294020844761382,15.12,15520.26,149.75,3.617,1.4385280980487668e-05,0.0016604995566059,0.0084734070677073,0.02286144,0.0143880329322926,0.0001435317460317,0.0
2026-01-13,0.8477453580901856,15.98,15490.45,151.6,3.64,1.4414310527478585e-05,-0.0019225621846187,0.008523309121338,0.02553604,0.0170127308786619,0.0001444444444444,0.0
2026-01-14,0.8647392875580795,16.75,15408.15,152.52,3.645,1.448362264384713e-05,-0.0053271147965755,0.0073671617820566,0.02805625,0.0206890882179433,0.0001446428571428,0.0
2026-01-15,0.8380952380952381,15.84,15448.3,151.57,3.648,1.4447004774886182e-05,0.0026023747164152,0.00734231897836,0.0250905599999999,0.0177482410216399,0.0001447619047619,0.0
2026-01-16,0.8351764086361243,15.86,15439.47,153.59,3.635,1.4459329520876965e-05,-0.0005717473446959,0.0072335361106558,0.0251539599999999,0.0179204238893441,0.000144246031746,0.0
2026-01-20,0.944078947368421,20.09,15121.52,154.96,3.653,2.951506744190226e-05,-0.0208083227833897,0.0111654536208048,0.04036081,0.0291953563791951,0.0001449603174603,0.0
2026-01-21,0.8729338842975206,16.9,15297.02,144.41,3.673,1.4591830034516378e-05,0.0115391433869733,0.011993645172857,0.0285609999999999,0.0165673548271429,0.0001457539682539,0.0
2026-01-22,0.8341333333333334,15.64,15381.22,141.31,3.67,1.4515368146011405e-05,0.0054892465424928,0.0114528407296346,0.02446096,0.0130081192703653,0.0001456349206349,0.0
2026-01-23,0.8402088772845954,16.09,15387.63,144.02,3.669,1.450989211910386e-05,0.0004166551621352,0.0109946668073921,0.0258888099999999,0.0148941431926078,0.0001455952380952,0.0
2026-01-26,0.846879916098584,16.15,15464.66,148.1,3.658,2.8871694190988867e-05,0.0049934808768425,0.0110452049061479,0.0260822499999999,0.015037045093852,0.0001451587301587,0.0
2026-01-27,0.8506763787721126,16.35,15527.82,147.25,3.649,2.8754636685139333e-05,0.0040758330689673,0.0111165690692842,0.02673225,0.0156156809307157,0.0001448015873015,0.0
2026-01-28,0.8471502590673575,16.35,15526.69,144.98,3.671,1.4379695869419285e-05,-7.277525876261132e-05,0.0111148262959871,0.02673225,0.0156174237040128,0.0001456746031746,0.0
2026-01-29,0.8581596339603456,16.88,15506.84,143.74,3.665,1.4409948628520031e-05,-0.0012792616700105,0.0109607285438818,0.0284934399999999,0.0175327114561181,0.0001454365079365,0.0
2026-01-30,0.8689586447433981,17.44,15441.15,143.65,3.66,0.0,-0.0042451932195642,0.0111933581914054,0.03041536,0.0192220018085945,0.000145238095238,0.0
2026-02-02,0.8435725348477026,16.34,15525.11,146.56,3.666,2.8757530878372623e-05,0.0054226894523786,0.0106856479304312,0.0266995599999999,0.0160139120695687,0.0001454761904761,0.0
2026-02-03,0.8845208845208845,18.0,15394.75,143.85,3.672,1.4504209846894871e-05,-0.0084321709346971,0.0117088560338684,0.0324,0.0206911439661315,0.0001457142857142,0.0
2026-02-04,0.903976721629486,18.64,15316.75,143.16,3.681,8.745208354597666e-05,-0.0050795413907651,0.0115767026143924,0.03474496,0.0231682573856075,0.0001460714285714,0.0
2026-02-05,0.9697104677060132,21.77,15129.23,137.16,3.665,2.9522909778128683e-05,-0.0123183665770049,0.0127414382745497,0.04739329,0.0346518517254502,0.0001454365079365,0.0
2026-02-06,0.8718703976435935,17.76,15427.83,140.31,3.674,1.4479218701345706e-05,0.0195443871204555,0.0176599470680277,0.03154176,0.0138818129319722,0.0001457936507936,0.0
2026-02-09,0.8641114982578397,17.36,15501.65,145.23,3.68,4.323233778879044e-05,0.0047734485138877,0.0179210002178602,0.03013696,0.0122159597821397,0.0001460317460317,0.0
2026-02-10,0.8707782672540382,17.79,15451.32,145.71,3.676,2.8898393249309052e-05,-0.0032520332850984,0.0175468826941695,0.03164841,0.0141015273058304,0.000145873015873,0.0
2026-02-11,0.8664702994599901,17.65,15451.0,143.78,3.693,2.8905493489011305e-05,-2.0710419153768697e-05,0.0175048193814697,0.0311522499999999,0.0136474306185302,0.0001465476190476,0.0
2026-02-12,0.939106901217862,20.82,15210.3,142.5,3.686,4.403637404492109e-05,-0.0157008962257148,0.0203765207924204,0.0433472399999999,0.0229707192075795,0.0001462698412698,0.0
2026-02-13,0.9291835814163284,20.6,15220.13,139.35,3.677,1.4671469127547744e-05,0.0006460638474001,0.0201336268642901,0.042436,0.0223023731357098,0.0001459126984126,0.0
2026-02-17,0.9393518518518518,20.29,15237.84,140.28,3.677,0.0,0.0011629141401,0.0200428839149515,0.0411684099999999,0.0211255260850484,0.0001459126984126,0.0
2026-02-18,0.9172510518934082,19.62,15323.23,139.17,3.691,2.9145172102214756e-05,0.0055881696688348,0.0205108624166918,0.03849444,0.0179835775833081,0.0001464682539682,0.0
2026-02-19,0.9245886654478976,20.23,15282.09,141.19,3.681,2.92167002658454e-05,-0.0026884231093602,0.015113628328695,0.04092529,0.0258116616713049,0.0001460714285714,0.0
2026-02-20,0.9051683262209578,19.09,15388.64,145.52,3.679,2.9012417314584262e-05,0.0069480203856454,0.0140897264266735,0.0364428099999999,0.0223530835733264,0.000145992063492,0.0
2026-02-23,0.9489611562782296,21.01,15229.28,141.43,3.671,1.4653839672326818e-05,-0.010409684200524,0.0150376842744429,0.04414201,0.029104325725557,0.0001456746031746,0.0
2026-02-24,0.9161199625117152,19.55,15346.74,141.94,3.668,4.3644298963408206e-05,0.0076831829530119,0.0158341750449459,0.03822025,0.022386074955054,0.0001455555555555,0.0
2026-02-25,0.880648330058939,17.93,15472.06,146.05,3.674,1.4428452909123694e-05,0.0081327430488577,0.0163574897466357,0.0321484899999999,0.0157910002533642,0.0001457936507936,0.0
2026-02-26,0.8952426717924075,18.63,15389.13,146.57,3.674,1.4506945200001313e-05,-0.0053744006380617,0.0164639550044925,0.03470769,0.0182437349955074,0.0001457936507936,0.0
2026-02-27,0.9211502782931354,19.86,15323.8,146.67,3.661,1.4571842828090004e-05,-0.0042542407078431,0.0166364208705911,0.03944196,0.0228055391294088,0.0001452777777777,0.0
2026-03-02,0.9554367201426024,21.44,15331.18,151.78,3.671,2.913922722766742e-05,0.0004814878458624,0.0166446533676456,0.04596736,0.0293227066323543,0.0001456746031746,0.0
2026-03-03,1.0012744265080715,23.57,15186.99,152.83,3.676,1.4699937525252148e-05,-0.0094495228864647,0.0174552785109484,0.05555449,0.0380992114890515,0.000145873015873,0.0
2026-03-04,0.9488559892328398,21.15,15305.01,152.87,3.682,1.4595663628322749e-05,0.0077410854883858,0.0178827647431409,0.0447322499999999,0.026849485256859,0.0001461111111111,0.0
2026-03-05,0.9953897736797988,23.75,15219.14,153.95,3.671,1.467491396847035e-05,-0.0056263795405271,0.0174291046770702,0.05640625,0.0389771453229297,0.0001456746031746,0.0
2026-03-06,1.0700290275761974,29.49,15019.2,151.8,3.665,1.487044128033147e-05,-0.0132244636372927,0.0191556349537826,0.08696601,0.0678103750462174,0.0001454365079365,1.0
2026-03-09,1.0063141278610892,25.5,15145.38,157.98,3.674,5.897182620997453e-05,0.0083661523528808,0.0183558169649825,0.065025,0.0466691830350174,0.0001457936507936,1.0
2026-03-10,0.9772638181105447,24.93,15114.7,154.46,3.676,2.9539479514512007e-05,-0.0020277547522988,0.0133430428722163,0.0621504899999999,0.0488074471277836,0.000145873015873,1.0
2026-03-11,0.9703644373247898,24.23,15102.57,152.44,3.686,2.957092586566196e-05,-0.0008028521869484,0.0129081941133317,0.05870929,0.0458010958866682,0.0001462698412698,1.0
2026-03-12,1.0126159554730982,27.29,14873.22,139.94,3.692,3.0028226532913655e-05,-0.0153026476083683,0.0152612062297872,0.0744744099999999,0.0592132037702127,0.0001465079365079,1.0
2026-03-13,0.996700879765396,27.19,14785.07,137.76,3.69,3.019779556089659e-05,-0.0059443925843848,0.0154143186112323,0.07392961,0.0585152913887676,0.0001464285714285,1.0
2026-03-16,0.9434189406099518,23.51,14936.37,141.49,3.69,2.9897600717515223e-05,0.0101812904731992,0.0145806704991183,0.05527201,0.0406913395008816,0.0001464285714285,1.0
2026-03-17,0.9194410193177148,22.37,14974.18,145.04,3.688,1.4909240001477363e-05,0.00252820627769,0.0146948693030415,0.05004169,0.0353468206969584,0.0001463492063492,1.0
2026-03-18,0.9446536144578314,25.09,14770.48,136.54,3.702,4.534838899843959e-05,-0.01369679024975,0.0166186245435534,0.06295081,0.0463321854564465,0.0001469047619047,1.0
2026-03-19,0.942051683633516,24.06,14730.74,138.26,3.696,4.547280347408083e-05,-0.0026941274996182,0.0159658489482956,0.0578883599999999,0.0419225110517043,0.0001466666666666,1.0
2026-03-20,0.9763033175355452,26.78,14508.12,139.12,3.705,3.083944982418709e-05,-0.0152279741379486,0.0181088915964551,0.07171684,0.0536079484035448,0.0001470238095238,1.0
2026-03-23,1.0019157088122603,26.15,14675.17,142.02,3.696,3.0517112470790256e-05,0.0114484572891064,0.0194206025759254,0.06838225,0.0489616474240745,0.0001466666666666,1.0
2026-03-24,1.014683734939759,26.95,14620.38,142.63,3.694,1.530936397245984e-05,-0.0037405041982319,0.0185847760414888,0.07263025,0.0540454739585111,0.0001465873015873,1.0
2026-03-25,0.9882949668357394,25.33,14700.18,140.88,3.705,1.5227305604395978e-05,0.0054432928317643,0.0181016280177581,0.0641608899999999,0.0460592619822418,0.0001470238095238,1.0
2026-03-26,1.0103092783505154,27.44,14444.36,143.99,3.711,1.5501592788644936e-05,-0.0175557116592535,0.0194288048097949,0.07529536,0.055866555190205,0.0001472619047619,1.0
2026-03-27,1.0608131192347114,31.05,14203.24,139.0,3.687,1.5771005007279746e-05,-0.0168339193537192,0.0216115104896013,0.09641025,0.0747987395103986,0.0001463095238095,1.0
2026-03-30,1.0508067284586338,30.61,14147.31,142.23,3.688,3.1645068907108765e-05,-0.0039456075849669,0.0216092655854016,0.0936972099999999,0.0720879444145983,0.0001463492063492,1.0
2026-03-31,0.9882583170254404,25.25,14560.75,145.45,3.677,0.0001076500757394,0.0288050524211633,0.0342946956366767,0.06375625,0.0294615543633232,0.0001459126984126,1.0
2026-04-01,0.987127916331456,24.54,14665.68,143.77,3.693,3.052596233110824e-05,0.0071805178290618,0.03468223287155,0.0602211599999999,0.0255389271284499,0.0001465476190476,0.0
2026-04-02,0.9656148867313916,23.87,14683.2,146.95,3.695,6.098397646012963e-05,0.0011939128226442,0.0336450025000009,0.05697769,0.023332687499999,0.0001466269841269,0.0
2026-04-06,0.9757771497779572,24.17,14749.31,147.6,3.71,1.5177155345759738e-05,0.0044923189479977,0.0339426046409063,0.05841889,0.0244762853590936,0.0001472222222222,0.0
2026-04-07,1.0082127493156043,25.78,14760.64,148.45,3.691,3.0337044565090876e-05,0.000767876635285,0.0321555120735319,0.06646084,0.0343053279264681,0.0001464682539682,0.0
2026-04-08,0.927689594356261,21.04,15130.86,150.36,3.685,5.918210333189859e-05,0.0247721882328117,0.0391861171947267,0.04426816,0.0050820428052732,0.0001462301587301,0.0
2026-04-09,0.8936267767079321,19.49,15225.18,143.27,3.675,1.470880248283248e-05,0.006214269287466,0.0395896126553272,0.0379860099999999,-0.0016036026553272,0.0001458333333333,0.0
